# https://github.com/mikedh/trimesh
v 0.00014427 -0.09517750 -0.34664495
v -0.01113756 -0.09683646 -0.34665373
v -0.01048582 -0.08856848 -0.34329047
v 0.00028559 -0.08635445 -0.34331596
v -0.02214887 -0.09890724 -0.34638851
v -0.02137942 -0.09048359 -0.34308031
v -0.16332616 -0.19826647 -0.06689569
v -0.16575402 -0.19483322 -0.05938493
v -0.17556831 -0.18739688 -0.06093727
v -0.17337549 -0.19099262 -0.06873952
v -0.10322638 -0.21035940 -0.16664931
v -0.09502053 -0.20998839 -0.17467417
v -0.09153385 -0.21170306 -0.16865092
v -0.09909610 -0.21261691 -0.16040531
v -0.08489562 -0.21354313 -0.17669214
v -0.08830212 -0.21198511 -0.18256383
v -0.11212446 -0.21114943 -0.15806132
v -0.10753300 -0.21412085 -0.15189377
v -0.08790244 -0.21324582 -0.16267395
v -0.09478000 -0.21472753 -0.15452836
v -0.13996060 -0.20899249 -0.12884200
v -0.13292253 -0.21303147 -0.12265973
v -0.14021163 -0.21126561 -0.11249996
v -0.14811992 -0.20681754 -0.11811947
v -0.12543946 -0.21588883 -0.11695340
v -0.13200223 -0.21455864 -0.10739645
v -0.11598024 -0.21467110 -0.14246668
v -0.11043055 -0.21717863 -0.13653147
v -0.11796717 -0.21698375 -0.12670112
v -0.12445033 -0.21435347 -0.13257451
v -0.10271175 -0.21642610 -0.14586684
v -0.10460646 -0.21908563 -0.13081918
v -0.09902118 -0.22095765 -0.12551506
v -0.10484149 -0.22062268 -0.11633954
v -0.11128467 -0.21886305 -0.12128699
v -0.12111383 -0.21135139 -0.14870940
v -0.13064929 -0.21079866 -0.13893117
v -0.17267903 -0.17958062 -0.02988523
v -0.18019326 -0.17267240 -0.02932169
v -0.17979205 -0.17468972 -0.03507008
v -0.17182120 -0.18170664 -0.03516888
v -0.18038162 -0.17100903 -0.01443836
v -0.18056044 -0.17098424 -0.01904574
v -0.17394592 -0.17740181 -0.02061817
v -0.17433481 -0.17726518 -0.01647611
v -0.18011818 -0.17166384 -0.01010144
v -0.17452904 -0.17774111 -0.01250779
v -0.17441940 -0.17873337 -0.00864447
v -0.17975303 -0.17300907 -0.00581043
v -0.17344436 -0.18241413 -0.00120539
v -0.17246001 -0.18546426 0.00229084
v -0.17674724 -0.18073073 0.00687904
v -0.17805842 -0.17737736 0.00275128
v -0.18047933 -0.17147309 -0.02402801
v -0.17341900 -0.17817880 -0.02503381
v -0.16811264 -0.18319704 -0.02152513
v -0.16722674 -0.18390805 -0.02548598
v -0.17917081 -0.17722886 -0.04105983
v -0.17078876 -0.18436871 -0.04065479
v -0.17105958 -0.18931976 0.00569213
v -0.17511720 -0.18485500 0.01078473
v -0.16843392 -0.18973339 -0.00143312
v -0.16713309 -0.19310359 0.00160160
v -0.16920086 -0.18708851 -0.00451861
v -0.16939130 -0.18341907 -0.01447314
v -0.16470700 -0.18814432 -0.01564421
v -0.16556540 -0.18882957 -0.01257130
v -0.16966753 -0.18421055 -0.01113083
v -0.16883646 -0.18297911 -0.01788027
v -0.16384157 -0.18775584 -0.01874587
v -0.16272762 -0.18792547 -0.02210761
v -0.16140144 -0.18866578 -0.02574502
v -0.15796922 -0.19210077 -0.02263212
v -0.15955217 -0.19184074 -0.01953348
v -0.15620987 -0.19286022 -0.02587886
v -0.16562440 -0.19083412 -0.00680111
v -0.16499342 -0.19300470 -0.00433553
v -0.16398673 -0.19611587 -0.00192068
v -0.16259897 -0.19550658 -0.00653392
v -0.16299399 -0.19405596 -0.00862034
v -0.16094819 -0.19207779 -0.01664744
v -0.16193012 -0.19248441 -0.01380291
v -0.16229760 -0.19992487 0.00048392
v -0.16552148 -0.19741469 0.00449969
v -0.16343633 -0.20228377 0.00737656
v -0.16727635 -0.19907882 0.01273610
v -0.16939082 -0.19397066 0.00915887
v -0.15999580 -0.20432862 0.00272537
v -0.17305799 -0.18944402 0.01468898
v -0.15964896 -0.20145769 -0.00329486
v -0.16152037 -0.19799605 -0.00491822
v -0.15736855 -0.20556857 -0.00166929
v -0.17087502 -0.19456435 0.01859859
v -0.09803703 -0.21850022 -0.13994191
v -0.09091256 -0.21657687 -0.14864616
v -0.08686911 -0.21792955 -0.14300036
v -0.09309727 -0.22020200 -0.13441777
v -0.08229186 -0.21932732 -0.13738349
v -0.07720142 -0.21719136 -0.14616060
v -0.07308893 -0.21937227 -0.13950883
v -0.07727218 -0.22139500 -0.13109207
v -0.08430145 -0.21469182 -0.15695188
v -0.07865639 -0.21558006 -0.16493717
v -0.07565303 -0.21677223 -0.15966551
v -0.08073191 -0.21599658 -0.15154802
v -0.07335072 -0.21740395 -0.15503177
v -0.07142505 -0.21793003 -0.15112330
v -0.04915218 -0.22685158 -0.17181418
v -0.05355474 -0.22400868 -0.17037790
v -0.05374970 -0.22505693 -0.17449043
v -0.04863167 -0.22791938 -0.17616654
v -0.04496822 -0.23105873 -0.17201285
v -0.04376289 -0.23131508 -0.17702956
v -0.03972205 -0.23504117 -0.17316287
v -0.03904600 -0.23446744 -0.17759421
v -0.03543148 -0.23791058 -0.17349124
v -0.03481689 -0.23736929 -0.17787606
v -0.08255975 -0.22369910 -0.12330694
v -0.07259643 -0.22491987 -0.12388301
v -0.07749980 -0.22613807 -0.11706025
v -0.07249360 -0.22890102 -0.11095271
v -0.06805855 -0.22883220 -0.11728923
v -0.08778372 -0.22164864 -0.12902738
v -0.08180156 -0.21458620 -0.17074703
v -0.15820946 -0.21538045 0.02306731
v -0.16136852 -0.21154933 0.02941043
v -0.16508910 -0.20584075 0.02618672
v -0.16171885 -0.21001622 0.02003800
v -0.15251038 -0.22208637 0.03451869
v -0.14941533 -0.22564343 0.02751877
v -0.14455483 -0.23017163 0.02933487
v -0.14757368 -0.22675930 0.03646381
v -0.12485966 -0.24392382 0.03974332
v -0.12202335 -0.24577988 0.03274088
v -0.11547475 -0.24955294 0.03265699
v -0.11810244 -0.24809035 0.03958709
v -0.14571065 -0.22793489 0.02087622
v -0.14079444 -0.23229182 0.02262278
v -0.15462655 -0.21793715 0.01652587
v -0.15802042 -0.21269821 0.01368762
v -0.16827339 -0.20007406 0.02246487
v -0.16472216 -0.20449262 0.01639319
v -0.16094086 -0.20748237 0.01045428
v -0.09325087 -0.22247584 -0.12051186
v -0.08781154 -0.22431175 -0.11530166
v -0.09262901 -0.22370990 -0.10726857
v -0.09859562 -0.22208947 -0.11181187
v -0.08228592 -0.22615102 -0.10977874
v -0.08660918 -0.22498593 -0.10248938
v -0.07686856 -0.22817211 -0.10422844
v -0.08082507 -0.22663404 -0.09755469
v -0.04823621 -0.23307989 -0.19849221
v -0.05428270 -0.22992203 -0.19800056
v -0.05299044 -0.23129974 -0.20519846
v -0.04731691 -0.23418297 -0.20510286
v -0.04245187 -0.23658484 -0.20536146
v -0.04309702 -0.23569908 -0.19892763
v -0.05960910 -0.22776885 -0.20538375
v -0.06158276 -0.22604531 -0.19684768
v -0.15730561 -0.20939936 0.00515137
v -0.15433872 -0.21437191 0.00794806
v -0.15132790 -0.21520081 0.00288643
v -0.15450590 -0.21049027 0.00039028
v -0.14789737 -0.22012825 0.00536934
v -0.15099782 -0.21944506 0.01058339
v -0.14195431 -0.22909120 0.01500321
v -0.13694904 -0.23336764 0.01682139
v -0.13909257 -0.22949344 0.00989943
v -0.13400969 -0.23370497 0.01180793
v -0.07161747 -0.23019403 -0.09881850
v -0.07519921 -0.22828199 -0.09263741
v -0.11147311 -0.25189611 0.03926835
v -0.10887806 -0.25294368 0.03241305
v -0.10238696 -0.25609838 0.03228442
v -0.10493046 -0.25518669 0.03901644
v -0.08229075 -0.26275433 0.02496810
v -0.07991618 -0.26076233 0.01960991
v -0.07404639 -0.26338198 0.02024071
v -0.07647490 -0.26489365 0.02467148
v -0.07686732 -0.25825264 0.01415419
v -0.07044786 -0.26161253 0.01527517
v -0.10330375 -0.25117166 0.02045622
v -0.10100352 -0.24947210 0.01450665
v -0.09515932 -0.25108517 0.01393886
v -0.09734081 -0.25344603 0.02003204
v -0.10593209 -0.25253214 0.02650074
v -0.09965214 -0.25531831 0.02625998
v -0.11882888 -0.24634405 0.02642239
v -0.11573975 -0.24625091 0.02063121
v -0.10958240 -0.24876143 0.02083394
v -0.11248933 -0.24956097 0.02664451
v -0.11297757 -0.24562023 0.01503219
v -0.10698226 -0.24762938 0.01499975
v -0.06549458 -0.22740052 -0.04606178
v -0.06315561 -0.22800579 -0.04187945
v -0.06385589 -0.22620346 -0.04053463
v -0.06640751 -0.22651466 -0.04379168
v -0.06920470 -0.22588679 -0.04679985
v -0.06819323 -0.22620096 -0.04959520
v -0.03097412 -0.24011433 -0.17780482
v -0.03149588 -0.24044141 -0.17322706
v -0.01933491 -0.24547447 -0.17912699
v -0.01926105 -0.24669276 -0.17533223
v -0.02324652 -0.24508266 -0.17263363
v -0.02312504 -0.24419360 -0.17817628
v -0.01237230 -0.24886289 -0.17776597
v -0.01216273 -0.24700916 -0.18020595
v -0.00851116 -0.24727989 -0.18015796
v -0.00861029 -0.24907028 -0.17775686
v -0.03483301 -0.23876942 -0.18780841
v -0.03075208 -0.24093378 -0.18803024
v -0.03088754 -0.24050926 -0.18261730
v -0.03494260 -0.23811738 -0.18252314
v -0.02325147 -0.24454111 -0.18825632
v -0.01955398 -0.24561076 -0.18855508
v -0.01941178 -0.24533133 -0.18356424
v -0.02310821 -0.24411284 -0.18315785
v -0.01790139 -0.24568608 -0.20355244
v -0.01901192 -0.24579251 -0.19865515
v -0.02226723 -0.24503912 -0.19916827
v -0.02102694 -0.24572511 -0.20485376
v -0.02941078 -0.24291653 -0.20580745
v -0.02989969 -0.24188687 -0.19946059
v -0.03404717 -0.23989140 -0.19943889
v -0.03364823 -0.24074398 -0.20586273
v -0.01584932 -0.24566407 -0.18869714
v -0.01227180 -0.24545099 -0.18858609
v -0.01208980 -0.24573032 -0.18409411
v -0.01573119 -0.24568857 -0.18393444
v -0.04402316 -0.23389903 -0.18689256
v -0.03931804 -0.23650253 -0.18745909
v -0.03925614 -0.23549212 -0.18226461
v -0.04378909 -0.23248572 -0.18170636
v -0.03797587 -0.23866635 -0.20569545
v -0.03842275 -0.23785516 -0.19929315
v -0.04916504 -0.23078844 -0.18586520
v -0.04892314 -0.22934770 -0.18058375
v -0.05854052 -0.24563860 -0.00849578
v -0.05399376 -0.24322192 -0.01401451
v -0.04730297 -0.24665687 -0.01352418
v -0.05133234 -0.24944476 -0.00759048
v -0.08933966 -0.25280512 0.01353470
v -0.09164353 -0.25573208 0.01981095
v -0.09858540 -0.25849307 0.03882669
v -0.09631524 -0.25912157 0.03213698
v -0.09388913 -0.25798398 0.02595474
v -0.05010799 -0.24092725 -0.01969225
v -0.04699919 -0.23852061 -0.02562241
v -0.04131154 -0.24173669 -0.02601088
v -0.04401158 -0.24410767 -0.01969527
v -0.03539991 -0.24582370 -0.02679693
v -0.03743491 -0.24755911 -0.02044559
v -0.03030574 -0.25134368 -0.02154793
v -0.02887383 -0.25004040 -0.02749933
v -0.01579695 -0.24777834 -0.17691558
v -0.01572975 -0.24627531 -0.17988554
v -0.00861873 -0.24562014 -0.18835124
v -0.00849918 -0.24604110 -0.18406031
v -0.01282526 -0.24563547 -0.19757882
v -0.01593493 -0.24588378 -0.19811045
v -0.01519677 -0.24537729 -0.20241367
v -0.01193197 -0.24532473 -0.20207642
v -0.00958112 -0.24574537 -0.19698135
v -0.00804405 -0.24559449 -0.20246296
v -0.07035874 -0.21802520 -0.22554290
v -0.07387540 -0.21765485 -0.22005808
v -0.07741156 -0.21350097 -0.22349316
v -0.07348986 -0.21295420 -0.22808539
v -0.06923832 -0.22183099 -0.21692396
v -0.06614996 -0.22256450 -0.22270641
v -0.06140834 -0.22695278 -0.22055030
v -0.06355776 -0.22583144 -0.21420552
v -0.07976168 -0.20961329 -0.22695555
v -0.07573269 -0.20783085 -0.23038739
v -0.08114330 -0.20635141 -0.22972568
v -0.07713827 -0.20362617 -0.23197722
v -0.08272942 -0.20077344 -0.23445062
v -0.07919570 -0.19903665 -0.23610521
v -0.07877030 -0.20060419 -0.23380513
v -0.08240633 -0.20323131 -0.23201339
v -0.05609195 -0.23089721 -0.21914504
v -0.05759189 -0.22972912 -0.21259170
v -0.04656242 -0.23556841 -0.21156559
v -0.05178036 -0.23295605 -0.21187710
v -0.05086071 -0.23413807 -0.21846500
v -0.04593695 -0.23669669 -0.21816276
v -0.04139994 -0.23871908 -0.21839625
v -0.03687894 -0.24032409 -0.21878673
v -0.03757433 -0.23978879 -0.21220176
v -0.04198363 -0.23790558 -0.21178760
v -0.07862868 -0.19876330 -0.23883414
v -0.08241799 -0.19944502 -0.23756156
v -0.08180288 -0.19919665 -0.24081279
v -0.07782282 -0.19953847 -0.24161508
v -0.08117859 -0.19944804 -0.24437295
v -0.07716276 -0.20048490 -0.24440935
v -0.08221388 -0.21519843 -0.20488348
v -0.07767517 -0.21672484 -0.21279361
v -0.07265893 -0.22012490 -0.20897924
v -0.07710837 -0.21815101 -0.19981219
v -0.08614913 -0.21243537 -0.21045733
v -0.08160825 -0.21356720 -0.21737490
v -0.03325862 -0.24195765 -0.21247662
v -0.03231262 -0.24204334 -0.21909169
v -0.02761364 -0.24389330 -0.21922065
v -0.02874492 -0.24422687 -0.21257776
v -0.08551583 -0.19843478 -0.24354219
v -0.08639345 -0.19933978 -0.23924925
v -0.08402996 -0.21057912 -0.22175506
v -0.08856670 -0.21010973 -0.21560432
v -0.08569553 -0.20796359 -0.22563779
v -0.09006600 -0.20795441 -0.22018052
v -0.08681706 -0.20261061 -0.23204530
v -0.08674550 -0.20521596 -0.22903130
v -0.09129461 -0.20584562 -0.22461896
v -0.09166302 -0.20378271 -0.22869600
v -0.07174399 -0.20398406 -0.26229911
v -0.06893641 -0.20673089 -0.25924130
v -0.07203733 -0.20445693 -0.25439920
v -0.07501933 -0.20191653 -0.25673826
v -0.06721095 -0.20661653 -0.26864326
v -0.06468461 -0.20975787 -0.26495341
v -0.08670276 -0.20075813 -0.23543025
v -0.09178965 -0.20159583 -0.23272161
v -0.09139806 -0.19941644 -0.23717515
v -0.09041174 -0.19756440 -0.24228104
v -0.06195075 -0.20920098 -0.27532801
v -0.05934018 -0.21289709 -0.27109283
v -0.07488489 -0.20079809 -0.26545353
v -0.07854818 -0.19921630 -0.25900044
v -0.10071092 -0.20279439 -0.21360543
v -0.10625729 -0.19991245 -0.20745473
v -0.10682427 -0.19803142 -0.21387590
v -0.10131104 -0.20126268 -0.21917811
v -0.05627318 -0.21163339 -0.28181452
v -0.05358042 -0.21586282 -0.27695388
v -0.07036318 -0.20279531 -0.27252290
v -0.10167757 -0.19932371 -0.22510231
v -0.10697804 -0.19604979 -0.22060206
v -0.10672137 -0.19426076 -0.22822703
v -0.10149933 -0.19727873 -0.23157251
v -0.10550744 -0.19233733 -0.23629484
v -0.10032483 -0.19518154 -0.23858625
v -0.11288272 -0.19644509 -0.20079357
v -0.11311567 -0.19432857 -0.20812995
v -0.12175922 -0.19212138 -0.19369258
v -0.12123255 -0.18935127 -0.20188371
v -0.05017061 -0.21373545 -0.28781451
v -0.04742929 -0.21840919 -0.28232166
v -0.06526094 -0.20506084 -0.27999061
v -0.07849865 -0.19739602 -0.26781706
v -0.08237870 -0.19636515 -0.26046421
v -0.07384226 -0.19859594 -0.27556529
v -0.11319012 -0.19239771 -0.21607684
v -0.12050984 -0.18687415 -0.21092002
v -0.11925103 -0.18467432 -0.22049641
v -0.11268902 -0.19029569 -0.22471261
v -0.11097841 -0.18808457 -0.23367978
v -0.11705123 -0.18278774 -0.23058351
v -0.15201779 -0.19725087 -0.14263508
v -0.14645555 -0.20371836 -0.13550164
v -0.15583466 -0.20094203 -0.12431509
v -0.16281228 -0.19315051 -0.13095622
v -0.04392046 -0.21589539 -0.29345172
v -0.04080437 -0.22026773 -0.28702005
v -0.05955698 -0.20732535 -0.28710571
v -0.06859409 -0.20034412 -0.28376245
v -0.05347245 -0.20919565 -0.29360387
v -0.04742499 -0.21135556 -0.29987511
v -0.06289066 -0.20233129 -0.29157034
v -0.05711898 -0.20449102 -0.29893065
v -0.11378669 -0.18112219 -0.24101945
v -0.10799940 -0.18606244 -0.24290388
v -0.12380419 -0.17616401 -0.22755445
v -0.12672187 -0.17791300 -0.21630824
v -0.13470800 -0.17060960 -0.21248083
v -0.13114590 -0.16862957 -0.22444891
v -0.18604629 -0.17421145 -0.05477461
v -0.19425096 -0.16360844 -0.05549721
v -0.19308485 -0.16728272 -0.06388039
v -0.18471473 -0.17796275 -0.06246809
v -0.18279442 -0.18190311 -0.07075521
v -0.19114426 -0.17134324 -0.07292901
v -0.12029807 -0.17455434 -0.23923375
v -0.12683879 -0.16740921 -0.23693721
v -0.15076355 -0.15322979 -0.20478699
v -0.14497812 -0.15239568 -0.21850055
v -0.13826131 -0.16089250 -0.22118046
v -0.14293539 -0.16234475 -0.20833965
v -0.18730541 -0.16807853 -0.04087664
v -0.18742754 -0.16588665 -0.03449990
v -0.19471192 -0.15662798 -0.03337987
v -0.19481131 -0.15825265 -0.04037146
v -0.13873876 -0.15202082 -0.23245694
v -0.13331280 -0.15974390 -0.23465744
v -0.18735897 -0.16434656 -0.02836673
v -0.19446221 -0.15587826 -0.02668375
v -0.15769623 -0.14373995 -0.20221703
v -0.15055766 -0.14398214 -0.21634127
v -0.16844507 -0.12469174 -0.19968992
v -0.15950959 -0.12711491 -0.21499488
v -0.15525355 -0.13571605 -0.21530655
v -0.16337152 -0.13437195 -0.20068653
v -0.19220504 -0.15699712 -0.00872005
v -0.19307878 -0.15615248 -0.01435898
v -0.18708617 -0.16360918 -0.01703517
v -0.18661431 -0.16410401 -0.01190508
v -0.18733267 -0.16364826 -0.02251254
v -0.19394495 -0.15577298 -0.02031349
v -0.10349489 -0.15839782 -0.28810167
v -0.09822840 -0.15655954 -0.30102934
v -0.09283876 -0.16521372 -0.29942081
v -0.09781121 -0.16642838 -0.28689502
v -0.14698623 -0.13732135 -0.23012278
v -0.14969419 -0.13103472 -0.23012119
v -0.14340977 -0.14465287 -0.23095979
v -0.16651159 -0.10920386 -0.21423474
v -0.16298234 -0.11856998 -0.21482826
v -0.17293106 -0.11455661 -0.19882520
v -0.17720921 -0.10402958 -0.19755810
v -0.20575005 -0.13813985 -0.03006466
v -0.20637215 -0.13788756 -0.03814709
v -0.20113371 -0.14810267 -0.03957235
v -0.20059452 -0.14732843 -0.03205837
v -0.21401869 -0.11807279 -0.03469271
v -0.21331951 -0.12009259 -0.02582816
v -0.21622306 -0.11088269 -0.02349947
v -0.21682561 -0.10823153 -0.03260244
v -0.18512292 -0.16672823 -0.00212842
v -0.18957057 -0.16015278 0.00201226
v -0.19106233 -0.15825764 -0.00325632
v -0.18598067 -0.16513950 -0.00695190
v -0.15194187 -0.12449417 -0.23094385
v -0.15486053 -0.11677375 -0.23044304
v -0.17058841 -0.09854681 -0.21221548
v -0.18086051 -0.09272009 -0.19518519
v -0.21871133 -0.09885908 -0.03038105
v -0.21844389 -0.10150478 -0.02094580
v -0.22004947 -0.09215103 -0.01829786
v -0.21989501 -0.08972456 -0.02797160
v -0.21253682 -0.12184412 -0.01749419
v -0.21545359 -0.11302636 -0.01507335
v -0.20001527 -0.14710492 -0.02494933
v -0.20487593 -0.13868911 -0.02253655
v -0.18254959 -0.17189698 0.00721915
v -0.18098904 -0.17568547 0.01178800
v -0.18462318 -0.16988845 0.01692481
v -0.18647755 -0.16602794 0.01200008
v -0.09294097 -0.15483108 -0.31368125
v -0.08714631 -0.15319422 -0.32575472
v -0.08297696 -0.16387190 -0.32378732
v -0.08798988 -0.16445806 -0.31173271
v -0.15872461 -0.10679795 -0.22932334
v -0.21989171 -0.09463399 -0.00918215
v -0.21786860 -0.10385571 -0.01214231
v -0.22129906 -0.08271499 -0.01552403
v -0.22091839 -0.08040288 -0.02544541
v -0.21042335 -0.12548646 -0.00224685
v -0.20903771 -0.12772685 0.00499269
v -0.21202238 -0.11983980 0.00860800
v -0.21347686 -0.11734213 0.00093625
v -0.20174274 -0.14245971 -0.00218521
v -0.20307775 -0.14075744 -0.00869529
v -0.19836715 -0.14835660 -0.01167648
v -0.19695772 -0.14956977 -0.00562765
v -0.20398550 -0.13953045 -0.01542390
v -0.19945447 -0.14760661 -0.01810855
v -0.21165729 -0.12357179 -0.00966434
v -0.21469881 -0.11514121 -0.00697150
v -0.18245437 -0.17428450 0.02177341
v -0.17894381 -0.17983664 0.01628255
v -0.17658423 -0.18441168 0.02057801
v -0.17983052 -0.17902189 0.02632945
v -0.22145460 -0.08523501 -0.00584602
v -0.21588961 -0.10866683 0.00421402
v -0.21429007 -0.11137911 0.01208813
v -0.21658640 -0.10264432 0.01602644
v -0.21797807 -0.09978112 0.00796913
v -0.21908089 -0.09713882 -0.00045728
v -0.21713565 -0.10621097 -0.00382868
v -0.22217322 -0.07285227 -0.01195010
v -0.22154547 -0.07038731 -0.02224577
v -0.20852074 -0.12629889 0.02284848
v -0.21062031 -0.12286764 0.01592071
v -0.20749851 -0.13047615 0.01193600
v -0.20556338 -0.13364988 0.01860021
v -0.19816499 -0.14710303 0.01012254
v -0.20013235 -0.14457319 0.00410445
v -0.19571665 -0.15144267 0.00031267
v -0.19404107 -0.15364570 0.00606027
v -0.07823879 -0.17311444 -0.32056970
v -0.07369793 -0.18051479 -0.31669300
v -0.07844675 -0.17926143 -0.30580569
v -0.08289349 -0.17266914 -0.30890929
v -0.09169929 -0.13058381 -0.32536602
v -0.08233246 -0.12723249 -0.33444356
v -0.08142334 -0.13920881 -0.33597770
v -0.08996768 -0.14192965 -0.32623916
v -0.21972878 -0.09060396 0.01182321
v -0.22073836 -0.08777378 0.00323835
v -0.21856546 -0.09376980 0.02014896
v -0.22220042 -0.07542975 -0.00214194
v -0.21505309 -0.10608602 0.02379773
v -0.21286583 -0.11463423 0.01972674
v -0.21082002 -0.11842035 0.02698461
v -0.21313455 -0.11027493 0.03125642
v -0.19113807 -0.15825638 0.02681758
v -0.19357573 -0.15397299 0.02144195
v -0.19009506 -0.16003491 0.01677492
v -0.18809310 -0.16421358 0.02189954
v -0.19988937 -0.14107854 0.03087761
v -0.19707180 -0.14583466 0.03666763
v -0.19993062 -0.13942525 0.04179755
v -0.20283159 -0.13444603 0.03581752
v -0.17134996 -0.19500726 0.02862199
v -0.17357422 -0.18938602 0.03473941
v -0.17686763 -0.18404425 0.03064983
v -0.17415600 -0.18948345 0.02468842
v -0.22020178 -0.08460840 0.02438023
v -0.22112351 -0.08122397 0.01577475
v -0.21709778 -0.09746928 0.02819924
v -0.21529527 -0.10193307 0.03598497
v -0.20559777 -0.12748483 0.04071615
v -0.20273865 -0.13278889 0.04705279
v -0.20567124 -0.12596915 0.05230499
v -0.20833858 -0.12019606 0.04554939
v -0.19345300 -0.15071865 0.05287770
v -0.19667270 -0.14483956 0.04743188
v -0.19406960 -0.15107942 0.04222072
v -0.19087533 -0.15666608 0.04754518
v -0.18554836 -0.16802552 0.03703601
v -0.18845688 -0.16297109 0.03200983
v -0.18573999 -0.16876117 0.02696190
v -0.18280267 -0.17352082 0.03181962
v -0.16779669 -0.20064605 0.03242064
v -0.16974404 -0.19481508 0.03857269
v -0.01229504 -0.11631396 -0.35509555
v -0.00029419 -0.11522174 -0.35545196
v -0.00063675 -0.12649677 -0.36046723
v -0.01265147 -0.12766058 -0.35981453
v -0.02335457 -0.10774955 -0.35016252
v -0.01185831 -0.10601375 -0.35064216
v -0.08320917 -0.17862812 -0.29480472
v -0.08764634 -0.17268310 -0.29720886
v -0.21901026 -0.08869140 0.03265644
v -0.21756522 -0.09354502 0.04068734
v -0.20842233 -0.11877066 0.05765472
v -0.21094238 -0.11262372 0.05064333
v -0.20256896 -0.13214452 0.05856186
v -0.19962011 -0.13860340 0.05293361
v -0.19643414 -0.14484292 0.05852868
v -0.19933081 -0.13869603 0.06442428
v -0.15498589 -0.21731861 0.04136920
v -0.15657891 -0.21165300 0.04776993
v -0.16121726 -0.20601314 0.04515211
v -0.15953970 -0.21188623 0.03889354
v -0.16384148 -0.20628658 0.03592132
v -0.16558753 -0.20033401 0.04207492
v -0.00020436 -0.10473586 -0.35074581
v -0.21113822 -0.11134169 0.06324530
v -0.21356961 -0.10490828 0.05601804
v -0.20554705 -0.12530688 0.06429863
v -0.20230452 -0.13213039 0.07053635
v -0.18733419 -0.16234415 0.05256985
v -0.18357441 -0.16813944 0.05717432
v -0.18639195 -0.16294617 0.06297827
v -0.19007183 -0.15678924 0.05812136
v -0.17569606 -0.18373650 0.04053956
v -0.17818578 -0.17848969 0.04610697
v -0.18205432 -0.17321457 0.04174936
v -0.17931477 -0.17846456 0.03635524
v -0.14146457 -0.22751257 0.05273397
v -0.14684265 -0.22239999 0.05163165
v -0.14509139 -0.22716555 0.04502101
v -0.13979579 -0.23190297 0.04609636
v -0.15013588 -0.22238725 0.04347723
v -0.15194278 -0.21720948 0.05000068
v -0.20557733 -0.12532712 0.07665319
v -0.20860417 -0.11820963 0.07015111
v -0.18948268 -0.15775621 0.06902990
v -0.19273613 -0.15237953 0.07533954
v -0.19616575 -0.14548880 0.06997751
v -0.19301458 -0.15120571 0.06389979
v -0.17944130 -0.17389960 0.06147449
v -0.18225923 -0.16906914 0.06741191
v -0.17410593 -0.18378565 0.05017687
v -0.17176157 -0.18914493 0.04445731
v -0.11579342 -0.24725531 0.05394959
v -0.11388496 -0.25006823 0.04681408
v -0.10717652 -0.25376481 0.04651138
v -0.10899005 -0.25140396 0.05371571
v -0.12922024 -0.23792715 0.05394807
v -0.12738206 -0.24138641 0.04708114
v -0.12058907 -0.24579102 0.04699358
v -0.12249419 -0.24266041 0.05397955
v -0.10058244 -0.25715288 0.04607225
v -0.09395384 -0.26106364 0.04516587
v -0.09231938 -0.26203537 0.03821080
v -0.07653523 -0.26000118 0.09673163
v -0.07862922 -0.25857394 0.10708564
v -0.08863599 -0.25379294 0.10784543
v -0.08636040 -0.25546399 0.09813062
v -0.07339850 -0.26338641 0.07733123
v -0.07474279 -0.26150340 0.08675312
v -0.08426410 -0.25710221 0.08861053
v -0.08268656 -0.25921780 0.07951960
v -0.19931673 -0.13932969 0.07635596
v -0.19581487 -0.14651046 0.08178741
v -0.18545093 -0.16426801 0.07371049
v -0.18887671 -0.15927704 0.08026627
v -0.17507724 -0.17979731 0.06542720
v -0.17784296 -0.17529026 0.07147809
v -0.17063431 -0.18589337 0.06900654
v -0.16566268 -0.19187860 0.07202030
v -0.16844410 -0.18759464 0.07838796
v -0.17321678 -0.18150521 0.07518425
v -0.15822933 -0.20605921 0.05375364
v -0.16056356 -0.20103091 0.05973102
v -0.16532392 -0.19505781 0.05707492
v -0.16289493 -0.20021338 0.05105577
v -0.16742106 -0.19459284 0.04800890
v -0.16986242 -0.18932447 0.05390127
v -0.10221575 -0.25529737 0.05326157
v -0.09522815 -0.25941679 0.05220494
v -0.06682790 -0.26380080 0.09519952
v -0.06862495 -0.26247866 0.10614783
v -0.06416114 -0.26696713 0.07512597
v -0.06525045 -0.26504965 0.08477973
v -0.08072861 -0.25694475 0.11764605
v -0.08283459 -0.25483288 0.12860076
v -0.09341832 -0.24987654 0.12832354
v -0.09103233 -0.25211418 0.11791941
v -0.20248691 -0.13277147 0.08281296
v -0.19907718 -0.14029463 0.08854913
v -0.19195695 -0.15371618 0.08690931
v -0.18110944 -0.17083184 0.07789665
v -0.18451176 -0.16606114 0.08463778
v -0.17130642 -0.18325323 0.08507045
v -0.17435525 -0.17875804 0.09221408
v -0.17941034 -0.17251427 0.08867586
v -0.17603737 -0.17704403 0.08175079
v -0.16335650 -0.19372572 0.08109094
v -0.16072282 -0.19824865 0.07454503
v -0.15541101 -0.20448375 0.07683590
v -0.14989612 -0.21074499 0.07877245
v -0.15256971 -0.20655984 0.08557348
v -0.15800724 -0.20002634 0.08350610
v -0.14509159 -0.21893394 0.06567961
v -0.15047926 -0.21300960 0.06405954
v -0.14847546 -0.21757048 0.05785574
v -0.14306891 -0.22314339 0.05920051
v -0.15571186 -0.20710876 0.06205831
v -0.15351927 -0.21192093 0.05603278
v -0.04826170 -0.26865462 0.09221536
v -0.04954648 -0.26762831 0.10419541
v -0.05892157 -0.26559744 0.10514881
v -0.05736479 -0.26677576 0.09359754
v -0.03191417 -0.26973946 0.10211090
v -0.04052159 -0.26895479 0.10319813
v -0.03963952 -0.27002263 0.09039027
v -0.03132934 -0.27088017 0.08882936
v -0.03092143 -0.27155808 0.07616162
v -0.03896937 -0.27098098 0.07823892
v -0.03825936 -0.27225713 0.06679026
v -0.03042078 -0.27266248 0.06404710
v -0.04648021 -0.27118280 0.06960388
v -0.04722614 -0.26960591 0.08052289
v -0.05604138 -0.26779865 0.08256062
v -0.05512622 -0.26970928 0.07231156
v -0.07041481 -0.26085702 0.11736712
v -0.07213044 -0.25842179 0.12865923
v -0.08471483 -0.25159599 0.13950079
v -0.09529451 -0.24646134 0.13879492
v -0.19522477 -0.14777376 0.09384937
v -0.18768622 -0.16079031 0.09158552
v -0.17767957 -0.17390752 0.09954630
v -0.18300902 -0.16762219 0.09584330
v -0.16630759 -0.18935666 0.08792682
v -0.16920364 -0.18481984 0.09521786
v -0.16076872 -0.19549236 0.09047952
v -0.15534243 -0.20217962 0.09271298
v -0.15824393 -0.19762294 0.10027552
v -0.16392941 -0.19105211 0.09789169
v -0.13352425 -0.22616139 0.08970405
v -0.14041305 -0.21990323 0.08873298
v -0.13756213 -0.22337632 0.08140492
v -0.13072021 -0.22928526 0.08206586
v -0.11863878 -0.23696360 0.09076720
v -0.12622778 -0.23175624 0.09032925
v -0.12349119 -0.23464011 0.08254446
v -0.11608507 -0.23969846 0.08283049
v -0.11166617 -0.24483197 0.06779032
v -0.11878613 -0.24023135 0.06778935
v -0.11710190 -0.24352186 0.06067810
v -0.11026739 -0.24811454 0.06064753
v -0.12585039 -0.23538691 0.06765875
v -0.13267175 -0.23020735 0.06730789
v -0.13075760 -0.23389078 0.06050886
v -0.12392704 -0.23877314 0.06065107
v -0.02326314 -0.27137571 0.08707934
v -0.02358298 -0.27013009 0.10051456
v -0.02281748 -0.27285841 0.06132098
v -0.02309201 -0.27213857 0.07391744
v -0.05065648 -0.26568253 0.11653570
v -0.05183635 -0.26318240 0.12889544
v -0.06178359 -0.26118262 0.12867561
v -0.06042363 -0.26384799 0.11691687
v -0.04221113 -0.26445781 0.12932404
v -0.04137696 -0.26692626 0.11604887
v -0.03238294 -0.26761693 0.11579804
v -0.03305064 -0.26546043 0.12982876
v -0.07381254 -0.25518706 0.13997536
v -0.08642796 -0.24751104 0.15041884
v -0.09696342 -0.24218446 0.14941563
v -0.19103895 -0.15516322 0.09875863
v -0.18128158 -0.16879607 0.10714439
v -0.18644862 -0.16226022 0.10327353
v -0.17214816 -0.17998278 0.10270660
v -0.16129986 -0.19298558 0.10797766
v -0.16698878 -0.18636352 0.10545949
v -0.14600717 -0.21191706 0.10417658
v -0.14329665 -0.21612398 0.09628522
v -0.13638406 -0.22263646 0.09763683
v -0.13928419 -0.21887678 0.10583157
v -0.13205983 -0.22533821 0.10694528
v -0.12923374 -0.22878886 0.09856293
v -0.12144127 -0.23418494 0.09916462
v -0.12426944 -0.23120257 0.10768981
v -0.10850313 -0.24467810 0.08283399
v -0.11095003 -0.24229432 0.09096738
v -0.10467826 -0.24967355 0.06769727
v -0.10349019 -0.25272268 0.06039200
v -0.10036237 -0.24941626 0.08234415
v -0.10258041 -0.24718137 0.09080652
v -0.09736482 -0.25465277 0.06673090
v -0.09631978 -0.25722226 0.05931100
v -0.02380742 -0.26797354 0.11492712
v -0.02429173 -0.26605465 0.12982313
v -0.05307568 -0.25974135 0.14109739
v -0.06325813 -0.25785898 0.14038538
v -0.04325522 -0.26089649 0.14228606
v -0.03391742 -0.26180935 0.14380740
v -0.07553382 -0.25138456 0.15123285
v -0.17556035 -0.17494422 0.11040686
v -0.16434894 -0.18822046 0.11584465
v -0.17014393 -0.18143593 0.11324894
v -0.14884952 -0.20762179 0.11248122
v -0.14213769 -0.21479900 0.11427776
v -0.13478819 -0.22146480 0.11567471
v -0.12702497 -0.22779615 0.11662854
v -0.11346169 -0.23961621 0.09947391
v -0.11608398 -0.23688126 0.10811811
v -0.10497089 -0.24489936 0.09945761
v -0.10744975 -0.24253349 0.10836456
v -0.02488821 -0.26211553 0.14510815
v -0.05431603 -0.25559860 0.15316299
v -0.06479403 -0.25403177 0.15206407
v -0.03476300 -0.25651441 0.15796502
v -0.04425212 -0.25637180 0.15512399
v -0.12962962 -0.22399972 0.12582706
v -0.13740676 -0.21734371 0.12465829
v -0.14480377 -0.21045688 0.12301694
v -0.15166698 -0.20314420 0.12090135
v -0.11887943 -0.23404292 0.11720835
v -0.11013656 -0.24022606 0.11763254
v -0.02550597 -0.25630824 0.16052881
v -0.07990330 -0.15129662 -0.33627279
v -0.07726123 -0.16306852 -0.33518598
v -0.12141230 -0.23059356 0.12658804
v -0.11258235 -0.23719654 0.12721925
v -0.07293126 -0.17344740 -0.33166782
v -0.06839388 -0.18166665 -0.32704727
v -0.12939407 -0.20286347 -0.16261114
v -0.11883721 -0.20383356 -0.17159769
v -0.11583783 -0.20760239 -0.16455397
v -0.12583536 -0.20745729 -0.15550065
v -0.13964661 -0.23416033 0.03086343
v -0.13436298 -0.23794798 0.03196285
v -0.13720653 -0.23513801 0.03906863
v -0.14258315 -0.23103522 0.03799649
v -0.13603282 -0.23628391 0.02408637
v -0.13085788 -0.23979097 0.02525222
v -0.13210897 -0.23712496 0.01824493
v -0.12708115 -0.24044967 0.01933132
v -0.12908326 -0.23743471 0.01314597
v -0.12402742 -0.24071220 0.01402739
v -0.08604200 -0.25827902 0.01952311
v -0.08827830 -0.26042991 0.02547012
v -0.09034433 -0.26178108 0.03159255
v -0.15715454 -0.21697615 0.03217877
v -0.15408088 -0.22063925 0.02551515
v -0.15041761 -0.22306374 0.01895223
v -0.14675503 -0.22438871 0.01308809
v -0.14378045 -0.22501281 0.00786995
v -0.07309028 -0.25520644 0.00842096
v -0.06857941 -0.25186705 0.00255410
v -0.06121532 -0.25608693 0.00414234
v -0.06607101 -0.25908528 0.00989392
v -0.17699863 -0.18356857 -0.05390728
v -0.01149031 -0.24541867 -0.20590471
v -0.00761410 -0.24543620 -0.20653188
v -0.01429628 -0.24527038 -0.20540324
v -0.01567279 -0.24566712 -0.20758871
v -0.01807930 -0.24653281 -0.21150586
v -0.12046561 -0.19947707 -0.17853485
v -0.13156439 -0.19743524 -0.17004159
v -0.12134853 -0.19533319 -0.18578452
v -0.13224500 -0.19192733 -0.17796732
v -0.17078109 -0.13399695 -0.18655767
v -0.17750879 -0.13406923 -0.17234852
v -0.18316153 -0.12209613 -0.17017927
v -0.17613615 -0.12295136 -0.18462454
v -0.17049632 -0.14628907 -0.17500348
v -0.16409601 -0.14457637 -0.18881294
v -0.15649483 -0.15513086 -0.19203661
v -0.16180840 -0.15777989 -0.17909589
v -0.18117322 -0.11168580 -0.18315035
v -0.18805371 -0.11002223 -0.16810358
v -0.19215713 -0.09771388 -0.16602364
v -0.18587615 -0.10018869 -0.18114069
v -0.19491873 -0.08534044 -0.16304213
v -0.18920101 -0.08820717 -0.17841143
v -0.17395242 -0.08684258 -0.20964386
v -0.16250156 -0.09509173 -0.22699463
v -0.18348093 -0.08062609 -0.19246916
v -0.19112834 -0.07610396 -0.17555109
v -0.19634369 -0.07317168 -0.15962165
v -0.18634274 -0.05531803 -0.18478220
v -0.19275744 -0.05053502 -0.16651934
v -0.19327617 -0.03541384 -0.15924949
v -0.18674040 -0.04208697 -0.18082307
v -0.19715272 -0.04886481 -0.14970257
v -0.19802591 -0.03734542 -0.14251365
v -0.18953366 -0.12174090 -0.15566614
v -0.18462042 -0.13505980 -0.15785483
v -0.19694040 -0.09600855 -0.15129508
v -0.19366908 -0.10875296 -0.15348096
v -0.19909134 -0.08339142 -0.14837662
v -0.20021075 -0.07128080 -0.14476638
v -0.20070382 -0.04843589 -0.13508623
v -0.20162994 -0.03829188 -0.12898756
v -0.08423799 -0.18435413 -0.28215516
v -0.08070451 -0.18922000 -0.28036013
v -0.08586394 -0.18918605 -0.27103035
v -0.08979493 -0.18490575 -0.27239631
v -0.07912968 -0.18464340 -0.29228181
v -0.07545138 -0.18995665 -0.28989620
v -0.07394597 -0.18563908 -0.30250650
v -0.07008682 -0.19136627 -0.29945136
v -0.08827006 -0.17903540 -0.28385520
v -0.06888066 -0.18724768 -0.31261605
v -0.06478472 -0.19341316 -0.30859204
v -0.06375180 -0.18918486 -0.32219826
v -0.05936066 -0.19571074 -0.31714656
v -0.05113810 -0.20664647 -0.30587698
v -0.01181297 -0.24559741 -0.20955746
v -0.01194422 -0.24614250 -0.21377325
v -0.00730391 -0.24575815 -0.21038363
v -0.00668626 -0.24645385 -0.21437564
v -0.01696767 -0.24671273 -0.21877761
v -0.01111390 -0.24704374 -0.21924106
v -0.02382283 -0.24600453 -0.21228957
v -0.02511808 -0.24487031 -0.20552152
v -0.00550563 -0.24703842 -0.21965640
v -0.06664639 -0.22383056 -0.20622192
v -0.07084182 -0.22129453 -0.19462441
v -0.09853275 -0.20804085 -0.18104315
v -0.10663602 -0.20752409 -0.17309447
v -0.10925901 -0.20424361 -0.17990281
v -0.10150099 -0.20583502 -0.18786486
v -0.09206569 -0.21016827 -0.18885209
v -0.13623495 -0.20631769 -0.14578332
v -0.09504319 -0.20824484 -0.19550491
v -0.14739163 -0.16471306 -0.19634475
v -0.12889624 -0.18045134 -0.20589499
v -0.13767069 -0.17329113 -0.20096600
v -0.15124788 -0.16824553 -0.18440143
v -0.10519458 -0.20171233 -0.20102549
v -0.09922743 -0.20456126 -0.20777961
v -0.09733953 -0.20638152 -0.20178086
v -0.10369915 -0.20374991 -0.19453777
v -0.11101805 -0.20127818 -0.18680156
v -0.11222814 -0.19868802 -0.19374890
v -0.02110241 -0.20041630 -0.34910779
v -0.01083527 -0.19857288 -0.35267022
v -0.00926205 -0.20674241 -0.34384418
v -0.01861213 -0.20780886 -0.34051614
v 0.00001154 -0.19603880 -0.35580837
v 0.00060824 -0.20548795 -0.34609681
v 0.01079112 -0.19264009 -0.35844781
v 0.01008728 -0.20417478 -0.34726636
v -0.03493603 -0.20739729 -0.33121123
v -0.03881589 -0.20106335 -0.33897902
v -0.03046902 -0.20131767 -0.34455498
v -0.02720732 -0.20801800 -0.33625259
v -0.00793817 -0.21326465 -0.33420821
v -0.01646888 -0.21332562 -0.33126583
v 0.00098258 -0.21268741 -0.33624226
v 0.00961598 -0.21170524 -0.33688750
v -0.09267966 -0.17322605 -0.28540940
v -0.14054290 -0.20065186 -0.15293579
v -0.17755264 -0.14867371 -0.16064151
v -0.16728373 -0.16178801 -0.16504888
v -0.15499565 -0.17302809 -0.17228463
v -0.19838424 -0.15960616 -0.07444185
v -0.20017517 -0.15549835 -0.06477951
v -0.20119594 -0.15204333 -0.05582761
v -0.04272601 -0.19352174 -0.34674155
v -0.03352191 -0.19271182 -0.35237101
v -0.04591576 -0.18352317 -0.35284985
v -0.03602681 -0.18208095 -0.35823377
v -0.02529878 -0.17962948 -0.36177144
v -0.01352476 -0.17726628 -0.36420040
v -0.01246682 -0.18838580 -0.35971574
v -0.02352474 -0.19085942 -0.35664665
v -0.00158839 -0.17523485 -0.36562247
v -0.00105815 -0.18541265 -0.36211680
v 0.01053990 -0.17404759 -0.36635859
v 0.01059510 -0.18269521 -0.36395468
v -0.09995757 -0.13457073 -0.31490392
v -0.09703324 -0.14476501 -0.31462563
v -0.10659540 -0.13865786 -0.30257472
v -0.10306973 -0.14736714 -0.30199314
v -0.20392111 -0.04827909 -0.12193416
v -0.20499463 -0.03875804 -0.11694918
v -0.20322124 -0.07010759 -0.13079118
v -0.20252851 -0.08198599 -0.13411098
v -0.20072315 -0.09464004 -0.13691673
v -0.19831932 -0.10762517 -0.13909779
v -0.15599794 -0.18888762 -0.15066869
v -0.16861475 -0.18266122 -0.13835511
v -0.14355673 -0.19412554 -0.16083630
v -0.14462316 -0.18741785 -0.16974253
v -0.15768673 -0.17976773 -0.16032045
v -0.17386820 -0.16833437 -0.14725183
v -0.13155667 -0.18735155 -0.18662010
v -0.14308293 -0.18143459 -0.17959052
v -0.10348327 -0.22098825 -0.10330217
v -0.09699881 -0.22244539 -0.09946757
v -0.10092422 -0.22051302 -0.09211759
v -0.10808250 -0.21928654 -0.09542208
v -0.09061949 -0.22370792 -0.09546787
v -0.09404689 -0.22187160 -0.08868114
v -0.10858391 -0.15049351 -0.28863569
v -0.13047063 -0.18380508 -0.19603841
v -0.14039895 -0.17678755 -0.18996545
v -0.08260733 -0.21482517 -0.19093882
v -0.07847034 -0.21628425 -0.18503459
v -0.06820613 -0.21837126 -0.15879087
v -0.06899743 -0.21841399 -0.16250056
v -0.06436843 -0.22035295 -0.16807966
v -0.06395870 -0.22000673 -0.16403526
v -0.06915099 -0.22126950 -0.18490443
v -0.07573146 -0.21738004 -0.17829349
v -0.07071561 -0.21833916 -0.16688600
v -0.07321699 -0.21798618 -0.17215616
v -0.06744704 -0.22130268 -0.17787485
v -0.06564248 -0.22091086 -0.17240940
v -0.09648221 -0.20314782 -0.22415706
v -0.09574542 -0.20489176 -0.21936402
v -0.09697172 -0.20111638 -0.22919145
v -0.09648692 -0.19880335 -0.23459179
v -0.09515671 -0.19688874 -0.24058716
v -0.09290360 -0.19503205 -0.24684899
v -0.08837528 -0.19645868 -0.24775689
v -0.08212324 -0.19334458 -0.26963642
v -0.07722547 -0.19395424 -0.27821857
v -0.07190192 -0.19516287 -0.28718498
v -0.06636463 -0.19687443 -0.29577041
v -0.06074101 -0.19898957 -0.30393471
v -0.05501576 -0.20130205 -0.31165717
v -0.08697558 -0.21271345 -0.19676957
v -0.09027550 -0.21037595 -0.20298106
v -0.09258492 -0.20867428 -0.20872093
v -0.09421800 -0.20703178 -0.21413616
v -0.05910318 -0.22172046 -0.16783624
v -0.05923392 -0.22254363 -0.17183127
v -0.08625331 -0.19292172 -0.26122814
v -0.06770404 -0.23194598 -0.10523862
v -0.02126859 -0.25341984 -0.02816124
v -0.02233782 -0.25432139 -0.02265888
v -0.04510124 -0.20893637 -0.31236647
v -0.04115121 -0.21317468 -0.30572018
v -0.03738979 -0.21729314 -0.29859141
v -0.00503385 -0.22288300 -0.30432157
v -0.00440557 -0.22437854 -0.29605290
v -0.01169368 -0.22445628 -0.29462295
v -0.01190866 -0.22227343 -0.30324256
v 0.01007413 -0.22188982 -0.30577873
v 0.01070266 -0.22359195 -0.29904259
v 0.00338912 -0.22372827 -0.29854033
v 0.00240954 -0.22240540 -0.30540392
v -0.01850192 -0.22382810 -0.29458256
v -0.01822491 -0.22141931 -0.30242183
v 0.00954433 -0.21688792 -0.32640064
v 0.00135082 -0.21774001 -0.32574964
v -0.00685609 -0.21789042 -0.32391445
v -0.01469525 -0.21742053 -0.32168065
v -0.02832591 -0.21544160 -0.31534030
v -0.03141888 -0.21188765 -0.32339017
v -0.02432138 -0.21277109 -0.32765812
v -0.02195296 -0.21658966 -0.31891114
v -0.03843537 -0.21070429 -0.31821201
v -0.03466280 -0.21438993 -0.31081120
v 0.00986754 -0.22008280 -0.31586115
v 0.00205658 -0.22062510 -0.31528669
v -0.00570194 -0.22096181 -0.31386987
v -0.01291743 -0.22034966 -0.31230151
v -0.02539109 -0.21837385 -0.30781453
v -0.01957904 -0.21939218 -0.31041505
v -0.03089585 -0.21783899 -0.30329771
v -0.14959603 -0.10332441 -0.24593328
v -0.13364487 -0.11935000 -0.26607193
v -0.12274508 -0.14362227 -0.27198166
v -0.14421953 -0.11772240 -0.24885998
v -0.12574479 -0.14048769 -0.26945945
v -0.14173723 -0.12692478 -0.24918687
v -0.13093156 -0.13156602 -0.26448454
v -0.14134415 -0.13021289 -0.24745901
v -0.14044719 -0.13434985 -0.24576157
v -0.13116540 -0.13508260 -0.26227911
v -0.13029401 -0.13906273 -0.26083507
v -0.13859789 -0.13880213 -0.24555183
v -0.13594565 -0.14489195 -0.24556463
v -0.12868407 -0.14372150 -0.26066115
v -0.12544898 -0.14978975 -0.26081634
v -0.13209353 -0.15128949 -0.24652992
v -0.12101541 -0.15632918 -0.26165944
v -0.12734549 -0.15841022 -0.24821613
v -0.10991929 -0.17079549 -0.26270959
v -0.11551745 -0.17283729 -0.25081462
v -0.12153424 -0.16596950 -0.24949828
v -0.11565000 -0.16388783 -0.26234600
v -0.10423357 -0.17658954 -0.26271228
v -0.10942495 -0.17888284 -0.25163591
v -0.15520082 -0.20017445 0.11038799
v -0.15818053 -0.19555036 0.11840939
v -0.15230886 -0.20473280 0.10240699
v -0.14964089 -0.20918683 0.09463125
v -0.14422478 -0.21726644 0.08035660
v -0.14680171 -0.21326092 0.08732447
v -0.13721518 -0.22866015 0.06005218
v -0.13916029 -0.22474171 0.06675599
v -0.13557019 -0.23273891 0.05348462
v -0.13380310 -0.23668766 0.04680260
v -0.13129464 -0.23946460 0.03964853
v -0.12844972 -0.24181191 0.03254358
v -0.12504031 -0.24304726 0.02593040
v -0.12165855 -0.24352039 0.02005604
v -0.11872685 -0.24342985 0.01465403
v -0.04905220 -0.20391817 -0.31881130
v -0.04221340 -0.20589386 -0.32529420
v -0.15966693 -0.19909438 -0.00760125
v -0.15772447 -0.20236390 -0.00701183
v -0.14113718 -0.20718041 -0.03385033
v -0.13576859 -0.20940455 -0.03205364
v -0.13844586 -0.20648229 -0.02971613
v -0.14302166 -0.20387098 -0.03058101
v -0.13401996 -0.21421499 -0.04015967
v -0.12734325 -0.21564736 -0.03607637
v -0.13205950 -0.21273276 -0.03418076
v -0.13816893 -0.21089858 -0.03711472
v -0.12812917 -0.21787839 -0.04245842
v -0.12184453 -0.21853840 -0.03885718
v -0.13100086 -0.21168829 -0.02987342
v -0.12716767 -0.21431260 -0.03168107
v -0.14379045 -0.22091779 -0.00414960
v -0.14564093 -0.22067396 0.00072148
v -0.14922742 -0.21582417 -0.00171903
v -0.14754813 -0.21618391 -0.00641278
v -0.13696188 -0.22974241 0.00524410
v -0.13184356 -0.23385148 0.00706854
v -0.11047730 -0.24478212 0.00949083
v -0.10840223 -0.24421963 0.00411201
v -0.10284735 -0.24560631 0.00352682
v -0.10470407 -0.24645160 0.00917817
v -0.13515956 -0.22984006 0.00034502
v -0.12998657 -0.23367912 0.00222245
v -0.09891129 -0.24770678 0.00858105
v -0.09302411 -0.24862213 0.00769598
v -0.14588486 -0.21608988 -0.01129427
v -0.15088272 -0.21142745 -0.00848942
v -0.14909240 -0.21132271 -0.01317041
v -0.15242747 -0.21106870 -0.00399791
v -0.15543705 -0.20622706 -0.00595724
v -0.15404183 -0.20663212 -0.01011214
v -0.14136003 -0.21492429 -0.01909292
v -0.14375986 -0.21564245 -0.01554914
v -0.14672018 -0.21069275 -0.01694064
v -0.14425996 -0.21001417 -0.01944376
v -0.14227839 -0.22095924 -0.00921890
v -0.13354783 -0.22981269 -0.00536694
v -0.12864163 -0.23361562 -0.00396172
v -0.10689225 -0.24376305 -0.00251409
v -0.10132488 -0.24494937 -0.00295949
v -0.09715705 -0.24645022 0.00238073
v -0.09564124 -0.24536709 -0.00470105
v -0.08941568 -0.24511296 -0.00700534
v -0.09095257 -0.24665596 0.00064601
v -0.08848026 -0.24403924 -0.01376161
v -0.09436919 -0.24462751 -0.01223725
v -0.09363085 -0.24293943 -0.02129457
v -0.08792868 -0.24146165 -0.02226248
v -0.10564371 -0.24381256 -0.01081065
v -0.10450279 -0.24203492 -0.01992261
v -0.09893694 -0.24285494 -0.02049159
v -0.09985706 -0.24459694 -0.01132506
v -0.13244600 -0.22973044 -0.01202142
v -0.13007960 -0.22834710 -0.01859691
v -0.12598147 -0.23185072 -0.01857797
v -0.12791624 -0.23351410 -0.01127640
v -0.12956458 -0.22611216 -0.02313770
v -0.12579403 -0.22960815 -0.02384738
v -0.13660809 -0.21823867 -0.02156607
v -0.13789837 -0.22001686 -0.01847750
v -0.13973921 -0.21373001 -0.02123228
v -0.14045692 -0.22077707 -0.01401414
v -0.13797655 -0.20894354 -0.02315702
v -0.14072520 -0.20845141 -0.02173169
v -0.14422986 -0.20521640 -0.02197536
v -0.14133260 -0.20587216 -0.02360104
v -0.13780308 -0.21262977 -0.02168890
v -0.13496998 -0.21252155 -0.02279985
v -0.13567458 -0.20834692 -0.02425843
v -0.13734114 -0.20622895 -0.02302389
v -0.13315875 -0.21183920 -0.02289107
v -0.08723422 -0.22391206 -0.03704563
v -0.08741951 -0.22359239 -0.03958688
v -0.08383520 -0.22235070 -0.03873827
v -0.08376354 -0.22260861 -0.03654770
v -0.10004492 -0.22317856 -0.03622728
v -0.10084456 -0.22412379 -0.03745121
v -0.09558569 -0.22488921 -0.03734844
v -0.09537947 -0.22401920 -0.03616606
v -0.10672234 -0.22303363 -0.03810424
v -0.10581291 -0.22216540 -0.03663347
v -0.11153680 -0.22057764 -0.03614772
v -0.11229448 -0.22135679 -0.03759927
v -0.10208805 -0.22431303 -0.04072481
v -0.09626320 -0.22478076 -0.04037046
v -0.11245134 -0.22324770 -0.04705189
v -0.10892268 -0.22319760 -0.04183135
v -0.11556774 -0.22138054 -0.04084587
v -0.12048329 -0.22103406 -0.04520069
v -0.12055496 -0.21586788 -0.03212348
v -0.11598958 -0.21758505 -0.03385323
v -0.11119235 -0.21946970 -0.03528777
v -0.10583182 -0.22112479 -0.03586982
v -0.11767180 -0.21938784 -0.03576972
v -0.11647509 -0.21868234 -0.03456649
v -0.12129459 -0.21674853 -0.03272558
v -0.12261315 -0.21693095 -0.03380072
v -0.12548278 -0.21417369 -0.03060511
v -0.12447106 -0.21342197 -0.03016057
v -0.10034941 -0.22208897 -0.03579808
v -0.09546587 -0.22282816 -0.03566126
v -0.08713536 -0.22237151 -0.03487589
v -0.08355013 -0.22133653 -0.03444126
v -0.08363410 -0.22218250 -0.03531143
v -0.08717392 -0.22328214 -0.03564505
v -0.08726349 -0.22475059 -0.04321639
v -0.08314258 -0.22424065 -0.04193840
v -0.07684154 -0.21890419 -0.03616256
v -0.07651651 -0.21973420 -0.03672204
v -0.07306267 -0.21926161 -0.03726083
v -0.07348922 -0.21852139 -0.03670624
v -0.07668794 -0.21840167 -0.03554631
v -0.07363493 -0.21758576 -0.03573307
v -0.08018673 -0.22028160 -0.03549347
v -0.08011294 -0.22091742 -0.03669109
v -0.06822660 -0.21767819 -0.03526851
v -0.06843991 -0.21874392 -0.03594187
v -0.06772029 -0.21968311 -0.03612350
v -0.06730318 -0.21805884 -0.03532416
v -0.06775701 -0.21696479 -0.03364796
v -0.06802365 -0.21709373 -0.03446224
v -0.06731632 -0.21770883 -0.03473658
v -0.06722683 -0.21742687 -0.03406267
v -0.06644878 -0.21813002 -0.03466767
v -0.06673366 -0.21801490 -0.03426031
v -0.12866043 -0.21152923 -0.02872873
v -0.12763535 -0.21101716 -0.02833420
v -0.13413307 -0.20902114 -0.02783088
v -0.12713390 -0.22301306 -0.02462640
v -0.12544328 -0.22118803 -0.02529086
v -0.12203949 -0.22388426 -0.02576563
v -0.12346414 -0.22563160 -0.02540278
v -0.13265570 -0.21647049 -0.02325748
v -0.13548682 -0.21721402 -0.02210377
v -0.12906230 -0.22470820 -0.02390164
v -0.12513951 -0.22759428 -0.02449059
v -0.10222036 -0.23448591 -0.02792143
v -0.10117920 -0.23266546 -0.03077851
v -0.09616051 -0.23274958 -0.03084378
v -0.09662868 -0.23488322 -0.02774225
v -0.10086061 -0.23151286 -0.03276793
v -0.09608105 -0.23176173 -0.03272247
v -0.09163890 -0.23445654 -0.02713527
v -0.09120867 -0.23213818 -0.03019533
v -0.08643149 -0.23031921 -0.02885563
v -0.08620886 -0.23269753 -0.02647751
v -0.08176362 -0.22762184 -0.02722428
v -0.08103771 -0.23044566 -0.02547887
v -0.14255805 -0.20953598 -0.02084138
v -0.13058566 -0.21529021 -0.02343209
v -0.12929675 -0.21410228 -0.02347202
v -0.13220573 -0.21099411 -0.02359402
v -0.13416297 -0.20720739 -0.02439112
v -0.08192630 -0.22539289 -0.02852564
v -0.08620049 -0.22834296 -0.03038296
v -0.09102904 -0.23121978 -0.03191734
v -0.08651943 -0.22943298 -0.03013221
v -0.08207520 -0.22660138 -0.02815294
v -0.07735879 -0.22610484 -0.02690943
v -0.07785804 -0.22454626 -0.02689368
v -0.07289960 -0.22139425 -0.02676313
v -0.07244185 -0.22377291 -0.02647957
v -0.07622638 -0.22877460 -0.02563731
v -0.07190767 -0.22752843 -0.02612917
v -0.07743354 -0.22244423 -0.02769180
v -0.07393156 -0.21909503 -0.02764853
v -0.06548817 -0.22056651 -0.03590179
v -0.06387455 -0.21962338 -0.03502299
v -0.06405156 -0.21888718 -0.03367471
v -0.06528126 -0.21870872 -0.03485105
v -0.06588926 -0.21827674 -0.03375817
v -0.06417754 -0.21852522 -0.03270493
v -0.06500090 -0.21839569 -0.03312852
v -0.06599665 -0.21811812 -0.03360191
v -0.06723823 -0.21733910 -0.03345651
v -0.06694000 -0.21796816 -0.03388723
v -0.06370386 -0.21864824 -0.03195718
v -0.06369684 -0.21882033 -0.03236645
v -0.06559424 -0.21819273 -0.03255074
v -0.06643276 -0.21784084 -0.03312921
v -0.06742256 -0.21774624 -0.03148289
v -0.06791056 -0.21675719 -0.03187075
v -0.06684254 -0.21712081 -0.03244396
v -0.06670268 -0.21738607 -0.03229842
v -0.06522416 -0.22152380 -0.02804512
v -0.06630552 -0.21826387 -0.02847786
v -0.06509784 -0.21857413 -0.03047306
v -0.06393231 -0.22082451 -0.02881765
v -0.06334903 -0.22005490 -0.02977805
v -0.06427850 -0.21896621 -0.03111100
v -0.06290232 -0.21916023 -0.03115181
v -0.06259759 -0.21952711 -0.03100554
v -0.06299032 -0.21919788 -0.03228170
v -0.06271149 -0.21956189 -0.03315791
v -0.10341130 -0.23746776 -0.02612652
v -0.09772314 -0.23755311 -0.02569064
v -0.09256181 -0.23740734 -0.02583793
v -0.08692788 -0.23578663 -0.02584676
v -0.08177989 -0.23318785 -0.02600617
v -0.08266398 -0.23868643 -0.02404886
v -0.07797233 -0.23546651 -0.02477052
v -0.07729693 -0.23074099 -0.02634398
v -0.07352522 -0.22855695 -0.02680344
v -0.07399004 -0.23246641 -0.02567770
v -0.08259668 -0.24230644 -0.01629022
v -0.07704944 -0.23999504 -0.01958944
v -0.07222889 -0.23734439 -0.02251906
v -0.06824913 -0.22545482 -0.02714821
v -0.07010531 -0.22592221 -0.02763563
v -0.07083865 -0.22989665 -0.02691278
v -0.06837983 -0.23471233 -0.02582061
v -0.08283443 -0.24361179 -0.01009189
v -0.08294822 -0.24576849 -0.00193462
v -0.06706797 -0.21717181 -0.03288336
v -0.06791572 -0.21680749 -0.03264275
v -0.06784700 -0.21683816 -0.03298363
v -0.06793317 -0.21669303 -0.03203317
v -0.06697457 -0.21706364 -0.03257065
v -0.07084368 -0.21705050 -0.02953643
v -0.06664899 -0.21759080 -0.03328060
v -0.09142164 -0.22434312 -0.03979038
v -0.09105845 -0.22458088 -0.03707168
v -0.09102468 -0.22379430 -0.03585617
v -0.09105647 -0.22275641 -0.03525376
v -0.07601281 -0.22108931 -0.03768798
v -0.07980198 -0.22181630 -0.03845877
v -0.07922600 -0.22372398 -0.04093076
v -0.07540236 -0.22283684 -0.03942359
v -0.08003188 -0.21936089 -0.03464088
v -0.10419295 -0.22468629 -0.04635119
v -0.09068225 -0.23004843 -0.03225776
v -0.06843112 -0.22234198 -0.02697559
v -0.06680919 -0.22032050 -0.03628748
v -0.06940703 -0.22130671 -0.03723624
v -0.06842092 -0.22246794 -0.03819145
v -0.07002517 -0.21979328 -0.03677690
v -0.06932341 -0.21922002 -0.02743897
v -0.06645956 -0.23600982 -0.02245730
v -0.06391012 -0.23725595 -0.01882602
v -0.06866047 -0.23992761 -0.01441742
v -0.07079264 -0.23874764 -0.01843836
v -0.06568204 -0.22358548 -0.02751474
v -0.06435017 -0.22229220 -0.02835843
v -0.06702608 -0.22423905 -0.02820461
v -0.06538470 -0.22320109 -0.02843948
v -0.06738445 -0.22666388 -0.02792837
v -0.06530010 -0.22442155 -0.02847998
v -0.06515771 -0.23294434 -0.02845882
v -0.06298363 -0.22955224 -0.02932225
v -0.05965151 -0.23546733 -0.02243170
v -0.06279273 -0.23423809 -0.02579609
v -0.06029302 -0.23221200 -0.02838071
v -0.05636067 -0.23325083 -0.02620959
v -0.05534925 -0.23772564 -0.02018569
v -0.05190933 -0.23559102 -0.02552949
v -0.06663125 -0.21871033 -0.03559745
v -0.12669117 -0.23743895 0.00831145
v -0.12148151 -0.24047299 0.00900131
v -0.11942519 -0.24024037 0.00416242
v -0.12480901 -0.23725328 0.00349505
v -0.12344929 -0.23706384 -0.00290194
v -0.11790933 -0.23990348 -0.00235428
v -0.11740472 -0.23987816 -0.01072352
v -0.12284179 -0.23689443 -0.01084949
v -0.12134981 -0.23530256 -0.01892380
v -0.11618707 -0.23823875 -0.01908598
v -0.12076596 -0.23270336 -0.02541839
v -0.11529590 -0.23491721 -0.02570763
v -0.11407523 -0.23168012 -0.02688322
v -0.11998645 -0.23029832 -0.02603827
v -0.11850276 -0.22825306 -0.02691267
v -0.11258681 -0.22878535 -0.02837082
v -0.11720417 -0.22649373 -0.02725259
v -0.11205602 -0.22758605 -0.02983333
v -0.11150718 -0.22614267 -0.03171991
v -0.11642928 -0.22451000 -0.02812356
v -0.07637527 -0.24132091 -0.01454256
v -0.07478357 -0.24278012 -0.00943984
v -0.14151873 -0.22532133 0.00316170
v -0.13968014 -0.22542882 -0.00180521
v -0.13813906 -0.22545925 -0.00725879
v -0.13659743 -0.22546088 -0.01290457
v -0.13382926 -0.22463451 -0.01888757
v -0.13295789 -0.22257182 -0.02299326
v -0.13235260 -0.22141076 -0.02348496
v -0.13010325 -0.21990758 -0.02438843
v -0.12835754 -0.21855308 -0.02491009
v -0.12419168 -0.21945725 -0.02578669
v -0.12687605 -0.21649250 -0.02501097
v -0.06576015 -0.21853787 -0.03452158
v -0.06582201 -0.21845184 -0.03415710
v -0.06459850 -0.21875020 -0.03351941
v -0.06451467 -0.21849880 -0.03313663
v -0.06602892 -0.21837083 -0.03394135
v -0.06654294 -0.21834587 -0.03431483
v -0.06796121 -0.21676183 -0.03233893
v -0.06703839 -0.21715087 -0.03273685
v -0.06674863 -0.21769301 -0.03339958
v -0.06680750 -0.21776739 -0.03343980
v -0.11614420 -0.24286109 0.00941865
v -0.11394831 -0.24256355 0.00443800
v -0.11241207 -0.24225382 -0.00205044
v -0.11048560 -0.24068404 -0.01943564
v -0.11154495 -0.24222954 -0.01040629
v -0.10918782 -0.23642070 -0.02605268
v -0.10722925 -0.23285424 -0.02749374
v -0.10639517 -0.23111970 -0.03032602
v -0.10621382 -0.22986156 -0.03224843
v -0.10592183 -0.22814142 -0.03417059
v -0.12093215 -0.22207729 -0.02647593
v -0.13054180 -0.20929753 -0.02638656
v -0.13211469 -0.20937600 -0.02727906
v -0.15214369 -0.20650576 -0.01432750
v -0.14975028 -0.20596355 -0.01767540
v -0.14633592 -0.20530084 -0.02097496
v -0.14746567 -0.20545322 -0.01987582
v -0.16269248 -0.19310034 -0.01106132
v -0.16590455 -0.18959727 -0.00953995
v -0.16955050 -0.18525953 -0.00773644
v -0.17407178 -0.18022322 -0.00489379
v -0.17913056 -0.17490024 -0.00152214
v -0.18392041 -0.16885006 0.00259502
v -0.18805828 -0.16277082 0.00706975
v -0.19199050 -0.15642484 0.01151795
v -0.19588739 -0.15022985 0.01586683
v -0.20274826 -0.13698697 0.02489297
v -0.20568719 -0.13004675 0.02947288
v -0.20838341 -0.12272971 0.03399222
v -0.21088603 -0.11498494 0.03852665
v -0.21326846 -0.10699354 0.04348612
v -0.21577217 -0.09893722 0.04851373
v -0.06942254 -0.21822073 -0.03602075
v -0.06944499 -0.21732956 -0.03538857
v -0.07101508 -0.21782606 -0.03606822
v -0.07065532 -0.21876210 -0.03661089
v -0.14690097 -0.20242767 -0.02207318
v -0.14394745 -0.20300142 -0.02434877
v -0.15010184 -0.19938210 -0.02283456
v -0.14739879 -0.19985154 -0.02536835
v -0.14929082 -0.20226165 -0.02085390
v -0.15237342 -0.19895679 -0.02068005
v -0.15063635 -0.20221246 -0.01965763
v -0.15391421 -0.19884912 -0.01910469
v -0.15272958 -0.20241020 -0.01737638
v -0.15472789 -0.20263277 -0.01426546
v -0.15739128 -0.19931787 -0.01342618
v -0.15583668 -0.19910146 -0.01653504
v -0.15640684 -0.20275608 -0.01067264
v -0.15853460 -0.19939006 -0.01046807
v -0.07428998 -0.20280797 -0.25054492
v -0.07763540 -0.20065698 -0.25216940
v -0.08135160 -0.19844082 -0.25316640
v -0.07983599 -0.19983285 -0.24821644
v -0.07596518 -0.20152094 -0.24735908
v -0.08393075 -0.19826350 -0.24828078
v -0.16865591 -0.06759504 -0.22002556
v -0.17806558 -0.06162770 -0.20309041
v -0.17880789 -0.04883662 -0.20012106
v -0.17032046 -0.05437520 -0.21737956
v -0.14687499 -0.07617943 -0.25348343
v -0.15790030 -0.07301742 -0.23739476
v -0.16010756 -0.05954421 -0.23506172
v -0.14907276 -0.06285473 -0.25131254
v -0.08556319 -0.19607796 -0.25368140
v -0.13627415 -0.07723240 -0.26894980
v -0.13808888 -0.06361978 -0.26551847
v -0.12817142 -0.11065255 -0.27877025
v -0.12084040 -0.12910508 -0.28430090
v -0.11895295 -0.13183373 -0.28227927
v -0.12131838 -0.13075545 -0.27957021
v -0.12291993 -0.13337835 -0.27851957
v -0.12279794 -0.13692863 -0.27685896
v -0.12181543 -0.14149302 -0.27582282
v -0.11915624 -0.14710138 -0.27535985
v -0.11473460 -0.15345183 -0.27530427
v -0.08988184 -0.19357517 -0.25359186
v -0.11522705 -0.13587486 -0.28981559
v -0.11609582 -0.13090113 -0.29114839
v -0.10952570 -0.12415513 -0.30389081
v -0.10879450 -0.13096166 -0.30316199
v -0.11282812 -0.14241291 -0.28898954
v -0.11628514 -0.12662994 -0.29267021
v -0.10940347 -0.16102521 -0.27510501
v -0.10376522 -0.16807685 -0.27492790
v -0.09377284 -0.18004471 -0.27322066
v -0.09850461 -0.17444121 -0.27401949
v -0.05341445 -0.19825726 -0.32510703
v -0.04644890 -0.19993182 -0.33237466
v -0.11984294 -0.10771779 -0.29167210
v -0.12252703 -0.09678516 -0.28833301
v -0.13372434 -0.09160115 -0.27291501
v -0.12638741 -0.07199656 -0.28030639
v -0.12484624 -0.08441285 -0.28428324
v -0.12701285 -0.05977157 -0.27673046
v -0.11225646 -0.09453520 -0.30060453
v -0.11305313 -0.08524135 -0.29737496
v -0.11436844 -0.06449533 -0.28936026
v -0.11403304 -0.07492341 -0.29345440
v -0.11440663 -0.05410542 -0.28589999
v -0.10152991 -0.11731400 -0.31468382
v -0.10138175 -0.12543789 -0.31497134
v -0.10130998 -0.08514160 -0.30730278
v -0.10149518 -0.07631259 -0.30327598
v -0.10139110 -0.05804220 -0.29650493
v -0.10159935 -0.06731997 -0.29937566
v -0.10121034 -0.04856162 -0.29389263
v -0.10975719 -0.11801474 -0.30434597
v -0.10162857 -0.10982732 -0.31388230
v -0.09212876 -0.11132896 -0.32341295
v -0.09252566 -0.12017472 -0.32446385
v -0.08869613 -0.07889372 -0.31219496
v -0.08840565 -0.07050048 -0.30844168
v -0.08749723 -0.05304078 -0.30321850
v -0.08805771 -0.06183895 -0.30546705
v -0.08774991 -0.04397168 -0.30195912
v -0.09131634 -0.10320420 -0.32135694
v -0.08131493 -0.10696312 -0.33013469
v -0.08227465 -0.11629279 -0.33235418
v -0.05787345 -0.19133296 -0.33117281
v -0.05087438 -0.19281309 -0.33945450
v -0.06225535 -0.18297518 -0.33681077
v -0.05478630 -0.18380262 -0.34564806
v -0.03726215 -0.16981352 -0.36186646
v -0.04806833 -0.17161841 -0.35726072
v -0.01410140 -0.16527438 -0.36600762
v -0.02614161 -0.16736808 -0.36463985
v -0.00208712 -0.16375646 -0.36701091
v -0.07995999 -0.09844454 -0.32704251
v -0.07124871 -0.14941799 -0.34549814
v -0.06957229 -0.16193020 -0.34512812
v -0.07179901 -0.12465257 -0.34174445
v -0.07173254 -0.13694494 -0.34421177
v -0.06626897 -0.17342652 -0.34172991
v -0.06943709 -0.10408783 -0.33558091
v -0.07088498 -0.11367666 -0.33885745
v -0.06792460 -0.09532253 -0.33171309
v -0.05794286 -0.17282584 -0.35052679
v -0.04957757 -0.14546853 -0.35783395
v -0.06100615 -0.14747391 -0.35272754
v -0.06087488 -0.13477242 -0.35033074
v -0.04901578 -0.13295709 -0.35469027
v -0.03713301 -0.13115063 -0.35729266
v -0.03754880 -0.14371512 -0.36063657
v -0.06009188 -0.12284223 -0.34687015
v -0.04805293 -0.12129721 -0.35053724
v -0.03645248 -0.11943789 -0.35303857
v -0.02429031 -0.11795359 -0.35444788
v -0.02498329 -0.12930568 -0.35890566
v -0.04666256 -0.11086587 -0.34684217
v -0.05880473 -0.11212083 -0.34353236
v -0.05733521 -0.10259554 -0.33957480
v -0.04522753 -0.10163914 -0.34276113
v -0.03364826 -0.10028574 -0.34500593
v -0.03508554 -0.10916263 -0.34888570
v -0.05588169 -0.09386991 -0.33546383
v -0.04422128 -0.09270715 -0.33891903
v -0.03276867 -0.09160419 -0.34145955
v -0.05461085 -0.08540411 -0.33172116
v -0.04330937 -0.08413729 -0.33549710
v -0.06645953 -0.08732201 -0.32762825
v -0.07866611 -0.09018485 -0.32327805
v -0.09079824 -0.09458296 -0.31828825
v -0.10220117 -0.10131757 -0.31187474
v -0.11095401 -0.11056640 -0.30335859
v -0.11717270 -0.12144173 -0.29345939
v -0.03209694 -0.08346190 -0.33844539
v -0.21994040 -0.07846958 -0.03594252
v -0.22038510 -0.06861360 -0.03300894
v -0.21934300 -0.08739278 -0.03829710
v -0.21832008 -0.09612347 -0.04010475
v -0.21449417 -0.11617759 -0.04407504
v -0.21715740 -0.10340440 -0.04185357
v -0.20667000 -0.13851986 -0.04675739
v -0.20139791 -0.14963809 -0.04747119
v -0.19474558 -0.16054675 -0.04769709
v -0.18682009 -0.17086584 -0.04759622
v -0.17815136 -0.18017177 -0.04734716
v -0.21884130 -0.07728621 -0.04688927
v -0.21889801 -0.06752133 -0.04440332
v -0.21836440 -0.08608200 -0.04905790
v -0.21752516 -0.09406337 -0.05078010
v -0.21726553 -0.09890674 -0.05154108
v -0.21467866 -0.11448248 -0.05356667
v -0.20677435 -0.14023268 -0.05570981
v -0.06004793 -0.16048398 -0.35330692
v -0.03771015 -0.15644971 -0.36253220
v -0.04931264 -0.15851169 -0.35911197
v -0.02557658 -0.14160107 -0.36243564
v -0.01324608 -0.13981471 -0.36375158
v -0.01359792 -0.15233868 -0.36572891
v -0.02602480 -0.15409614 -0.36456879
v -0.00113741 -0.13851772 -0.36451897
v -0.00145146 -0.15125489 -0.36669633
v -0.02109369 -0.08237903 -0.34026959
v 0.01076374 -0.08399621 -0.34224970
v 0.01104403 -0.09335937 -0.34609010
v 0.01093729 -0.10334914 -0.35017747
v 0.01120389 -0.11405606 -0.35516688
v 0.01101222 -0.12541970 -0.36054724
v 0.01068477 -0.13749340 -0.36526885
v 0.01035495 -0.15013156 -0.36747227
v 0.01024417 -0.16244191 -0.36812757
v -0.06689766 -0.22326754 -0.03876858
v -0.06424916 -0.22222210 -0.03695333
v -0.06312148 -0.22045252 -0.03435118
v -0.06292674 -0.21999841 -0.03094792
v -0.06384281 -0.22082829 -0.02891351
v -0.06252099 -0.22211256 -0.03603700
v -0.06267044 -0.22008848 -0.03120107
v -0.06445977 -0.22149789 -0.02875477
v -0.08448047 -0.22495668 -0.09123327
v -0.08768053 -0.22322471 -0.08513608
v -0.07855632 -0.22639627 -0.08674246
v -0.08161543 -0.22480822 -0.08116563
v -0.07291555 -0.22822838 -0.08203737
v -0.07577980 -0.22648827 -0.07693328
v -0.06432816 -0.22427476 -0.03897594
v -0.06668847 -0.22504737 -0.04149397
v -0.11781457 -0.21785904 -0.11188833
v -0.11047309 -0.21957327 -0.10743196
v -0.11569943 -0.21793568 -0.09889459
v -0.12368322 -0.21656970 -0.10281739
v -0.07022924 -0.22419534 -0.04180880
v -0.06974991 -0.22512909 -0.04413157
v -0.07264209 -0.22495975 -0.04994249
v -0.07176989 -0.22500026 -0.05315273
v -0.15140798 -0.19637713 -0.02572655
v -0.15365074 -0.19575632 -0.02296594
v -0.16095851 -0.19708594 -0.00799812
v -0.15581447 -0.19560262 -0.02015782
v -0.15726149 -0.19561823 -0.01771383
v -0.15868314 -0.19584153 -0.01505238
v -0.16062430 -0.19675267 -0.00982438
v -0.15984460 -0.19626638 -0.01233289
v -0.05915471 -0.23088759 -0.03182842
v -0.06175327 -0.22776828 -0.03076106
v -0.06027011 -0.22695600 -0.03411660
v -0.05872236 -0.22978367 -0.03584486
v -0.05477356 -0.23182111 -0.03140868
v -0.05486946 -0.23047776 -0.03680072
v -0.05005236 -0.23353977 -0.03132730
v -0.05013885 -0.23181253 -0.03756190
v -0.03877181 -0.23990741 -0.04058604
v -0.03947275 -0.24037051 -0.03270714
v -0.04508432 -0.23642419 -0.03200645
v -0.04500237 -0.23506939 -0.03905573
v -0.06142347 -0.22704687 -0.03866847
v -0.05927814 -0.22919295 -0.04006911
v -0.05579361 -0.22954790 -0.04185256
v -0.02755854 -0.24994258 -0.03343414
v -0.02646795 -0.25065777 -0.03980741
v -0.01938544 -0.25417652 -0.03936477
v -0.02025726 -0.25365250 -0.03356406
v -0.03265672 -0.24560492 -0.04047722
v -0.03372466 -0.24511143 -0.03322725
v -0.01350140 -0.25609452 -0.02344279
v -0.01287684 -0.25549353 -0.02838894
v -0.01534763 -0.27278930 0.06033943
v -0.01529781 -0.27218814 0.07280455
v -0.01522149 -0.26805025 0.11443329
v -0.01546854 -0.26575155 0.12974782
v -0.01593691 -0.26191903 0.14580895
v -0.01630333 -0.25565857 0.16259738
v -0.01531655 -0.27147827 0.08624750
v -0.01534685 -0.27015896 0.09963686
v -0.01222173 -0.25527432 -0.03347071
v -0.01159329 -0.25548745 -0.03895695
v -0.01898403 -0.25597710 -0.04525629
v -0.01120269 -0.25659439 -0.04464284
v -0.03947160 -0.24051615 -0.05006101
v -0.03220732 -0.24750094 -0.04804145
v -0.02597137 -0.25259129 -0.04647799
v -0.05144811 -0.23068071 -0.04375881
v -0.04634685 -0.23416266 -0.04645834
v -0.06377018 -0.23286293 -0.11152357
v -0.05983162 -0.23686349 -0.10604011
v -0.06038424 -0.23350836 -0.11723093
v -0.05682122 -0.23845746 -0.11219598
v -0.06864567 -0.22357323 -0.12973040
v -0.06434205 -0.22853700 -0.12264904
v 0.00009725 -0.07872072 -0.34020846
v 0.01039548 -0.07583714 -0.33867616
v -0.13463992 -0.20519293 -0.02235561
v -0.08344843 -0.25518849 0.01349908
v -0.21555240 -0.07712273 -0.07000852
v -0.21739510 -0.07688347 -0.05844719
v -0.21726287 -0.06698538 -0.05607695
v -0.21592992 -0.06712577 -0.06777303
v -0.21499983 -0.08720572 -0.07206188
v -0.21683579 -0.08608689 -0.06051847
v -0.20603734 -0.14306699 -0.06530235
v -0.20434438 -0.14705460 -0.07560391
v -0.21198964 -0.12047795 -0.07546190
v -0.21345354 -0.11623499 -0.06407687
v -0.21544625 -0.10363301 -0.06294484
v -0.21341457 -0.10881866 -0.07493307
v -0.21434306 -0.09785948 -0.07393844
v -0.21608058 -0.09518781 -0.06224374
v -0.07692997 -0.22364862 -0.05282845
v -0.07630808 -0.22368719 -0.05637394
v -0.08683607 -0.22197316 -0.06663941
v -0.08091672 -0.22318991 -0.06349663
v -0.08138700 -0.22246357 -0.05952347
v -0.08711513 -0.22145126 -0.06240319
v -0.07824617 -0.22501956 -0.07226698
v -0.08004695 -0.22402005 -0.06781332
v -0.08613965 -0.22262988 -0.07130040
v -0.08440053 -0.22353782 -0.07608845
v -0.08179861 -0.22261215 -0.05582231
v -0.08733084 -0.22152018 -0.05856172
v -0.08740440 -0.22180274 -0.05496815
v -0.08734720 -0.22275793 -0.05132249
v -0.09281368 -0.22154525 -0.05318843
v -0.09315719 -0.22043513 -0.05696533
v -0.09324956 -0.22063522 -0.06957546
v -0.09333776 -0.22015827 -0.06510413
v -0.09265253 -0.22109264 -0.07437488
v -0.09067379 -0.22195447 -0.07950255
v -0.09332441 -0.22023353 -0.06095113
v -0.09922562 -0.22004722 -0.05470764
v -0.09997017 -0.21909263 -0.05872718
v -0.10055938 -0.21854276 -0.06719647
v -0.10046139 -0.21883631 -0.07193530
v -0.09971849 -0.21940897 -0.07706585
v -0.09735470 -0.22049493 -0.08259291
v -0.10036899 -0.21881188 -0.06282108
v -0.10750612 -0.21785277 -0.05616854
v -0.10877036 -0.21700468 -0.06018630
v -0.10943962 -0.21677526 -0.06885231
v -0.10900187 -0.21727999 -0.07386650
v -0.10770098 -0.21777969 -0.07939091
v -0.10461339 -0.21875861 -0.08554812
v -0.10933935 -0.21671579 -0.06427481
v -0.11701254 -0.21530526 -0.05568422
v -0.11902290 -0.21438948 -0.06023050
v -0.11917135 -0.21472042 -0.07021673
v -0.11787036 -0.21534558 -0.07565447
v -0.11559370 -0.21618697 -0.08153366
v -0.11229314 -0.21752296 -0.08815613
v -0.11965387 -0.21429064 -0.06508126
v -0.07809944 -0.22373386 -0.04671224
v -0.07753561 -0.22371592 -0.04958334
v -0.07332190 -0.22459701 -0.04693288
v -0.07392234 -0.22407953 -0.04432944
v -0.08214864 -0.22281228 -0.05238042
v -0.08236766 -0.22323706 -0.04917472
v -0.08716915 -0.22483169 -0.04762201
v -0.09240754 -0.22435743 -0.04930927
v -0.09208272 -0.22498734 -0.04435368
v -0.09841060 -0.22338553 -0.05073909
v -0.09749201 -0.22493941 -0.04538298
v -0.10605721 -0.22144432 -0.05179998
v -0.05959083 -0.23984121 -0.01560653
v -0.06459554 -0.24216556 -0.01054010
v -0.07476183 -0.22401164 -0.04181447
v -0.07866141 -0.22460553 -0.04387711
v -0.08261275 -0.22485811 -0.04586607
v -0.11489430 -0.21877881 -0.05156491
v -0.12410486 -0.21629117 -0.04969504
v -0.12733969 -0.21232941 -0.05419374
v -0.13264066 -0.21263310 -0.04728873
v -0.13730297 -0.20838183 -0.05140641
v -0.13888860 -0.20937073 -0.04406421
v -0.14384902 -0.20529037 -0.04710065
v -0.14342254 -0.20668248 -0.04025996
v -0.14823152 -0.20255244 -0.04238449
v -0.14631679 -0.20383909 -0.03609391
v -0.15107895 -0.19985608 -0.03747746
v -0.13016918 -0.21097796 -0.05905588
v -0.13038188 -0.21147033 -0.06488083
v -0.12924068 -0.21236707 -0.07093526
v -0.12726323 -0.21345903 -0.07714630
v -0.12425224 -0.21453560 -0.08379739
v -0.12034069 -0.21592527 -0.09102010
v -0.05997201 -0.22361839 -0.17609717
v -0.05428513 -0.22633502 -0.17880323
v -0.12890267 -0.21454648 -0.09424591
v -0.13321612 -0.21273930 -0.08632768
v -0.13952873 -0.20981068 -0.07182445
v -0.13674572 -0.21134156 -0.07887826
v -0.14169040 -0.20788252 -0.06475957
v -0.13762136 -0.21218143 -0.09811648
v -0.14666717 -0.20883790 -0.10260330
v -0.14245836 -0.21002793 -0.08930760
v -0.15202508 -0.20600195 -0.09297460
v -0.14655577 -0.20824337 -0.08096477
v -0.14998495 -0.20626473 -0.07314390
v -0.16036598 -0.20130246 -0.07509524
v -0.15660325 -0.20368712 -0.08382443
v -0.15285995 -0.20363717 -0.06553778
v -0.14816586 -0.20106165 -0.03222987
v -0.15306799 -0.19715604 -0.03309351
v -0.22192615 -0.07822014 0.00704713
v -0.16596357 -0.18529987 -0.02999973
v -0.16462081 -0.18741902 -0.03459449
v -0.15840333 -0.19258729 -0.03387478
v -0.15992864 -0.19028820 -0.02983365
v -0.16313200 -0.19020826 -0.03983082
v -0.15659164 -0.19533591 -0.03868116
v -0.15541237 -0.20054486 -0.05802895
v -0.14338981 -0.20573257 -0.05661515
v -0.15539390 -0.20384803 -0.10734247
v -0.16127770 -0.20028390 -0.09700093
v -0.16642474 -0.19753052 -0.08681641
v -0.17039783 -0.19460783 -0.07734259
v -0.16387958 -0.19727519 -0.11269267
v -0.17041461 -0.19319848 -0.10126969
v -0.17989198 -0.18578711 -0.07988716
v -0.17580469 -0.18943084 -0.09002033
v -0.17194047 -0.18861399 -0.11832146
v -0.17915154 -0.18409347 -0.10576369
v -0.18842347 -0.17548050 -0.08271570
v -0.18448697 -0.17964428 -0.09365285
v -0.18678227 -0.17272478 -0.10968548
v -0.17918082 -0.17754256 -0.12383650
v -0.19218774 -0.16822858 -0.09669811
v -0.19590417 -0.16378528 -0.08499380
v -0.20194467 -0.15130916 -0.08671417
v -0.19861335 -0.15560504 -0.09891797
v -0.19360869 -0.15982858 -0.11234411
v -0.18610160 -0.16405628 -0.12779720
v -0.20248911 -0.10618648 -0.12508817
v -0.20631712 -0.10459513 -0.11183686
v -0.20721076 -0.09188129 -0.10981511
v -0.20399185 -0.09323361 -0.12297672
v -0.20941676 -0.10254063 -0.09883428
v -0.21043210 -0.09051213 -0.09712262
v -0.21229663 -0.10026089 -0.08595260
v -0.21285192 -0.08888305 -0.08420868
v -0.20798760 -0.07984851 -0.10736373
v -0.20536284 -0.08085298 -0.12044003
v -0.21090159 -0.07892561 -0.09469722
v -0.21332641 -0.07797120 -0.08209499
v -0.20873733 -0.06860213 -0.10462344
v -0.20611055 -0.06919839 -0.11733084
v -0.21143215 -0.06804661 -0.09224976
v -0.21393651 -0.06759693 -0.07990333
v -0.20712193 -0.04824110 -0.10961797
v -0.20811744 -0.03909593 -0.10559719
v -0.06344942 -0.24847052 -0.00299926
v -0.05605994 -0.25277256 -0.00175804
v -0.07002917 -0.24494490 -0.00507607
v -0.07580223 -0.24795599 0.00110156
v -0.05473716 -0.22747812 -0.18420960
v -0.06095049 -0.22441507 -0.18154310
v -0.21008863 -0.04821301 -0.09779333
v -0.21102147 -0.03927796 -0.09452428
v -0.21259641 -0.04823656 -0.08642927
v -0.21351303 -0.03954576 -0.08355204
v -0.21491431 -0.04828416 -0.07468731
v -0.21551941 -0.03966161 -0.07226262
v -0.21635927 -0.04804041 -0.06277587
v -0.21688608 -0.03920413 -0.06080752
v -0.21747772 -0.04743559 -0.05102024
v -0.21783626 -0.03814250 -0.04907124
v -0.21846434 -0.04681166 -0.03878580
v -0.21824297 -0.03607938 -0.03652613
v -0.21946148 -0.04686620 -0.02626075
v -0.21903258 -0.03284934 -0.02164826
v -0.22092004 -0.04935274 -0.01459063
v -0.22019036 -0.03798489 -0.00943030
v -0.22189419 -0.05242956 -0.00397160
v -0.22176001 -0.04187039 0.00084028
v -0.22270911 -0.05578051 0.00594659
v -0.22290974 -0.04551532 0.01041448
v -0.22373535 -0.04892439 0.01951825
v -0.22301152 -0.05900598 0.01527473
v -0.22290052 -0.06233005 0.02433765
v -0.22388297 -0.05243287 0.02858320
v -0.22268461 -0.06601646 0.03325031
v -0.22384159 -0.05633101 0.03763520
v -0.21696873 -0.09510153 0.08901725
v -0.21406779 -0.10312852 0.08246106
v -0.21167667 -0.11088276 0.08972842
v -0.21453601 -0.10310116 0.09665439
v -0.20879746 -0.11871218 0.09647156
v -0.20563602 -0.12675350 0.10276607
v -0.20863603 -0.11951995 0.11039753
v -0.21178782 -0.11122777 0.10378713
v -0.20183362 -0.13475685 0.10853702
v -0.20511444 -0.12782636 0.11643539
v -0.19771940 -0.14275451 0.11379511
v -0.20064207 -0.13582534 0.12187015
v -0.19289224 -0.15027669 0.11867326
v -0.18791185 -0.15726551 0.12298873
v -0.19073095 -0.15064484 0.13118649
v -0.19562908 -0.14339280 0.12677481
v -0.17620237 -0.17042746 0.12957857
v -0.16975938 -0.17751442 0.13249539
v -0.17229665 -0.17136702 0.14111473
v -0.17885383 -0.16415794 0.13800286
v -0.18228175 -0.16376646 0.12650691
v -0.18509855 -0.15741686 0.13484901
v -0.15815924 -0.18684283 0.14754205
v -0.15625356 -0.19277929 0.13827313
v -0.14914347 -0.20055575 0.14106588
v -0.15107991 -0.19492059 0.15049994
v -0.14328186 -0.20234032 0.15288523
v -0.14159734 -0.20792746 0.14326964
v -0.13360072 -0.21492187 0.14494384
v -0.13502680 -0.20936110 0.15477951
v -0.12533844 -0.22205629 0.14625367
v -0.12657605 -0.21656240 0.15642436
v -0.11644120 -0.22909612 0.14726465
v -0.11776030 -0.22380202 0.15773229
v -0.16314448 -0.18505477 0.13537348
v -0.16527558 -0.17891616 0.14431998
v -0.22239356 -0.07059734 0.04195665
v -0.22407796 -0.06118645 0.04656085
v -0.21879841 -0.08880279 0.06700726
v -0.21663569 -0.09581615 0.07484343
v -0.21943014 -0.08752185 0.08096941
v -0.22129943 -0.08019332 0.07264152
v -0.22161587 -0.07607567 0.05045697
v -0.22046317 -0.08214485 0.05885595
v -0.22284419 -0.07329085 0.06399089
v -0.22383155 -0.06691514 0.05526390
v -0.06644653 -0.23247748 -0.09349617
v -0.06970463 -0.23019831 -0.08757478
v -0.06313580 -0.23497968 -0.09974926
v -0.10697328 -0.23590861 0.14831357
v -0.10522454 -0.24014916 0.13790460
v -0.10326449 -0.24365735 0.12781220
v -0.10086456 -0.24620828 0.11785483
v -0.09830717 -0.24824729 0.10828114
v -0.09601437 -0.25038220 0.09905407
v -0.04004101 -0.24975946 -0.01389672
v -0.04337873 -0.25272186 -0.00725819
v -0.07550803 -0.22429067 -0.06018499
v -0.07264099 -0.22644868 -0.06831693
v -0.07440253 -0.22509612 -0.06419572
v -0.07024929 -0.22816372 -0.07257518
v -0.06736814 -0.22993638 -0.07734861
v -0.06434131 -0.23235454 -0.08263860
v -0.06129069 -0.23508628 -0.08837415
v -0.05838160 -0.23802548 -0.09461161
v -0.05576159 -0.24067450 -0.10096690
v -0.05136780 -0.24439896 -0.09625553
v -0.05334114 -0.24325020 -0.10750958
v -0.04952615 -0.24766230 -0.10304300
v -0.04673387 -0.24787983 -0.09163065
v -0.04505771 -0.25154234 -0.09860551
v -0.04041191 -0.25526045 -0.09439021
v -0.04202192 -0.25148146 -0.08750208
v -0.02704000 -0.26496028 -0.08332268
v -0.02822766 -0.26169477 -0.07624824
v -0.03291567 -0.25849585 -0.07967070
v -0.03165230 -0.26208032 -0.08682355
v -0.01727845 -0.26501189 -0.07019142
v -0.02291948 -0.26387886 -0.07318165
v -0.02189913 -0.26635305 -0.07955060
v -0.01654189 -0.26646375 -0.07373731
v -0.01092330 -0.26642546 -0.06968131
v -0.01098699 -0.26487914 -0.06688429
v -0.07258579 -0.22016489 -0.03733931
v -0.07127996 -0.22363968 -0.03994701
v -0.07205688 -0.22208392 -0.03822689
v -0.01395602 -0.25729170 -0.01841043
v -0.02343271 -0.25599681 -0.01721696
v -0.03214137 -0.25333752 -0.01539094
v -0.06945367 -0.21636405 -0.03126658
v -0.06921695 -0.21632451 -0.03160706
v -0.06903663 -0.21645361 -0.03188253
v -0.06901607 -0.21655079 -0.03225991
v -0.06883513 -0.21650728 -0.03255441
v -0.06883177 -0.21652776 -0.03281845
v -0.07153809 -0.21673075 -0.03499688
v -0.06976990 -0.21642510 -0.03405595
v -0.10279510 -0.18988505 -0.24437435
v -0.09776578 -0.19276955 -0.24555055
v -0.09442183 -0.18573013 -0.26238427
v -0.09033162 -0.18956308 -0.26177144
v -0.09437350 -0.19077558 -0.25324811
v -0.09888876 -0.18752611 -0.25290597
v -0.09888689 -0.18185653 -0.26251804
v -0.10386147 -0.18404091 -0.25242849
v -0.08677840 -0.24947552 0.00695369
v -0.08018798 -0.25146072 0.00742431
v -0.07644414 -0.07446945 -0.31653490
v -0.07627341 -0.06591339 -0.31428255
v -0.07510968 -0.04919341 -0.31097687
v -0.07560437 -0.05762442 -0.31232317
v -0.07661064 -0.04032986 -0.31302571
v -0.06420000 -0.05489804 -0.32153666
v -0.06499178 -0.04654967 -0.32372176
v -0.06675812 -0.03816894 -0.32694144
v -0.05703542 -0.03678237 -0.33898932
v -0.05475779 -0.04483638 -0.33422886
v -0.05330746 -0.05311442 -0.33056439
v -0.03689260 -0.03652945 -0.36066535
v -0.03484848 -0.04438098 -0.35371034
v -0.04483833 -0.04446735 -0.34462710
v -0.04719481 -0.03649395 -0.35055765
v -0.03323356 -0.05178645 -0.34713211
v -0.04299268 -0.05235986 -0.33910393
v -0.02581170 -0.03664827 -0.36918823
v -0.02416646 -0.04450161 -0.36125177
v -0.01401056 -0.03666723 -0.37547025
v -0.01281225 -0.04433017 -0.36660563
v -0.02283311 -0.05163532 -0.35364135
v -0.01190997 -0.05104263 -0.35796408
v -0.01035507 -0.08091399 -0.34076784
v -0.03384176 -0.22157783 -0.29114529
v -0.02611007 -0.22221653 -0.29540982
v -0.02309161 -0.22062284 -0.30197303
v -0.00076590 -0.04947263 -0.36008771
v -0.00105679 -0.04295001 -0.36935453
v 0.01063583 -0.04044761 -0.36943156
v 0.01029811 -0.04704912 -0.36017408
v -0.00155285 -0.03550559 -0.37889125
v 0.01091440 -0.03314804 -0.37918272
v -0.04156151 -0.06048586 -0.33358913
v -0.03196921 -0.05939267 -0.34121249
v -0.03120835 -0.06762103 -0.33668350
v -0.04134120 -0.06871478 -0.33084020
v -0.02116724 -0.06624051 -0.34171951
v -0.02184883 -0.05857218 -0.34677997
v -0.01073557 -0.06488080 -0.34402614
v -0.01130574 -0.05736134 -0.34983872
v -0.00071733 -0.05567920 -0.35127645
v -0.00063492 -0.06228543 -0.34299528
v 0.00959815 -0.05985876 -0.34357612
v 0.00984930 -0.05326124 -0.35152711
v -0.05264096 -0.06954964 -0.32680518
v -0.05242666 -0.06147801 -0.32766300
v -0.06371644 -0.06324183 -0.32052745
v -0.06405634 -0.07147964 -0.32159636
v -0.13278468 -0.20708995 -0.02374479
v -0.13475955 -0.20728322 -0.02432803
v -0.13753769 -0.20700465 -0.02563903
v -0.14094689 -0.20416340 -0.02687938
v -0.14486654 -0.20116887 -0.02801609
v -0.14964927 -0.19834274 -0.02883291
v -0.15453564 -0.19457815 -0.02942892
v -0.00861668 -0.24559243 -0.19291705
v -0.01242629 -0.24565230 -0.19312633
v -0.01599006 -0.24591762 -0.19334560
v -0.01939375 -0.24558479 -0.19353080
v -0.02286531 -0.24482528 -0.19364067
v -0.02652682 -0.24345343 -0.19360655
v -0.03045750 -0.24156385 -0.19353017
v -0.02594359 -0.24373498 -0.19940699
v -0.03449978 -0.23941944 -0.19339879
v -0.03893826 -0.23727669 -0.19313994
v -0.04372911 -0.23489789 -0.19268098
v -0.04896746 -0.23196313 -0.19196990
v -0.05490572 -0.22872297 -0.19074958
v -0.06167583 -0.22512897 -0.18848683
v -0.21082306 -0.12760453 -0.03655608
v -0.21108540 -0.12718009 -0.04558264
v -0.21103472 -0.12782756 -0.05504080
v -0.21048975 -0.13001635 -0.06502471
v -0.20904975 -0.13367645 -0.07571627
v -0.09369194 -0.25225705 0.09000492
v -0.09861892 -0.25189866 0.07446775
v -0.10632970 -0.24698329 0.07517829
v -0.11367721 -0.24221430 0.07521706
v -0.12106793 -0.23754360 0.07515312
v -0.13479806 -0.22656185 0.07422648
v -0.12818156 -0.23232619 0.07477458
v -0.14149937 -0.22090132 0.07351653
v -0.14741675 -0.21483260 0.07216694
v -0.15284123 -0.20869745 0.07035601
v -0.15818405 -0.20265406 0.06820259
v -0.16301482 -0.19630974 0.06583223
v -0.16802087 -0.19034457 0.06305727
v -0.17254354 -0.18447771 0.05964403
v -0.17669219 -0.17878338 0.05578401
v -0.18084274 -0.17335477 0.05158375
v -0.18467470 -0.16782871 0.04708616
v -0.18817006 -0.16237368 0.04227663
v -0.19134300 -0.15709660 0.03716160
v -0.19417837 -0.15208547 0.03180361
v -0.19695491 -0.14765320 0.02617437
v -0.19961872 -0.14383193 0.02035703
v -0.20208371 -0.14054193 0.01429880
v -0.20406465 -0.13760473 0.00792009
v -0.20563240 -0.13509637 0.00126680
v -0.20690989 -0.13313028 -0.00553487
v -0.20808904 -0.13160736 -0.01258352
v -0.20911774 -0.13027354 -0.02008985
v -0.20995076 -0.12886720 -0.02807622
v -0.21128178 -0.11218801 -0.08707411
v -0.20855949 -0.11517456 -0.09994053
v -0.20519140 -0.11778307 -0.11327170
v -0.20035142 -0.11962966 -0.12674025
v -0.19519407 -0.12108052 -0.14104692
v -0.19683159 -0.06095341 -0.15524140
v -0.20040942 -0.05954000 -0.14046212
v -0.20338639 -0.05886856 -0.12667722
v -0.20649298 -0.05834018 -0.11363369
v -0.20936082 -0.05804591 -0.10145743
v -0.21193833 -0.05783077 -0.08930723
v -0.21429880 -0.05772739 -0.07721783
v -0.21620928 -0.05749612 -0.06542081
v -0.21745841 -0.05721459 -0.05352492
v -0.21868204 -0.05735153 -0.04164184
v -0.22000961 -0.05821070 -0.02982655
v -0.22136586 -0.06011262 -0.01859802
v -0.22237488 -0.06271739 -0.00813774
v -0.22288996 -0.06561378 0.00167436
v -0.22277006 -0.06859073 0.01103925
v -0.22221321 -0.07174339 0.02003883
v -0.22155335 -0.07530725 0.02880294
v -0.22065424 -0.07962004 0.03728246
v -0.21956515 -0.08485996 0.04553067
v -0.21824671 -0.09066589 0.05359983
v -0.21621384 -0.09698368 0.06141715
v -0.21380162 -0.10369499 0.06895961
v -0.21141032 -0.11084078 0.07621751
v -0.20880119 -0.11831890 0.08303477
v -0.20573247 -0.12592362 0.08944423
v -0.20245480 -0.13373228 0.09552165
v -0.19862528 -0.14150563 0.10106507
v -0.19456581 -0.14922540 0.10614010
v -0.18976945 -0.15647276 0.11086653
v -0.18476170 -0.16325580 0.11498293
v -0.17913115 -0.16962490 0.11837996
v -0.17328537 -0.17618998 0.12132754
v -0.16725129 -0.18323060 0.12403072
v -0.16098750 -0.19071450 0.12669198
v -0.15406638 -0.19817451 0.12942573
v -0.14705384 -0.20572659 0.13194323
v -0.13973618 -0.21293154 0.13387669
v -0.13187509 -0.21978689 0.13526358
v -0.12362068 -0.22665225 0.13623621
v -0.11468981 -0.23349246 0.13704023
v 0.00986628 -0.06778651 -0.33755454
v -0.00051394 -0.07051638 -0.33842229
v -0.01055963 -0.07327741 -0.34105660
v -0.02108649 -0.07427810 -0.33966391
v -0.03146175 -0.07562218 -0.33606853
v -0.04235426 -0.07641369 -0.33262444
v -0.05360738 -0.07738093 -0.32889151
v -0.06514022 -0.07949563 -0.32435033
v -0.07721415 -0.08243849 -0.31986194
v -0.08957017 -0.08674744 -0.31554420
v -0.10162513 -0.09334212 -0.30992819
v -0.11190043 -0.10248091 -0.30229172
v -0.11828155 -0.11518200 -0.29301078
v -0.14334292 -0.09456948 -0.25864597
v -0.15414334 -0.08803649 -0.24132711
v -0.16570968 -0.08204238 -0.22393687
v -0.17659395 -0.07423169 -0.20623996
v -0.18531798 -0.06816011 -0.18883596
v -0.19225528 -0.06372178 -0.17188746
v -0.01721546 -0.24544012 0.18265661
v -0.02622652 -0.24852576 0.17623300
v -0.03576003 -0.25068509 0.17086415
v -0.04557924 -0.25120890 0.16716552
v -0.05570839 -0.25065657 0.16485246
v -0.06627690 -0.24909949 0.16342002
v -0.07702879 -0.24640729 0.16228991
v -0.08797457 -0.24242442 0.16128681
v -0.09846758 -0.23704799 0.16009202
v -0.10847070 -0.23078687 0.15889046
v -0.09534430 -0.23022791 -0.03401514
v -0.10004828 -0.23000033 -0.03507817
v -0.06916395 -0.26549665 0.02169085
v -0.07225185 -0.26608579 0.02462016
v -0.06469559 -0.26446560 0.01712627
v -0.05951546 -0.26246916 0.01193882
v -0.05374920 -0.25984328 0.00600277
v -0.04772757 -0.25655719 -0.00055692
v -0.06012657 -0.26705581 0.02021197
v -0.06605316 -0.26762069 0.02465668
v -0.05394590 -0.26562866 0.01503101
v -0.04691648 -0.26367349 0.00866997
v -0.03758083 -0.26040402 0.00041893
v -0.03443861 -0.25601240 -0.00867597
v -0.06409236 -0.27003164 0.02899531
v -0.05674049 -0.26964539 0.02447243
v -0.05490562 -0.27199488 0.03017578
v -0.06300395 -0.27205141 0.03458498
v -0.04986598 -0.26872711 0.01938022
v -0.04751142 -0.27157003 0.02550670
v -0.04231161 -0.26743571 0.01339991
v -0.03982634 -0.27042047 0.01992095
v -0.03404035 -0.26514000 0.00688535
v -0.03204847 -0.26882665 0.01389099
v -0.05407551 -0.27367723 0.03694978
v -0.06257946 -0.27309097 0.04124783
v -0.04630442 -0.27365834 0.03285189
v -0.03860320 -0.27289027 0.02773547
v -0.03093083 -0.27162127 0.02216208
v -0.02467313 -0.25774802 -0.01151918
v -0.02574635 -0.26044970 -0.00515851
v -0.01436905 -0.25858023 -0.01358703
v -0.01514758 -0.26003989 -0.00979008
v -0.01577299 -0.26833348 0.01032782
v -0.02309754 -0.27001634 0.01647823
v -0.02420366 -0.26633773 0.00681881
v -0.01593941 -0.26284635 -0.00387429
v -0.02523841 -0.26323043 0.00016124
v -0.01555592 -0.26048460 -0.00902819
v -0.07148075 -0.26752215 0.02768027
v -0.07102067 -0.26945589 0.03228184
v -0.07085397 -0.27072374 0.03819709
v -0.08402683 -0.26428786 0.03053325
v -0.07747480 -0.26636854 0.02942811
v -0.07089738 -0.27070206 0.04499288
v -0.08546340 -0.26519231 0.03676097
v -0.07816569 -0.26763771 0.03489935
v -0.08670032 -0.26489799 0.04348818
v -0.07879020 -0.26802441 0.04122366
v -0.08769729 -0.26373154 0.05047465
v -0.07952904 -0.26757086 0.04810989
v -0.09034449 -0.25685511 0.07292194
v -0.08935472 -0.25943096 0.06511898
v -0.08068860 -0.26394250 0.06297344
v -0.08153700 -0.26159591 0.07095595
v -0.09174819 -0.25436196 0.08123060
v -0.08848036 -0.26174998 0.05767144
v -0.06255069 -0.27268420 0.04877105
v -0.07124126 -0.26975926 0.05243006
v -0.08012516 -0.26609864 0.05537243
v -0.05374696 -0.27421992 0.04446523
v -0.01539996 -0.27253416 0.02381669
v -0.02273263 -0.27259937 0.02663103
v -0.03031028 -0.27349755 0.03133568
v -0.03786282 -0.27429055 0.03597416
v -0.04562666 -0.27453737 0.04071403
v -0.01515261 -0.27453644 0.03550683
v -0.02258776 -0.27406067 0.03766721
v -0.03017236 -0.27429154 0.04140785
v -0.03762406 -0.27442864 0.04544117
v -0.04543498 -0.27439304 0.04972918
v -0.05388405 -0.27354364 0.05307618
v -0.06280914 -0.27117161 0.05716263
v -0.07174642 -0.26799370 0.06031002
v -0.01514779 -0.27421875 0.04783812
v -0.02269356 -0.27384954 0.04942476
v -0.03019004 -0.27379182 0.05238633
v -0.03768090 -0.27372546 0.05589551
v -0.04575146 -0.27315069 0.05949151
v -0.05436931 -0.27187697 0.06246745
v -0.06339247 -0.26921543 0.06606276
v -0.07244909 -0.26573962 0.06854704
v -0.06390631 -0.22222868 -0.02856389
v -0.06120994 -0.22197821 -0.03139366
v -0.06214864 -0.22454627 -0.03765193
v -0.02254576 -0.24565622 -0.21903145
v -0.02689503 -0.24241226 -0.18284796
v -0.02683342 -0.24267646 -0.18812791
v -0.02714438 -0.24237379 -0.17783892
v -0.02764078 -0.24264686 -0.17291974
v -0.03741738 -0.25500637 -0.08353072
v -0.03596109 -0.25869757 -0.09040540
v -0.19295701 -0.14886965 -0.12898222
v -0.18511794 -0.15051748 -0.14479900
v -0.19754118 -0.13385211 -0.12818443
v -0.19144136 -0.13530103 -0.14291029
v -0.20265132 -0.13154717 -0.11403188
v -0.20680502 -0.12857526 -0.10039591
v -0.20985655 -0.12497201 -0.08752164
v -0.20667849 -0.13798610 -0.08740397
v -0.20376258 -0.14212766 -0.10018893
v -0.19931116 -0.14581470 -0.11399891
v -0.15401228 -0.19828204 -0.04412087
v -0.16106975 -0.19334209 -0.04563576
v -0.16930540 -0.18761376 -0.04652615
v -0.16767593 -0.19111792 -0.05268561
v -0.15840785 -0.19659206 -0.05154341
v -0.15000758 -0.20137039 -0.04971544
v 0.02149141 -0.09162479 -0.34503434
v 0.02089371 -0.08216543 -0.34076644
v 0.03083697 -0.08058456 -0.33956564
v 0.03165501 -0.09029525 -0.34371973
v 0.04106749 -0.07943721 -0.33790834
v 0.04227622 -0.08934330 -0.34210640
v 0.14240794 -0.19712053 -0.06969185
v 0.15220576 -0.18993924 -0.07102353
v 0.15386356 -0.18626002 -0.06322020
v 0.14443566 -0.19377150 -0.06229446
v 0.09165392 -0.21230399 -0.16535850
v 0.08545896 -0.21537445 -0.15906620
v 0.07806293 -0.21365960 -0.16645833
v 0.08406683 -0.21164852 -0.17278385
v 0.07157059 -0.21402270 -0.17377182
v 0.07759774 -0.21241772 -0.18003475
v 0.10011535 -0.21326833 -0.15751020
v 0.09367508 -0.21683778 -0.15133026
v 0.07226833 -0.21534029 -0.16018954
v 0.07914927 -0.21741612 -0.15301736
v 0.12656402 -0.21055011 -0.12991484
v 0.13397935 -0.20773985 -0.11946915
v 0.12476657 -0.21272843 -0.11422459
v 0.11808772 -0.21520244 -0.12411085
v 0.11541707 -0.21597165 -0.10931711
v 0.10931332 -0.21831704 -0.11876608
v 0.09454388 -0.22009816 -0.13693585
v 0.10196206 -0.21733756 -0.14277477
v 0.11031602 -0.21687076 -0.13369328
v 0.10218215 -0.21980137 -0.12798151
v 0.08688625 -0.21922867 -0.14533537
v 0.08008469 -0.22328954 -0.12599348
v 0.08705982 -0.22207306 -0.13133329
v 0.09418050 -0.22183812 -0.12279386
v 0.08652751 -0.22300919 -0.11780021
v 0.10898252 -0.21341385 -0.14905609
v 0.11816025 -0.21266608 -0.13991710
v 0.15095909 -0.17964392 -0.03211408
v 0.14999463 -0.18130714 -0.03764052
v 0.15723726 -0.17462918 -0.03656851
v 0.15774330 -0.17321772 -0.03039443
v 0.15841041 -0.17293903 -0.01487643
v 0.15301368 -0.17866166 -0.01795089
v 0.15254349 -0.17845596 -0.02230726
v 0.15846041 -0.17265606 -0.01958242
v 0.15814841 -0.17372815 -0.01049599
v 0.15303082 -0.17928370 -0.01385615
v 0.15767851 -0.17514400 -0.00630321
v 0.15290366 -0.18060633 -0.00999281
v 0.15213613 -0.18480173 -0.00276942
v 0.15634479 -0.18019394 0.00169054
v 0.15516296 -0.18376807 0.00568420
v 0.15121865 -0.18802831 0.00057486
v 0.15179334 -0.17868837 -0.02698363
v 0.15823407 -0.17270457 -0.02475100
v 0.14699162 -0.18398002 -0.02368233
v 0.14594357 -0.18430589 -0.02784247
v 0.15670240 -0.17681422 -0.04289235
v 0.14889662 -0.18361249 -0.04333723
v 0.15352864 -0.18816315 0.00942838
v 0.14975617 -0.19217845 0.00368925
v 0.14747325 -0.19134968 -0.00360680
v 0.14613189 -0.19502683 -0.00103716
v 0.14821349 -0.18852219 -0.00640595
v 0.14827919 -0.18437407 -0.01627739
v 0.14851873 -0.18522420 -0.01286588
v 0.14449133 -0.18945120 -0.01486788
v 0.14389593 -0.18896429 -0.01804604
v 0.14294312 -0.18854559 -0.02117778
v 0.14783057 -0.18398465 -0.01984287
v 0.14156589 -0.18845720 -0.02455493
v 0.13996252 -0.18886355 -0.02826705
v 0.13828887 -0.19265691 -0.02249754
v 0.13638159 -0.19272574 -0.02558715
v 0.13422361 -0.19324730 -0.02879544
v 0.14400333 -0.19431011 -0.00697297
v 0.14458758 -0.19194703 -0.00929525
v 0.14278607 -0.19737650 -0.00494766
v 0.14120099 -0.19645792 -0.00958937
v 0.14158688 -0.19496095 -0.01154310
v 0.14088061 -0.19331693 -0.01656441
v 0.13980613 -0.19281685 -0.01941348
v 0.14102570 -0.20115580 -0.00316067
v 0.14412132 -0.19935895 0.00137173
v 0.14782752 -0.19717942 0.00666558
v 0.14539966 -0.20236492 0.00974938
v 0.14204227 -0.20430959 0.00376070
v 0.13894846 -0.20556787 -0.00143519
v 0.15131689 -0.19325747 0.01288650
v 0.13835862 -0.20227077 -0.00702948
v 0.14002901 -0.19889054 -0.00825060
v 0.13592347 -0.20614330 -0.00565846
v 0.14883978 -0.19871169 0.01626036
v 0.08008373 -0.22116543 -0.13960170
v 0.07358648 -0.22249374 -0.13407952
v 0.06706121 -0.22029200 -0.14128182
v 0.07296087 -0.21892413 -0.14709168
v 0.06102763 -0.22162811 -0.13529118
v 0.05509716 -0.22354107 -0.12906718
v 0.04942107 -0.22203747 -0.13538656
v 0.05563576 -0.21933021 -0.14236791
v 0.06670250 -0.21677425 -0.15403343
v 0.06131931 -0.21811192 -0.14824818
v 0.05660752 -0.21719514 -0.15547755
v 0.06132818 -0.21635971 -0.16113045
v 0.04889134 -0.22021625 -0.14569380
v 0.05229907 -0.21807099 -0.15031927
v 0.03241528 -0.22788482 -0.17069112
v 0.03116734 -0.22600358 -0.17481407
v 0.03650027 -0.22354811 -0.17285113
v 0.03697181 -0.22564045 -0.16913277
v 0.02689755 -0.23071173 -0.17091996
v 0.02587854 -0.22926466 -0.17621147
v 0.02122773 -0.23363828 -0.17296612
v 0.02157135 -0.23326527 -0.17714737
v 0.01716113 -0.23687364 -0.17336712
v 0.01740188 -0.23647286 -0.17749675
v 0.06132369 -0.22550636 -0.12272563
v 0.05560340 -0.22771502 -0.11705660
v 0.04977675 -0.22672321 -0.12291735
v 0.05035922 -0.23006508 -0.11141921
v 0.04513481 -0.23026867 -0.11723804
v 0.06733467 -0.22372351 -0.12844710
v 0.06627088 -0.21540123 -0.16745939
v 0.13543017 -0.21885982 0.01833630
v 0.13955329 -0.21324208 0.01582728
v 0.14241854 -0.20972537 0.02293236
v 0.13821754 -0.21522623 0.02576643
v 0.12893572 -0.22587100 0.03064123
v 0.12380271 -0.23060895 0.03264098
v 0.12042214 -0.23338136 0.02490617
v 0.12570650 -0.22905224 0.02283899
v 0.09909581 -0.24727498 0.03675557
v 0.09211929 -0.25150516 0.03679202
v 0.08906886 -0.25216910 0.02928869
v 0.09605529 -0.24856404 0.02937599
v 0.11632390 -0.23476186 0.01741959
v 0.12170255 -0.23042487 0.01545061
v 0.13170306 -0.22042978 0.01124890
v 0.13602056 -0.21493859 0.00905197
v 0.14605580 -0.20428640 0.01968314
v 0.14278626 -0.20772850 0.01286529
v 0.13942864 -0.20950788 0.00646717
v 0.06721077 -0.22598396 -0.11572909
v 0.07362546 -0.22454700 -0.12084427
v 0.07940285 -0.22407633 -0.11310409
v 0.07249839 -0.22513251 -0.10855179
v 0.06089491 -0.22744464 -0.11051925
v 0.06576563 -0.22622853 -0.10388456
v 0.05514548 -0.22908120 -0.10518891
v 0.05952146 -0.22743168 -0.09903477
v 0.03504835 -0.23090006 -0.19688472
v 0.03547041 -0.23126470 -0.20378261
v 0.04117545 -0.22875033 -0.20284160
v 0.04115311 -0.22802953 -0.19528713
v 0.02981335 -0.23329243 -0.19814996
v 0.03063008 -0.23362242 -0.20472560
v 0.04795122 -0.22547079 -0.20195954
v 0.04856219 -0.22458232 -0.19328717
v 0.13622076 -0.21045025 0.00080082
v 0.13256025 -0.21551410 0.00314885
v 0.12949642 -0.21559198 -0.00230231
v 0.13311283 -0.21070714 -0.00405077
v 0.12526040 -0.22055675 -0.00029088
v 0.12828396 -0.22079004 0.00523185
v 0.11214743 -0.23527902 0.01080490
v 0.11786573 -0.23090155 0.00899149
v 0.10861350 -0.23504589 0.00562363
v 0.11456382 -0.23071048 0.00359198
v 0.04978523 -0.23084727 -0.10006139
v 0.05369408 -0.22881566 -0.09428100
v 0.08505758 -0.25553716 0.03625335
v 0.07813337 -0.25901536 0.03551211
v 0.07533237 -0.25844816 0.02794544
v 0.08212077 -0.25559446 0.02864796
v 0.07598112 -0.25194528 0.01564028
v 0.06954647 -0.25401508 0.01525735
v 0.06654056 -0.25083941 0.00937681
v 0.07271331 -0.24941633 0.01021040
v 0.07901092 -0.25426781 0.02169826
v 0.07246721 -0.25685002 0.02110158
v 0.09248139 -0.24858247 0.02248490
v 0.08572944 -0.25157806 0.02231772
v 0.08235679 -0.24981298 0.01622303
v 0.08881603 -0.24769299 0.01637391
v 0.07894783 -0.24782657 0.01090480
v 0.08531546 -0.24626888 0.01099936
v 0.04754808 -0.25787442 0.00958816
v 0.05071892 -0.26088009 0.01494221
v 0.04425656 -0.26310596 0.01582107
v 0.04056631 -0.26066910 0.01099843
v 0.04367829 -0.22613746 -0.05009800
v 0.04477505 -0.22466262 -0.04792307
v 0.04263703 -0.22386884 -0.04521014
v 0.04178368 -0.22595196 -0.04668209
v 0.04631418 -0.22521432 -0.05345269
v 0.04745340 -0.22460455 -0.05063218
v 0.01317402 -0.23961939 -0.17337290
v 0.01334845 -0.23926270 -0.17768333
v 0.00060925 -0.24557762 -0.17527948
v 0.00157305 -0.24493038 -0.17922315
v 0.00531738 -0.24341320 -0.17829834
v 0.00450215 -0.24398866 -0.17304395
v -0.00540261 -0.24834607 -0.17747683
v -0.00527951 -0.24688833 -0.18018417
v 0.01888060 -0.23742255 -0.18755744
v 0.01808489 -0.23686890 -0.18222335
v 0.01393430 -0.23938847 -0.18256930
v 0.01458389 -0.23971279 -0.18793778
v 0.00645181 -0.24365074 -0.18827519
v 0.00598596 -0.24344998 -0.18318061
v 0.00213003 -0.24481620 -0.18351998
v 0.00266366 -0.24505140 -0.18843282
v 0.00306089 -0.24554708 -0.19889647
v 0.00243719 -0.24599507 -0.20378176
v 0.00646962 -0.24520193 -0.20531419
v 0.00685996 -0.24436783 -0.19941468
v 0.01644790 -0.24055156 -0.20640394
v 0.02135788 -0.23803823 -0.20617595
v 0.02035898 -0.23791048 -0.19958348
v 0.01562856 -0.24035525 -0.19967429
v -0.00109400 -0.24598803 -0.18853274
v -0.00147904 -0.24585896 -0.18380398
v -0.00498871 -0.24610812 -0.18400069
v -0.00486445 -0.24593430 -0.18843962
v 0.02810767 -0.23200380 -0.18587862
v 0.02687012 -0.23061669 -0.18091794
v 0.02237017 -0.23392061 -0.18172638
v 0.02329357 -0.23474936 -0.18692371
v 0.02504875 -0.23552228 -0.19909534
v 0.02609840 -0.23582292 -0.20559283
v 0.03334671 -0.22907206 -0.18428554
v 0.03208041 -0.22743479 -0.17939858
v 0.02666841 -0.24215456 -0.01858042
v 0.03043654 -0.24463280 -0.01288252
v 0.02323407 -0.24839483 -0.01182170
v 0.01998939 -0.24588397 -0.01760810
v 0.05327954 -0.26325130 0.02024509
v 0.04684028 -0.26499242 0.02020557
v 0.06325735 -0.25606844 0.01487165
v 0.06037283 -0.25249898 0.00873217
v 0.07129378 -0.26191029 0.03465588
v 0.06882556 -0.26103331 0.02726201
v 0.06616909 -0.25923844 0.02071133
v 0.02213833 -0.23767326 -0.02996478
v 0.02380525 -0.23978376 -0.02422849
v 0.01768126 -0.24384864 -0.02351295
v 0.01637638 -0.24211615 -0.02924515
v 0.01098754 -0.24784702 -0.02350272
v 0.01022753 -0.24684782 -0.02906591
v 0.00372030 -0.25217617 -0.02372103
v 0.00334465 -0.25137131 -0.02889824
v -0.00184815 -0.24615277 -0.17991714
v -0.00236957 -0.24700932 -0.17675281
v -0.00462945 -0.24623866 -0.19783622
v -0.00430393 -0.24598173 -0.20267022
v -0.00092524 -0.24632936 -0.20270890
v -0.00052975 -0.24627755 -0.19832856
v 0.06620502 -0.21739279 -0.22030345
v 0.07214022 -0.21478611 -0.22295571
v 0.07462765 -0.21486801 -0.21808224
v 0.06857728 -0.21763261 -0.21479447
v 0.06155092 -0.22033792 -0.21219838
v 0.05403794 -0.22315269 -0.21049253
v 0.05305687 -0.22337315 -0.21750765
v 0.05959375 -0.22029366 -0.21835061
v 0.07890472 -0.21268667 -0.22203503
v 0.07650546 -0.21220067 -0.22624070
v 0.07872275 -0.21001146 -0.22933818
v 0.08156544 -0.21077930 -0.22588082
v 0.08471806 -0.20716742 -0.23235195
v 0.08357500 -0.20874590 -0.22909488
v 0.08017068 -0.20839238 -0.23223629
v 0.08102649 -0.20677431 -0.23479067
v 0.04697183 -0.22645869 -0.21738926
v 0.04697738 -0.22630104 -0.20989718
v 0.03614486 -0.23173105 -0.21077232
v 0.03719989 -0.23219656 -0.21830521
v 0.04175270 -0.22931569 -0.21780619
v 0.04107144 -0.22922048 -0.21021601
v 0.03292579 -0.23476338 -0.21895667
v 0.03194085 -0.23434983 -0.21166700
v 0.02765892 -0.23672251 -0.21245767
v 0.02847488 -0.23680557 -0.21963387
v 0.08157018 -0.20559783 -0.23738323
v 0.08170068 -0.20480149 -0.24006679
v 0.08552243 -0.20418647 -0.23900926
v 0.08524864 -0.20581562 -0.23571645
v 0.08567796 -0.20294449 -0.24236976
v 0.08160576 -0.20413315 -0.24281293
v 0.07500437 -0.21471309 -0.20075246
v 0.06757738 -0.21739706 -0.19586727
v 0.06416823 -0.21914902 -0.20448250
v 0.07155221 -0.21656182 -0.20800309
v 0.07755896 -0.21388001 -0.21228376
v 0.08121166 -0.21220559 -0.20612205
v 0.02283060 -0.23889301 -0.21309521
v 0.01752364 -0.24115210 -0.21341980
v 0.01793397 -0.24041122 -0.22031667
v 0.02343848 -0.23843617 -0.22012806
v 0.09094990 -0.20138436 -0.24141610
v 0.09073341 -0.20304881 -0.23712500
v 0.08173819 -0.21177057 -0.21698895
v 0.08542532 -0.20980876 -0.21149253
v 0.08496198 -0.20999713 -0.22138230
v 0.08868035 -0.20776116 -0.21621878
v 0.08889106 -0.20617005 -0.22908609
v 0.09315276 -0.20406161 -0.22531812
v 0.09130367 -0.20579883 -0.22072496
v 0.08742082 -0.20789621 -0.22511476
v 0.07995573 -0.20223401 -0.26059884
v 0.08235846 -0.20159575 -0.25503072
v 0.07841694 -0.20436537 -0.25294438
v 0.07612519 -0.20536188 -0.25794087
v 0.07280985 -0.20689876 -0.26370993
v 0.07658415 -0.20335368 -0.26702965
v 0.08997380 -0.20468707 -0.23308469
v 0.09542196 -0.20057147 -0.23453038
v 0.09469189 -0.20239168 -0.22984769
v 0.09568156 -0.19868666 -0.23968080
v 0.06852930 -0.20890705 -0.26984304
v 0.07221999 -0.20487085 -0.27375912
v 0.08431601 -0.19824848 -0.26309533
v 0.08679404 -0.19816117 -0.25659449
v 0.09963539 -0.20042178 -0.21104208
v 0.10168826 -0.19833259 -0.21668597
v 0.10654304 -0.19387336 -0.21168717
v 0.10440410 -0.19620598 -0.20526456
v 0.06373232 -0.21118859 -0.27569315
v 0.06757647 -0.20673903 -0.28033490
v 0.08063999 -0.19879352 -0.27014727
v 0.10350493 -0.19606450 -0.22248891
v 0.10467408 -0.19372782 -0.22865723
v 0.10975468 -0.18924417 -0.22543603
v 0.10838000 -0.19155701 -0.21831752
v 0.11031953 -0.18697953 -0.23307564
v 0.10531744 -0.19161390 -0.23545559
v 0.11046174 -0.19174636 -0.19900608
v 0.11231876 -0.18866181 -0.20628387
v 0.12011876 -0.18325113 -0.20040302
v 0.11907572 -0.18759112 -0.19231822
v 0.05839599 -0.21345707 -0.28104439
v 0.06256354 -0.20883231 -0.28659503
v 0.07613018 -0.19996616 -0.27761676
v 0.08886515 -0.19389819 -0.26512934
v 0.09157785 -0.19419908 -0.25786825
v 0.08494199 -0.19391035 -0.27284019
v 0.11409427 -0.18609132 -0.21390648
v 0.11551224 -0.18360434 -0.22203442
v 0.12221610 -0.17704996 -0.21828928
v 0.12124272 -0.17976934 -0.20909552
v 0.11594353 -0.18123136 -0.23062740
v 0.12228906 -0.17462348 -0.22790118
v 0.14142927 -0.19612396 -0.14247851
v 0.15050918 -0.19153175 -0.13082960
v 0.14272917 -0.20073332 -0.12502995
v 0.13447809 -0.20413364 -0.13597576
v 0.05253055 -0.21556230 -0.28577520
v 0.05673261 -0.21062071 -0.29219987
v 0.07120959 -0.20123082 -0.28482986
v 0.08012126 -0.19436967 -0.28094675
v 0.06617107 -0.20303138 -0.29162248
v 0.06083950 -0.20516357 -0.29805570
v 0.07510945 -0.19544498 -0.28890616
v 0.06999333 -0.19701626 -0.29635213
v 0.11549341 -0.17936928 -0.23975430
v 0.12118438 -0.17240947 -0.23787725
v 0.12972656 -0.16951213 -0.21421037
v 0.12883498 -0.16652862 -0.22473683
v 0.13557365 -0.15751443 -0.22120760
v 0.13731459 -0.16082361 -0.20980068
v 0.16359947 -0.17392142 -0.05605182
v 0.16260727 -0.17735281 -0.06389480
v 0.17041122 -0.16775998 -0.06430638
v 0.17089304 -0.16460913 -0.05566593
v 0.16126992 -0.18132214 -0.07232834
v 0.16954995 -0.17156187 -0.07345839
v 0.12736633 -0.16393302 -0.23570324
v 0.13341411 -0.15474518 -0.23319759
v 0.15258413 -0.14112019 -0.20174913
v 0.14467222 -0.15132366 -0.20537916
v 0.14245994 -0.14793780 -0.21779058
v 0.14923523 -0.13776883 -0.21494393
v 0.16416578 -0.16866752 -0.04158674
v 0.17120512 -0.16034908 -0.03985403
v 0.17110401 -0.15902563 -0.03250849
v 0.16441255 -0.16707810 -0.03475334
v 0.13944465 -0.14503108 -0.23053171
v 0.14521501 -0.13527265 -0.22836982
v 0.17092289 -0.15847246 -0.02556804
v 0.16465233 -0.16606389 -0.02830553
v 0.15982726 -0.13083189 -0.19878480
v 0.15554240 -0.12798668 -0.21269631
v 0.17309661 -0.11002999 -0.19452810
v 0.16674525 -0.12061754 -0.19656435
v 0.16151034 -0.11832217 -0.21119802
v 0.16710816 -0.10847347 -0.20994794
v 0.16902364 -0.16017229 -0.00734697
v 0.16381549 -0.16648017 -0.01134606
v 0.16418433 -0.16579261 -0.01665168
v 0.16973810 -0.15905422 -0.01295778
v 0.16450252 -0.16560558 -0.02231244
v 0.17047595 -0.15848598 -0.01903132
v 0.11247203 -0.14178293 -0.29416845
v 0.11703750 -0.14368727 -0.28181949
v 0.11232002 -0.15342479 -0.28137013
v 0.10776494 -0.15184149 -0.29305513
v 0.15553047 -0.11691603 -0.22594875
v 0.16021868 -0.10827829 -0.22579646
v 0.15059643 -0.12603176 -0.22683670
v 0.17667288 -0.08776762 -0.20604277
v 0.18311376 -0.08785156 -0.18933843
v 0.17843828 -0.09903315 -0.19219263
v 0.17202415 -0.09843266 -0.20835285
v 0.18231059 -0.14387346 -0.02769388
v 0.17692940 -0.15127059 -0.03005547
v 0.17704929 -0.15192613 -0.03796048
v 0.18268001 -0.14405637 -0.03603379
v 0.19148708 -0.12728079 -0.03159340
v 0.19517747 -0.11814282 -0.02909856
v 0.19474060 -0.11914616 -0.02015853
v 0.19094952 -0.12781040 -0.02275540
v 0.16254840 -0.16970539 -0.00173929
v 0.16323466 -0.16772626 -0.00637787
v 0.16817052 -0.16168542 -0.00204177
v 0.16712470 -0.16373439 0.00301689
v 0.16444277 -0.09889240 -0.22503089
v 0.16883821 -0.08848452 -0.22271310
v 0.18091565 -0.07652526 -0.20265574
v 0.18716141 -0.07632856 -0.18579570
v 0.19849054 -0.10856877 -0.02627234
v 0.20141031 -0.09858288 -0.02333277
v 0.20101066 -0.10046005 -0.01389723
v 0.19798156 -0.11003915 -0.01718623
v 0.19360048 -0.12025922 -0.01154825
v 0.19010457 -0.12863424 -0.01444436
v 0.18161105 -0.14397926 -0.01991877
v 0.17652966 -0.15120006 -0.02267702
v 0.16044256 -0.17518597 0.00714365
v 0.16470730 -0.17001589 0.01257930
v 0.16304157 -0.17399891 0.01709536
v 0.15904462 -0.17895643 0.01140728
v 0.10216401 -0.13895897 -0.31766015
v 0.10761337 -0.14025013 -0.30615397
v 0.10307312 -0.15081327 -0.30452147
v 0.09831123 -0.15026587 -0.31599019
v 0.17332213 -0.07711596 -0.21949251
v 0.19974117 -0.10240196 -0.00468247
v 0.19679461 -0.11160681 -0.00837438
v 0.20356095 -0.08829296 -0.01981258
v 0.20299398 -0.09052561 -0.01009798
v 0.18742359 -0.13120042 0.00064476
v 0.19091414 -0.12358799 0.00443664
v 0.18912409 -0.12588843 0.01189410
v 0.18583103 -0.13312681 0.00777060
v 0.17834994 -0.14714922 0.00025935
v 0.17377966 -0.15361985 -0.00346858
v 0.17495797 -0.15231309 -0.00947244
v 0.17961466 -0.14565736 -0.00608675
v 0.17591367 -0.15157622 -0.01584050
v 0.18066477 -0.14457418 -0.01276027
v 0.18886283 -0.12974822 -0.00678678
v 0.19242854 -0.12177117 -0.00338911
v 0.16061927 -0.17838109 0.02146501
v 0.15759386 -0.18314022 0.02565902
v 0.15472951 -0.18846600 0.01927438
v 0.15720988 -0.18348513 0.01540570
v 0.20231476 -0.09292104 -0.00069868
v 0.19393132 -0.11556930 0.00840104
v 0.19681283 -0.10710492 0.01258104
v 0.19510764 -0.10994625 0.02071104
v 0.19212438 -0.11814395 0.01617789
v 0.19557896 -0.11340452 0.00019072
v 0.19831064 -0.10453073 0.00412428
v 0.20487635 -0.07759067 -0.01585455
v 0.20493293 -0.08026862 -0.00590173
v 0.18529205 -0.13193257 0.02576459
v 0.18234457 -0.13869506 0.02114689
v 0.18436771 -0.13563384 0.01462801
v 0.18734920 -0.12870760 0.01900115
v 0.17552051 -0.15178457 0.01217610
v 0.17162064 -0.15796021 0.00766025
v 0.17281550 -0.15560482 0.00225569
v 0.17693554 -0.14903624 0.00633232
v 0.09362406 -0.16064367 -0.31374176
v 0.09815612 -0.16062518 -0.30266502
v 0.09299790 -0.16884647 -0.30061645
v 0.08843778 -0.16931863 -0.31104890
v 0.10750433 -0.11429282 -0.31791381
v 0.10542241 -0.12671974 -0.31846096
v 0.09779075 -0.12511529 -0.32834016
v 0.09861440 -0.11262830 -0.32702398
v 0.20103539 -0.09551042 0.00834146
v 0.19940863 -0.09834188 0.01705077
v 0.19785571 -0.10154550 0.02549242
v 0.20435138 -0.08310960 0.00369286
v 0.19321228 -0.11339105 0.02843973
v 0.19137064 -0.11747950 0.03576088
v 0.18816608 -0.12473476 0.03059640
v 0.19019826 -0.12116994 0.02358621
v 0.16917376 -0.16271879 0.02827789
v 0.16640154 -0.16837430 0.02283680
v 0.16867835 -0.16441559 0.01794556
v 0.17164622 -0.15861175 0.02319755
v 0.17741200 -0.14656072 0.03334610
v 0.18055235 -0.14026426 0.03864761
v 0.17742190 -0.14496373 0.04469268
v 0.17452291 -0.15115341 0.03908002
v 0.14833750 -0.19910428 0.02662020
v 0.15168381 -0.19364819 0.02299390
v 0.15408367 -0.18803927 0.02960427
v 0.15032339 -0.19330211 0.03334235
v 0.20178279 -0.08920639 0.02196079
v 0.20064590 -0.09282131 0.03064702
v 0.19618500 -0.10534605 0.03362384
v 0.19431299 -0.10967941 0.04129413
v 0.18375109 -0.13371427 0.04394192
v 0.18727736 -0.12707752 0.04953991
v 0.18428578 -0.13240860 0.05614908
v 0.18071185 -0.13878083 0.05031867
v 0.17066993 -0.15609222 0.05546589
v 0.16772930 -0.16154837 0.04935951
v 0.17125966 -0.15614987 0.04439459
v 0.17419596 -0.15033472 0.05026919
v 0.16275983 -0.17228780 0.03760038
v 0.16022749 -0.17763309 0.03176389
v 0.16354072 -0.17285846 0.02742509
v 0.16626779 -0.16739113 0.03305445
v 0.14431092 -0.20455857 0.02999440
v 0.14608386 -0.19877123 0.03668062
v 0.03298222 -0.11173507 -0.35335785
v 0.03335361 -0.12377384 -0.35852256
v 0.02216219 -0.12442245 -0.35988696
v 0.02218333 -0.11277151 -0.35433147
v 0.04350440 -0.10000153 -0.34647368
v 0.03238981 -0.10069867 -0.34825494
v 0.10260385 -0.16122885 -0.29161200
v 0.09748902 -0.16906743 -0.29001686
v 0.19931070 -0.09698419 0.03898194
v 0.19747789 -0.10158376 0.04692177
v 0.19042555 -0.11999788 0.05548499
v 0.18769403 -0.12567759 0.06225554
v 0.18113187 -0.13831362 0.06236031
v 0.17770887 -0.14463506 0.06812869
v 0.17398280 -0.15047088 0.06176594
v 0.17742009 -0.14439956 0.05625606
v 0.13106743 -0.22121496 0.03801531
v 0.13574346 -0.21579965 0.03565496
v 0.13715274 -0.21027683 0.04242926
v 0.13248299 -0.21598647 0.04485813
v 0.14007761 -0.21012429 0.03299597
v 0.14168037 -0.20445208 0.03970821
v 0.02180738 -0.10179801 -0.34935598
v 0.19340496 -0.11254015 0.06161566
v 0.19125351 -0.11874859 0.06855723
v 0.18477246 -0.13186657 0.06866764
v 0.18159636 -0.13849216 0.07466625
v 0.16374024 -0.16713012 0.05391274
v 0.16674928 -0.16198268 0.06023253
v 0.16250696 -0.16797082 0.06455256
v 0.15948162 -0.17290678 0.05810887
v 0.15248850 -0.18785923 0.03963202
v 0.15645666 -0.18252745 0.03580212
v 0.15869026 -0.17727079 0.04181563
v 0.15443005 -0.18257862 0.04572561
v 0.11697853 -0.23182977 0.05015340
v 0.11502306 -0.23573392 0.04289150
v 0.12076675 -0.23110144 0.04167558
v 0.12255635 -0.22672952 0.04875016
v 0.12765950 -0.22148529 0.04697334
v 0.12612724 -0.22636473 0.04004780
v 0.18527291 -0.13195671 0.08143583
v 0.18858285 -0.12524794 0.07519819
v 0.16602984 -0.16291738 0.07137765
v 0.17017687 -0.15666955 0.06680376
v 0.17379075 -0.15106021 0.07346961
v 0.16973868 -0.15769268 0.07840442
v 0.15823599 -0.17412115 0.06854926
v 0.15517745 -0.17882250 0.06201470
v 0.15018594 -0.18831217 0.04943366
v 0.14806596 -0.19339513 0.04311988
v 0.08919201 -0.25073250 0.05103515
v 0.08207136 -0.25506207 0.05032328
v 0.08024878 -0.25762360 0.04308888
v 0.08736066 -0.25370304 0.04380841
v 0.10383536 -0.24186518 0.05154046
v 0.09657805 -0.24642434 0.05149892
v 0.09453170 -0.24933482 0.04424461
v 0.10168501 -0.24492496 0.04424614
v 0.07323548 -0.26114277 0.04219104
v 0.06600417 -0.26443755 0.04086828
v 0.06425331 -0.26451074 0.03370233
v 0.04895877 -0.26056982 0.10526664
v 0.04722343 -0.26186956 0.09461312
v 0.05738314 -0.25792256 0.09577308
v 0.05935732 -0.25644338 0.10611753
v 0.04556239 -0.26296000 0.08421487
v 0.04426621 -0.26478756 0.07456659
v 0.05397188 -0.26108946 0.07630753
v 0.05552546 -0.25924994 0.08572483
v 0.17773240 -0.14523631 0.08028645
v 0.17350362 -0.15214099 0.08541274
v 0.16525176 -0.16427962 0.08279058
v 0.16165889 -0.16926699 0.07552700
v 0.15384437 -0.18032576 0.07219947
v 0.15085475 -0.18488918 0.06554134
v 0.14637820 -0.19106104 0.06870449
v 0.14938669 -0.18670330 0.07552832
v 0.14457299 -0.19302329 0.07840728
v 0.14169661 -0.19733746 0.07143526
v 0.13424455 -0.21096585 0.05144642
v 0.13887983 -0.20493273 0.04892870
v 0.14091349 -0.19993129 0.05545873
v 0.13631451 -0.20616895 0.05806333
v 0.14347533 -0.19905202 0.04617027
v 0.14573696 -0.19413247 0.05267664
v 0.07480288 -0.25891273 0.04953659
v 0.06722676 -0.26273522 0.04822025
v 0.03850829 -0.26349609 0.10483484
v 0.03700205 -0.26452437 0.09369559
v 0.03567833 -0.26583116 0.08274447
v 0.03449144 -0.26763051 0.07258733
v 0.05178704 -0.25544735 0.12669034
v 0.05034648 -0.25821856 0.11591300
v 0.06115212 -0.25436238 0.11646560
v 0.06280414 -0.25161029 0.12680392
v 0.18148064 -0.13897453 0.08729430
v 0.17695718 -0.14598373 0.09266198
v 0.16894833 -0.15899148 0.09001440
v 0.15710297 -0.17563166 0.07923827
v 0.16053806 -0.17093388 0.08663495
v 0.14744589 -0.18857191 0.08565664
v 0.15243006 -0.18212148 0.08267880
v 0.15545249 -0.17738810 0.09011506
v 0.15038815 -0.18397631 0.09313154
v 0.13947751 -0.19938573 0.08089994
v 0.13663632 -0.20368767 0.07395466
v 0.13139280 -0.21016333 0.07635697
v 0.13407126 -0.20591726 0.08332323
v 0.12860768 -0.21274220 0.08557129
v 0.12587674 -0.21662903 0.07838736
v 0.12091959 -0.22402770 0.06417371
v 0.11878479 -0.22778906 0.05715370
v 0.12438524 -0.22242465 0.05564485
v 0.12636462 -0.21825883 0.06253164
v 0.13152545 -0.21234110 0.06042223
v 0.12937324 -0.21676194 0.05368786
v 0.01875170 -0.26771407 0.10337860
v 0.01777320 -0.26882241 0.09091931
v 0.02712383 -0.26671121 0.09238398
v 0.02829969 -0.26558436 0.10419113
v 0.00107058 -0.26954948 0.10177260
v 0.00065383 -0.27072531 0.08816952
v 0.00885842 -0.27006105 0.08962877
v 0.00962000 -0.26894697 0.10280571
v 0.00013673 -0.27150548 0.07561965
v -0.00019338 -0.27267409 0.06335278
v 0.00742186 -0.27233419 0.06577418
v 0.00807392 -0.27107469 0.07742844
v 0.01673664 -0.26980676 0.07885758
v 0.01581070 -0.27123825 0.06773442
v 0.02484487 -0.26960790 0.07024415
v 0.02595981 -0.26793455 0.08084694
v 0.04070891 -0.25841594 0.12726453
v 0.03961202 -0.26126503 0.11600219
v 0.05327950 -0.25215529 0.13748264
v 0.06437264 -0.24831453 0.13729086
v 0.17214185 -0.15298235 0.09747038
v 0.16394404 -0.16575886 0.09407671
v 0.15861833 -0.17242537 0.09765285
v 0.15335097 -0.17913662 0.10074674
v 0.14553373 -0.19068610 0.09578523
v 0.14246692 -0.19510299 0.08819126
v 0.13703854 -0.20160000 0.09054067
v 0.14026300 -0.19726306 0.09818696
v 0.13448650 -0.20402616 0.10045064
v 0.13145578 -0.20850173 0.09284368
v 0.10794695 -0.23140025 0.08911142
v 0.10525923 -0.23447739 0.08121303
v 0.11278654 -0.22906319 0.08076666
v 0.11560303 -0.22574821 0.08847061
v 0.09173389 -0.24100357 0.08933425
v 0.08935391 -0.24355138 0.08096999
v 0.09747389 -0.23920903 0.08129460
v 0.09999679 -0.23643390 0.08942588
v 0.08524822 -0.24906836 0.06522871
v 0.08368366 -0.25210096 0.05761537
v 0.09095786 -0.24764721 0.05840701
v 0.09278225 -0.24454759 0.06587361
v 0.10053095 -0.24024181 0.06612606
v 0.09849448 -0.24331359 0.05876871
v 0.10582527 -0.23856593 0.05879651
v 0.10798489 -0.23538003 0.06606691
v -0.00713125 -0.26991221 0.10060230
v -0.00728922 -0.27108995 0.08701227
v -0.00741373 -0.27183243 0.07390387
v -0.00764171 -0.27297428 0.06159183
v 0.02014266 -0.26267728 0.12862458
v 0.01948313 -0.26528628 0.11593013
v 0.02917779 -0.26330933 0.11594479
v 0.03000371 -0.26073839 0.12786626
v 0.01062209 -0.26366554 0.12961518
v 0.00160501 -0.26453974 0.13045676
v 0.00150431 -0.26720087 0.11553898
v 0.01023748 -0.26639863 0.11598447
v 0.04208058 -0.25526954 0.13842155
v 0.05479807 -0.24850596 0.14846230
v 0.06595699 -0.24449621 0.14798473
v 0.16711261 -0.16008559 0.10167111
v 0.16177041 -0.16707681 0.10530616
v 0.15646803 -0.17406421 0.10848470
v 0.14818123 -0.18578460 0.10348015
v 0.14290499 -0.19240093 0.10597494
v 0.13726141 -0.19927539 0.10835078
v 0.12125651 -0.21837056 0.10434306
v 0.11352122 -0.22462495 0.10556308
v 0.11078714 -0.22812295 0.09726568
v 0.11843216 -0.22214063 0.09630777
v 0.10529718 -0.23030464 0.10628124
v 0.09680868 -0.23572630 0.10679438
v 0.09418720 -0.23836004 0.09810066
v 0.10262566 -0.23343975 0.09784999
v 0.08312012 -0.24535892 0.08886251
v 0.08095717 -0.24781543 0.08031450
v 0.07775595 -0.25352286 0.06442325
v 0.07639005 -0.25635714 0.05682331
v 0.07435074 -0.25006111 0.08823295
v 0.07235538 -0.25226339 0.07929217
v 0.06970454 -0.25771799 0.06303475
v 0.06844513 -0.26029810 0.05551803
v -0.00671616 -0.26525995 0.13002061
v -0.00681921 -0.26778205 0.11480655
v 0.02084591 -0.25910567 0.14129096
v 0.03111734 -0.25748930 0.13969649
v 0.01097342 -0.25985902 0.14369363
v 0.00173633 -0.26056601 0.14603776
v 0.04355236 -0.25148093 0.14950401
v 0.15087796 -0.18064552 0.11125641
v 0.14525606 -0.18721098 0.11384550
v 0.13945620 -0.19408495 0.11635205
v 0.12373689 -0.21386398 0.11246892
v 0.11600140 -0.22052548 0.11390025
v 0.10780680 -0.22655034 0.11481483
v 0.09936568 -0.23249797 0.11564006
v 0.08804618 -0.24094578 0.10704271
v 0.08548588 -0.24308464 0.09791399
v 0.07913863 -0.24651916 0.10704540
v 0.07677458 -0.24835878 0.09747928
v -0.00693962 -0.26125666 0.14636400
v 0.02176789 -0.25450346 0.15335708
v 0.03243821 -0.25335361 0.15111750
v 0.00191357 -0.25467993 0.16156947
v 0.01148763 -0.25496037 0.15689389
v 0.10167251 -0.22852512 0.12457086
v 0.10995222 -0.22206799 0.12349724
v 0.11816876 -0.21573264 0.12236417
v 0.12596831 -0.20883578 0.12075213
v 0.09066538 -0.23845722 0.11634395
v 0.08154443 -0.24441231 0.11674304
v -0.00723546 -0.25448650 0.16408656
v 0.09568403 -0.13790385 -0.32824765
v 0.09276909 -0.14992802 -0.32695376
v 0.09301342 -0.23504893 0.12567526
v 0.08373946 -0.24142631 0.12647223
v 0.08401501 -0.17035988 -0.32132167
v 0.08873808 -0.16104110 -0.32458223
v 0.12092815 -0.20225624 -0.16232823
v 0.11547557 -0.20831110 -0.15553289
v 0.10591555 -0.20855054 -0.16384240
v 0.11103105 -0.20318662 -0.17062205
v 0.11499573 -0.23741358 0.02653753
v 0.11832598 -0.23485015 0.03421705
v 0.11242717 -0.23891737 0.03537188
v 0.10913433 -0.24112460 0.02780152
v 0.11082981 -0.23852184 0.01916588
v 0.10519234 -0.24207767 0.02069226
v 0.10106000 -0.24217440 0.01447202
v 0.10650710 -0.23877806 0.01271233
v 0.09717349 -0.24162065 0.00922602
v 0.10286657 -0.23863986 0.00745816
v 0.05984105 -0.26125385 0.02051209
v 0.05710356 -0.25835819 0.01465307
v 0.06218006 -0.26336202 0.02682760
v 0.13071934 -0.22421253 0.02057216
v 0.13373153 -0.22069018 0.02830381
v 0.12696305 -0.22577783 0.01332584
v 0.12345067 -0.22599069 0.00728496
v 0.12043501 -0.22568565 0.00175171
v 0.03968838 -0.25078278 -0.00151266
v 0.04390371 -0.25442298 0.00411521
v 0.03644171 -0.25806292 0.00582108
v 0.03199195 -0.25490508 0.00023390
v 0.15510013 -0.18269775 -0.05604797
v -0.00401033 -0.24565342 -0.20638905
v -0.00145184 -0.24615342 -0.20569072
v 0.00074710 -0.24641787 -0.20773340
v 0.00492740 -0.24641961 -0.21193935
v 0.11454959 -0.19747598 -0.17745554
v 0.12492368 -0.19540708 -0.16940447
v 0.11722686 -0.19227837 -0.18461656
v 0.12746986 -0.18856183 -0.17703865
v 0.17134193 -0.12318723 -0.18214052
v 0.17794104 -0.11178722 -0.17940171
v 0.18159776 -0.11357470 -0.16454454
v 0.17486894 -0.12556889 -0.16784512
v 0.16717123 -0.13789951 -0.17133972
v 0.15838535 -0.14953224 -0.17589211
v 0.15562449 -0.14495309 -0.18887246
v 0.16361286 -0.13423830 -0.18509127
v 0.18361152 -0.10019810 -0.17652813
v 0.18827320 -0.08845992 -0.17311625
v 0.19193943 -0.08936028 -0.15787935
v 0.18719374 -0.10154263 -0.16112910
v 0.19174669 -0.07643975 -0.16925988
v 0.19498956 -0.07705121 -0.15399577
v 0.17709882 -0.06550279 -0.21620079
v 0.18437399 -0.06484403 -0.19915890
v 0.19006190 -0.06438994 -0.18222698
v 0.19420586 -0.06440673 -0.16557313
v 0.19747102 -0.06510227 -0.15030965
v 0.19201556 -0.04024490 -0.17441073
v 0.19184573 -0.02789442 -0.17118533
v 0.19635495 -0.02614749 -0.15107674
v 0.19609153 -0.03995043 -0.15684085
v 0.19998710 -0.03070350 -0.13508188
v 0.19907291 -0.04173728 -0.14110644
v 0.18472106 -0.11523281 -0.14992866
v 0.17847307 -0.12825831 -0.15327503
v 0.19431334 -0.09015468 -0.14308443
v 0.19005893 -0.10266072 -0.14642793
v 0.19758399 -0.07788485 -0.13959683
v 0.19952426 -0.06605512 -0.13593702
v 0.20262324 -0.03380788 -0.12192428
v 0.20135003 -0.04374307 -0.12717585
v 0.09764584 -0.17706631 -0.27831998
v 0.10229503 -0.17855699 -0.26865181
v 0.09763568 -0.18391545 -0.26761088
v 0.09319099 -0.18285405 -0.27679736
v 0.09273020 -0.17615532 -0.28820130
v 0.08840303 -0.18239765 -0.28623498
v 0.08324703 -0.18254262 -0.29545985
v 0.08782805 -0.17609957 -0.29810914
v 0.10225769 -0.17038552 -0.27962065
v 0.07828145 -0.18359849 -0.30439974
v 0.08307383 -0.17685930 -0.30785171
v 0.07363437 -0.18526862 -0.31294958
v 0.07849675 -0.17816497 -0.31726273
v 0.06494292 -0.19899120 -0.30342552
v -0.00285494 -0.24611888 -0.20981242
v -0.00121035 -0.24670463 -0.21394481
v 0.00609440 -0.24498400 -0.21963247
v 0.00023318 -0.24649390 -0.21992016
v 0.01140771 -0.24329958 -0.20611200
v 0.01177662 -0.24379483 -0.21293158
v 0.05616422 -0.22215185 -0.20198635
v 0.05866428 -0.22043286 -0.19077656
v 0.08966009 -0.20866346 -0.17909232
v 0.09466660 -0.20529799 -0.18568733
v 0.10197275 -0.20399589 -0.17825504
v 0.09710791 -0.20821157 -0.17163368
v 0.08369492 -0.21004785 -0.18630266
v 0.12542176 -0.20696852 -0.14634382
v 0.08910147 -0.20749477 -0.19287484
v 0.14712427 -0.15531231 -0.19347309
v 0.12999629 -0.17297823 -0.20422243
v 0.13860969 -0.16448536 -0.19883028
v 0.14892665 -0.16027477 -0.18171022
v 0.10191306 -0.19890805 -0.19893197
v 0.09886714 -0.20217469 -0.19239776
v 0.09339171 -0.20492174 -0.19926837
v 0.09681151 -0.20253122 -0.20532245
v 0.10570199 -0.19978047 -0.18505896
v 0.10835790 -0.19544792 -0.19195784
v 0.03986311 -0.19498739 -0.34796154
v 0.03666757 -0.20245444 -0.33933502
v 0.02802910 -0.20365933 -0.34347672
v 0.03023294 -0.19535546 -0.35224321
v 0.01895611 -0.20407828 -0.34603732
v 0.02044458 -0.19437326 -0.35570282
v 0.05166849 -0.19909583 -0.32855859
v 0.04460114 -0.20091319 -0.33429011
v 0.04863966 -0.19395160 -0.34246760
v 0.05607157 -0.19229282 -0.33593913
v 0.03385836 -0.20865109 -0.33048374
v 0.02602283 -0.21015629 -0.33394930
v 0.01778706 -0.21100266 -0.33603158
v 0.10727361 -0.16270154 -0.28057736
v 0.13166254 -0.20010575 -0.15318255
v 0.17103085 -0.14198191 -0.15714218
v 0.16152174 -0.15555846 -0.16226415
v 0.15031639 -0.16692771 -0.17000946
v 0.17660419 -0.16105578 -0.07395173
v 0.17711532 -0.15772170 -0.06413217
v 0.17725687 -0.15513153 -0.05491017
v 0.05245700 -0.18533129 -0.35011626
v 0.06067983 -0.18425204 -0.34321654
v 0.05548442 -0.17468043 -0.35661278
v 0.06458147 -0.17432376 -0.34947513
v 0.04509845 -0.17454480 -0.36176165
v 0.04291317 -0.18584865 -0.35577286
v 0.03241097 -0.18577307 -0.35998925
v 0.03387806 -0.17429534 -0.36520537
v 0.02147370 -0.18455418 -0.36228093
v 0.02220718 -0.17382771 -0.36656142
v 0.11479235 -0.11685175 -0.30716268
v 0.11169866 -0.12866622 -0.30715879
v 0.12091088 -0.12009528 -0.29537779
v 0.11704066 -0.13084062 -0.29506736
v 0.20433450 -0.03602107 -0.10988012
v 0.20308809 -0.04549373 -0.11440790
v 0.20122053 -0.06696742 -0.12237217
v 0.19971685 -0.07880124 -0.12574682
v 0.19646421 -0.09109340 -0.12901350
v 0.19263777 -0.10370872 -0.13222413
v 0.14688897 -0.18615129 -0.14972776
v 0.15754679 -0.17987168 -0.13734231
v 0.13618223 -0.19173720 -0.16051939
v 0.13870475 -0.18301912 -0.16863281
v 0.16446193 -0.16423309 -0.14544823
v 0.15031860 -0.17538541 -0.15851362
v 0.12873643 -0.18230308 -0.18548016
v 0.13946729 -0.17555203 -0.17814623
v 0.08452437 -0.22275775 -0.10534882
v 0.08917229 -0.22087861 -0.09783154
v 0.08142728 -0.22189105 -0.09424267
v 0.07723207 -0.22362947 -0.10121258
v 0.07413936 -0.22309830 -0.09079025
v 0.07018503 -0.22466530 -0.09717450
v 0.12171017 -0.13350344 -0.28219016
v 0.12946893 -0.17707559 -0.19459312
v 0.13938484 -0.16935947 -0.18835675
v 0.06580803 -0.21649521 -0.18162516
v 0.07237601 -0.21459223 -0.18760545
v 0.04716639 -0.21964378 -0.15353292
v 0.04917631 -0.21808227 -0.15782148
v 0.04547097 -0.21892333 -0.16454627
v 0.04450405 -0.22103291 -0.16028712
v 0.05466600 -0.22092421 -0.18140519
v 0.06075877 -0.21768885 -0.17479114
v 0.05245828 -0.21800296 -0.16278818
v 0.05639097 -0.21802900 -0.16834758
v 0.04807391 -0.21950718 -0.16915117
v 0.05132280 -0.22068655 -0.17455049
v 0.09502515 -0.20322674 -0.21601827
v 0.09702371 -0.20155863 -0.22120528
v 0.09885537 -0.19956228 -0.22636553
v 0.09999206 -0.19739751 -0.23180527
v 0.10059694 -0.19552636 -0.23784299
v 0.09530198 -0.19696341 -0.24528526
v 0.10026480 -0.19358416 -0.24430374
v 0.08893320 -0.18844278 -0.27502147
v 0.09329153 -0.18906890 -0.26659252
v 0.08408641 -0.18837825 -0.28386544
v 0.07909151 -0.18917418 -0.29250427
v 0.07411952 -0.19063307 -0.30072056
v 0.06939290 -0.19238727 -0.30854718
v 0.07911072 -0.21231023 -0.19339302
v 0.08505353 -0.21005675 -0.19948576
v 0.08908056 -0.20743400 -0.20531925
v 0.09227527 -0.20514539 -0.21074174
v 0.04145846 -0.22296187 -0.16543147
v 0.04143603 -0.22112012 -0.16939944
v 0.09654228 -0.19017551 -0.25858265
v 0.04559936 -0.23297278 -0.10602914
v -0.00458341 -0.25525396 -0.02370108
v -0.00461249 -0.25467775 -0.02863242
v 0.05513585 -0.20691745 -0.30389615
v 0.05945532 -0.20092151 -0.30985104
v 0.05080322 -0.21224223 -0.29737784
v 0.02274293 -0.22065002 -0.30414487
v 0.02848147 -0.21964128 -0.30324412
v 0.02719530 -0.22354441 -0.29405088
v 0.02180095 -0.22429329 -0.29478293
v 0.01674209 -0.22144447 -0.30491765
v 0.01658484 -0.22419498 -0.29663849
v 0.03293865 -0.22200332 -0.29385896
v 0.03385511 -0.21849855 -0.30230630
v 0.01723970 -0.21590778 -0.32573377
v 0.02470797 -0.21492145 -0.32407675
v 0.03175164 -0.21360383 -0.32153612
v 0.04414080 -0.21023943 -0.31431565
v 0.03822669 -0.21186072 -0.31825053
v 0.04111063 -0.20680749 -0.32624564
v 0.04762355 -0.20491071 -0.32132912
v 0.04961307 -0.20871910 -0.30927138
v 0.05367357 -0.20300693 -0.31584986
v 0.01702117 -0.21941698 -0.31524788
v 0.02367631 -0.21837467 -0.31411312
v 0.02988595 -0.21712486 -0.31249685
v 0.04063915 -0.21429620 -0.30722485
v 0.03558442 -0.21556160 -0.31024752
v 0.04527348 -0.21360721 -0.30232955
v 0.16862539 -0.06648159 -0.23407893
v 0.16391625 -0.07920132 -0.23783481
v 0.15294601 -0.08342258 -0.25721426
v 0.15990000 -0.06691181 -0.25060182
v 0.15837367 -0.09137877 -0.24109789
v 0.14585615 -0.09799230 -0.26306350
v 0.15508897 -0.10015503 -0.24198187
v 0.14422741 -0.10345418 -0.26096940
v 0.15236491 -0.10777967 -0.24098761
v 0.14896729 -0.11562737 -0.24071144
v 0.14249402 -0.11386482 -0.25565856
v 0.14450252 -0.10722643 -0.25672893
v 0.14497764 -0.12411112 -0.24089495
v 0.14043897 -0.13274397 -0.24198862
v 0.13537341 -0.12997214 -0.25555919
v 0.13937898 -0.12127513 -0.25530122
v 0.13551015 -0.14226388 -0.24359970
v 0.13079790 -0.13935113 -0.25639269
v 0.12479650 -0.16148717 -0.24684990
v 0.12113426 -0.15861946 -0.25832428
v 0.12592964 -0.14920275 -0.25729434
v 0.13023523 -0.15232076 -0.24524624
v 0.11909604 -0.16997464 -0.24824990
v 0.11586581 -0.16727753 -0.25890340
v 0.13084527 -0.20651885 0.11055489
v 0.13309663 -0.20137575 0.11870175
v 0.12812496 -0.21123734 0.10260501
v 0.12536396 -0.21558705 0.09487453
v 0.12252512 -0.21947401 0.08731309
v 0.11981374 -0.22308114 0.07986385
v 0.11266500 -0.23332757 0.05828287
v 0.11472605 -0.22972033 0.06535780
v 0.11078885 -0.23708219 0.05111442
v 0.10861248 -0.24041261 0.04374485
v 0.10594322 -0.24303392 0.03624224
v 0.10289228 -0.24490821 0.02877616
v 0.09915400 -0.24547437 0.02190308
v 0.09512979 -0.24508979 0.01585867
v 0.09143183 -0.24431774 0.01045346
v 0.06370586 -0.19423198 -0.31562579
v 0.05798441 -0.19680239 -0.32230321
v 0.13621096 -0.20295577 -0.01057257
v 0.13807905 -0.19984550 -0.01098210
v 0.11419329 -0.20621152 -0.03612518
v 0.11683077 -0.20376632 -0.03407280
v 0.11172189 -0.20587520 -0.03247832
v 0.10936442 -0.20764687 -0.03410654
v 0.10927775 -0.21155453 -0.04194454
v 0.11182811 -0.20861782 -0.03895409
v 0.10679867 -0.20988972 -0.03621012
v 0.10331459 -0.21247971 -0.03871233
v 0.10483790 -0.21490608 -0.04528644
v 0.09913539 -0.21518805 -0.04152417
v 0.10490566 -0.20937476 -0.03247729
v 0.10245197 -0.21151782 -0.03432273
v 0.12169842 -0.21963648 -0.00958788
v 0.12539731 -0.21511525 -0.01144114
v 0.12715603 -0.21530002 -0.00682660
v 0.12314178 -0.22007805 -0.00488390
v 0.10599724 -0.23493267 0.00091881
v 0.11214008 -0.23040967 -0.00112516
v 0.08205557 -0.24494964 0.00572887
v 0.07588247 -0.24622430 0.00543460
v 0.07344120 -0.24462991 -0.00018053
v 0.07938593 -0.24402597 0.00037546
v 0.10388100 -0.23476199 -0.00381841
v 0.11008969 -0.22996596 -0.00604757
v 0.06380369 -0.24756338 0.00346778
v 0.06979250 -0.24702100 0.00461369
v 0.12354411 -0.21478106 -0.01631814
v 0.12651585 -0.21083422 -0.01760725
v 0.12850901 -0.21083533 -0.01279669
v 0.13044142 -0.21070489 -0.00837865
v 0.13146804 -0.20685760 -0.01372284
v 0.13349569 -0.20655474 -0.00970986
v 0.11824325 -0.21383213 -0.02469994
v 0.12088568 -0.21012057 -0.02492937
v 0.12376353 -0.21045544 -0.02181578
v 0.12107529 -0.21425625 -0.02086210
v 0.12014873 -0.21908398 -0.01460869
v 0.10210570 -0.23429911 -0.00949297
v 0.10852366 -0.22963133 -0.01166568
v 0.07164700 -0.24330908 -0.00672762
v 0.07740211 -0.24288338 -0.00621960
v 0.06756362 -0.24483876 -0.00147626
v 0.06141165 -0.24467965 -0.00324567
v 0.06003579 -0.24214933 -0.01078203
v 0.06598934 -0.24304095 -0.00863709
v 0.05949444 -0.24068302 -0.01791156
v 0.05952885 -0.23786936 -0.02843507
v 0.06459919 -0.24023966 -0.02654532
v 0.06492371 -0.24184943 -0.01644087
v 0.07584134 -0.24249919 -0.01473539
v 0.07018710 -0.24272384 -0.01530006
v 0.06988136 -0.24158153 -0.02509942
v 0.07533045 -0.24183301 -0.02403926
v 0.10762665 -0.22932648 -0.01808364
v 0.10111470 -0.23408631 -0.01635343
v 0.09962800 -0.23304564 -0.02330204
v 0.10547259 -0.22803301 -0.02442440
v 0.09965402 -0.23165246 -0.02859639
v 0.10494645 -0.22615435 -0.02866641
v 0.11313067 -0.21587201 -0.02749916
v 0.11595796 -0.21286998 -0.02693463
v 0.11534710 -0.21748528 -0.02464649
v 0.11792862 -0.21834673 -0.01982066
v 0.11348881 -0.20851566 -0.02866904
v 0.11654324 -0.20545210 -0.02866535
v 0.11966577 -0.20652335 -0.02750042
v 0.11629231 -0.20933907 -0.02756196
v 0.11352751 -0.21149258 -0.02777764
v 0.11079226 -0.21068108 -0.02868685
v 0.11091912 -0.20694135 -0.02906573
v 0.11358768 -0.20377222 -0.03036005
v 0.10865094 -0.20957114 -0.02863739
v 0.06591820 -0.22147592 -0.04263163
v 0.06154475 -0.21998321 -0.04260911
v 0.06140089 -0.22029256 -0.04487556
v 0.06594316 -0.22154583 -0.04485528
v 0.07873550 -0.22381813 -0.04179361
v 0.07385461 -0.22443771 -0.04224824
v 0.07409448 -0.22482743 -0.04355723
v 0.07953653 -0.22404586 -0.04311571
v 0.08538688 -0.22192376 -0.04214859
v 0.09051916 -0.21926005 -0.04068196
v 0.08980412 -0.21909506 -0.03940544
v 0.08452610 -0.22154524 -0.04072017
v 0.07491434 -0.22320706 -0.04524827
v 0.08051135 -0.22224004 -0.04537503
v 0.08968987 -0.21999255 -0.04933706
v 0.09785265 -0.21840460 -0.04804984
v 0.09280939 -0.21764681 -0.04317339
v 0.08679857 -0.22021348 -0.04501295
v 0.09783123 -0.21227630 -0.03587196
v 0.09413896 -0.21476604 -0.03754509
v 0.08972973 -0.21782742 -0.03905235
v 0.08467904 -0.22031278 -0.04046752
v 0.09554743 -0.21653328 -0.03861795
v 0.09970774 -0.21389403 -0.03653167
v 0.09872831 -0.21358069 -0.03551544
v 0.09440756 -0.21609999 -0.03750038
v 0.10143452 -0.21098235 -0.03399241
v 0.10037821 -0.20988176 -0.03399460
v 0.07436939 -0.22337825 -0.04200499
v 0.07929015 -0.22264648 -0.04149358
v 0.06657495 -0.21971318 -0.04155171
v 0.06245311 -0.21789582 -0.04099973
v 0.06622535 -0.22062752 -0.04155478
v 0.06202477 -0.21903383 -0.04127584
v 0.06134318 -0.22168569 -0.04717443
v 0.06609384 -0.22197372 -0.04783961
v 0.05468161 -0.21700740 -0.04074504
v 0.05221061 -0.21571985 -0.04088837
v 0.05180520 -0.21656304 -0.04165563
v 0.05430002 -0.21776554 -0.04179442
v 0.05245435 -0.21485247 -0.04016266
v 0.05479283 -0.21612724 -0.03999241
v 0.05785806 -0.21860261 -0.04210471
v 0.05823511 -0.21769777 -0.04080898
v 0.04676614 -0.21426305 -0.03950694
v 0.04521439 -0.21516807 -0.03969004
v 0.04638100 -0.21621553 -0.04121305
v 0.04748934 -0.21502977 -0.04089487
v 0.04632792 -0.21476353 -0.03706678
v 0.04478484 -0.21560092 -0.03692581
v 0.04511866 -0.21528031 -0.03775487
v 0.04643760 -0.21433522 -0.03778418
v 0.04439051 -0.21541411 -0.03814839
v 0.04461641 -0.21529790 -0.03878710
v 0.10357332 -0.20898738 -0.03245626
v 0.10236416 -0.20804838 -0.03219358
v 0.10716846 -0.20729440 -0.03098718
v 0.10336213 -0.22172314 -0.03062263
v 0.09857603 -0.22727812 -0.03177933
v 0.09713830 -0.22450344 -0.03170429
v 0.10153656 -0.21896004 -0.03119198
v 0.10907593 -0.21298753 -0.02903063
v 0.11159345 -0.21416133 -0.02820581
v 0.10449697 -0.22422328 -0.02973310
v 0.09929240 -0.22963516 -0.03015967
v 0.07486605 -0.23611923 -0.03295309
v 0.06961730 -0.23428484 -0.03240904
v 0.06960633 -0.23146219 -0.03483606
v 0.07458014 -0.23300895 -0.03448179
v 0.06978180 -0.22996123 -0.03705999
v 0.07521129 -0.23127192 -0.03584230
v 0.06494567 -0.23079505 -0.03245248
v 0.05913636 -0.22820921 -0.03245829
v 0.05975310 -0.22524494 -0.03437653
v 0.06474548 -0.22856041 -0.03530873
v 0.05453910 -0.22409907 -0.03144720
v 0.05574372 -0.22177097 -0.03373174
v 0.11861358 -0.20988734 -0.02676537
v 0.10667645 -0.21193127 -0.02921882
v 0.10759132 -0.20838962 -0.02874538
v 0.10536367 -0.21072589 -0.02831896
v 0.10944388 -0.20536052 -0.02869640
v 0.05633369 -0.22002709 -0.03601727
v 0.05997349 -0.22303935 -0.03700839
v 0.06011678 -0.22475365 -0.03671849
v 0.06477494 -0.22738954 -0.03768680
v 0.05667978 -0.22147409 -0.03497724
v 0.05183784 -0.21969802 -0.03240446
v 0.04764456 -0.21684275 -0.03139157
v 0.04884385 -0.21619847 -0.03341280
v 0.05281943 -0.21886106 -0.03336850
v 0.05063581 -0.22161827 -0.03090137
v 0.04803927 -0.21954736 -0.03102188
v 0.05282506 -0.21713281 -0.03449744
v 0.04983778 -0.21528912 -0.03477741
v 0.04407763 -0.21835921 -0.04189104
v 0.04339968 -0.21756022 -0.04102598
v 0.04313029 -0.21761193 -0.04095236
v 0.04260227 -0.21891240 -0.04179090
v 0.04413642 -0.21547971 -0.03878504
v 0.04398111 -0.21548310 -0.03866764
v 0.04407537 -0.21579305 -0.03930853
v 0.04381001 -0.21625548 -0.03977500
v 0.04479436 -0.21561232 -0.03653136
v 0.04441901 -0.21519088 -0.03781777
v 0.04361339 -0.21648406 -0.03996974
v 0.04343997 -0.21689358 -0.04038486
v 0.04433564 -0.21488600 -0.03818495
v 0.04452206 -0.21507406 -0.03864410
v 0.04459828 -0.21561036 -0.03530737
v 0.04416555 -0.21545349 -0.03643847
v 0.04426505 -0.21516357 -0.03625409
v 0.04552681 -0.21524381 -0.03525655
v 0.04396625 -0.21569295 -0.03541631
v 0.04462422 -0.21524004 -0.03793168
v 0.04443408 -0.21536761 -0.03716092
v 0.04439388 -0.21565550 -0.03518285
v 0.04466224 -0.21573056 -0.03912231
v 0.04380540 -0.21650796 -0.03967647
v 0.04261860 -0.21765298 -0.04087615
v 0.04326705 -0.21705042 -0.04039741
v 0.04204160 -0.21858387 -0.04152378
v 0.04278593 -0.21777267 -0.04095726
v 0.06991552 -0.23820429 -0.03078946
v 0.07538917 -0.23941887 -0.03077707
v 0.06517906 -0.23468058 -0.03107887
v 0.05997660 -0.23152355 -0.03188023
v 0.05559194 -0.23406798 -0.03048821
v 0.05549638 -0.22782222 -0.03183875
v 0.05204970 -0.23022461 -0.03171707
v 0.04860558 -0.22739179 -0.03148743
v 0.04872249 -0.22282168 -0.03128270
v 0.05166233 -0.22518438 -0.03173037
v 0.05457576 -0.23882387 -0.02116611
v 0.05007045 -0.23614838 -0.02527977
v 0.04603903 -0.23365501 -0.02807878
v 0.04606249 -0.21837007 -0.03121538
v 0.04495811 -0.21671090 -0.03190488
v 0.04599570 -0.22106457 -0.03084462
v 0.04290319 -0.22909332 -0.02969071
v 0.05369401 -0.24393405 -0.00575758
v 0.05416877 -0.24060953 -0.01434552
v 0.04485220 -0.21546567 -0.03656368
v 0.04642423 -0.21501278 -0.03655300
v 0.04645627 -0.21497034 -0.03631486
v 0.04439407 -0.21501075 -0.03610489
v 0.04596671 -0.21493963 -0.03566108
v 0.04794354 -0.21429061 -0.03588409
v 0.04432446 -0.21482155 -0.03791237
v 0.06945363 -0.22371608 -0.04321034
v 0.06993792 -0.22269693 -0.04510023
v 0.06965296 -0.22316925 -0.04192093
v 0.07008447 -0.22201241 -0.04170422
v 0.05414443 -0.21872007 -0.04310745
v 0.05375466 -0.22012417 -0.04460073
v 0.05728785 -0.22096613 -0.04574432
v 0.05768025 -0.21926681 -0.04379919
v 0.05838321 -0.21666845 -0.04024147
v 0.08227535 -0.22128478 -0.04877642
v 0.06472671 -0.22614879 -0.03850383
v 0.04505188 -0.21610872 -0.03302592
v 0.04526368 -0.21740475 -0.04155207
v 0.04734392 -0.21871370 -0.04294868
v 0.04837669 -0.21745727 -0.04207681
v 0.04901281 -0.21622208 -0.04157355
v 0.04585987 -0.21567674 -0.03406902
v 0.03959369 -0.23329573 -0.02702503
v 0.04372370 -0.23582429 -0.02370940
v 0.04084354 -0.23760663 -0.01897510
v 0.03650728 -0.23576656 -0.02341422
v 0.04374508 -0.21610735 -0.03404936
v 0.04431967 -0.21559343 -0.03691751
v 0.04399140 -0.21667700 -0.03292908
v 0.04419767 -0.21614796 -0.03643141
v 0.04363482 -0.21802153 -0.03198207
v 0.04359904 -0.21649495 -0.03607365
v 0.04065736 -0.22526888 -0.03206550
v 0.03961952 -0.22293313 -0.03622938
v 0.03341742 -0.23352304 -0.02808969
v 0.03176230 -0.23145218 -0.03250908
v 0.03634266 -0.22884966 -0.03508776
v 0.03712476 -0.23100367 -0.03124696
v 0.02733633 -0.23384772 -0.03099410
v 0.02912417 -0.23621356 -0.02561120
v 0.04408739 -0.21678743 -0.04030715
v 0.09388148 -0.24129108 0.00426693
v 0.09978634 -0.23846615 0.00263539
v 0.09126778 -0.24096076 -0.00043532
v 0.09734767 -0.23812495 -0.00209300
v 0.08933744 -0.24038565 -0.00650554
v 0.09568878 -0.23777040 -0.00789045
v 0.08820744 -0.24020484 -0.01452462
v 0.08695081 -0.23955746 -0.02278032
v 0.09319709 -0.23643375 -0.02270961
v 0.09471428 -0.23759471 -0.01503413
v 0.08687316 -0.23812937 -0.02933390
v 0.09339408 -0.23557112 -0.02897667
v 0.08618665 -0.23566175 -0.03176371
v 0.09320176 -0.23384654 -0.03128684
v 0.08585801 -0.23279869 -0.03326542
v 0.09262977 -0.23173408 -0.03265789
v 0.08476281 -0.23060257 -0.03420941
v 0.09106436 -0.22917902 -0.03231563
v 0.08441840 -0.22789107 -0.03393461
v 0.09024889 -0.22695368 -0.03239607
v 0.04634746 -0.24025011 -0.01380820
v 0.04858813 -0.23803972 -0.01964948
v 0.11817046 -0.22523309 -0.00315383
v 0.11656085 -0.22470108 -0.00793051
v 0.11522763 -0.22423483 -0.01325124
v 0.11109849 -0.22233521 -0.02451667
v 0.11365091 -0.22366858 -0.01893915
v 0.10974009 -0.22050373 -0.02813754
v 0.10876417 -0.21864361 -0.02920506
v 0.10663588 -0.21668621 -0.03023340
v 0.10405498 -0.21461729 -0.03080876
v 0.10266265 -0.21309689 -0.02821247
v 0.09963406 -0.21744413 -0.02893445
v 0.04441732 -0.21570881 -0.03922113
v 0.04432072 -0.21606620 -0.03987026
v 0.04396623 -0.21629006 -0.03981836
v 0.04384111 -0.21678964 -0.04012203
v 0.04424855 -0.21550623 -0.03872709
v 0.04421774 -0.21549836 -0.03894563
v 0.04478297 -0.21527559 -0.03640985
v 0.04627242 -0.21490824 -0.03603857
v 0.04435125 -0.21486959 -0.03781696
v 0.04454884 -0.21485824 -0.03789272
v 0.08812407 -0.24342950 0.00532381
v 0.08535630 -0.24282702 0.00044367
v 0.08328171 -0.24204442 -0.00576541
v 0.08087232 -0.24106497 -0.02324949
v 0.08179347 -0.24175405 -0.01431827
v 0.08091175 -0.23947630 -0.02987327
v 0.07984929 -0.23676122 -0.03263839
v 0.07929846 -0.23348853 -0.03435434
v 0.07944168 -0.23139751 -0.03537213
v 0.07933247 -0.22888108 -0.03715530
v 0.09586089 -0.22231387 -0.03158322
v 0.10434413 -0.20658665 -0.03058368
v 0.10563877 -0.20717247 -0.03096630
v 0.12945891 -0.20700647 -0.01819712
v 0.12689252 -0.20677626 -0.02191900
v 0.12191385 -0.20690527 -0.02652003
v 0.12424949 -0.20675023 -0.02458406
v 0.14146909 -0.19401220 -0.01396441
v 0.14470483 -0.19031040 -0.01189444
v 0.14852680 -0.18653772 -0.00951254
v 0.15264704 -0.18241625 -0.00632347
v 0.15718582 -0.17731852 -0.00229418
v 0.16162271 -0.17214955 0.00271501
v 0.16606817 -0.16652365 0.00790201
v 0.17026540 -0.16090074 0.01284639
v 0.17379639 -0.15504889 0.01783289
v 0.18306027 -0.13579706 0.03229581
v 0.18007090 -0.14239465 0.02738390
v 0.18956693 -0.12202294 0.04276626
v 0.18611225 -0.12892473 0.03733332
v 0.19235483 -0.11446558 0.04855504
v 0.19544514 -0.10669699 0.05443354
v 0.04842043 -0.21457286 -0.04079412
v 0.04965515 -0.21533711 -0.04139637
v 0.05006522 -0.21477508 -0.04059461
v 0.04841335 -0.21412785 -0.03969954
v 0.11951877 -0.20398220 -0.02894293
v 0.12295259 -0.20426138 -0.02719114
v 0.12320043 -0.20124710 -0.02944370
v 0.12653922 -0.20108180 -0.02723402
v 0.12925822 -0.20047157 -0.02536470
v 0.12558500 -0.20389272 -0.02577693
v 0.13167315 -0.19984319 -0.02282954
v 0.12816182 -0.20347706 -0.02364053
v 0.13046224 -0.20341462 -0.02111838
v 0.13245186 -0.20336615 -0.01775863
v 0.13383625 -0.19987225 -0.01990400
v 0.13550369 -0.20011620 -0.01677046
v 0.13426675 -0.20327231 -0.01403383
v 0.13672101 -0.20009721 -0.01377478
v 0.08000606 -0.20387117 -0.24903681
v 0.08407935 -0.20138270 -0.25029636
v 0.08881223 -0.19859659 -0.25090022
v 0.08519923 -0.20195410 -0.24610026
v 0.08114440 -0.20379290 -0.24579558
v 0.09034611 -0.19968819 -0.24592329
v 0.18146716 -0.04153465 -0.20936695
v 0.18140616 -0.02989373 -0.20614946
v 0.18717823 -0.02912489 -0.18894127
v 0.18731789 -0.04094730 -0.19202163
v 0.16526136 -0.04129273 -0.24259188
v 0.16560776 -0.03035662 -0.24008784
v 0.17419797 -0.03030608 -0.22352463
v 0.17383146 -0.04167408 -0.22641510
v 0.09377770 -0.19539185 -0.25136267
v 0.15588557 -0.03954697 -0.25747711
v 0.15620668 -0.02905564 -0.25509339
v 0.14684261 -0.07727900 -0.26963937
v 0.15159927 -0.06343300 -0.26480409
v 0.14171700 -0.08980576 -0.27350780
v 0.13950541 -0.09780122 -0.27358920
v 0.13631782 -0.11121340 -0.27014102
v 0.13831870 -0.10447350 -0.27180771
v 0.13037233 -0.12676464 -0.26898375
v 0.13373496 -0.11850918 -0.26917240
v 0.12615335 -0.13619128 -0.26926617
v 0.09887634 -0.19176307 -0.25115575
v 0.12901834 -0.11419052 -0.28267378
v 0.12352998 -0.11008811 -0.29556242
v 0.12524092 -0.10088762 -0.29597508
v 0.13125438 -0.10631114 -0.28381462
v 0.12596343 -0.12317842 -0.28219709
v 0.13281513 -0.09862528 -0.28485205
v 0.12154819 -0.14622866 -0.26953102
v 0.11691782 -0.15581757 -0.26990352
v 0.10695824 -0.17238985 -0.26945273
v 0.11192823 -0.16486240 -0.26976329
v 0.06834458 -0.18749644 -0.32105145
v 0.06255659 -0.19005354 -0.32872361
v 0.14002890 -0.06926208 -0.28039376
v 0.14239973 -0.05845417 -0.27710580
v 0.15458578 -0.05085026 -0.26069335
v 0.14419218 -0.04783598 -0.27385117
v 0.14524888 -0.03732642 -0.27107509
v 0.14562284 -0.02706139 -0.26868061
v 0.13032840 -0.06258988 -0.28973871
v 0.13185769 -0.05280713 -0.28702786
v 0.13304979 -0.04310527 -0.28445241
v 0.13361442 -0.03361915 -0.28220810
v 0.13389241 -0.02436025 -0.28039459
v 0.11693932 -0.10582285 -0.30683597
v 0.11777592 -0.09576634 -0.30625716
v 0.11926176 -0.05765361 -0.29814849
v 0.11990494 -0.04837216 -0.29560009
v 0.12058582 -0.03922449 -0.29329999
v 0.12126904 -0.03018864 -0.29209298
v 0.12226670 -0.02117142 -0.29161422
v 0.12645576 -0.09205915 -0.29600133
v 0.11810101 -0.08628397 -0.30526595
v 0.10853025 -0.10274275 -0.31657285
v 0.10863688 -0.09222158 -0.31506316
v 0.10705704 -0.05415589 -0.30521570
v 0.10738601 -0.04506382 -0.30301797
v 0.10800485 -0.03608169 -0.30191695
v 0.10892652 -0.02715720 -0.30180184
v 0.11067575 -0.01836832 -0.30277815
v 0.10822110 -0.08239513 -0.31301886
v 0.09861408 -0.10083725 -0.32477038
v 0.09805725 -0.08993940 -0.32220740
v 0.07355243 -0.18016159 -0.32645649
v 0.06774872 -0.18241974 -0.33519697
v 0.07885642 -0.17179875 -0.33140329
v 0.07233673 -0.17334692 -0.34093174
v 0.05719312 -0.16236853 -0.36024833
v 0.06718938 -0.16238346 -0.35345348
v 0.03443881 -0.16210163 -0.36725300
v 0.04609632 -0.16215281 -0.36476471
v 0.02253686 -0.16218195 -0.36806271
v 0.09702156 -0.07978869 -0.31926087
v 0.08770356 -0.13708324 -0.33755152
v 0.08581581 -0.14961596 -0.33700294
v 0.08865412 -0.12415214 -0.33659242
v 0.08869257 -0.11159415 -0.33470412
v 0.08293123 -0.16151750 -0.33501929
v 0.08797615 -0.09974772 -0.33178690
v 0.08662525 -0.08881605 -0.32822480
v 0.08525158 -0.07856184 -0.32464749
v 0.07571843 -0.16202966 -0.34473064
v 0.06842820 -0.13613788 -0.35257370
v 0.06802398 -0.12329788 -0.34942116
v 0.07869548 -0.12359763 -0.34364890
v 0.07845539 -0.13650162 -0.34563018
v 0.05749234 -0.13598717 -0.35770620
v 0.05680491 -0.12322892 -0.35390882
v 0.07814345 -0.11104188 -0.34089654
v 0.06700051 -0.11096687 -0.34554609
v 0.05583613 -0.11094751 -0.34915821
v 0.04442139 -0.11121603 -0.35170302
v 0.04509020 -0.12343290 -0.35686120
v 0.06574020 -0.09933614 -0.34113497
v 0.06412980 -0.08845250 -0.33697655
v 0.07529300 -0.08859634 -0.33296194
v 0.07685455 -0.09948072 -0.33684020
v 0.05302800 -0.08866941 -0.33996292
v 0.05461769 -0.09946402 -0.34416302
v 0.06251444 -0.07810193 -0.33285930
v 0.07368556 -0.07816060 -0.32927943
v 0.05160111 -0.07863201 -0.33580223
v 0.06115569 -0.06859579 -0.32914938
v 0.07217562 -0.06847937 -0.32558796
v 0.08393448 -0.06893661 -0.32118089
v 0.09591919 -0.07016684 -0.31612898
v 0.10794155 -0.07264774 -0.31034156
v 0.11881101 -0.07635749 -0.30309916
v 0.12810054 -0.08212760 -0.29438151
v 0.13502290 -0.08951965 -0.28458346
v 0.05047665 -0.06935263 -0.33175104
v 0.20325663 -0.08619439 -0.02986397
v 0.20463014 -0.07522713 -0.02636521
v 0.20122307 -0.09694514 -0.03303662
v 0.19866690 -0.10736089 -0.03576727
v 0.19185594 -0.12698940 -0.04088643
v 0.19538216 -0.11737859 -0.03849134
v 0.17720900 -0.15327953 -0.04625414
v 0.18288505 -0.14466203 -0.04478623
v 0.17117849 -0.16217774 -0.04754446
v 0.16403070 -0.17101467 -0.04865828
v 0.15597205 -0.17955442 -0.04936844
v 0.20285329 -0.08463168 -0.04021839
v 0.20410214 -0.07357188 -0.03721879
v 0.20119659 -0.09572839 -0.04297217
v 0.19863847 -0.10647137 -0.04550017
v 0.19207047 -0.12676228 -0.05056007
v 0.19558523 -0.11677686 -0.04829289
v 0.18302990 -0.14583952 -0.05394605
v 0.07753139 -0.14943204 -0.34627975
v 0.06811711 -0.14930690 -0.35442504
v 0.05754901 -0.14916302 -0.36046818
v 0.03397496 -0.13639673 -0.36335160
v 0.04582956 -0.13611391 -0.36112686
v 0.04600563 -0.14905711 -0.36425616
v 0.03409292 -0.14910148 -0.36655167
v 0.02223254 -0.13684925 -0.36488128
v 0.02212124 -0.14932614 -0.36771915
v 0.04017223 -0.07017006 -0.33439896
v 0.04562388 -0.22042119 -0.04362967
v 0.04315219 -0.21979052 -0.04290736
v 0.04248509 -0.21831743 -0.04120471
v 0.04208823 -0.21931366 -0.04220468
v 0.04382444 -0.21684871 -0.03975005
v 0.04208315 -0.21925190 -0.04172436
v 0.04162116 -0.22054728 -0.04293603
v 0.04388090 -0.21719564 -0.03994825
v 0.06710084 -0.22402668 -0.08721410
v 0.06346739 -0.22570274 -0.09294323
v 0.06038742 -0.22489433 -0.08348518
v 0.05712821 -0.22674081 -0.08870254
v 0.05432814 -0.22611762 -0.07962629
v 0.05130566 -0.22809820 -0.08440643
v 0.04305248 -0.22156525 -0.04408341
v 0.04539795 -0.22284942 -0.04587147
v 0.10069099 -0.22065569 -0.11405656
v 0.10636849 -0.21835739 -0.10513902
v 0.09757455 -0.21980327 -0.10136811
v 0.09236796 -0.22194747 -0.10956977
v 0.04832720 -0.22361870 -0.04802566
v 0.04922850 -0.22206893 -0.04583295
v 0.05003254 -0.22421653 -0.05697185
v 0.05092482 -0.22383547 -0.05388599
v 0.13125526 -0.19710283 -0.02654774
v 0.12831446 -0.19765490 -0.02935972
v 0.13937548 -0.19785121 -0.01120133
v 0.13369710 -0.19646730 -0.02396925
v 0.13574906 -0.19631516 -0.02116650
v 0.13739356 -0.19666724 -0.01843816
v 0.13838473 -0.19703602 -0.01559018
v 0.13897261 -0.19742763 -0.01291972
v 0.03891735 -0.22252877 -0.04001893
v 0.03602334 -0.22654362 -0.03893922
v 0.03601138 -0.22729299 -0.04263760
v 0.03872297 -0.22369991 -0.04272751
v 0.03134321 -0.22961989 -0.03751625
v 0.03181910 -0.22884739 -0.04262678
v 0.02663836 -0.23208221 -0.03681730
v 0.02721080 -0.23082314 -0.04278500
v 0.01565908 -0.24076916 -0.03551473
v 0.01586658 -0.24021788 -0.04264158
v 0.02180107 -0.23485965 -0.04290148
v 0.02143584 -0.23598228 -0.03628664
v 0.03738121 -0.22719738 -0.04550036
v 0.04001874 -0.22503511 -0.04443570
v 0.03336983 -0.22804531 -0.04687988
v 0.00344552 -0.25102095 -0.04010583
v 0.00302146 -0.25086622 -0.03414998
v -0.00419952 -0.25438424 -0.03359959
v -0.00342256 -0.25445972 -0.03921552
v 0.00970423 -0.24600240 -0.03485751
v 0.01001698 -0.24600441 -0.04128564
v -0.00296394 -0.25548650 -0.04496174
v 0.01755761 -0.24034775 -0.05189723
v 0.01056153 -0.24713275 -0.04823306
v 0.00410082 -0.25216571 -0.04617110
v 0.02884172 -0.22995524 -0.04817480
v 0.02368823 -0.23382305 -0.05004601
v 0.04118956 -0.23456323 -0.11188158
v 0.03710749 -0.23871730 -0.10649405
v 0.03353503 -0.24164940 -0.11245511
v 0.03690530 -0.23645713 -0.11753553
v 0.04410695 -0.22617672 -0.12789739
v 0.04028876 -0.23119999 -0.12238374
v 0.02050225 -0.07337126 -0.33888765
v 0.10960771 -0.20290377 -0.02724711
v 0.05416722 -0.25485242 0.00889748
v 0.20280088 -0.08257856 -0.06243123
v 0.20369830 -0.07150150 -0.05999510
v 0.20369545 -0.07232152 -0.04843402
v 0.20274348 -0.08345009 -0.05100407
v 0.20120669 -0.09483932 -0.05343033
v 0.20125498 -0.09403077 -0.06481043
v 0.18275115 -0.15004381 -0.07394703
v 0.18304425 -0.14762609 -0.06365485
v 0.19250298 -0.12774681 -0.07174782
v 0.19617487 -0.11650747 -0.06983138
v 0.19582862 -0.11648708 -0.05869673
v 0.19240946 -0.12699951 -0.06077795
v 0.19915010 -0.10540662 -0.06723021
v 0.19887964 -0.10596910 -0.05590368
v 0.05507607 -0.22272962 -0.05707395
v 0.05445586 -0.22291026 -0.06040094
v 0.06539160 -0.22119299 -0.07002557
v 0.06554751 -0.22055057 -0.06625977
v 0.05965700 -0.22171536 -0.06341271
v 0.05921904 -0.22230404 -0.06704822
v 0.05681977 -0.22462287 -0.07512056
v 0.06311829 -0.22341576 -0.07870305
v 0.06473418 -0.22219252 -0.07418634
v 0.05848729 -0.22334859 -0.07093256
v 0.06567650 -0.22039575 -0.06269522
v 0.06001966 -0.22167197 -0.05995651
v 0.06580921 -0.22140140 -0.05911147
v 0.07186319 -0.22023683 -0.06113782
v 0.07179514 -0.22222504 -0.05710864
v 0.06599261 -0.22312314 -0.05520138
v 0.07230294 -0.21984010 -0.07286684
v 0.07224700 -0.21920659 -0.06878493
v 0.07000178 -0.22210397 -0.08208194
v 0.07180406 -0.22076343 -0.07726562
v 0.07200947 -0.21919639 -0.06484648
v 0.07877022 -0.21865270 -0.06281509
v 0.07824522 -0.22118204 -0.05847856
v 0.07982881 -0.21856959 -0.07508062
v 0.07971825 -0.21778900 -0.07073099
v 0.07721266 -0.22116419 -0.08503478
v 0.07925054 -0.21951910 -0.07981992
v 0.07925774 -0.21752045 -0.06671287
v 0.08636671 -0.21929510 -0.05912985
v 0.08752478 -0.21667256 -0.06368664
v 0.08866443 -0.21629837 -0.07262007
v 0.08839700 -0.21708557 -0.07727288
v 0.08484658 -0.21993436 -0.08792929
v 0.08743798 -0.21824361 -0.08230834
v 0.08830517 -0.21602771 -0.06815696
v 0.09777688 -0.21403777 -0.06422030
v 0.09582215 -0.21636387 -0.06001272
v 0.09760747 -0.21599743 -0.07897708
v 0.09841924 -0.21472239 -0.07386422
v 0.09300874 -0.21862513 -0.09080348
v 0.09586141 -0.21711495 -0.08451839
v 0.09862722 -0.21396923 -0.06894324
v 0.05632210 -0.22354169 -0.05086401
v 0.05254380 -0.22312112 -0.04836503
v 0.05171460 -0.22354372 -0.05099975
v 0.05567715 -0.22318930 -0.05392950
v 0.06043489 -0.22228017 -0.05661587
v 0.06089511 -0.22350793 -0.05325587
v 0.07159268 -0.22321195 -0.05227194
v 0.06617893 -0.22338983 -0.05115003
v 0.07113476 -0.22198903 -0.04812214
v 0.07744310 -0.22285005 -0.05305597
v 0.07629590 -0.22194894 -0.04831253
v 0.08480395 -0.22260214 -0.05384775
v 0.03220906 -0.23859659 -0.02038281
v 0.03638589 -0.24087996 -0.01505090
v 0.05687064 -0.22251387 -0.04810345
v 0.05329243 -0.22177962 -0.04622562
v 0.06125378 -0.22351641 -0.04984932
v 0.09347506 -0.22033263 -0.05563998
v 0.10278723 -0.21684461 -0.05395889
v 0.10623194 -0.21303687 -0.05825774
v 0.11095047 -0.21348916 -0.05052277
v 0.11602564 -0.20927428 -0.05454897
v 0.11624346 -0.21057133 -0.04596934
v 0.12190983 -0.20564837 -0.05005118
v 0.11928528 -0.20692509 -0.04218175
v 0.12579987 -0.20272017 -0.04543787
v 0.12144617 -0.20341416 -0.03894324
v 0.12814304 -0.19979031 -0.04063386
v 0.10999018 -0.21133154 -0.06859087
v 0.10931907 -0.21091877 -0.06294409
v 0.10916507 -0.21249228 -0.07444164
v 0.10752288 -0.21397384 -0.08040148
v 0.10186295 -0.21749163 -0.09357390
v 0.10509528 -0.21553884 -0.08673665
v 0.04327878 -0.22239328 -0.17368313
v 0.03771987 -0.22479521 -0.17700365
v 0.11095244 -0.21592508 -0.09673982
v 0.11458054 -0.21386963 -0.08905602
v 0.11959437 -0.20960776 -0.07486166
v 0.11739802 -0.21172614 -0.08173557
v 0.12135336 -0.20768904 -0.06796621
v 0.13000802 -0.20953419 -0.10442927
v 0.12030804 -0.21325230 -0.10025095
v 0.13411027 -0.20615362 -0.09494760
v 0.12430841 -0.21081565 -0.09167236
v 0.12740342 -0.20819996 -0.08359061
v 0.13754925 -0.20342488 -0.08595493
v 0.14025874 -0.20046910 -0.07753709
v 0.12993757 -0.20559361 -0.07594971
v 0.13233121 -0.20294544 -0.06855608
v 0.12327854 -0.20070619 -0.03581954
v 0.12973982 -0.19678636 -0.03652979
v 0.20323190 -0.08606431 0.01292555
v 0.14448379 -0.18529918 -0.03256739
v 0.14292145 -0.18706494 -0.03744872
v 0.13619285 -0.19220131 -0.03694827
v 0.13804110 -0.19017645 -0.03262294
v 0.14136857 -0.18965911 -0.04289650
v 0.13445234 -0.19496850 -0.04186013
v 0.13439438 -0.19995364 -0.06124741
v 0.12245676 -0.20592384 -0.05993809
v 0.13971817 -0.20410583 -0.10892995
v 0.14411463 -0.20038077 -0.09860891
v 0.14762785 -0.19702407 -0.08862563
v 0.15024881 -0.19374693 -0.07943026
v 0.14921719 -0.19693597 -0.11371907
v 0.15413081 -0.19312208 -0.10234338
v 0.15753775 -0.18924472 -0.09142016
v 0.15964862 -0.18540882 -0.08149341
v 0.15751845 -0.18717696 -0.11828154
v 0.16287571 -0.18327546 -0.10585516
v 0.16642041 -0.17945979 -0.09408696
v 0.16840373 -0.17566222 -0.08330766
v 0.16523146 -0.17529403 -0.12283282
v 0.17058015 -0.17151831 -0.10881661
v 0.17410847 -0.16810177 -0.09602798
v 0.17589318 -0.16462083 -0.08450706
v 0.18217698 -0.15288628 -0.08495889
v 0.18070873 -0.15580655 -0.09705900
v 0.17311936 -0.16144772 -0.12615563
v 0.17793753 -0.15870536 -0.11060414
v 0.19475706 -0.10437169 -0.11835908
v 0.19841612 -0.09182978 -0.11534189
v 0.19993090 -0.09233373 -0.10219976
v 0.19632735 -0.10459249 -0.10499846
v 0.20100901 -0.09274609 -0.08949292
v 0.19771474 -0.10467769 -0.09201350
v 0.20118270 -0.09322801 -0.07684645
v 0.19876404 -0.10490607 -0.07930470
v 0.20106300 -0.07958038 -0.11231678
v 0.20210343 -0.08037629 -0.09935422
v 0.20266010 -0.08110001 -0.08678352
v 0.20266260 -0.08177994 -0.07433211
v 0.20273903 -0.06800078 -0.10923736
v 0.20360562 -0.06915691 -0.09645048
v 0.20398170 -0.07010217 -0.08414045
v 0.20404918 -0.07082435 -0.07186619
v 0.20565939 -0.03775178 -0.09837160
v 0.20451191 -0.04715644 -0.10228319
v 0.03495187 -0.24751540 -0.00719257
v 0.02734554 -0.25163388 -0.00581560
v 0.04147250 -0.24352593 -0.00929666
v 0.04691117 -0.24667915 -0.00312814
v 0.03917993 -0.22638334 -0.18191843
v 0.04544739 -0.22377859 -0.17886679
v 0.20645647 -0.03914542 -0.08716585
v 0.20535630 -0.04854145 -0.09039010
v 0.20641086 -0.04001583 -0.07600304
v 0.20575620 -0.04955746 -0.07873574
v 0.20564340 -0.04022184 -0.06482516
v 0.20533151 -0.04994027 -0.06701624
v 0.20499104 -0.04004972 -0.05351208
v 0.20481036 -0.05006171 -0.05534721
v 0.20439662 -0.03946045 -0.04177960
v 0.20448369 -0.05013103 -0.04359087
v 0.20422506 -0.03847544 -0.02904879
v 0.20472312 -0.05040182 -0.03140391
v 0.20587308 -0.03710456 -0.01393141
v 0.20578133 -0.05150345 -0.01886098
v 0.20790888 -0.04358070 -0.00155379
v 0.20682760 -0.05507881 -0.00724644
v 0.20868218 -0.04839938 0.00888593
v 0.20733201 -0.05892475 0.00332376
v 0.20907482 -0.05272523 0.01856137
v 0.20756820 -0.06267780 0.01322399
v 0.20912648 -0.05699659 0.02804408
v 0.20874754 -0.06146139 0.03743944
v 0.20635868 -0.07065841 0.03216530
v 0.20758176 -0.06658885 0.02277153
v 0.20842572 -0.06604454 0.04659397
v 0.20550158 -0.07497375 0.04110728
v 0.19976797 -0.10321600 0.09565922
v 0.19618786 -0.11076196 0.10286020
v 0.19271843 -0.11820202 0.09555687
v 0.19617248 -0.11097930 0.08869564
v 0.18853755 -0.12555801 0.10193957
v 0.19192429 -0.11833577 0.10959120
v 0.18674020 -0.12570626 0.11560381
v 0.18355642 -0.13283975 0.10777364
v 0.18132543 -0.13313845 0.12096106
v 0.17844584 -0.14019642 0.11304652
v 0.17572688 -0.14063912 0.12562257
v 0.17312459 -0.14760702 0.11752872
v 0.16747325 -0.15494426 0.12125713
v 0.16985996 -0.14806019 0.12952331
v 0.16378226 -0.15523737 0.13277654
v 0.16159214 -0.16200599 0.12439793
v 0.14939108 -0.17544389 0.13008893
v 0.15122878 -0.16894058 0.13866844
v 0.14463379 -0.17599527 0.14167785
v 0.14297641 -0.18238252 0.13284869
v 0.15763784 -0.16217414 0.13573218
v 0.15550209 -0.16867819 0.12725952
v 0.13038312 -0.19114777 0.14737475
v 0.12271603 -0.19883254 0.14969580
v 0.12165249 -0.20504295 0.14022477
v 0.12921173 -0.19742586 0.13809518
v 0.11477504 -0.20626363 0.15171513
v 0.10626363 -0.21325277 0.15343607
v 0.10507136 -0.21888870 0.14345562
v 0.11368383 -0.21225029 0.14198118
v 0.09722730 -0.22011206 0.15478593
v 0.09621454 -0.22566701 0.14479969
v 0.08765891 -0.22689676 0.15600773
v 0.08676133 -0.23245929 0.14610399
v 0.13772313 -0.18348516 0.14467907
v 0.13636963 -0.18978255 0.13560557
v 0.20782277 -0.07091189 0.05546516
v 0.20467168 -0.07965745 0.04980696
v 0.20027150 -0.09692253 0.07400085
v 0.20400920 -0.08863928 0.08036388
v 0.20221215 -0.09572990 0.08817625
v 0.19851514 -0.10379722 0.08152067
v 0.20342321 -0.08474422 0.05825592
v 0.20695813 -0.07613705 0.06407597
v 0.20563102 -0.08201742 0.07238267
v 0.20189245 -0.09044117 0.06627618
v 0.04463927 -0.23303609 -0.09496817
v 0.04812014 -0.23047782 -0.08952680
v 0.04088924 -0.23593446 -0.10067680
v 0.07522387 -0.24339063 0.13702292
v 0.07662599 -0.23887242 0.14726337
v 0.07355154 -0.24693474 0.12686983
v 0.07173586 -0.24984069 0.11685899
v 0.06738375 -0.25336821 0.09686776
v 0.06970236 -0.25197171 0.10680304
v 0.01527180 -0.25194620 -0.01170345
v 0.01275932 -0.24955490 -0.01774398
v 0.05372356 -0.22335734 -0.06385530
v 0.05077082 -0.22551346 -0.07143240
v 0.05271844 -0.22427970 -0.06750833
v 0.04824290 -0.22734966 -0.07558102
v 0.04542076 -0.22944657 -0.08010238
v 0.04249974 -0.23208504 -0.08505661
v 0.03950766 -0.23552737 -0.09021389
v 0.03623118 -0.23925503 -0.09564891
v 0.03303395 -0.24290253 -0.10153755
v 0.02664979 -0.25090758 -0.10288854
v 0.03020253 -0.24663563 -0.10761351
v 0.02882732 -0.24668633 -0.09671374
v 0.02447996 -0.25011575 -0.09190181
v 0.02264221 -0.25457416 -0.09821557
v 0.01849789 -0.25819866 -0.09363643
v 0.02007261 -0.25363526 -0.08716096
v 0.00623656 -0.26269059 -0.07477862
v 0.00468921 -0.26619916 -0.08248260
v 0.00960678 -0.26421880 -0.08565009
v 0.01101262 -0.26022001 -0.07854974
v -0.00451097 -0.26386850 -0.06602569
v -0.00548143 -0.26665364 -0.07332210
v -0.00040152 -0.26708392 -0.07893587
v 0.00113268 -0.26350748 -0.06982072
v 0.05138943 -0.21753817 -0.04223711
v 0.05017834 -0.22036947 -0.04437425
v 0.05090922 -0.21878086 -0.04319508
v -0.00439530 -0.25616318 -0.01873246
v 0.00464311 -0.25339971 -0.01826697
v 0.04773844 -0.21426174 -0.03616591
v 0.04753454 -0.21408628 -0.03597157
v 0.04778956 -0.21439916 -0.03638552
v 0.04798737 -0.21436908 -0.03678865
v 0.04792365 -0.21442368 -0.03667339
v 0.04808754 -0.21390745 -0.03740895
v 0.05047452 -0.21381445 -0.03970847
v 0.04872214 -0.21351318 -0.03853952
v 0.10537564 -0.18979359 -0.24284625
v 0.11019669 -0.18500601 -0.24130064
v 0.10616152 -0.18076822 -0.25934582
v 0.10876405 -0.18293888 -0.25002925
v 0.10399923 -0.18775466 -0.25062875
v 0.10125822 -0.18561716 -0.25888625
v 0.11080533 -0.17484303 -0.25931428
v 0.11357681 -0.17723154 -0.24924949
v 0.05752181 -0.24828065 0.00261840
v 0.05099751 -0.25070583 0.00299449
v 0.09465127 -0.05178974 -0.31127885
v 0.09506393 -0.04265926 -0.31020578
v 0.09568003 -0.03362876 -0.31013589
v 0.09693505 -0.02481287 -0.31150492
v 0.09911882 -0.01632200 -0.31404576
v 0.08395311 -0.03231194 -0.31853778
v 0.08567987 -0.02381215 -0.32147606
v 0.08819279 -0.01566558 -0.32548169
v 0.07484863 -0.02377809 -0.33146207
v 0.07746991 -0.01589370 -0.33656602
v 0.07293273 -0.03200252 -0.32726951
v 0.05657182 -0.01975023 -0.35685148
v 0.06699042 -0.01739213 -0.34714535
v 0.06421900 -0.02499433 -0.34079622
v 0.05400845 -0.02720188 -0.34944945
v 0.06221952 -0.03282188 -0.33525077
v 0.05210179 -0.03460934 -0.34276062
v 0.04356641 -0.03012774 -0.35698899
v 0.04583665 -0.02279134 -0.36530728
v 0.03283285 -0.03350111 -0.36308206
v 0.03458357 -0.02621185 -0.37208904
v 0.04182913 -0.03731168 -0.34946885
v 0.03155670 -0.04049563 -0.35475253
v 0.03029549 -0.07157986 -0.33671783
v 0.04650640 -0.21748865 -0.29009915
v 0.03993146 -0.21896098 -0.29456972
v 0.03804452 -0.21716327 -0.30158220
v 0.02105717 -0.04385816 -0.35833038
v 0.02193523 -0.03705666 -0.36723040
v 0.02297424 -0.02978256 -0.37674492
v 0.06091156 -0.04118356 -0.33097981
v 0.06035301 -0.05003841 -0.32830495
v 0.05016584 -0.05097320 -0.33348818
v 0.05075425 -0.04242894 -0.33730283
v 0.04014117 -0.05259000 -0.33797657
v 0.04071713 -0.04463919 -0.34291047
v 0.03018174 -0.05481791 -0.34155908
v 0.03066799 -0.04739140 -0.34731173
v 0.02001778 -0.05732387 -0.34341680
v 0.02036615 -0.05038297 -0.35020643
v 0.07168918 -0.04073139 -0.32412680
v 0.07121729 -0.04989101 -0.32247280
v 0.08302993 -0.04127583 -0.31709068
v 0.08263918 -0.05038264 -0.31686230
v 0.10634586 -0.20481011 -0.02849563
v 0.10825930 -0.20549506 -0.02857961
v 0.11112002 -0.20547780 -0.02956995
v 0.11527821 -0.20419746 -0.03082138
v 0.11986434 -0.20188565 -0.03197249
v 0.12545704 -0.19873520 -0.03251352
v 0.13183504 -0.19467432 -0.03262631
v -0.00455819 -0.24596036 -0.19317041
v -0.00062243 -0.24601623 -0.19341005
v 0.00312661 -0.24545011 -0.19373007
v 0.00684063 -0.24406816 -0.19393190
v 0.01083372 -0.24230345 -0.19381061
v 0.01108048 -0.24256052 -0.19963179
v 0.01511438 -0.23997540 -0.19365055
v 0.01961595 -0.23760885 -0.19342659
v 0.02420940 -0.23522428 -0.19278652
v 0.02907732 -0.23280645 -0.19170035
v 0.03441666 -0.23007922 -0.19022314
v 0.04044276 -0.22718369 -0.18816414
v 0.04731633 -0.22421741 -0.18540571
v 0.18744745 -0.13572347 -0.03385576
v 0.18770686 -0.13581124 -0.04298122
v 0.18792038 -0.13628639 -0.05250840
v 0.18813498 -0.13732528 -0.06251837
v 0.18807200 -0.13899465 -0.07318271
v 0.06515337 -0.25484760 0.08719707
v 0.07093972 -0.25494325 0.07102340
v 0.07919253 -0.25062276 0.07228174
v 0.08710260 -0.24617424 0.07298861
v 0.09496731 -0.24172878 0.07345610
v 0.11025378 -0.23222032 0.07333254
v 0.10283604 -0.23741040 0.07360218
v 0.12337173 -0.22041115 0.07125609
v 0.11717988 -0.22640436 0.07251761
v 0.12880075 -0.21423312 0.06942933
v 0.13397368 -0.20800265 0.06718371
v 0.13875424 -0.20161374 0.06468230
v 0.14345208 -0.19537151 0.06203544
v 0.15240949 -0.18347234 0.05563544
v 0.14805137 -0.18939328 0.05906983
v 0.15674134 -0.17771729 0.05186101
v 0.16108658 -0.17221906 0.04782447
v 0.16520165 -0.16697559 0.04343165
v 0.16865550 -0.16184222 0.03866651
v 0.17170592 -0.15702920 0.03363653
v 0.17443167 -0.15263893 0.02825067
v 0.17692081 -0.14881808 0.02258806
v 0.17902101 -0.14540891 0.01660872
v 0.18072252 -0.14245538 0.01043481
v 0.18220637 -0.14015925 0.00399023
v 0.18363779 -0.13844746 -0.00278435
v 0.18490328 -0.13719064 -0.00980886
v 0.18606199 -0.13640649 -0.01717699
v 0.18691376 -0.13594369 -0.02520140
v 0.19576546 -0.11676068 -0.08161752
v 0.19424501 -0.11701785 -0.09424238
v 0.19250519 -0.11734189 -0.10748073
v 0.19062860 -0.11743474 -0.12121528
v 0.18788275 -0.11668958 -0.13545069
v 0.19857761 -0.05330818 -0.14607973
v 0.20051001 -0.05452598 -0.13179281
v 0.20219678 -0.05584769 -0.11860355
v 0.20378471 -0.05723402 -0.10585403
v 0.20468218 -0.05851289 -0.09356740
v 0.20507220 -0.05957266 -0.08148631
v 0.20494058 -0.06016982 -0.06941494
v 0.20426852 -0.06054180 -0.05768320
v 0.20403490 -0.06116573 -0.04597543
v 0.20454595 -0.06209729 -0.03431632
v 0.20531131 -0.06371381 -0.02277775
v 0.20578015 -0.06651018 -0.01174580
v 0.20627171 -0.06977765 -0.00146105
v 0.20613748 -0.07304249 0.00831331
v 0.20540696 -0.07642441 0.01765221
v 0.20401318 -0.08000853 0.02688875
v 0.20282510 -0.08384307 0.03578620
v 0.20156908 -0.08819483 0.04437543
v 0.20004817 -0.09311992 0.05257056
v 0.19848571 -0.09865939 0.06030123
v 0.19674547 -0.10489813 0.06775555
v 0.19484652 -0.11145921 0.07496644
v 0.19245445 -0.11830669 0.08185852
v 0.18922285 -0.12531249 0.08839759
v 0.18513073 -0.13244388 0.09450671
v 0.18031967 -0.13957477 0.10012519
v 0.17537923 -0.14681736 0.10515166
v 0.17023778 -0.15414894 0.10950167
v 0.16475975 -0.16132871 0.11314609
v 0.15904970 -0.16822624 0.11631443
v 0.15334310 -0.17492735 0.11920754
v 0.14745528 -0.18157703 0.12187280
v 0.14120354 -0.18835448 0.12441708
v 0.13480414 -0.19569413 0.12696549
v 0.12037569 -0.21090619 0.13121305
v 0.12794367 -0.20350143 0.12933845
v 0.10348412 -0.22396430 0.13379953
v 0.11199994 -0.21742991 0.13251635
v 0.09494298 -0.23085055 0.13514388
v 0.08555789 -0.23751181 0.13630593
v 0.02015651 -0.06520802 -0.33912796
v 0.03017210 -0.06298859 -0.33785379
v 0.03995257 -0.06112840 -0.33486036
v 0.05003420 -0.05995916 -0.33122722
v 0.06036019 -0.05919563 -0.32744461
v 0.07133183 -0.05913687 -0.32298284
v 0.08291112 -0.05957169 -0.31839801
v 0.09485165 -0.06083539 -0.31332013
v 0.10729143 -0.06326524 -0.30777159
v 0.11902756 -0.06685336 -0.30051773
v 0.12918764 -0.07226210 -0.29214048
v 0.13757055 -0.07977474 -0.28304553
v 0.16364347 -0.05322587 -0.24599575
v 0.17186974 -0.05395134 -0.23017415
v 0.17985794 -0.05370053 -0.21293923
v 0.18651458 -0.05286913 -0.19546873
v 0.19152343 -0.05237875 -0.17820434
v 0.19543198 -0.05239447 -0.16161607
v -0.00779866 -0.24475812 0.18392584
v 0.00236362 -0.24758324 0.17658757
v 0.01242314 -0.24964113 0.16896971
v 0.02279519 -0.24951394 0.16463720
v 0.03354851 -0.24831688 0.16202653
v 0.04475448 -0.24654328 0.16047662
v 0.05598340 -0.24350693 0.15941228
v 0.06706073 -0.23926864 0.15854705
v 0.07763395 -0.23349547 0.15748647
v 0.06936854 -0.22822264 -0.03884031
v 0.07391276 -0.22923241 -0.03880474
v 0.04203833 -0.26595727 0.02027203
v 0.03872362 -0.26493370 0.01733016
v 0.03434295 -0.26327124 0.01300539
v 0.02947711 -0.26117725 0.00793026
v 0.02421246 -0.25852325 0.00191478
v 0.01888022 -0.25547604 -0.00497893
v 0.03526461 -0.26692967 0.02053709
v 0.02952404 -0.26591359 0.01619245
v 0.02339778 -0.26413603 0.01104666
v 0.01680409 -0.26196506 0.00431328
v 0.00843023 -0.25920844 -0.00482907
v 0.00619098 -0.25555419 -0.01246041
v 0.03315017 -0.26945350 0.02530376
v 0.03197126 -0.27141553 0.03136507
v 0.02388327 -0.27070928 0.02696203
v 0.02595229 -0.26836901 0.02091467
v 0.01615513 -0.26984147 0.02187431
v 0.01885567 -0.26704938 0.01566550
v 0.00858697 -0.26897328 0.01584442
v 0.01146199 -0.26560101 0.00897938
v 0.00084058 -0.26737617 0.00892516
v 0.00346461 -0.26322231 0.00076396
v 0.02298852 -0.27247635 0.03416923
v 0.03167465 -0.27265445 0.03824497
v 0.01485018 -0.27194519 0.02954951
v 0.00723027 -0.27163327 0.02457561
v -0.00034525 -0.27101989 0.01894121
v -0.00428757 -0.25945606 -0.00990381
v -0.00395897 -0.25763411 -0.01373441
v -0.00745836 -0.26522309 0.00190596
v -0.00791969 -0.27003116 0.01434810
v -0.00608640 -0.26120681 -0.00711551
v 0.04113976 -0.26741792 0.02345439
v 0.04069186 -0.26949382 0.02832003
v 0.04054274 -0.27113584 0.03444216
v 0.05515060 -0.26545581 0.02600040
v 0.04792199 -0.26688394 0.02507720
v 0.04084442 -0.27179846 0.04146228
v 0.05660807 -0.26696576 0.03245624
v 0.04863947 -0.26866773 0.03069417
v 0.05793525 -0.26726035 0.03930440
v 0.04934762 -0.26964250 0.03719067
v 0.05901600 -0.26630304 0.04645146
v 0.05015055 -0.26949941 0.04423759
v 0.06343648 -0.25680965 0.07794738
v 0.05995126 -0.26433970 0.05395692
v 0.06106904 -0.26210410 0.06162527
v 0.06212872 -0.25934765 0.06943899
v 0.04153430 -0.27122655 0.04913158
v 0.03199054 -0.27284339 0.04590973
v 0.05102347 -0.26825317 0.05175561
v 0.02288255 -0.27352265 0.04220285
v -0.00799776 -0.27304613 0.02585631
v -0.00074560 -0.27295514 0.02930191
v 0.00674988 -0.27303522 0.03364661
v 0.01442435 -0.27323683 0.03777127
v -0.00796682 -0.27427373 0.03735401
v -0.00069621 -0.27388507 0.04019114
v 0.00678459 -0.27367942 0.04363883
v 0.01453435 -0.27337537 0.04712903
v 0.02329097 -0.27305009 0.05110775
v 0.03265952 -0.27182840 0.05437441
v 0.04244009 -0.26976579 0.05716105
v 0.05194108 -0.26626232 0.05968327
v -0.00786396 -0.27418608 0.04953741
v -0.00047089 -0.27379990 0.05162688
v 0.00700472 -0.27316013 0.05443272
v 0.01503747 -0.27240840 0.05724945
v 0.02396798 -0.27149421 0.06053423
v 0.03352870 -0.26996618 0.06324669
v 0.04328014 -0.26735948 0.06559634
v 0.05286157 -0.26369539 0.06776507
v 0.04236058 -0.21866823 -0.04028340
v 0.04067838 -0.22092652 -0.04220555
v 0.04109795 -0.22266926 -0.04365429
v 0.01211067 -0.24266501 -0.21998906
v 0.00994857 -0.24166096 -0.18284754
v 0.01052768 -0.24207529 -0.18811338
v 0.00925900 -0.24147458 -0.17783939
v 0.00906170 -0.24175448 -0.17327743
v 0.01417364 -0.26149310 -0.08940823
v 0.01548632 -0.25696655 -0.08270314
v 0.17533858 -0.14569939 -0.14171615
v 0.18021522 -0.14585298 -0.12562281
v 0.18199246 -0.13046088 -0.13830303
v 0.18550843 -0.13108533 -0.12353384
v 0.18901928 -0.13080805 -0.10955337
v 0.19103776 -0.12995244 -0.09613342
v 0.19186480 -0.12877900 -0.08350257
v 0.18754054 -0.14088422 -0.08467900
v 0.18644359 -0.14281916 -0.09710738
v 0.18392072 -0.14451985 -0.11066375
v 0.13207446 -0.19804172 -0.04726979
v 0.13953279 -0.19295779 -0.04870106
v 0.14761320 -0.18674356 -0.04929615
v 0.14622789 -0.19020409 -0.05550377
v 0.13706427 -0.19628425 -0.05470017
v 0.12857570 -0.20142113 -0.05291667
v -0.06101390 -0.22884381 -0.04416993
v 0.03933919 -0.22700769 -0.04890760
v -0.06353892 -0.22781688 -0.04863742
v 0.04168237 -0.22679449 -0.05264245
v -0.06662462 -0.22652696 -0.05258222
v 0.04467669 -0.22572006 -0.05644236
v -0.07058428 -0.22534912 -0.05659161
v 0.04882277 -0.22457331 -0.06026839
v -0.05788082 -0.22900349 -0.04663065
v 0.03580958 -0.22738999 -0.05119822
v -0.06086858 -0.22822538 -0.05142098
v 0.03895788 -0.22698614 -0.05547224
v -0.06464434 -0.22728595 -0.05584221
v 0.04273094 -0.22641071 -0.05962519
v -0.06919420 -0.22625998 -0.06014335
v 0.04743492 -0.22537616 -0.06374484
v -0.06192762 -0.23197830 -0.07249855
v -0.06476559 -0.22957367 -0.06779921
v -0.06727422 -0.22769719 -0.06380917
v -0.05885315 -0.23469182 -0.07775209
v -0.05605982 -0.23778822 -0.08341354
v 0.03416861 -0.23793822 -0.08551782
v 0.03693679 -0.23397882 -0.08051914
v 0.04272032 -0.22846888 -0.07130671
v 0.03976360 -0.23075497 -0.07572617
v 0.04536633 -0.22657345 -0.06747660
v -0.05632019 -0.23351177 -0.06766087
v -0.05942500 -0.23084255 -0.06306811
v 0.03729577 -0.22965031 -0.06663854
v 0.03435149 -0.23270365 -0.07088729
v -0.06218089 -0.22863565 -0.05926698
v 0.04022786 -0.22760406 -0.06295837
v -0.05079594 -0.23524187 -0.06262088
v -0.05428736 -0.23178408 -0.05812494
v 0.03228113 -0.23056256 -0.06180121
v 0.02905020 -0.23453217 -0.06566238
v -0.05772255 -0.22930814 -0.05450655
v 0.03572558 -0.22798854 -0.05848184
v -0.04523626 -0.23718958 -0.05727935
v -0.04966898 -0.23299468 -0.05272704
v 0.02760164 -0.23237765 -0.05626084
v 0.02357464 -0.23679158 -0.05985172
v -0.05400961 -0.23005666 -0.04928991
v 0.03176885 -0.22899870 -0.05352114
v -0.05329255 -0.23683786 -0.07301453
v 0.03146420 -0.23639856 -0.07562251
v -0.04783279 -0.23936889 -0.06814705
v 0.02612571 -0.23881455 -0.07033644
v -0.04233743 -0.24220508 -0.06332954
v 0.02089805 -0.24157802 -0.06488178
v -0.03682299 -0.24607216 -0.05861032
v 0.01578432 -0.24540989 -0.05932779
v -0.05075940 -0.24049820 -0.07888028
v 0.02890792 -0.24065767 -0.08062651
v 0.02392054 -0.24352138 -0.07547425
v -0.04550963 -0.24359364 -0.07431010
v -0.03534998 -0.25071940 -0.06593253
v -0.04037460 -0.24693883 -0.06994688
v 0.01423688 -0.25025076 -0.06557871
v 0.01913449 -0.24662469 -0.07033418
v -0.03442066 -0.25488599 -0.07281152
v -0.03909479 -0.25122816 -0.07665552
v 0.01719865 -0.25185885 -0.07625480
v 0.01257576 -0.25525693 -0.07174945
v -0.04377529 -0.24770745 -0.08077104
v 0.02180706 -0.24859996 -0.08108623
v 0.02646866 -0.24538799 -0.08603509
v -0.04867535 -0.24434391 -0.08518249
v -0.05362818 -0.24120450 -0.08966740
v 0.03148153 -0.24244714 -0.09082472
v -0.01801114 -0.26026224 -0.05760752
v -0.01107548 -0.26060287 -0.05625650
v -0.01122767 -0.25844518 -0.05051768
v -0.01842553 -0.25786950 -0.05149007
v -0.00389189 -0.25975398 -0.05656992
v -0.00357681 -0.25758900 -0.05084790
v -0.02433416 -0.25833181 -0.05985617
v -0.02507705 -0.25531018 -0.05306241
v 0.00295767 -0.25757856 -0.05836066
v 0.00368760 -0.25452534 -0.05260999
v -0.03109700 -0.25107436 -0.05527865
v 0.01021739 -0.25047461 -0.05537171
v 0.00895378 -0.25440050 -0.06163491
v -0.03016965 -0.25489722 -0.06245987
v -0.02358235 -0.26118954 -0.06643513
v -0.01765671 -0.26242294 -0.06358954
v -0.01109264 -0.26273143 -0.06178954
v -0.00418417 -0.26205022 -0.06206180
v 0.00218973 -0.26053022 -0.06427390
v -0.02931664 -0.25850225 -0.06940154
v 0.00774853 -0.25852342 -0.06780667
v -0.05514413 -0.22488636 -0.16751058
v -0.05170884 -0.22758487 -0.16894805
v -0.06999053 -0.21909116 -0.14950730
v -0.06980970 -0.22101925 -0.14035099
v -0.04330091 -0.26545279 -0.16115183
v -0.04377773 -0.26848196 -0.16067890
v -0.04905811 -0.26537691 -0.15885133
v -0.04797529 -0.26316710 -0.15994745
v -0.03754551 -0.26401037 -0.15907179
v -0.03810543 -0.26718614 -0.16318248
v -0.04230057 -0.26229082 -0.15862736
v -0.04642803 -0.26037719 -0.15882507
v -0.04416592 -0.27137458 -0.15743078
v -0.04378239 -0.27350125 -0.15241447
v -0.04809571 -0.26974703 -0.15117180
v -0.04973324 -0.26753928 -0.15571705
v -0.05737301 -0.23325470 -0.16739299
v -0.06121686 -0.23628657 -0.16556143
v -0.06421812 -0.23234897 -0.16279216
v -0.06031678 -0.22990315 -0.16553961
v -0.05314409 -0.23167106 -0.16824210
v -0.05550380 -0.22887357 -0.16703763
v -0.04280439 -0.27409661 -0.14685813
v -0.04627295 -0.27038009 -0.14653667
v -0.03194674 -0.28447492 -0.15559906
v -0.03236978 -0.28652412 -0.14773787
v -0.03605893 -0.28216848 -0.14734237
v -0.03599152 -0.28071874 -0.15460193
v -0.01420872 -0.29786411 -0.14765156
v -0.02147041 -0.29508586 -0.14807630
v -0.02110215 -0.29178744 -0.15809252
v -0.01377298 -0.29389925 -0.15846307
v -0.03023678 -0.28061249 -0.16276184
v -0.03498736 -0.27753172 -0.16138901
v -0.01798456 -0.27933388 -0.17063413
v -0.01637336 -0.27241855 -0.17343292
v -0.01140797 -0.27280194 -0.17358993
v -0.01217550 -0.28045215 -0.17094496
v -0.02368945 -0.27025417 -0.17082559
v -0.02769864 -0.27519561 -0.16827050
v -0.03215064 -0.27198407 -0.16692260
v -0.02456404 -0.26903677 -0.16811151
v -0.01968580 -0.28616006 -0.16545625
v -0.01312515 -0.28788719 -0.16621240
v -0.03241176 -0.24089670 -0.16898274
v -0.03611630 -0.23873110 -0.16934141
v -0.02172348 -0.24824255 -0.17042391
v -0.02409669 -0.24793344 -0.16703810
v -0.02615175 -0.24548929 -0.16798655
v -0.02254482 -0.25063667 -0.16663313
v -0.02099897 -0.25131639 -0.16974959
v -0.02034124 -0.25462643 -0.16971584
v -0.02076945 -0.25326932 -0.16678173
v -0.02592370 -0.24763036 -0.16340568
v -0.02817383 -0.24536479 -0.16375439
v -0.02362122 -0.24967447 -0.16310364
v -0.02092490 -0.25150861 -0.16324655
v -0.01863770 -0.25188934 -0.17204188
v -0.01901592 -0.25536966 -0.17211183
v -0.01956038 -0.25862174 -0.16970881
v -0.01960767 -0.25674185 -0.16672567
v -0.01925523 -0.25953489 -0.17226150
v -0.01884572 -0.24898465 -0.17301252
v -0.03651369 -0.23842639 -0.16539042
v -0.04002116 -0.23678729 -0.16566824
v -0.04003984 -0.23647188 -0.16934551
v -0.04388438 -0.23452321 -0.16907674
v -0.04316781 -0.23598426 -0.16572672
v -0.04585376 -0.23581000 -0.16579594
v -0.04723433 -0.23389890 -0.16860862
v -0.04866527 -0.23682255 -0.16593372
v -0.05096925 -0.23450914 -0.16834543
v -0.05129720 -0.23902732 -0.16606411
v -0.05431532 -0.23636327 -0.16793481
v -0.02129914 -0.25886787 -0.16220441
v -0.02039207 -0.26107562 -0.16644998
v -0.02538535 -0.26610306 -0.16564088
v -0.02635749 -0.26335955 -0.16083339
v -0.02001909 -0.26320695 -0.16946546
v -0.02015856 -0.26451709 -0.17186763
v -0.01933930 -0.25435273 -0.16325633
v -0.01477945 -0.26566270 -0.17422500
v -0.01059025 -0.26546041 -0.17455208
v -0.01358766 -0.25937655 -0.17467787
v -0.01276923 -0.25439879 -0.17506712
v -0.00857052 -0.25212857 -0.17558442
v -0.00960368 -0.25776127 -0.17504314
v -0.05438587 -0.24161731 -0.16605401
v -0.05795460 -0.23928917 -0.16692095
v -0.04907963 -0.23062280 -0.16957391
v -0.03242347 -0.26784320 -0.16519901
v -0.03249567 -0.26559837 -0.15960383
v -0.02766586 -0.29094092 -0.14825185
v -0.02710621 -0.28827331 -0.15691544
v -0.02534481 -0.28352484 -0.16412022
v -0.02319349 -0.27748114 -0.16961655
v -0.02088944 -0.27126403 -0.17287020
v -0.01840728 -0.26535544 -0.17356176
v -0.01635103 -0.25539794 -0.17396689
v -0.01716498 -0.25982011 -0.17396241
v -0.01596071 -0.25223197 -0.17411459
v -0.01274191 -0.25215609 -0.17553664
v -0.01257909 -0.25047980 -0.17622601
v -0.01583245 -0.24968494 -0.17496068
v -0.00870990 -0.25047530 -0.17629285
v -0.00867883 -0.25126042 -0.17593748
v -0.06792936 -0.21900225 -0.15603833
v -0.06443663 -0.22053429 -0.16088857
v -0.03785866 -0.26760114 -0.12350101
v -0.03756918 -0.26520874 -0.11657546
v -0.04109881 -0.26015914 -0.11983851
v -0.04131949 -0.26256975 -0.12639868
v -0.04239276 -0.26498977 -0.13218864
v -0.03876564 -0.26989789 -0.12956272
v -0.01824031 -0.28374536 -0.11437432
v -0.02333565 -0.28198447 -0.11511114
v -0.02470379 -0.28580474 -0.12258940
v -0.01914834 -0.28809740 -0.12197667
v -0.01741445 -0.27951324 -0.10628373
v -0.02212786 -0.27794767 -0.10718904
v -0.04610886 -0.25772231 -0.12931810
v -0.04507966 -0.25494977 -0.12315282
v -0.05086546 -0.25041941 -0.12595146
v -0.05270187 -0.25357183 -0.13116586
v -0.04738949 -0.26075601 -0.13442347
v -0.05387941 -0.25674147 -0.13626277
v -0.02928855 -0.28261533 -0.12381936
v -0.02774703 -0.27952336 -0.11634292
v -0.03169298 -0.27618613 -0.11843445
v -0.03298129 -0.27860838 -0.12561213
v -0.02638558 -0.27584605 -0.10862306
v -0.03041074 -0.27296961 -0.11075658
v -0.06008008 -0.22230835 -0.16473254
v -0.04030264 -0.27188739 -0.13543522
v -0.04388377 -0.26747445 -0.13729315
v -0.04853510 -0.26372634 -0.13908717
v -0.05489333 -0.25988781 -0.14115626
v -0.02600941 -0.28907015 -0.13065351
v -0.02017420 -0.29197623 -0.13013349
v -0.03061484 -0.28502071 -0.13169898
v -0.03435135 -0.28066331 -0.13283220
v -0.01248859 -0.28485228 -0.11427052
v -0.01286126 -0.28959909 -0.12184764
v -0.01331355 -0.29376824 -0.12997031
v -0.01209878 -0.28046764 -0.10604763
v -0.03329887 -0.24065208 -0.16482365
v -0.05244597 -0.25411605 -0.16154778
v -0.05532958 -0.24978591 -0.16215033
v -0.05204138 -0.24851657 -0.15671030
v -0.05033853 -0.25211032 -0.15544522
v -0.02646756 -0.24570132 -0.15903687
v -0.02859858 -0.24338715 -0.15949814
v -0.02405449 -0.24780157 -0.15865968
v -0.02135552 -0.24965587 -0.15840287
v -0.03650258 -0.23631474 -0.16213099
v -0.03974491 -0.23550900 -0.16211880
v -0.04251925 -0.23525699 -0.16189441
v -0.04491174 -0.23569957 -0.16176077
v -0.04709798 -0.23682384 -0.16132650
v -0.04936302 -0.23858106 -0.16065339
v -0.02485030 -0.25981241 -0.15512863
v -0.01991042 -0.25603776 -0.15665925
v -0.05134383 -0.24129770 -0.15980794
v -0.03108419 -0.26146239 -0.15397355
v -0.03346395 -0.23823845 -0.16132516
v -0.01920622 -0.25189178 -0.15790617
v -0.04049886 -0.25890480 -0.15395547
v -0.04454113 -0.25721219 -0.15384138
v -0.04113832 -0.23203651 -0.15797944
v -0.04364508 -0.23229254 -0.15722547
v -0.03540809 -0.23274431 -0.15936106
v -0.03837238 -0.23207965 -0.15904345
v -0.03775483 -0.25475922 -0.14776227
v -0.04094803 -0.25243794 -0.14822297
v -0.05031091 -0.24493443 -0.14987193
v -0.04749631 -0.24806077 -0.14845325
v -0.04787311 -0.23495857 -0.15506853
v -0.04980512 -0.23757848 -0.15395522
v -0.05228366 -0.24471054 -0.15876911
v -0.05118643 -0.24087431 -0.15208123
v -0.04586915 -0.23319463 -0.15643044
v -0.02562875 -0.24182164 -0.15492151
v -0.02793514 -0.23951923 -0.15593622
v -0.02232639 -0.24344955 -0.15431178
v -0.01938159 -0.24536226 -0.15349524
v -0.02136258 -0.25641397 -0.14876437
v -0.01653726 -0.25236877 -0.15094103
v -0.02892831 -0.25812209 -0.14699592
v -0.01731562 -0.24803472 -0.15224357
v -0.03247455 -0.23438054 -0.15844442
v -0.01917593 -0.23767390 -0.15326146
v -0.01654417 -0.24001585 -0.15104458
v -0.03338583 -0.22836950 -0.15681638
v -0.03648227 -0.22746268 -0.15646265
v -0.03954323 -0.22738891 -0.15527865
v -0.02175186 -0.23574820 -0.15415549
v -0.02464219 -0.23385635 -0.15445113
v -0.03063936 -0.22978063 -0.15595821
v -0.03484015 -0.25064302 -0.14113626
v -0.03768705 -0.24809362 -0.14277175
v -0.04653092 -0.23962105 -0.14460975
v -0.04377819 -0.24279569 -0.14371371
v -0.04680966 -0.23052831 -0.15093740
v -0.04826024 -0.23292283 -0.14891919
v -0.04833897 -0.23596701 -0.14632830
v -0.01546383 -0.25278218 -0.14135745
v -0.01474311 -0.24824703 -0.14463853
v -0.02299884 -0.25473332 -0.13906343
v -0.01515465 -0.24346600 -0.14802742
v -0.03283642 -0.24650567 -0.13454793
v -0.03431987 -0.24328523 -0.13710366
v -0.02806273 -0.22476759 -0.15493949
v -0.03091303 -0.22379090 -0.15467063
v -0.04208067 -0.22730011 -0.14676264
v -0.04305903 -0.22933626 -0.14477345
v -0.04282794 -0.23194300 -0.14288116
v -0.04152523 -0.23461151 -0.14120009
v -0.03974643 -0.23738725 -0.13976794
v -0.02589534 -0.21983911 -0.15252126
v -0.02873618 -0.21897972 -0.15198023
v -0.04078316 -0.22564626 -0.14844431
v -0.03668255 -0.22208545 -0.14510607
v -0.03773403 -0.22377882 -0.14322474
v -0.03811669 -0.22588850 -0.14129895
v -0.03836621 -0.22793513 -0.13948263
v -0.03764656 -0.23017996 -0.13783638
v -0.03617990 -0.23271432 -0.13588915
v -0.03231295 -0.24081494 -0.12693365
v -0.03269751 -0.23783760 -0.13102909
v -0.02998519 -0.23418051 -0.12219827
v -0.03238433 -0.23171663 -0.12574676
v -0.03563749 -0.22577523 -0.13428750
v -0.03465592 -0.22792898 -0.13215981
v -0.03486647 -0.22002857 -0.14041608
v -0.03580120 -0.22179893 -0.13838838
v -0.03371828 -0.21814834 -0.14222118
v -0.03627710 -0.22366356 -0.13636840
v -0.02428367 -0.21493910 -0.15014786
v -0.02708112 -0.21407370 -0.14913570
v -0.03300632 -0.22157773 -0.13245021
v -0.03224087 -0.22302674 -0.12998908
v -0.03331673 -0.21982297 -0.13484253
v -0.02532732 -0.22663439 -0.12106167
v -0.02968543 -0.22448319 -0.12318519
v -0.03319529 -0.21611910 -0.13904250
v -0.03315952 -0.21806140 -0.13697874
v -0.03352003 -0.21390089 -0.14100560
v -0.02332430 -0.21006950 -0.14914346
v -0.02650073 -0.20942312 -0.14762113
v -0.02968421 -0.21863133 -0.13222392
v -0.02871527 -0.21956416 -0.12988679
v -0.03178876 -0.21267765 -0.13789854
v -0.03086417 -0.21489636 -0.13620330
v -0.03243163 -0.21045687 -0.13976101
v -0.02260056 -0.20568121 -0.14702870
v -0.02625567 -0.20527360 -0.14508153
v -0.02123676 -0.22075593 -0.12226239
v -0.02524842 -0.21979968 -0.12390250
v -0.03028040 -0.21693124 -0.13436156
v -0.02163043 -0.20348757 -0.14335262
v -0.02590561 -0.20241479 -0.14249956
v -0.03165498 -0.20788842 -0.13871714
v -0.03012823 -0.20988519 -0.13717592
v -0.02873312 -0.21230785 -0.13558880
v -0.02782351 -0.21479048 -0.13390216
v -0.02772439 -0.21656230 -0.13239412
v -0.02609698 -0.21635752 -0.13095100
v -0.01859906 -0.21513296 -0.12399006
v -0.02234251 -0.21438090 -0.12598778
v -0.04228565 -0.22798233 -0.15390364
v -0.04476208 -0.22900834 -0.15267436
v -0.03401200 -0.22330422 -0.15387364
v -0.03675004 -0.22346160 -0.15213657
v -0.03904151 -0.22414424 -0.15008761
v -0.03484272 -0.22064190 -0.14678562
v -0.03256530 -0.21615579 -0.14386240
v -0.03324758 -0.21179340 -0.14305378
v -0.03277595 -0.20829753 -0.14156858
v -0.03262257 -0.20678636 -0.14025659
v -0.03235316 -0.20468593 -0.14101148
v -0.03214093 -0.20629816 -0.14330224
v -0.03197257 -0.20993585 -0.14492037
v -0.03140043 -0.21450268 -0.14583419
v -0.03313523 -0.21960475 -0.14869833
v -0.03000506 -0.20274455 -0.14217581
v -0.02961344 -0.20535271 -0.14443278
v -0.02953534 -0.20924645 -0.14635185
v -0.02958815 -0.21389390 -0.14755828
v -0.03133815 -0.21890405 -0.15055407
v -0.04735218 -0.25027611 -0.10994276
v -0.05097163 -0.24539030 -0.11410110
v -0.04320699 -0.25464596 -0.10577538
v -0.03906944 -0.25885480 -0.10191616
v -0.01663387 -0.27139524 -0.08738597
v -0.01122802 -0.27176254 -0.08655540
v -0.02171045 -0.27039140 -0.08926162
v -0.03102339 -0.26597186 -0.09478063
v -0.02660845 -0.26869466 -0.09164967
v -0.05477100 -0.24024375 -0.11828503
v -0.05883798 -0.23505128 -0.12252838
v -0.06665418 -0.22508995 -0.13327622
v -0.06281114 -0.22981756 -0.12712681
v -0.06877389 -0.22268255 -0.14105182
v -0.06641051 -0.22702146 -0.13563454
v -0.06931879 -0.22061160 -0.14798419
v -0.06318069 -0.23151183 -0.13086720
v -0.05968462 -0.23737592 -0.12718964
v -0.05507248 -0.24267572 -0.12388083
v -0.04992313 -0.24750472 -0.12044196
v -0.06777014 -0.22044828 -0.15330315
v -0.06571876 -0.22163872 -0.15794162
v -0.06241080 -0.22329794 -0.16205236
v -0.05842938 -0.22624934 -0.16554406
v -0.06298007 -0.22663274 -0.16304240
v -0.06687411 -0.22819507 -0.13809158
v -0.06462716 -0.23291365 -0.13431579
v -0.06803779 -0.22402883 -0.14245332
v -0.06891376 -0.22185448 -0.14666603
v -0.06789506 -0.22202141 -0.14977700
v -0.06692665 -0.22083561 -0.15400590
v -0.06580454 -0.22277622 -0.15902471
v -0.06164200 -0.23930928 -0.13136366
v -0.05708245 -0.24551516 -0.12858038
v -0.05952086 -0.24826860 -0.13341441
v -0.06118182 -0.25123065 -0.13859405
v -0.06195116 -0.25427719 -0.14405652
v -0.06411528 -0.24098345 -0.13597818
v -0.06599982 -0.24342505 -0.14094586
v -0.06659476 -0.24648453 -0.14640839
v -0.06706549 -0.22738065 -0.15885462
v -0.07080558 -0.21723687 -0.14750076
v -0.07013088 -0.22002511 -0.15317454
v -0.06861830 -0.22204918 -0.14446422
v -0.05686436 -0.24536996 -0.16486429
v -0.06048976 -0.24400148 -0.16482480
v -0.05950575 -0.24946206 -0.16257908
v -0.06362002 -0.24142234 -0.16273717
v -0.06313526 -0.24768843 -0.16060039
v -0.06652683 -0.23749124 -0.15972783
v -0.06615264 -0.24486258 -0.15728525
v -0.06944248 -0.22990546 -0.15461485
v -0.07228091 -0.21987074 -0.14746154
v -0.06913411 -0.22363908 -0.14442720
v -0.06741822 -0.22733644 -0.14138531
v -0.06816567 -0.24141368 -0.15322527
v -0.06908190 -0.23682858 -0.14788763
v -0.06824718 -0.23454185 -0.14290467
v -0.06639985 -0.23385717 -0.13830171
v -0.04911313 -0.26757738 -0.14634974
v -0.04909724 -0.26606036 -0.14325781
v -0.05426656 -0.26283204 -0.14566040
v -0.05205092 -0.26595927 -0.14928860
v -0.06036439 -0.25772932 -0.14907400
v -0.05634514 -0.26179301 -0.15426186
v -0.06549494 -0.25009352 -0.15156109
v -0.06275543 -0.25300171 -0.15582760
v -0.05961420 -0.25469349 -0.15933348
v -0.05463812 -0.26101963 -0.15858748
v -0.05616929 -0.25532065 -0.16165913
v -0.05256872 -0.25994304 -0.16037250
v -0.01366410 -0.29721116 -0.13883057
v -0.02094435 -0.29472764 -0.13900171
v -0.02697091 -0.29080873 -0.13923977
v -0.03185006 -0.28657339 -0.13959645
v -0.03549351 -0.28204121 -0.14000045
v -0.03941453 -0.27801898 -0.14712809
v -0.03840872 -0.27753916 -0.14065244
v -0.04151204 -0.27333690 -0.14125567
v -0.04519299 -0.26939077 -0.14203887
v -0.04801053 -0.25505027 -0.15422876
v -0.04986247 -0.25763943 -0.16005317
v -0.04440330 -0.25042766 -0.14805172
v -0.04099686 -0.24569861 -0.14315591
v -0.03721966 -0.24031618 -0.13849812
v -0.03407111 -0.23539982 -0.13374476
v -0.03335181 -0.22982374 -0.12944458
v -0.03141017 -0.22378384 -0.12691730
v -0.02745506 -0.21979161 -0.12699054
v -0.02421394 -0.21553133 -0.12861572
v -0.02120321 -0.20331274 -0.13954275
v -0.02518425 -0.20223830 -0.13876010
v -0.02568302 -0.21331398 -0.13263320
v -0.02373055 -0.21198798 -0.13052857
v -0.02180952 -0.21038632 -0.12796249
v -0.01783147 -0.21068080 -0.12744057
v -0.03128350 -0.20545721 -0.13806208
v -0.02855463 -0.20748149 -0.13622190
v -0.02915755 -0.20303290 -0.13818390
v -0.02661441 -0.21017627 -0.13466684
v -0.02464608 -0.20839952 -0.13264605
v -0.02243704 -0.20678057 -0.13108264
v -0.01893505 -0.20713964 -0.13131777
v -0.02692168 -0.20514025 -0.13454393
v -0.02387899 -0.20393252 -0.13452241
v -0.02019617 -0.20469074 -0.13544321
v -0.03747839 -0.27633630 -0.13399685
v -0.01546415 -0.24305438 -0.13881828
v -0.01567500 -0.24704055 -0.13473394
v -0.01624304 -0.23842244 -0.14282233
v -0.01703092 -0.23498483 -0.14660773
v -0.01814110 -0.23220186 -0.15036349
v -0.01953639 -0.22993033 -0.15291170
v -0.02206131 -0.22792889 -0.15401037
v -0.01527272 -0.23303744 -0.13977611
v -0.01620245 -0.22972947 -0.14368936
v -0.01744398 -0.22687240 -0.14665060
v -0.01891645 -0.22477287 -0.14897833
v -0.02075825 -0.22279748 -0.15092379
v -0.02157860 -0.25006140 -0.13174387
v -0.01825452 -0.24326537 -0.12538309
v -0.01485023 -0.24032089 -0.13034603
v -0.01525298 -0.23515250 -0.12408079
v -0.01443444 -0.23323145 -0.12879706
v -0.01569109 -0.22837256 -0.12392253
v -0.01477689 -0.22722731 -0.12800996
v -0.01469689 -0.23705626 -0.13512530
v -0.01474025 -0.23074003 -0.13317442
v -0.01499014 -0.22737247 -0.13756723
v -0.01590350 -0.22436576 -0.14132632
v -0.01678622 -0.22174820 -0.14432256
v -0.01770566 -0.22002214 -0.14716171
v -0.01936218 -0.21828828 -0.14906497
v -0.01472716 -0.22507756 -0.13191823
v -0.01520246 -0.22229603 -0.13578538
v -0.01644905 -0.21964353 -0.13923558
v -0.01740457 -0.21739814 -0.14202759
v -0.01804948 -0.21584943 -0.14471510
v -0.01854722 -0.21413914 -0.14699184
v -0.01477478 -0.22262259 -0.12536009
v -0.01451370 -0.22229138 -0.12820806
v -0.01462197 -0.22049149 -0.13119820
v -0.01549610 -0.21805189 -0.13453740
v -0.01684396 -0.21576800 -0.13770994
v -0.01769097 -0.21395819 -0.14047266
v -0.01809749 -0.21268812 -0.14289445
v -0.01805338 -0.21080761 -0.14484938
v -0.01412777 -0.21816458 -0.12713231
v -0.01445689 -0.21917250 -0.12855288
v -0.01807312 -0.21074750 -0.14163971
v -0.01802790 -0.20882540 -0.14261092
v -0.01803394 -0.21129721 -0.13977799
v -0.01720277 -0.21269542 -0.13700411
v -0.01578200 -0.21484916 -0.13376495
v -0.01475727 -0.21728698 -0.13073300
v -0.01444629 -0.21473084 -0.13011436
v -0.01595186 -0.21197018 -0.13328545
v -0.01760630 -0.20982057 -0.13692426
v -0.01824820 -0.20863383 -0.13997678
v -0.04559672 -0.25248897 -0.11662573
v -0.04184873 -0.25740683 -0.11278542
v -0.03820566 -0.26238663 -0.10926242
v -0.02597937 -0.27227084 -0.09983042
v -0.03007474 -0.26963011 -0.10262899
v -0.01682007 -0.27535169 -0.09652599
v -0.02158702 -0.27421235 -0.09784377
v -0.01159685 -0.27568603 -0.09591109
v -0.02907964 -0.24308739 -0.16856440
v -0.03043909 -0.24289061 -0.16426413
v -0.03073015 -0.24096305 -0.16022431
v -0.02992649 -0.23706726 -0.15701454
v -0.02779300 -0.23183057 -0.15475634
v -0.02506360 -0.22622135 -0.15449558
v -0.02311475 -0.22118518 -0.15230025
v -0.02161117 -0.21659263 -0.15004314
v -0.01983402 -0.21202788 -0.14906325
v -0.01815619 -0.20820560 -0.14689335
v -0.01777820 -0.20614649 -0.14344481
v -0.01826861 -0.20584387 -0.14004949
v -0.01807423 -0.20694540 -0.13646493
v -0.01642468 -0.20913474 -0.13242005
v -0.01443264 -0.21225433 -0.12882978
v -0.01493730 -0.21672925 -0.12495824
v -0.01710566 -0.22198411 -0.12293674
v -0.01959444 -0.22824140 -0.12127691
v -0.02177715 -0.23579098 -0.12109801
v -0.02729799 -0.24364713 -0.12320857
v -0.03000271 -0.24962071 -0.13177274
v -0.03120590 -0.25344182 -0.13898956
v -0.03420817 -0.25740376 -0.14658383
v -0.03605265 -0.26065889 -0.15373208
v -0.03855640 -0.27086345 -0.16325192
v -0.03952527 -0.27453251 -0.15927842
v -0.03980548 -0.27709957 -0.15351775
v -0.03606566 -0.27434216 -0.12743110
v -0.03496026 -0.27218625 -0.12083158
v -0.03403445 -0.26943754 -0.11343715
v -0.03414180 -0.26632403 -0.10584262
v -0.03502914 -0.26258932 -0.09812103
v 0.03977141 -0.22906284 -0.16828087
v 0.03568958 -0.23133586 -0.17022864
v 0.04540327 -0.22484500 -0.13595409
v 0.04683233 -0.22317852 -0.14352703
v 0.01702018 -0.26897657 -0.16473815
v 0.02122757 -0.26766999 -0.16339604
v 0.02209132 -0.27066621 -0.16213288
v 0.01773428 -0.27272442 -0.16409420
v 0.01209513 -0.26753194 -0.16168361
v 0.01607871 -0.26596532 -0.16190461
v 0.01252432 -0.27004538 -0.16610899
v 0.01995958 -0.26456729 -0.16176589
v 0.01815872 -0.27669389 -0.16006108
v 0.02268077 -0.27397591 -0.15842975
v 0.02164453 -0.27684252 -0.15318309
v 0.01816764 -0.27999243 -0.15461199
v 0.03802626 -0.24215846 -0.16896849
v 0.04241585 -0.24032887 -0.16690431
v 0.04408579 -0.24673709 -0.16139625
v 0.03952220 -0.24807689 -0.16622934
v 0.03520937 -0.23728421 -0.17073194
v 0.03944903 -0.23549307 -0.16970202
v 0.02035323 -0.27790453 -0.14783347
v 0.01761750 -0.28141407 -0.14829239
v 0.01132098 -0.28850283 -0.14918374
v 0.00685543 -0.29214227 -0.14950659
v 0.00645568 -0.28920575 -0.15799269
v 0.01092516 -0.28601159 -0.15706747
v -0.00664682 -0.29701419 -0.14828596
v -0.00620597 -0.29343371 -0.15863049
v 0.00553903 -0.28417792 -0.16508509
v 0.01021213 -0.28158250 -0.16406948
v -0.00618719 -0.28025746 -0.17108492
v -0.00642316 -0.27252498 -0.17354765
v 0.00382758 -0.27769905 -0.17059197
v 0.00136281 -0.27061706 -0.17271081
v 0.00265709 -0.26901663 -0.17077249
v 0.00800087 -0.27511065 -0.16972884
v -0.00606524 -0.28776305 -0.16642452
v 0.01711219 -0.23733032 -0.16967232
v 0.01340908 -0.23990086 -0.16943462
v 0.00664708 -0.24472874 -0.16853942
v 0.00458127 -0.24750915 -0.16766372
v 0.00210332 -0.24731433 -0.17043826
v 0.00306801 -0.25053263 -0.16727116
v 0.00167512 -0.25364249 -0.16738922
v 0.00088047 -0.25456166 -0.17017489
v 0.00121958 -0.25086341 -0.16978324
v 0.00600606 -0.24701254 -0.16409382
v 0.00810349 -0.24423241 -0.16467781
v 0.00368885 -0.24942440 -0.16369087
v 0.00111411 -0.25187349 -0.16373078
v -0.00110490 -0.25509176 -0.17186618
v -0.00102685 -0.25107629 -0.17177288
v 0.00045493 -0.25731386 -0.16769168
v 0.00028191 -0.25873323 -0.17038323
v -0.00114533 -0.25942162 -0.17224646
v -0.00067873 -0.24768216 -0.17262303
v 0.02086256 -0.23488376 -0.16944254
v 0.02073074 -0.23540663 -0.16624923
v 0.01705815 -0.23693126 -0.16633042
v 0.02508959 -0.23426361 -0.16874391
v 0.02424128 -0.23568566 -0.16598295
v 0.02684902 -0.23708935 -0.16610307
v 0.02833898 -0.23576283 -0.16917630
v 0.02894098 -0.23980162 -0.16636835
v 0.03127120 -0.23867698 -0.16987185
v 0.03349738 -0.24334546 -0.16879231
v 0.03080235 -0.24348257 -0.16545332
v -0.00253586 -0.25903273 -0.16356632
v 0.00118298 -0.26434656 -0.16266667
v 0.00181205 -0.26723474 -0.16772550
v 0.00017141 -0.26174061 -0.16787489
v 0.00044385 -0.26331194 -0.17079398
v -0.00059939 -0.26447619 -0.17285826
v -0.00128975 -0.25489292 -0.16394281
v -0.00643651 -0.26505379 -0.17405008
v -0.00624229 -0.25772213 -0.17430607
v -0.00594393 -0.25356860 -0.17440989
v 0.03483630 -0.24855221 -0.16735175
v 0.03168059 -0.24803533 -0.16492909
v 0.03156487 -0.23339764 -0.17072655
v 0.00693992 -0.27055153 -0.16729515
v 0.00676046 -0.26750362 -0.16194691
v 0.00067087 -0.29192115 -0.15865582
v 0.00074179 -0.29507673 -0.14930900
v 0.00028897 -0.28650858 -0.16613113
v -0.00193728 -0.27179337 -0.17341797
v -0.00080462 -0.27925937 -0.17086703
v -0.00292066 -0.26495351 -0.17377583
v -0.00336442 -0.25499993 -0.17324597
v -0.00319932 -0.25891797 -0.17361674
v -0.00328050 -0.25156154 -0.17347421
v -0.00578108 -0.25167242 -0.17479731
v -0.00301255 -0.24879549 -0.17444927
v -0.00556116 -0.25013823 -0.17563945
v 0.04680112 -0.22259190 -0.15059252
v 0.04560632 -0.22413215 -0.15731921
v 0.01441257 -0.27416048 -0.12279213
v 0.01756284 -0.26984846 -0.12573335
v 0.01783883 -0.26646471 -0.11899851
v 0.01428095 -0.27063924 -0.11559694
v 0.01790429 -0.27266177 -0.13185455
v 0.01511082 -0.27710261 -0.12902189
v -0.00676119 -0.28490780 -0.11484719
v -0.00659123 -0.28976712 -0.12218218
v -0.00079355 -0.28879533 -0.12283004
v -0.00144998 -0.28411856 -0.11568044
v -0.00667895 -0.28067434 -0.10664023
v -0.00173388 -0.28009748 -0.10776884
v 0.02125074 -0.26183189 -0.12279519
v 0.02079870 -0.26512142 -0.12898476
v 0.02529194 -0.26072757 -0.13212505
v 0.02478938 -0.25688873 -0.12654391
v 0.02124347 -0.26830404 -0.13456751
v 0.02613337 -0.26457339 -0.13733421
v 0.00317042 -0.28254046 -0.11671309
v 0.00417579 -0.28676887 -0.12386672
v 0.00843480 -0.28405578 -0.12524824
v 0.00726689 -0.28035703 -0.11814493
v 0.00270927 -0.27874795 -0.10906544
v 0.00678128 -0.27666777 -0.11056380
v 0.04389175 -0.22622531 -0.16332479
v 0.01590680 -0.27931922 -0.13560749
v 0.01871222 -0.27531067 -0.13755971
v 0.02200504 -0.27144713 -0.13968196
v 0.02675198 -0.26809202 -0.14245278
v -0.00642334 -0.29360672 -0.13051114
v 0.00000105 -0.29233690 -0.13109687
v 0.00544709 -0.29003642 -0.13194638
v 0.00970430 -0.28678425 -0.13294487
v 0.01363781 -0.23916366 -0.16591981
v 0.02683712 -0.26112868 -0.16189452
v 0.02571931 -0.25876876 -0.15645597
v 0.02885438 -0.25588082 -0.15727410
v 0.02975474 -0.25783397 -0.16289793
v 0.00822177 -0.24239354 -0.16076434
v 0.00609327 -0.24522016 -0.16009373
v 0.00362979 -0.24783244 -0.15967380
v 0.00073985 -0.25029895 -0.15957019
v 0.02064000 -0.23452570 -0.16314456
v 0.01696192 -0.23500356 -0.16349220
v 0.02396313 -0.23525602 -0.16270572
v 0.02665839 -0.23677747 -0.16234974
v 0.02891085 -0.23897308 -0.16177790
v 0.03116722 -0.24186121 -0.16065177
v -0.00390245 -0.25684016 -0.15869801
v 0.00032612 -0.26190494 -0.15694828
v 0.03228425 -0.24600558 -0.15942493
v 0.00709589 -0.26540429 -0.15568306
v 0.01349564 -0.23686691 -0.16298811
v -0.00221939 -0.25277501 -0.15953511
v 0.01555617 -0.26335622 -0.15643729
v 0.01865756 -0.26142943 -0.15650990
v 0.02557457 -0.23421120 -0.15786233
v 0.02300753 -0.23279492 -0.15898872
v 0.01981078 -0.23196660 -0.16011856
v 0.01623020 -0.23204289 -0.16086749
v 0.01444198 -0.25945019 -0.14957248
v 0.01652627 -0.25694557 -0.15061393
v 0.02318975 -0.25352159 -0.15037494
v 0.02692196 -0.25119828 -0.15059404
v 0.03104854 -0.24189216 -0.15357562
v 0.02977734 -0.23827004 -0.15494266
v 0.03123990 -0.25125793 -0.15871573
v 0.03014291 -0.24677019 -0.15179472
v 0.02775675 -0.23601090 -0.15659091
v 0.00731866 -0.23901312 -0.15710827
v 0.00488363 -0.24167532 -0.15608365
v 0.00219978 -0.24395546 -0.15490176
v -0.00054171 -0.24639254 -0.15383246
v -0.00477327 -0.25440040 -0.15217814
v -0.00077679 -0.25939768 -0.14981015
v 0.00641313 -0.26222371 -0.14809306
v -0.00325937 -0.24931301 -0.15310340
v 0.01248249 -0.23343057 -0.16044231
v -0.00133516 -0.23877218 -0.15415564
v -0.00426543 -0.24166037 -0.15279344
v 0.01813484 -0.22800617 -0.15714764
v 0.01461355 -0.22823565 -0.15810454
v 0.02140780 -0.22903725 -0.15550176
v 0.00488061 -0.23403742 -0.15491008
v 0.00161880 -0.23630054 -0.15454607
v 0.01124260 -0.22964351 -0.15755636
v 0.01169391 -0.25631366 -0.14154553
v 0.01329777 -0.25284262 -0.14387629
v 0.01982857 -0.24790955 -0.14536572
v 0.02348485 -0.24529209 -0.14562451
v 0.02797492 -0.23815981 -0.14836703
v 0.02753719 -0.23504659 -0.15007010
v 0.02652536 -0.24173527 -0.14644416
v -0.00677640 -0.25053863 -0.14609424
v -0.00587012 -0.25586610 -0.14249586
v 0.00065459 -0.25903003 -0.14027723
v -0.00617025 -0.24532985 -0.15015774
v 0.00931540 -0.25227383 -0.13444683
v 0.01109374 -0.24853034 -0.13697550
v 0.01193892 -0.22437004 -0.15465020
v 0.00866710 -0.22537607 -0.15491297
v 0.02297637 -0.23385731 -0.14477520
v 0.02296292 -0.23105586 -0.14660795
v 0.01945038 -0.23983408 -0.14179511
v 0.02164283 -0.23704366 -0.14309342
v 0.01678022 -0.24259933 -0.14050753
v 0.00984635 -0.21998342 -0.15280454
v 0.00662654 -0.22031192 -0.15385304
v 0.01872988 -0.22756200 -0.14312288
v 0.01794215 -0.22525115 -0.14503431
v 0.02212058 -0.22892016 -0.14823347
v 0.01883400 -0.23010416 -0.14114004
v 0.01636935 -0.23503201 -0.13784123
v 0.01792508 -0.23259497 -0.13946182
v 0.01419330 -0.23771508 -0.13582718
v 0.00897483 -0.24812618 -0.12668448
v 0.01172680 -0.24445397 -0.12989489
v 0.00890134 -0.24130952 -0.11965884
v 0.01166265 -0.23818729 -0.12386221
v 0.01366203 -0.23273275 -0.13161006
v 0.01450486 -0.23050332 -0.13423983
v 0.01607285 -0.22614983 -0.13848997
v 0.01567773 -0.22394587 -0.14051811
v 0.01443880 -0.22198005 -0.14244350
v 0.01565910 -0.22833261 -0.13648954
v 0.00746121 -0.21631315 -0.14942530
v 0.00482273 -0.21614897 -0.15092502
v 0.01225759 -0.22742362 -0.12891456
v 0.01345413 -0.22579564 -0.13170601
v 0.01422865 -0.22389047 -0.13434902
v 0.00423480 -0.23238580 -0.11833835
v 0.00990167 -0.23056886 -0.12117450
v 0.01427232 -0.22184015 -0.13658502
v 0.01373599 -0.21992946 -0.13879616
v 0.01276320 -0.21792500 -0.14066014
v 0.00706685 -0.21103149 -0.14814868
v 0.00381333 -0.21130966 -0.14998249
v 0.01158279 -0.22251254 -0.12807697
v 0.01217236 -0.22181273 -0.13059809
v 0.01207118 -0.21843504 -0.13524518
v 0.01195576 -0.21651475 -0.13739768
v 0.01188390 -0.21440855 -0.13941884
v 0.00698223 -0.20670106 -0.14643389
v 0.00297080 -0.20676241 -0.14828258
v 0.00299674 -0.22407352 -0.11901887
v 0.00938169 -0.22208230 -0.12093224
v 0.01218660 -0.22035353 -0.13304023
v 0.00674728 -0.20428508 -0.14299624
v 0.00208052 -0.20457062 -0.14404532
v 0.01058559 -0.21346951 -0.13653831
v 0.01149729 -0.21165277 -0.13860228
v 0.01026284 -0.21560148 -0.13423377
v 0.01064507 -0.21940407 -0.13028811
v 0.01024896 -0.21777823 -0.13202953
v 0.00933638 -0.21904443 -0.12854196
v 0.00044069 -0.21826222 -0.12105395
v 0.00584252 -0.21719270 -0.12267069
v 0.02409779 -0.23069443 -0.15387243
v 0.02611261 -0.23266146 -0.15214867
v 0.01540443 -0.22443622 -0.15388798
v 0.01833800 -0.22536148 -0.15224143
v 0.02049309 -0.22694857 -0.15002625
v 0.01644046 -0.22316519 -0.14688361
v 0.01297864 -0.22007608 -0.14416794
v 0.01197619 -0.21572439 -0.14232831
v 0.01204306 -0.21233454 -0.14122346
v 0.01225042 -0.21074793 -0.14027289
v 0.01265264 -0.20860084 -0.14110728
v 0.01204674 -0.21025737 -0.14299948
v 0.01142599 -0.21349975 -0.14419762
v 0.01161813 -0.21830086 -0.14598802
v 0.01466411 -0.22177824 -0.14887819
v 0.01157471 -0.20561557 -0.14286087
v 0.01064410 -0.20803744 -0.14512674
v 0.00981446 -0.21185235 -0.14608399
v 0.00979627 -0.21714316 -0.14761591
v 0.01268078 -0.22070463 -0.15085981
v 0.02474624 -0.25485481 -0.10947734
v 0.02775727 -0.25006826 -0.11403015
v 0.01697920 -0.26270328 -0.10085512
v 0.02106370 -0.25891784 -0.10506854
v -0.00578128 -0.27162428 -0.08716290
v -0.00071844 -0.27153551 -0.08875176
v 0.00835757 -0.26855288 -0.09343233
v 0.00392510 -0.27042477 -0.09086115
v 0.03103714 -0.24490718 -0.11860070
v 0.03452452 -0.23963916 -0.12293906
v 0.04178187 -0.22924555 -0.13116276
v 0.03830065 -0.23446981 -0.12689775
v 0.04206973 -0.23333395 -0.13381314
v 0.04459579 -0.22869675 -0.13746474
v 0.04654360 -0.22670216 -0.14259312
v 0.03873654 -0.23845409 -0.13058946
v 0.03453609 -0.24357668 -0.12775539
v 0.03002771 -0.24863029 -0.12425633
v 0.02566741 -0.25328005 -0.12043276
v 0.04738457 -0.22663402 -0.14835617
v 0.04749006 -0.22804410 -0.15441735
v 0.04640827 -0.23035443 -0.16096104
v 0.04315040 -0.23304670 -0.16686268
v 0.04558405 -0.23836542 -0.16306290
v 0.04005818 -0.24267676 -0.13397729
v 0.04332377 -0.23731805 -0.13659091
v 0.04543783 -0.23256328 -0.13960096
v 0.04666380 -0.22976404 -0.14248560
v 0.04772815 -0.23087514 -0.14596637
v 0.04827495 -0.23314204 -0.15124439
v 0.04779353 -0.23589516 -0.15710147
v 0.03586124 -0.24798308 -0.13181395
v 0.03051840 -0.25288233 -0.12924422
v 0.03213222 -0.26098436 -0.13979752
v 0.03147385 -0.25700911 -0.13424816
v 0.03245520 -0.26464246 -0.14535177
v 0.03766725 -0.25688090 -0.14173734
v 0.03704905 -0.25244164 -0.13628418
v 0.03776658 -0.26060534 -0.14746205
v 0.04684815 -0.24511188 -0.15458946
v 0.04742205 -0.23950011 -0.14734107
v 0.04751619 -0.24273488 -0.14988147
v 0.04667279 -0.23594631 -0.14309689
v 0.03484482 -0.25446272 -0.16539723
v 0.03172764 -0.25361001 -0.16425257
v 0.03291314 -0.25928292 -0.16387363
v 0.03853547 -0.25433130 -0.16371042
v 0.03605491 -0.25958202 -0.16201537
v 0.04200234 -0.25341125 -0.16040842
v 0.03889294 -0.25908191 -0.15863243
v 0.04455109 -0.25185204 -0.15572200
v 0.04563054 -0.24563515 -0.14500276
v 0.04563316 -0.24929053 -0.15021820
v 0.04456592 -0.24133248 -0.14025215
v 0.04095823 -0.25789779 -0.15423354
v 0.04207198 -0.25181356 -0.14302042
v 0.04199437 -0.25550063 -0.14874410
v 0.04131953 -0.24724262 -0.13783906
v 0.02257604 -0.27403774 -0.14431462
v 0.02256611 -0.27539288 -0.14755187
v 0.02474914 -0.27371500 -0.15094913
v 0.02641855 -0.27108071 -0.14716264
v 0.02846432 -0.27013880 -0.15636789
v 0.03141561 -0.26761837 -0.15073431
v 0.03476666 -0.26453233 -0.15766015
v 0.03676401 -0.26309553 -0.15302694
v 0.02700551 -0.26834882 -0.16095620
v 0.03225347 -0.26458435 -0.16108828
v 0.02544636 -0.26625868 -0.16251848
v 0.02949828 -0.26355744 -0.16273270
v -0.00625082 -0.29624029 -0.13940820
v 0.00046575 -0.29450342 -0.13992025
v 0.01076250 -0.28853682 -0.14077565
v 0.00618477 -0.29188399 -0.14044453
v 0.01691056 -0.28100820 -0.14189470
v 0.01406381 -0.28471283 -0.14131050
v 0.01463429 -0.28485544 -0.14873002
v 0.01972623 -0.27734790 -0.14284358
v 0.02230113 -0.26037092 -0.15619900
v 0.02361418 -0.26325836 -0.16155988
v 0.01974409 -0.25511699 -0.15055737
v 0.01631952 -0.25024801 -0.14486030
v 0.01378863 -0.24541099 -0.13891078
v 0.01286000 -0.24077588 -0.13319066
v 0.01254215 -0.23520608 -0.12820956
v 0.01141909 -0.22893744 -0.12543169
v 0.01127626 -0.22226975 -0.12482597
v 0.00763984 -0.21832991 -0.12598309
v 0.00593719 -0.20466510 -0.13871588
v 0.00147064 -0.20492663 -0.13959817
v 0.00617700 -0.21440607 -0.12881471
v 0.00810132 -0.21606411 -0.13073524
v 0.00446017 -0.21257263 -0.12577974
v -0.00062557 -0.21304740 -0.12484298
v 0.00957590 -0.21079009 -0.13572165
v 0.01179526 -0.20910510 -0.13826973
v 0.01034532 -0.20611054 -0.13857115
v 0.00827549 -0.21322550 -0.13329906
v 0.00651906 -0.21101542 -0.13158301
v 0.00460372 -0.20898103 -0.12950438
v -0.00063681 -0.20928429 -0.12968857
v 0.00805713 -0.20822390 -0.13455860
v 0.00491029 -0.20639452 -0.13399797
v 0.00037366 -0.20658424 -0.13475822
v 0.01303174 -0.28310262 -0.13414711
v -0.00549731 -0.24568907 -0.14028292
v -0.00511448 -0.25087162 -0.13554245
v -0.00470422 -0.23650936 -0.14895439
v -0.00525776 -0.24051976 -0.14516025
v -0.00356122 -0.23295502 -0.15234457
v 0.00225728 -0.22886931 -0.15555015
v -0.00102748 -0.23070988 -0.15441714
v -0.00458555 -0.23115488 -0.14514362
v -0.00528005 -0.23501954 -0.14122688
v -0.00326506 -0.22797291 -0.14809093
v 0.00064025 -0.22381017 -0.15299908
v -0.00150274 -0.22581023 -0.15076933
v -0.00124655 -0.25549083 -0.13202531
v -0.00542857 -0.24386383 -0.13101109
v -0.00411356 -0.24902017 -0.12534115
v -0.00510541 -0.23673696 -0.12876591
v -0.00424420 -0.23960013 -0.12345260
v -0.00447234 -0.23040129 -0.12758712
v -0.00432886 -0.23194348 -0.12315077
v -0.00516850 -0.23955133 -0.13631233
v -0.00551608 -0.23341323 -0.13365039
v -0.00508915 -0.22590484 -0.14275880
v -0.00552843 -0.22949263 -0.13843243
v -0.00361369 -0.22297282 -0.14574632
v -0.00012127 -0.21927344 -0.15040859
v -0.00189403 -0.22117492 -0.14834547
v -0.00531093 -0.22782357 -0.13187108
v -0.00453131 -0.22141273 -0.14057586
v -0.00545277 -0.22461632 -0.13640556
v -0.00329445 -0.21881821 -0.14381885
v -0.00136078 -0.21487829 -0.14925705
v -0.00261375 -0.21695172 -0.14689475
v -0.00459645 -0.22519656 -0.12742834
v -0.00420795 -0.22581110 -0.12404700
v -0.00525603 -0.22323138 -0.13089705
v -0.00412650 -0.21759160 -0.13897352
v -0.00518916 -0.22034098 -0.13506178
v -0.00280934 -0.21545720 -0.14218156
v -0.00224742 -0.21151583 -0.14752563
v -0.00240306 -0.21381616 -0.14505963
v -0.00493468 -0.22190885 -0.12761375
v -0.00502378 -0.22097399 -0.12569851
v -0.00211406 -0.20970852 -0.14437711
v -0.00214240 -0.21190966 -0.14354156
v -0.00232096 -0.21267766 -0.14117938
v -0.00354739 -0.21432547 -0.13787710
v -0.00483345 -0.21694309 -0.13402977
v -0.00517448 -0.21984530 -0.13028311
v -0.00559580 -0.21725020 -0.12913784
v -0.00320827 -0.21125721 -0.13747182
v -0.00504894 -0.21386758 -0.13322914
v -0.00220652 -0.20989274 -0.14108023
v 0.02261887 -0.25826419 -0.11617653
v 0.01927044 -0.26282299 -0.11210943
v 0.01545248 -0.26682581 -0.10837356
v 0.00292991 -0.27436229 -0.09989673
v 0.00738908 -0.27268912 -0.10197221
v -0.00158805 -0.27554186 -0.09814256
v -0.00639386 -0.27582343 -0.09658331
v 0.00980284 -0.24224642 -0.16909598
v 0.01050870 -0.24159759 -0.16528936
v 0.01055075 -0.23980328 -0.16173209
v 0.00945069 -0.23629079 -0.15855708
v 0.00797567 -0.23178362 -0.15610662
v 0.00548486 -0.22694867 -0.15552585
v 0.00344455 -0.22183219 -0.15403191
v 0.00215921 -0.21742030 -0.15142823
v 0.00075102 -0.21277925 -0.15056527
v -0.00079146 -0.20874781 -0.14900173
v -0.00172403 -0.20666159 -0.14486319
v -0.00229595 -0.20680777 -0.14076556
v -0.00292544 -0.20821038 -0.13651154
v -0.00509598 -0.21089792 -0.13171266
v -0.00567801 -0.21479855 -0.12670468
v -0.00469163 -0.21986646 -0.12269546
v -0.00315494 -0.22554257 -0.12043939
v -0.00274508 -0.23264591 -0.11899665
v 0.00129154 -0.24173590 -0.11926562
v 0.00307110 -0.25130454 -0.12343384
v 0.00542722 -0.25575119 -0.13184295
v 0.00831560 -0.25892576 -0.13967740
v 0.01187616 -0.26198384 -0.14790000
v 0.01220390 -0.26559695 -0.15562602
v 0.01347883 -0.27419238 -0.16677464
v 0.01430540 -0.27916827 -0.16209229
v 0.01460573 -0.28293975 -0.15582587
v 0.01203619 -0.28079263 -0.12693113
v 0.01101323 -0.27759575 -0.12018624
v 0.01061574 -0.27397111 -0.11268297
v 0.01152419 -0.27014320 -0.10491819
v 0.01274077 -0.26601328 -0.09687935
v -0.06030531 -0.20799939 -0.23604571
v -0.05653279 -0.21069623 -0.23560690
v -0.05853404 -0.21272036 -0.23388996
v -0.06202082 -0.20936847 -0.23471783
v -0.05520985 -0.20887556 -0.23706123
v -0.05900984 -0.20657229 -0.23724792
v -0.05429088 -0.21555164 -0.23297451
v -0.05216787 -0.21327845 -0.23495143
v -0.04743182 -0.21580376 -0.23533035
v -0.04994303 -0.21855327 -0.23262982
v -0.05124229 -0.21193573 -0.23735318
v -0.04642486 -0.21418303 -0.23824871
v -0.05433662 -0.20713378 -0.23790870
v -0.05816305 -0.20503705 -0.23784415
v -0.06257152 -0.20558186 -0.23631867
v -0.06371730 -0.20559886 -0.23473910
v -0.06155638 -0.20493607 -0.23771218
v -0.06380678 -0.20428854 -0.23679082
v -0.06281134 -0.20371691 -0.23792783
v -0.06496474 -0.20394946 -0.23541859
v -0.06112666 -0.21478126 -0.23246719
v -0.06424051 -0.21053469 -0.23359274
v -0.05054540 -0.21024175 -0.23875005
v -0.04616162 -0.21282690 -0.24048461
v -0.05746089 -0.21860184 -0.23161318
v -0.05311863 -0.22180725 -0.23086341
v -0.05402596 -0.20548130 -0.23809087
v -0.05795323 -0.20347793 -0.23782253
v -0.06062767 -0.20373140 -0.23813504
v -0.06233634 -0.20265780 -0.23817106
v -0.06463792 -0.20302978 -0.23729972
v -0.06440077 -0.20355252 -0.23722098
v -0.06568509 -0.20307776 -0.23599256
v -0.06598863 -0.20242217 -0.23652492
v -0.06415605 -0.20282076 -0.23770679
v -0.06365748 -0.20299936 -0.23797952
v -0.06540642 -0.20520736 -0.23369398
v -0.06675671 -0.20295123 -0.23481606
v -0.06408897 -0.21652388 -0.23121194
v -0.06696133 -0.21154512 -0.23254013
v -0.04334720 -0.21793699 -0.23587058
v -0.04527275 -0.22059322 -0.23280823
v -0.04257771 -0.21664621 -0.23929044
v -0.05012494 -0.20842930 -0.23920982
v -0.04598914 -0.21133479 -0.24154134
v -0.06055488 -0.22092368 -0.22950102
v -0.05621280 -0.22459073 -0.22859560
v -0.05413966 -0.20406093 -0.23756330
v -0.05819446 -0.20225172 -0.23720239
v -0.06063616 -0.20233251 -0.23776713
v -0.06272049 -0.20155033 -0.23789717
v -0.06455114 -0.20213299 -0.23780382
v -0.06361229 -0.20228109 -0.23789532
v -0.06478600 -0.20275371 -0.23730465
v -0.06437745 -0.20270840 -0.23754161
v -0.06600730 -0.20177861 -0.23718235
v -0.06747536 -0.20114288 -0.23605581
v -0.06787326 -0.20018873 -0.23724329
v -0.06850519 -0.20606990 -0.23357307
v -0.06962959 -0.20175223 -0.23468967
v -0.06723084 -0.21765804 -0.22917656
v -0.07013381 -0.21241666 -0.23101006
v -0.04011414 -0.22073118 -0.23730039
v -0.03657490 -0.22276759 -0.23901433
v -0.03741299 -0.22497799 -0.23581787
v -0.04095909 -0.22252182 -0.23385902
v -0.03932507 -0.21902288 -0.24065060
v -0.03585641 -0.22075375 -0.24188258
v -0.04219439 -0.21525073 -0.24165869
v -0.04830261 -0.22439804 -0.23084539
v -0.04997656 -0.20674850 -0.23867311
v -0.04592961 -0.20949252 -0.24149981
v -0.06345147 -0.22226528 -0.22669188
v -0.05911470 -0.22655343 -0.22531413
v -0.05452474 -0.20296950 -0.23658649
v -0.05875948 -0.20115503 -0.23639832
v -0.06120214 -0.20108558 -0.23738880
v -0.06387633 -0.20062470 -0.23774272
v -0.06594087 -0.20152503 -0.23807485
v -0.06466357 -0.20144907 -0.23793893
v -0.06498769 -0.20215075 -0.23757538
v -0.06479726 -0.20267257 -0.23739739
v -0.06442431 -0.20279492 -0.23728206
v -0.06606402 -0.20155952 -0.23760099
v -0.06817048 -0.19999531 -0.23830808
v -0.07042334 -0.19859576 -0.23626281
v -0.07134689 -0.19789261 -0.23797185
v -0.07221266 -0.20664419 -0.23265604
v -0.07416777 -0.20090238 -0.23387009
v -0.03880290 -0.21731840 -0.24302928
v -0.03546249 -0.21899068 -0.24427591
v -0.03905248 -0.22801976 -0.23223057
v -0.04338073 -0.22607330 -0.23119881
v -0.04178839 -0.21366663 -0.24299050
v -0.05132043 -0.22782456 -0.22841010
v -0.05003011 -0.20529159 -0.23741757
v -0.04586548 -0.20764047 -0.24032732
v -0.06208671 -0.20019402 -0.23681292
v -0.06486061 -0.20015107 -0.23722470
v -0.06583781 -0.20085061 -0.23771303
v -0.06698368 -0.20085393 -0.23764887
v -0.06653188 -0.20157885 -0.23784911
v -0.06506205 -0.20229746 -0.23720555
v -0.06488086 -0.20289182 -0.23766919
v -0.06438959 -0.20317101 -0.23732179
v -0.06618072 -0.20158920 -0.23817758
v -0.06840866 -0.20051946 -0.23934216
v -0.07137595 -0.19878885 -0.23953060
v -0.03302100 -0.22447825 -0.24020267
v -0.02936066 -0.22597173 -0.24097346
v -0.03039178 -0.22898197 -0.23858106
v -0.03396008 -0.22710727 -0.23738591
v -0.03234224 -0.22218369 -0.24258177
v -0.02870301 -0.22322981 -0.24281906
v -0.03848363 -0.21558104 -0.24494860
v -0.03533243 -0.21724787 -0.24633911
v -0.04179361 -0.23225382 -0.22912886
v -0.04635241 -0.23020715 -0.22870680
v -0.04160189 -0.21179211 -0.24302878
v -0.05412395 -0.23026789 -0.22460721
v -0.06662870 -0.20026666 -0.23721038
v -0.06769687 -0.20008887 -0.23724199
v -0.06754830 -0.20077511 -0.23760547
v -0.06635736 -0.20156703 -0.23733556
v -0.06485034 -0.20283213 -0.23706535
v -0.06464587 -0.20349643 -0.23826950
v -0.06594780 -0.20213012 -0.23927800
v -0.06393205 -0.20364609 -0.23750520
v -0.06299970 -0.20523704 -0.23816984
v -0.06401245 -0.20527778 -0.23941164
v -0.06282002 -0.20713958 -0.24048794
v -0.06153478 -0.20752794 -0.23910214
v -0.06534280 -0.20469200 -0.24080199
v -0.06427638 -0.20759449 -0.24265320
v -0.06831110 -0.20137502 -0.24057386
v -0.07121422 -0.20048802 -0.24109019
v -0.02647367 -0.23047891 -0.23959339
v -0.02551210 -0.22707700 -0.24139408
v -0.02157925 -0.22780930 -0.24131958
v -0.02229121 -0.23148517 -0.23982857
v -0.02494339 -0.22408490 -0.24274135
v -0.02111436 -0.22462352 -0.24246314
v -0.03191680 -0.22012173 -0.24455260
v -0.02836269 -0.22091226 -0.24441087
v -0.03174005 -0.23235978 -0.23503315
v -0.03525148 -0.23012661 -0.23347130
v -0.03824038 -0.21369718 -0.24549155
v -0.03519955 -0.21532541 -0.24742040
v -0.04430824 -0.23549439 -0.22439792
v -0.04911259 -0.23323186 -0.22454420
v -0.04150972 -0.20988980 -0.24205987
v -0.06825887 -0.19995380 -0.23734525
v -0.06734642 -0.20066858 -0.23728458
v -0.06576058 -0.20193641 -0.23709812
v -0.06400601 -0.20345512 -0.23705558
v -0.06253253 -0.20478472 -0.23715102
v -0.06069037 -0.20720571 -0.23792502
v -0.06789644 -0.20306933 -0.24177253
v -0.06699495 -0.20559312 -0.24354669
v -0.06561515 -0.20858622 -0.24590296
v -0.07071827 -0.20204995 -0.24267275
v -0.02102693 -0.22196574 -0.24350835
v -0.02473336 -0.22152440 -0.24397303
v -0.02789285 -0.23438658 -0.23646985
v -0.02331426 -0.23560671 -0.23702339
v -0.03164395 -0.21825007 -0.24601350
v -0.02821151 -0.21889018 -0.24565981
v -0.03365778 -0.23635746 -0.23074821
v -0.03771455 -0.23438681 -0.22988456
v -0.03794365 -0.21171767 -0.24478514
v -0.03496059 -0.21317438 -0.24712848
v -0.06818500 -0.19976228 -0.23734033
v -0.06659687 -0.20083317 -0.23711443
v -0.06457640 -0.20240782 -0.23694811
v -0.06274402 -0.20375384 -0.23665017
v -0.06048360 -0.20626403 -0.23694141
v -0.07013717 -0.20377868 -0.24435597
v -0.06911593 -0.20573272 -0.24636946
v -0.06783568 -0.20802081 -0.24890741
v -0.01305601 -0.23252270 -0.24116256
v -0.01275136 -0.22832576 -0.24264650
v -0.00779376 -0.22770871 -0.24313827
v -0.00832186 -0.23236154 -0.24142163
v -0.01262245 -0.22465191 -0.24315732
v -0.00763346 -0.22362160 -0.24357503
v -0.02115504 -0.21960992 -0.24423268
v -0.02475633 -0.21933694 -0.24498304
v -0.02933690 -0.23808182 -0.23158491
v -0.02460825 -0.23918260 -0.23176613
v -0.02810805 -0.21692275 -0.24622811
v -0.03167249 -0.21629749 -0.24714197
v -0.03530480 -0.23909208 -0.22490985
v -0.03976817 -0.23740162 -0.22453174
v -0.06736087 -0.19974409 -0.23734866
v -0.06553231 -0.20107036 -0.23695124
v -0.06354616 -0.20213413 -0.23651280
v -0.06077606 -0.20455942 -0.23628691
v -0.06230903 -0.21086714 -0.24477000
v -0.06079831 -0.21047969 -0.24186893
v -0.05928241 -0.21075010 -0.24000646
v -0.05761981 -0.21491624 -0.24399683
v -0.05594751 -0.21447045 -0.24169880
v -0.05935794 -0.21578119 -0.24758659
v -0.00253694 -0.22648082 -0.24355254
v -0.00333810 -0.23105518 -0.24150025
v -0.00256416 -0.22215456 -0.24356610
v -0.01270661 -0.22152449 -0.24309141
v -0.00780918 -0.22027124 -0.24313522
v -0.01368879 -0.23736381 -0.23781657
v -0.00863390 -0.23800240 -0.23851322
v -0.02482180 -0.21733038 -0.24546590
v -0.02140073 -0.21745351 -0.24448238
v -0.03078012 -0.24070320 -0.22542887
v -0.02604038 -0.24214203 -0.22572515
v -0.02812865 -0.21480172 -0.24617363
v -0.03160140 -0.21415781 -0.24711011
v -0.06635012 -0.19989192 -0.23727465
v -0.06473996 -0.20044452 -0.23702727
v -0.06117448 -0.20272744 -0.23635129
v -0.05817102 -0.21026482 -0.23885793
v -0.05485592 -0.21388324 -0.24001648
v -0.05381704 -0.22040445 -0.24540614
v -0.05190155 -0.21976401 -0.24255029
v -0.05547947 -0.22140161 -0.25017441
v -0.06380618 -0.21179890 -0.24877967
v -0.06083440 -0.21653915 -0.25247355
v -0.00291667 -0.21870437 -0.24283988
v -0.00319563 -0.23680130 -0.23850890
v -0.01305431 -0.21886187 -0.24281682
v -0.00828352 -0.21757014 -0.24238305
v -0.01454206 -0.24136740 -0.23216770
v -0.00928077 -0.24214791 -0.23276292
v -0.02173974 -0.21531174 -0.24422161
v -0.02492000 -0.21521357 -0.24539023
v -0.05797390 -0.20913212 -0.23745804
v -0.05426172 -0.21298259 -0.23857088
v -0.05077374 -0.21892452 -0.24062210
v -0.04947185 -0.22633323 -0.24712202
v -0.04788112 -0.22486609 -0.24375459
v -0.05063460 -0.22731714 -0.25268301
v -0.05669386 -0.22156962 -0.25606216
v -0.06568134 -0.21113380 -0.25244004
v -0.06188894 -0.21513606 -0.25690149
v -0.00339408 -0.21603855 -0.24183632
v -0.00366485 -0.24160239 -0.23305375
v -0.01364495 -0.21656289 -0.24216238
v -0.00891467 -0.21542663 -0.24124372
v -0.01569017 -0.24517467 -0.22589568
v -0.01010596 -0.24586178 -0.22623442
v -0.05791344 -0.20771272 -0.23655750
v -0.05413073 -0.21223587 -0.23742638
v -0.05029354 -0.21754605 -0.23934700
v -0.04721020 -0.22386870 -0.24124930
v -0.04466564 -0.23167853 -0.24849388
v -0.04335268 -0.22972407 -0.24457940
v -0.04546531 -0.23265167 -0.25473875
v -0.05153106 -0.22677567 -0.25933067
v -0.05694911 -0.21939948 -0.26151599
v -0.06703572 -0.20923950 -0.25585062
v -0.06990338 -0.20659584 -0.25165623
v -0.06299374 -0.21272155 -0.26101360
v -0.00389485 -0.21386403 -0.24063923
v -0.00449698 -0.24552328 -0.22649043
v -0.01437420 -0.21449923 -0.24104579
v -0.00971295 -0.21366896 -0.23965705
v -0.05778015 -0.20599711 -0.23632146
v -0.05450536 -0.21007918 -0.23649893
v -0.05018947 -0.21620642 -0.23812907
v -0.04638858 -0.22219802 -0.23987055
v -0.04246286 -0.22773881 -0.24200314
v -0.03929715 -0.23645910 -0.24971478
v -0.03863719 -0.23381896 -0.24508431
v -0.03992827 -0.23776712 -0.25652384
v -0.04571547 -0.23167498 -0.26225104
v -0.05139488 -0.22408441 -0.26593729
v -0.05774559 -0.21647974 -0.26660418
v -0.04987704 -0.21452575 -0.23697964
v -0.04576095 -0.22036810 -0.23845157
v -0.04183143 -0.22572212 -0.24024796
v -0.03801190 -0.23152166 -0.24215451
v -0.03989213 -0.23604273 -0.26487998
v -0.04513620 -0.22777830 -0.26966976
v -0.05189600 -0.22006463 -0.27170529
v -0.04505122 -0.21819405 -0.23703099
v -0.04110981 -0.22409761 -0.23846313
v -0.03728676 -0.22897159 -0.24027812
v -0.03340549 -0.23730859 -0.24563167
v -0.03350132 -0.24069452 -0.25050210
v -0.03891864 -0.23062269 -0.27288537
v -0.04536291 -0.22288154 -0.27615380
v -0.04009733 -0.22209605 -0.23650179
v -0.03660343 -0.22722376 -0.23829345
v -0.03340591 -0.23454010 -0.24257774
v -0.02751726 -0.24325542 -0.25126351
v -0.02130937 -0.24490663 -0.25167062
v -0.02101590 -0.24160898 -0.24628330
v -0.02751845 -0.23997545 -0.24594590
v -0.00787020 -0.24651835 -0.25113885
v -0.00756409 -0.24245009 -0.24522444
v -0.01450342 -0.24240542 -0.24594938
v -0.01486188 -0.24606199 -0.25143903
v -0.03413385 -0.24209294 -0.25792565
v -0.03879104 -0.22493807 -0.28009327
v -0.03559093 -0.22552037 -0.23563071
v -0.03286090 -0.23182461 -0.24035191
v -0.02122091 -0.23853862 -0.24268029
v -0.02771661 -0.23675205 -0.24256153
v -0.00768605 -0.23897005 -0.24180276
v -0.01471075 -0.23912066 -0.24253937
v -0.00078785 -0.24189339 -0.24439018
v -0.00053873 -0.24648679 -0.25056226
v -0.02807441 -0.24475844 -0.25890754
v -0.02230514 -0.24650484 -0.25939526
v -0.00828938 -0.24865824 -0.26037504
v -0.01577932 -0.24784727 -0.25988724
v -0.03413287 -0.23966349 -0.26658534
v -0.03220396 -0.23008176 -0.23764011
v -0.03128939 -0.22834153 -0.23488991
v -0.02152201 -0.23611107 -0.23949546
v -0.02761370 -0.23414202 -0.23990695
v -0.00806344 -0.23622743 -0.23888122
v -0.01494817 -0.23693568 -0.23900762
v -0.00105861 -0.23806812 -0.24129529
v 0.00709794 -0.24603500 -0.24950219
v 0.00662352 -0.24046498 -0.24384311
v -0.00040756 -0.24895053 -0.26039475
v -0.02820393 -0.24242668 -0.26769560
v -0.02259598 -0.24445878 -0.26866361
v -0.00865773 -0.24686398 -0.27077879
v -0.01620370 -0.24605322 -0.26968427
v -0.03294241 -0.23339445 -0.27531564
v -0.02157430 -0.23340565 -0.23711566
v -0.02741175 -0.23237020 -0.23708905
v -0.02134346 -0.23043559 -0.23527692
v -0.02675059 -0.23025442 -0.23454966
v -0.00872469 -0.23288010 -0.23719339
v -0.00938770 -0.22927363 -0.23677395
v -0.01542975 -0.22994261 -0.23618269
v -0.01524069 -0.23366993 -0.23708213
v -0.00132210 -0.23509480 -0.23900979
v 0.00613142 -0.23636395 -0.24083383
v -0.00039395 -0.24704877 -0.27125822
v -0.02708873 -0.23567453 -0.27687243
v -0.02096860 -0.23715744 -0.27774578
v -0.00753120 -0.23889623 -0.27909936
v -0.01465813 -0.23836000 -0.27853784
v -0.03213443 -0.22642390 -0.28321597
v -0.00188392 -0.23214361 -0.23703456
v -0.00295365 -0.22830356 -0.23702706
v 0.00556813 -0.23317272 -0.23858668
v 0.00786273 -0.24661564 -0.27074142
v 0.00753058 -0.24876516 -0.25966441
v 0.00039012 -0.23851724 -0.27908928
v -0.02555124 -0.22742689 -0.28529093
v -0.01898217 -0.22860580 -0.28576495
v -0.00597630 -0.22937827 -0.28616645
v -0.01270645 -0.22932710 -0.28581435
v 0.00472681 -0.22970727 -0.23722372
v 0.00800573 -0.23820938 -0.27928760
v 0.00141245 -0.22902249 -0.28710704
v 0.00867233 -0.22899501 -0.28758555
v -0.00456495 -0.21198661 -0.23913256
v -0.07692070 -0.19705981 -0.23524879
v 0.00347024 -0.22611340 -0.23722419
v -0.07712859 -0.19730804 -0.23722082
v -0.07581819 -0.19874335 -0.23944070
v -0.07179369 -0.20443278 -0.24840436
v -0.07405462 -0.20110051 -0.24385806
v -0.07482133 -0.19986244 -0.24170238
v -0.07312129 -0.20267002 -0.24595401
v -0.01832899 -0.21502896 -0.24270362
v -0.01773344 -0.21722285 -0.24331796
v -0.01731475 -0.21950416 -0.24346371
v -0.01705488 -0.22202555 -0.24318967
v -0.01704646 -0.22491392 -0.24264933
v -0.01737974 -0.22829966 -0.24173029
v -0.01784626 -0.23219880 -0.24028728
v -0.01855757 -0.23646488 -0.23725610
v -0.01965166 -0.24025580 -0.23186947
v -0.02100953 -0.24368750 -0.22578377
v 0.06380206 -0.20624553 -0.23281907
v 0.06516966 -0.20781399 -0.23168342
v 0.06051465 -0.21050027 -0.23209160
v 0.05964352 -0.20864074 -0.23359115
v 0.05891541 -0.20706275 -0.23517578
v 0.06288071 -0.20516730 -0.23432633
v 0.05564329 -0.21306492 -0.23297709
v 0.05010930 -0.21488656 -0.23424966
v 0.04938729 -0.21246496 -0.23584884
v 0.05516806 -0.21097770 -0.23474930
v 0.04868875 -0.21014984 -0.23677127
v 0.05445131 -0.20897776 -0.23620970
v 0.05838841 -0.20563699 -0.23649335
v 0.06258357 -0.20429361 -0.23596830
v 0.06788303 -0.20445546 -0.23378027
v 0.07127784 -0.20553334 -0.23364364
v 0.06666855 -0.20397895 -0.23515159
v 0.06902180 -0.20383996 -0.23544702
v 0.07164619 -0.20472062 -0.23516820
v 0.07493562 -0.20598720 -0.23541985
v 0.06642002 -0.20974171 -0.23030087
v 0.06165278 -0.21251634 -0.23051752
v 0.04801425 -0.20815173 -0.23713631
v 0.05367209 -0.20696273 -0.23703067
v 0.05653581 -0.21539048 -0.23112138
v 0.05097540 -0.21745041 -0.23182250
v 0.05824861 -0.20418880 -0.23684134
v 0.06263660 -0.20321403 -0.23650733
v 0.06619342 -0.20360283 -0.23655436
v 0.06803506 -0.20306397 -0.23642186
v 0.07386622 -0.20466810 -0.23592487
v 0.07614166 -0.20618698 -0.23561930
v 0.07624255 -0.20634406 -0.23539300
v 0.07371201 -0.20487530 -0.23574582
v 0.06965258 -0.20387337 -0.23573222
v 0.06975857 -0.20373273 -0.23578560
v 0.07367649 -0.20710018 -0.23333435
v 0.07628364 -0.20632185 -0.23497393
v 0.06818907 -0.21158187 -0.22884603
v 0.06304208 -0.21474834 -0.22815930
v 0.04433018 -0.21653074 -0.23552114
v 0.04348681 -0.21382643 -0.23714210
v 0.04269482 -0.21124891 -0.23734856
v 0.04760466 -0.20633367 -0.23695175
v 0.05331402 -0.20520554 -0.23700057
v 0.05765154 -0.21774287 -0.22808732
v 0.05222271 -0.22046135 -0.22862231
v 0.05842488 -0.20287485 -0.23631877
v 0.06289799 -0.20212487 -0.23621075
v 0.06579049 -0.20265191 -0.23670339
v 0.06750221 -0.20198382 -0.23631539
v 0.06871530 -0.20311225 -0.23600130
v 0.06899894 -0.20283730 -0.23572469
v 0.06954579 -0.20355968 -0.23592046
v 0.07245509 -0.20478397 -0.23599143
v 0.07520421 -0.20545599 -0.23590973
v 0.07625244 -0.20617294 -0.23560440
v 0.07644270 -0.20625633 -0.23531772
v 0.07390438 -0.20881425 -0.23106248
v 0.07678113 -0.20715435 -0.23392652
v 0.07008989 -0.21347860 -0.22655094
v 0.06456866 -0.21653041 -0.22469035
v 0.03847052 -0.21480772 -0.23777438
v 0.03939265 -0.21768624 -0.23621683
v 0.03409985 -0.21861825 -0.23693198
v 0.03344998 -0.21569610 -0.23833621
v 0.03282200 -0.21287090 -0.23880265
v 0.03753095 -0.21205289 -0.23810047
v 0.04207106 -0.20908022 -0.23729313
v 0.04508867 -0.21894043 -0.23224623
v 0.04758244 -0.20478969 -0.23610622
v 0.05338788 -0.20379689 -0.23620487
v 0.05857416 -0.21935297 -0.22364432
v 0.05296279 -0.22248812 -0.22370646
v 0.05879130 -0.20190295 -0.23539276
v 0.06303445 -0.20116416 -0.23544438
v 0.06583572 -0.20151851 -0.23638788
v 0.06723485 -0.20047626 -0.23630585
v 0.06826589 -0.20149264 -0.23594412
v 0.06870517 -0.20076348 -0.23526249
v 0.06905099 -0.20296623 -0.23528221
v 0.06940525 -0.20349707 -0.23593785
v 0.07152059 -0.20454345 -0.23620768
v 0.07505761 -0.20518175 -0.23645629
v 0.07547139 -0.20553981 -0.23625204
v 0.07591930 -0.20568523 -0.23625932
v 0.07645275 -0.20636863 -0.23510826
v 0.07468469 -0.21072992 -0.22898607
v 0.07660111 -0.20860299 -0.23156413
v 0.03223025 -0.21038534 -0.23870042
v 0.03682438 -0.20973844 -0.23802034
v 0.03983761 -0.22010975 -0.23310730
v 0.03477263 -0.22159398 -0.23415907
v 0.04167620 -0.20718352 -0.23698806
v 0.04665478 -0.22293762 -0.22972355
v 0.04791906 -0.20360894 -0.23476597
v 0.05374765 -0.20271188 -0.23498184
v 0.06578963 -0.20047207 -0.23594620
v 0.06701483 -0.19931233 -0.23553566
v 0.06796004 -0.19990261 -0.23510220
v 0.06850888 -0.19959898 -0.23422590
v 0.06874797 -0.20081362 -0.23446788
v 0.06893822 -0.20293427 -0.23519575
v 0.07112596 -0.20436462 -0.23668795
v 0.06911994 -0.20359940 -0.23622655
v 0.07425610 -0.20492337 -0.23691648
v 0.07550008 -0.20554650 -0.23680206
v 0.07583315 -0.20501619 -0.23747130
v 0.02883104 -0.21665601 -0.23926059
v 0.02943974 -0.21990205 -0.23796274
v 0.02479124 -0.22169740 -0.23846800
v 0.02424745 -0.21761633 -0.24043571
v 0.02359647 -0.21369096 -0.24144274
v 0.02836159 -0.21357891 -0.23967040
v 0.03178718 -0.20833783 -0.23802601
v 0.03628677 -0.20777946 -0.23744542
v 0.04110879 -0.22447202 -0.23029635
v 0.03597782 -0.22617825 -0.23055621
v 0.04161673 -0.20561884 -0.23614811
v 0.04747247 -0.22569541 -0.22442266
v 0.06780953 -0.19889737 -0.23428330
v 0.06841005 -0.19847354 -0.23347460
v 0.06869511 -0.19936699 -0.23369849
v 0.06859115 -0.20072101 -0.23434843
v 0.06850782 -0.20311799 -0.23542504
v 0.07050951 -0.20427587 -0.23742522
v 0.07346603 -0.20474322 -0.23769924
v 0.06860885 -0.20388359 -0.23676167
v 0.06774346 -0.20441145 -0.23752799
v 0.06626985 -0.20546982 -0.23848584
v 0.06806858 -0.20570732 -0.23967645
v 0.06954915 -0.20465241 -0.23841926
v 0.07027716 -0.20621618 -0.24108318
v 0.07223963 -0.20513939 -0.23896570
v 0.07482496 -0.20505107 -0.23794548
v 0.07598801 -0.20506141 -0.23905985
v 0.01999831 -0.22368468 -0.23910211
v 0.01567810 -0.22517798 -0.23963511
v 0.01572424 -0.22047716 -0.24103720
v 0.01981886 -0.21915732 -0.24056902
v 0.01592092 -0.21603961 -0.24113701
v 0.01995861 -0.21486431 -0.24075702
v 0.02364120 -0.21116794 -0.24013473
v 0.02794328 -0.21096108 -0.23938030
v 0.03009706 -0.22343100 -0.23514136
v 0.02560885 -0.22571241 -0.23567514
v 0.03175880 -0.20665233 -0.23686670
v 0.03616765 -0.20619424 -0.23645422
v 0.04214022 -0.22817732 -0.22511646
v 0.03717089 -0.23056668 -0.22549035
v 0.04201992 -0.20441181 -0.23481245
v 0.06879031 -0.19815678 -0.23314880
v 0.06850816 -0.19922843 -0.23366555
v 0.06801079 -0.20109725 -0.23430322
v 0.06796336 -0.20349824 -0.23577214
v 0.06675380 -0.20395818 -0.23650630
v 0.06482586 -0.20522824 -0.23734884
v 0.07401454 -0.20514184 -0.23933253
v 0.07112213 -0.20737111 -0.24402646
v 0.07312661 -0.20557618 -0.24125395
v 0.07581995 -0.20528580 -0.24067661
v 0.01578264 -0.21288578 -0.23947538
v 0.02002531 -0.21202248 -0.23943197
v 0.02116797 -0.22797456 -0.23625291
v 0.01684856 -0.22987971 -0.23697881
v 0.02359145 -0.20910117 -0.23882738
v 0.02752662 -0.20879945 -0.23849383
v 0.03124396 -0.22813555 -0.23102441
v 0.02659100 -0.23010925 -0.23143652
v 0.03178353 -0.20533273 -0.23531003
v 0.03640719 -0.20494397 -0.23502611
v 0.06876275 -0.19794280 -0.23329512
v 0.06788514 -0.19954175 -0.23366392
v 0.06743248 -0.20192096 -0.23454287
v 0.06627637 -0.20319150 -0.23535577
v 0.06409074 -0.20442476 -0.23618701
v 0.07492631 -0.20562909 -0.24252090
v 0.07290607 -0.20741409 -0.24771464
v 0.07402952 -0.20642085 -0.24477641
v 0.00759826 -0.22817013 -0.24108898
v 0.00255429 -0.22957742 -0.24163745
v 0.00287096 -0.22486137 -0.24320301
v 0.00757077 -0.22340490 -0.24242655
v 0.00263571 -0.22053352 -0.24301345
v 0.00730778 -0.21905784 -0.24226570
v 0.01563123 -0.21008882 -0.23847882
v 0.01984784 -0.20957963 -0.23893545
v 0.02190439 -0.23214790 -0.23160597
v 0.01722335 -0.23393242 -0.23218129
v 0.02370763 -0.20712564 -0.23751151
v 0.02768328 -0.20699761 -0.23723102
v 0.03249694 -0.23263403 -0.22598457
v 0.02782799 -0.23431423 -0.22638745
v 0.06817887 -0.19819718 -0.23344002
v 0.06728617 -0.20012193 -0.23396909
v 0.06611624 -0.20138790 -0.23434461
v 0.06395797 -0.20281923 -0.23537398
v 0.06788299 -0.20854674 -0.24318151
v 0.06593307 -0.20776788 -0.24099426
v 0.06404324 -0.20744510 -0.23939053
v 0.06056218 -0.21043226 -0.24064414
v 0.06317187 -0.21082185 -0.24253407
v 0.06496813 -0.21181885 -0.24599534
v 0.00220456 -0.21701991 -0.24229454
v 0.00698366 -0.21539897 -0.24157546
v 0.00762573 -0.23338915 -0.23817305
v 0.00244756 -0.23504174 -0.23847395
v 0.01574099 -0.20769360 -0.23773707
v 0.01980076 -0.20736622 -0.23793402
v 0.02292532 -0.23592486 -0.22660273
v 0.01790341 -0.23797440 -0.22698578
v 0.02380982 -0.20550543 -0.23584082
v 0.02772514 -0.20553727 -0.23560303
v 0.06758577 -0.19852883 -0.23382018
v 0.06464994 -0.20122946 -0.23493161
v 0.06670553 -0.19934930 -0.23426983
v 0.06209263 -0.20714892 -0.23796459
v 0.05882891 -0.21001060 -0.23893370
v 0.05753521 -0.21417238 -0.24175815
v 0.05979447 -0.21515779 -0.24460483
v 0.06124446 -0.21627947 -0.24923976
v 0.06927394 -0.20937454 -0.24706552
v 0.06632963 -0.21231164 -0.25075627
v 0.00168251 -0.21415864 -0.24145417
v 0.00661950 -0.21238425 -0.24068082
v 0.00728741 -0.23773667 -0.23320327
v 0.00194251 -0.23992114 -0.23324408
v 0.01580703 -0.20589434 -0.23625064
v 0.01990996 -0.20558545 -0.23615794
v 0.06095760 -0.20613795 -0.23669205
v 0.05766874 -0.20896457 -0.23764253
v 0.05582809 -0.21346555 -0.23972775
v 0.05393853 -0.21784006 -0.24250920
v 0.05602319 -0.21928135 -0.24619101
v 0.05759995 -0.22050573 -0.25172273
v 0.06246597 -0.21605715 -0.25480493
v 0.07096949 -0.20914113 -0.25132403
v 0.06769722 -0.21154337 -0.25581992
v 0.00117668 -0.21178489 -0.24032602
v 0.00631472 -0.20987731 -0.23937857
v 0.00676101 -0.24204547 -0.22683775
v 0.00111908 -0.24396224 -0.22661277
v 0.06082731 -0.20468594 -0.23624281
v 0.05681368 -0.20721255 -0.23725081
v 0.05459190 -0.21228468 -0.23819295
v 0.05219186 -0.21649921 -0.24005222
v 0.04967653 -0.22047056 -0.24360532
v 0.05176871 -0.22265533 -0.24756081
v 0.05344295 -0.22476389 -0.25370117
v 0.05824636 -0.21984210 -0.25847950
v 0.06370446 -0.21470315 -0.26054204
v 0.07309524 -0.20757964 -0.25494933
v 0.07538714 -0.20617435 -0.25054415
v 0.06976099 -0.20953488 -0.25992925
v 0.00062275 -0.20992586 -0.23866527
v 0.00599172 -0.20774687 -0.23767732
v 0.06100920 -0.20303554 -0.23675027
v 0.05672604 -0.20516999 -0.23849634
v 0.05343223 -0.21007797 -0.23731068
v 0.05080196 -0.21486417 -0.23865903
v 0.04796757 -0.21867804 -0.24105255
v 0.04542720 -0.22368409 -0.24389684
v 0.04716058 -0.22604805 -0.24805951
v 0.04845034 -0.22856363 -0.25474774
v 0.05352026 -0.22385047 -0.26135459
v 0.05897107 -0.21807377 -0.26492718
v 0.06561402 -0.21217066 -0.26545366
v 0.05281516 -0.20761845 -0.23836351
v 0.04948113 -0.21244579 -0.23844144
v 0.04664087 -0.21702212 -0.23935887
v 0.04387876 -0.22138488 -0.24145850
v 0.04828939 -0.22776600 -0.26338791
v 0.05361203 -0.22143687 -0.26861425
v 0.06066777 -0.21497531 -0.27069610
v 0.04890902 -0.20981510 -0.23942034
v 0.04513117 -0.21468235 -0.23913433
v 0.04264570 -0.21919551 -0.23986856
v 0.04091598 -0.22635605 -0.24384879
v 0.04234529 -0.22930361 -0.24805818
v 0.04780973 -0.22454282 -0.27151336
v 0.05518218 -0.21770835 -0.27522016
v 0.04394767 -0.21191134 -0.24061523
v 0.04112457 -0.21669871 -0.23930167
v 0.03974558 -0.22356966 -0.24153039
v 0.03752927 -0.23273937 -0.24796001
v 0.03642008 -0.22923654 -0.24357637
v 0.03144196 -0.23200529 -0.24348527
v 0.03241174 -0.23617333 -0.24800156
v 0.02124009 -0.24258670 -0.24769468
v 0.02708828 -0.23939500 -0.24783610
v 0.02604568 -0.23451256 -0.24344426
v 0.02030081 -0.23714921 -0.24303808
v 0.04341238 -0.23235520 -0.25518856
v 0.04936386 -0.22014814 -0.27890405
v 0.03951193 -0.21376391 -0.24042320
v 0.03880274 -0.22106275 -0.24002761
v 0.03551214 -0.22583580 -0.24130790
v 0.03074674 -0.22824537 -0.24086218
v 0.02531850 -0.23045332 -0.24075518
v 0.01966848 -0.23210340 -0.24013597
v 0.01372564 -0.23983761 -0.24326795
v 0.01445864 -0.24507782 -0.24835928
v 0.03843179 -0.23602665 -0.25548953
v 0.03334452 -0.23980974 -0.25606091
v 0.02178943 -0.24639689 -0.25761454
v 0.02786052 -0.24342558 -0.25678437
v 0.04279782 -0.23184424 -0.26474881
v 0.03552859 -0.21558178 -0.23964818
v 0.03748566 -0.21866175 -0.23882576
v 0.03481412 -0.22309030 -0.23984774
v 0.03005778 -0.22494179 -0.23932401
v 0.02473873 -0.22701349 -0.23870267
v 0.01934112 -0.22884940 -0.23694946
v 0.01316052 -0.23533554 -0.24059122
v 0.01501544 -0.24803294 -0.25864425
v 0.03750928 -0.23559362 -0.26558831
v 0.03247064 -0.23872903 -0.26628958
v 0.02167256 -0.24373572 -0.26835288
v 0.02721668 -0.24146369 -0.26719084
v 0.04192762 -0.22752702 -0.27367806
v 0.03365009 -0.22053638 -0.23841801
v 0.02881731 -0.22185439 -0.23856858
v 0.03149341 -0.21731995 -0.23934156
v 0.02680949 -0.21878996 -0.23946215
v 0.01814229 -0.22566555 -0.23618785
v 0.02353768 -0.22366670 -0.23795813
v 0.02177760 -0.22055606 -0.23894311
v 0.01648124 -0.22230903 -0.23778245
v 0.01270331 -0.23189005 -0.23811589
v 0.01532293 -0.24540102 -0.26966214
v 0.03650320 -0.23036693 -0.27487650
v 0.03143234 -0.23293382 -0.27549991
v 0.02107479 -0.23689962 -0.27776705
v 0.02637310 -0.23516891 -0.27646713
v 0.04342331 -0.22228846 -0.28184070
v 0.01025063 -0.22393691 -0.23724124
v 0.01175611 -0.22787718 -0.23673745
v 0.01505349 -0.23775775 -0.27871047
v 0.03757731 -0.22430331 -0.28392578
v 0.03187573 -0.22645146 -0.28468881
v 0.02074705 -0.22903326 -0.28569351
v 0.02632146 -0.22796139 -0.28514279
v 0.01506930 -0.22950887 -0.28656888
v 0.07747882 -0.20725428 -0.23390154
v 0.07826817 -0.20614840 -0.23587770
v 0.07864402 -0.20543305 -0.23799701
v 0.07685972 -0.20539083 -0.24728408
v 0.07863585 -0.20501226 -0.24021767
v 0.07821724 -0.20480558 -0.24244749
v 0.07768874 -0.20501404 -0.24472846
v 0.01122749 -0.20594686 -0.23675372
v 0.01131787 -0.20713881 -0.23847151
v 0.01134008 -0.21018617 -0.23941688
v 0.01153383 -0.21384044 -0.24048124
v 0.01179625 -0.21748317 -0.24152287
v 0.01185001 -0.22187647 -0.24145561
v 0.01173723 -0.22680637 -0.24009024
v 0.01233601 -0.23182515 -0.23755982
v 0.01233062 -0.23571498 -0.23274739
v 0.01252326 -0.24019322 -0.22722354
v 0.20459554 -0.01812623 -0.11012911
v 0.20390909 -0.02533907 -0.11589348
v 0.20168376 -0.02211901 -0.12695677
v 0.20260683 -0.01537652 -0.11940208
v 0.19891110 -0.01753040 -0.13766666
v 0.20019357 -0.01166814 -0.12779180
v 0.20270152 -0.00994464 -0.11286385
v 0.20460575 -0.01207609 -0.10505294
v 0.20582829 -0.01353806 -0.09694960
v 0.20613888 -0.01998543 -0.10069680
v 0.20069764 -0.00698559 -0.12007365
v 0.20248845 -0.00546296 -0.10733067
v 0.20399522 -0.00717802 -0.10068751
v 0.20476803 -0.00807953 -0.09408477
v 0.20079866 -0.00291796 -0.11375684
v 0.20272674 -0.00187287 -0.10267459
v 0.20397725 -0.00319409 -0.09717781
v 0.20376952 0.00146341 -0.09820686
v 0.20417654 0.00045968 -0.09386917
v 0.20558714 -0.00795610 -0.08754695
v 0.20662198 -0.01409380 -0.08835347
v 0.20474481 -0.00360226 -0.09192037
v 0.20432907 0.00007248 -0.08995302
v 0.20132436 0.00044909 -0.10823358
v 0.20295120 0.00341815 -0.10278309
v 0.20535518 -0.00328190 -0.08720449
v 0.20455614 0.00014988 -0.08675763
v 0.20565308 0.03004894 -0.11525674
v 0.21202591 0.03360212 -0.10757350
v 0.21823171 0.03961741 -0.11429462
v 0.21199741 0.03306857 -0.12013498
v 0.20958192 -0.00104236 -0.07301641
v 0.21116960 0.00053520 -0.07120476
v 0.21184060 -0.00129366 -0.06834591
v 0.21020797 -0.00324956 -0.06960347
v 0.22251788 0.04594721 -0.10501046
v 0.21560246 0.03962779 -0.09738308
v 0.22680176 0.03667881 -0.11678249
v 0.21750657 0.02847599 -0.12180744
v 0.22062414 0.02411636 -0.11813784
v 0.21155843 0.01922451 -0.12093697
v 0.20817532 0.02312761 -0.12324208
v 0.21175358 0.01297440 -0.09934021
v 0.21675086 0.01500157 -0.09283676
v 0.21284726 0.01360834 -0.08745134
v 0.21050080 0.01060802 -0.09484903
v 0.21663655 -0.00686673 0.02093827
v 0.21711323 0.00006998 0.02711458
v 0.21441158 -0.00172919 0.02934069
v 0.21491041 -0.00872122 0.02357509
v 0.21738276 -0.00055318 -0.05015056
v 0.21728730 0.00244741 -0.04919244
v 0.21764819 0.00263003 -0.04358136
v 0.21748257 0.00009368 -0.04584217
v 0.21804202 -0.00084804 -0.05766478
v 0.21557859 0.00029260 -0.06437240
v 0.21524916 0.00282408 -0.06517210
v 0.21797114 0.00302644 -0.05748845
v 0.20825491 0.00188901 -0.07542885
v 0.20914133 0.00278829 -0.07313985
v 0.20479039 0.00339683 -0.07654351
v 0.20502766 0.00400772 -0.07410034
v 0.21722881 0.04680226 -0.08768238
v 0.22364722 0.05180533 -0.09271118
v 0.23103741 0.04485263 -0.10650984
v 0.22927834 0.03260601 -0.11187176
v 0.21982094 0.02075506 -0.10462617
v 0.21320128 0.01561111 -0.10963880
v 0.21346503 0.01620582 -0.11583615
v 0.22143043 0.02182589 -0.11197107
v 0.21242586 0.01500002 -0.10412304
v 0.21850728 0.01822552 -0.09859551
v 0.20767967 0.01023762 -0.09124632
v 0.20779186 0.01570291 -0.08499175
v 0.20332451 0.01776089 -0.08505466
v 0.20420391 0.01073544 -0.08905001
v 0.21945381 0.00586057 0.03227319
v 0.22314159 0.01243157 0.03714205
v 0.21806159 0.01139112 0.03710852
v 0.21521473 0.00498361 0.03384052
v 0.21448775 0.00495164 -0.04858250
v 0.21465735 0.00722039 -0.04101026
v 0.21293684 0.00489515 -0.06583803
v 0.21498828 0.00575258 -0.05764607
v 0.20852329 0.00597716 -0.06622162
v 0.21047443 0.00641450 -0.05835249
v 0.23072093 0.04979402 -0.09280720
v 0.21983960 0.05339576 -0.07648025
v 0.22327890 0.05850696 -0.06528954
v 0.23214517 0.05837794 -0.06679444
v 0.22742354 0.05667481 -0.07928765
v 0.23252083 0.04037053 -0.10167823
v 0.22787553 0.02968632 -0.10460775
v 0.22610034 0.02694916 -0.09758244
v 0.21873796 0.02235682 -0.08480091
v 0.21212390 0.02260931 -0.07956155
v 0.21960935 0.01721903 0.03896914
v 0.22575183 0.01924652 0.04198825
v 0.21611627 -0.00723078 -0.01410091
v 0.21232782 -0.00073555 -0.01167206
v 0.21098916 -0.00139722 -0.00285005
v 0.21388643 -0.00418037 -0.00214371
v 0.21254643 -0.00076366 -0.02111280
v 0.21070635 0.00299066 -0.01852914
v 0.20824517 0.01122288 -0.02145507
v 0.20494152 0.01415842 -0.02213981
v 0.20213517 0.01001224 -0.01901298
v 0.20683936 0.00636742 -0.01811143
v 0.21117707 0.00745245 -0.02306339
v 0.23864155 0.05483925 -0.06670339
v 0.23575658 0.05277720 -0.08046315
v 0.23208218 0.04532877 -0.08898921
v 0.22579131 0.06162999 -0.05357744
v 0.22792456 0.06231713 -0.04147083
v 0.23616621 0.06211385 -0.04307482
v 0.23485828 0.06120742 -0.05496581
v 0.22962082 0.03679938 -0.09569865
v 0.22756782 0.03368676 -0.09003853
v 0.22379889 0.02408327 -0.09109380
v 0.20663891 0.02499892 -0.07883536
v 0.20248404 0.02658239 -0.08053389
v 0.21988471 0.03062556 -0.08003551
v 0.21328275 0.03200474 -0.07674148
v 0.21705545 0.00064774 0.01560137
v 0.22105586 0.00512033 0.02178829
v 0.22012622 0.00212756 0.02425341
v 0.21776585 -0.00344226 0.01792243
v 0.21183781 -0.00017343 0.00595570
v 0.21469919 -0.00298865 0.00698663
v 0.20717468 0.00193982 -0.01251007
v 0.20076166 0.00557013 -0.01424945
v 0.20381383 0.00502371 -0.00647686
v 0.20783109 0.00074384 -0.00408950
v 0.20335147 0.00554978 -0.06669929
v 0.20611670 0.00549791 -0.05920655
v 0.23758352 0.05065729 -0.06456803
v 0.23639180 0.04792854 -0.07828926
v 0.24225773 0.05908873 -0.04306210
v 0.24130262 0.05714039 -0.05486451
v 0.23071660 0.04205133 -0.08466508
v 0.22739828 0.04012248 -0.08057114
v 0.22850671 0.06182140 -0.02983038
v 0.23292047 0.06877143 -0.01441141
v 0.23866455 0.07122361 -0.01620069
v 0.23653386 0.06586914 -0.03132276
v 0.22569550 0.03098765 -0.08454681
v 0.20760142 0.03425599 -0.07594981
v 0.20244283 0.03618736 -0.07724549
v 0.21793818 0.03949965 -0.07428093
v 0.21332193 0.04103739 -0.07437589
v 0.22840012 0.01330578 0.03600556
v 0.23109934 0.02154855 0.04241660
v 0.22612339 0.00974397 0.02688708
v 0.23130992 0.01591346 0.03336180
v 0.22383596 0.00707743 0.03001054
v 0.21471015 0.00353542 0.01467107
v 0.22001505 0.00816525 0.02064286
v 0.20802373 0.00530800 0.00186865
v 0.20980094 0.00154773 0.00484319
v 0.20109395 0.01693092 -0.02305843
v 0.19765720 0.01417013 -0.01888185
v 0.24189481 0.05536055 -0.04258074
v 0.24005842 0.05356926 -0.05385166
v 0.23379096 0.04969815 -0.06294063
v 0.22986775 0.05111506 -0.06265779
v 0.22810724 0.04586987 -0.07221448
v 0.23300532 0.04582090 -0.07522894
v 0.24331505 0.06866924 -0.01725921
v 0.24316534 0.06371250 -0.03097114
v 0.23492322 0.07446370 -0.00200709
v 0.23061007 0.06926458 -0.00195077
v 0.22272419 0.03931905 -0.07663512
v 0.20855724 0.04303390 -0.07455308
v 0.20278889 0.04437926 -0.07388952
v 0.21778418 0.05252114 -0.06319961
v 0.21565733 0.04840196 -0.07061814
v 0.21979827 0.04692040 -0.07026801
v 0.22165010 0.05216008 -0.06312480
v 0.21304138 0.05283042 -0.06241085
v 0.21055519 0.04988624 -0.06990944
v 0.23422542 0.03250893 0.04843630
v 0.22856221 0.02729824 0.04481647
v 0.23391174 0.02391159 0.04029959
v 0.22542559 0.01293572 0.02491348
v 0.22985511 0.01907108 0.03100699
v 0.20966357 0.00852736 0.00974384
v 0.21366605 0.01300871 0.01555673
v 0.21761009 0.01083227 0.01928931
v 0.21225684 0.00550742 0.01363952
v 0.19683774 0.01522939 -0.00693551
v 0.19981211 0.01024436 -0.00698934
v 0.19591198 0.01151611 -0.01283688
v 0.19418256 0.01613642 -0.01227228
v 0.20766544 0.02741329 -0.03955171
v 0.20924105 0.02949801 -0.03880676
v 0.21230206 0.02735107 -0.03613404
v 0.21181359 0.02470148 -0.03750161
v 0.23234663 0.05472991 -0.05338408
v 0.23648810 0.05340540 -0.05326696
v 0.24438618 0.06417014 -0.01714144
v 0.24302586 0.05925092 -0.03031803
v 0.23884259 0.07171727 -0.00534995
v 0.23281768 0.07087080 0.02046403
v 0.23124079 0.07401655 0.01480632
v 0.22939414 0.06727818 0.00866195
v 0.22959330 0.06405044 0.01731418
v 0.22358709 0.04598567 -0.07036280
v 0.22578256 0.05195993 -0.06307393
v 0.20735019 0.05256357 -0.06048722
v 0.20416500 0.05031548 -0.06809476
v 0.20144182 0.05018838 -0.05717181
v 0.19834410 0.04866428 -0.06441364
v 0.22301585 0.05492965 -0.05442084
v 0.21956083 0.05432998 -0.05517343
v 0.23039922 0.05462091 0.03387065
v 0.23624284 0.06053380 0.03504771
v 0.23477733 0.06740915 0.02702188
v 0.22987120 0.06070596 0.02605851
v 0.23618104 0.04160753 0.04739604
v 0.23726541 0.05183463 0.04260639
v 0.23077959 0.04604576 0.03999148
v 0.22987777 0.03660596 0.04355087
v 0.23892366 0.03561208 0.04816994
v 0.23313932 0.02607623 0.03661278
v 0.21518705 0.01790974 0.02181224
v 0.21420698 0.02220712 0.02702849
v 0.22389487 0.02100098 0.03012453
v 0.22129520 0.01555460 0.02445908
v 0.20151087 0.01563719 -0.00376946
v 0.20449386 0.01019553 -0.00125873
v 0.20871619 0.02790753 -0.02967142
v 0.21002366 0.03035729 -0.03274038
v 0.20825937 0.03130837 -0.03134637
v 0.20637848 0.02903703 -0.02886321
v 0.20458543 0.03062081 -0.04120861
v 0.20640208 0.03179832 -0.04045872
v 0.20991616 0.03234215 -0.03598262
v 0.20905501 0.03323093 -0.03392356
v 0.24124236 0.06075779 -0.01811593
v 0.23569288 0.05869350 -0.02041909
v 0.23537236 0.05695976 -0.03147621
v 0.23994205 0.05722873 -0.03053925
v 0.23955244 0.06733369 -0.00665563
v 0.23683077 0.07327751 0.01798903
v 0.23508723 0.07528297 0.01084597
v 0.22750996 0.05544026 -0.05381157
v 0.19852403 0.03907527 -0.04614532
v 0.19956148 0.04168060 -0.04694454
v 0.20100075 0.04030455 -0.04522690
v 0.20086750 0.03871964 -0.04436633
v 0.20239062 0.04047709 -0.04464376
v 0.20272161 0.03883345 -0.04344420
v 0.21550884 0.05322041 -0.05532568
v 0.21047913 0.05175295 -0.05405681
v 0.22508447 0.05629532 -0.02568921
v 0.22081836 0.05621697 -0.02775802
v 0.22129785 0.05740417 -0.03680204
v 0.22540732 0.05770619 -0.03529909
v 0.21649321 0.05606020 -0.02979077
v 0.21742004 0.05563215 -0.03855764
v 0.24023171 0.06122546 0.03169531
v 0.23918278 0.06826924 0.02476722
v 0.24077699 0.04315681 0.04525958
v 0.24122848 0.05236372 0.03949245
v 0.23866724 0.03526879 0.04259251
v 0.21403293 0.02794209 0.03052730
v 0.22683331 0.02747354 0.03417207
v 0.20978439 0.01793446 0.00545004
v 0.21141988 0.01540649 0.01060394
v 0.20847133 0.01208582 0.00490466
v 0.20643277 0.01658916 0.00093090
v 0.19990161 0.01994383 -0.00447119
v 0.19573694 0.01891367 -0.00687349
v 0.20860963 0.03405083 -0.03811802
v 0.20886918 0.03493521 -0.03617628
v 0.20688471 0.03631636 -0.03149300
v 0.20619842 0.03458624 -0.03019175
v 0.20744388 0.03398425 -0.03169343
v 0.20805195 0.03573478 -0.03346211
v 0.23394476 0.06043625 -0.01001129
v 0.23724922 0.06375604 -0.00778824
v 0.23711112 0.06988253 0.01495296
v 0.23642789 0.07106533 0.00729761
v 0.22999257 0.05733082 -0.02322111
v 0.23002432 0.05760211 -0.03348663
v 0.20541259 0.04954690 -0.05204292
v 0.20236062 0.04570160 -0.04885693
v 0.19729674 0.04496824 -0.05188683
v 0.20208637 0.04247716 -0.04626178
v 0.20740560 0.04111650 -0.04144722
v 0.20563556 0.03993940 -0.04247984
v 0.20438920 0.04173682 -0.04449841
v 0.20658771 0.04433553 -0.04485897
v 0.21006902 0.04490348 -0.04009329
v 0.20960442 0.04531294 -0.03455965
v 0.20862932 0.04243382 -0.03432395
v 0.20894941 0.04184877 -0.03845311
v 0.21271149 0.05298068 -0.03234105
v 0.21400758 0.05199767 -0.04005280
v 0.21074880 0.04896634 -0.03396485
v 0.21157321 0.04826002 -0.04079173
v 0.21964009 0.05338170 -0.02065063
v 0.22426329 0.05475023 -0.01773353
v 0.23934610 0.05891789 0.02806305
v 0.23862690 0.06545134 0.02158579
v 0.24045473 0.04227725 0.04029651
v 0.23975332 0.05089500 0.03466724
v 0.21771188 0.03511993 0.03173758
v 0.23073807 0.03473100 0.03701663
v 0.21051811 0.02701816 0.01307751
v 0.21238960 0.02485099 0.02043255
v 0.21189339 0.02031007 0.01631686
v 0.20971641 0.02198109 0.00973463
v 0.20313022 0.02160185 -0.00196540
v 0.20451592 0.02294599 0.00147144
v 0.19763638 0.02789594 -0.00646305
v 0.20120612 0.02612845 -0.00297862
v 0.20006726 0.02405655 -0.00419626
v 0.19661985 0.02523918 -0.00682425
v 0.19578089 0.02850257 -0.01091868
v 0.19465917 0.02542622 -0.01156214
v 0.19491104 0.02583853 -0.01647080
v 0.19560246 0.02872704 -0.01565911
v 0.20476986 0.03501227 -0.02854397
v 0.20562072 0.03668750 -0.02946648
v 0.22937658 0.06150650 0.00705851
v 0.23172606 0.06200759 -0.00109355
v 0.23498373 0.06656646 0.00325063
v 0.23435254 0.06616069 0.01192781
v 0.22913302 0.05768662 -0.01371422
v 0.20811371 0.04565964 -0.02965338
v 0.20733268 0.04285962 -0.03043813
v 0.22287162 0.05413861 -0.01027515
v 0.22068499 0.05298200 -0.00386500
v 0.21679311 0.05033431 -0.00884034
v 0.21839644 0.05184236 -0.01435949
v 0.23456555 0.05711195 0.02563781
v 0.22437754 0.05462978 0.02096053
v 0.22683053 0.05898889 0.01395083
v 0.23419709 0.06301990 0.01898435
v 0.22131617 0.04203078 0.03057124
v 0.22227141 0.04875461 0.02710391
v 0.23382526 0.04980492 0.03188006
v 0.23396614 0.04181993 0.03599664
v 0.21127158 0.03146810 0.01468197
v 0.21162134 0.02971804 0.02287850
v 0.20512497 0.02924644 0.00562618
v 0.20470245 0.02549782 0.00435140
v 0.19969234 0.03299333 -0.00594931
v 0.20327502 0.03098926 -0.00211592
v 0.20210638 0.02845753 -0.00220862
v 0.19862973 0.03052443 -0.00614038
v 0.19814055 0.03373375 -0.01033452
v 0.19692819 0.03144273 -0.01053035
v 0.19667931 0.03166936 -0.01481488
v 0.19789329 0.03395327 -0.01427489
v 0.20411957 0.03698783 -0.02709404
v 0.20280665 0.03721515 -0.02457087
v 0.20196586 0.03550920 -0.02430980
v 0.20330238 0.03532857 -0.02660071
v 0.22490869 0.05704298 0.00171372
v 0.22736442 0.05783911 -0.00555301
v 0.20915544 0.04899059 -0.02799405
v 0.20680775 0.04538287 -0.02533632
v 0.20578237 0.04461832 -0.02174743
v 0.20502976 0.04248875 -0.02356422
v 0.20596926 0.04289597 -0.02678682
v 0.20947047 0.04845932 -0.01662145
v 0.21044973 0.05044328 -0.02072374
v 0.21401866 0.05139506 -0.01777516
v 0.21304430 0.04898441 -0.01339393
v 0.21071123 0.03580393 0.01396131
v 0.21130457 0.03509807 0.02333281
v 0.20610653 0.03286654 0.00585231
v 0.20097889 0.03541480 -0.00614096
v 0.20436119 0.03379006 -0.00200214
v 0.19862373 0.03385650 -0.01828999
v 0.19755954 0.03170368 -0.01904198
v 0.19944572 0.03592919 -0.01048515
v 0.19932274 0.03597853 -0.01437691
v 0.20801954 0.04812148 -0.02321198
v 0.20702539 0.04678227 -0.01933868
v 0.21771865 0.05104970 0.00138702
v 0.21462867 0.04811052 0.00581837
v 0.21232628 0.04579185 -0.00130291
v 0.21459019 0.04829658 -0.00448700
v 0.22149098 0.05480821 0.00812224
v 0.21590804 0.05134369 0.01403991
v 0.21018865 0.04651602 0.01948531
v 0.21011258 0.04075811 0.02249409
v 0.20993338 0.04017477 0.01189792
v 0.21134171 0.04437195 0.00939356
v 0.20727826 0.03635961 0.00489404
v 0.20239322 0.03772356 -0.00677558
v 0.20550328 0.03648940 -0.00257167
v 0.20107629 0.03760958 -0.01832724
v 0.19988184 0.03582515 -0.01814986
v 0.20077067 0.03566617 -0.02157438
v 0.20177805 0.03743911 -0.02173825
v 0.20081270 0.03802514 -0.01099899
v 0.20059705 0.03788594 -0.01478578
v 0.20481128 0.04372313 -0.01903913
v 0.20393968 0.04263886 -0.01714298
v 0.20365554 0.04181484 -0.01895517
v 0.20419898 0.04209535 -0.02084179
v 0.21162677 0.04644809 -0.01000486
v 0.20999556 0.04404026 -0.00730280
v 0.20675727 0.04444877 -0.01083113
v 0.20825217 0.04645076 -0.01338409
v 0.20844242 0.03982054 0.00328846
v 0.21015533 0.04298567 0.00124884
v 0.20834275 0.04157909 -0.00541921
v 0.20688534 0.03901178 -0.00396804
v 0.20393066 0.03993955 -0.00778159
v 0.20535069 0.04224132 -0.00910574
v 0.20367099 0.04190471 -0.01282976
v 0.20219597 0.04006397 -0.01176417
v 0.20189299 0.03961372 -0.01532451
v 0.20292088 0.04128391 -0.01600110
v 0.20609060 0.04526324 -0.01665526
v 0.20488055 0.04368896 -0.01429805
v 0.20202888 0.03926956 -0.01854036
v 0.20293316 0.04075432 -0.01878134
v 0.21132027 0.02669952 -0.03046884
v 0.21154146 0.02915697 -0.03429201
v 0.21491714 0.01409629 -0.03262260
v 0.21335468 0.01065384 -0.02797529
v 0.21539419 0.00658755 -0.03040630
v 0.21539353 0.00961027 -0.03426132
v 0.21434194 0.02182557 -0.03390654
v 0.21342104 0.01763564 -0.03539316
v 0.20998011 0.02113256 -0.03794316
v 0.20538396 0.02521523 -0.03962890
v 0.20241552 0.02914232 -0.04173482
v 0.21011941 0.03119493 -0.03764011
v 0.20781606 0.03296569 -0.03941368
v 0.21337969 0.01837323 -0.02956738
v 0.21072056 0.01453904 -0.02578334
v 0.19551140 0.03966742 -0.04942873
v 0.20429311 0.03912253 -0.04288718
v 0.20365423 0.04042576 -0.04400471
v 0.19587661 0.02214265 -0.00720726
v 0.19854726 0.02227381 -0.00494989
v 0.19891798 0.01875165 -0.08544980
v 0.20057640 0.00959639 -0.08673926
v 0.19809303 0.02780482 -0.08101304
v 0.19713874 0.03673865 -0.07681073
v 0.19696375 0.04411695 -0.07108321
v 0.21141219 0.05225458 -0.02574599
v 0.20548224 -0.02749128 -0.10505546
v 0.21361017 0.00327682 -0.02624178
v 0.20681060 0.00510353 -0.05017997
v 0.20587592 0.00991393 -0.04162119
v 0.20978911 0.00943204 -0.04147772
v 0.21067240 0.00572627 -0.04923133
v 0.19395475 0.01936647 -0.01229353
v 0.19420964 0.02223877 -0.01225568
v 0.19489308 0.02090139 -0.01764128
v 0.19482838 0.02335241 -0.01715958
v 0.19670141 0.02676305 -0.02047805
v 0.19695315 0.02911789 -0.01984511
v 0.19561230 0.01805542 -0.01809451
v 0.19729121 0.02257902 -0.02180032
v 0.19674424 0.02472276 -0.02110750
v 0.19858671 0.02012003 -0.02235668
v 0.19614161 0.02603205 -0.04314486
v 0.19951184 0.02778696 -0.04214548
v 0.20274971 0.02322291 -0.03951942
v 0.19930670 0.02142946 -0.03949989
v 0.19363717 0.04417907 -0.05939887
v 0.19222135 0.03868562 -0.05511185
v 0.19459119 0.01924997 -0.08415907
v 0.19639361 0.01002942 -0.08352035
v 0.19027000 0.01775990 -0.08136099
v 0.19354368 0.00887754 -0.08066838
v 0.19354864 0.02817807 -0.07902044
v 0.18987744 0.02708177 -0.07518537
v 0.19270138 0.03520573 -0.07302264
v 0.19045079 0.03218345 -0.06813287
v 0.19249490 0.04083514 -0.06639146
v 0.19038393 0.03607181 -0.06172877
v 0.19133071 0.00789581 -0.07530216
v 0.19131508 0.00751106 -0.07811991
v 0.18799014 0.01698527 -0.07829558
v 0.18874033 0.01601501 -0.07378292
v 0.18799397 0.02461729 -0.07081658
v 0.18911791 0.02132811 -0.06630292
v 0.18920406 0.02911413 -0.06285041
v 0.18921715 0.02554600 -0.05820692
v 0.19250672 0.03389791 -0.05119759
v 0.19400450 0.02993605 -0.04740701
v 0.19120394 0.02790732 -0.05193036
v 0.19033072 0.03192846 -0.05677497
v 0.19553309 0.03557322 -0.04721000
v 0.19680221 0.03165733 -0.04465115
v 0.19858743 0.03617131 -0.04466005
v 0.19980611 0.03278422 -0.04299938
v 0.20120356 0.03642172 -0.04329534
v 0.20239633 0.03371225 -0.04222654
v 0.20333395 0.03663429 -0.04260250
v 0.20452166 0.03422936 -0.04153329
v 0.20614241 0.03495520 -0.04054000
v 0.20502079 0.03711623 -0.04171980
v 0.20657678 0.03792663 -0.04082955
v 0.20738388 0.03590048 -0.03940607
v 0.20782497 0.03888672 -0.03935581
v 0.20826884 0.03674294 -0.03789178
v 0.20797496 0.04010451 -0.03371684
v 0.20746810 0.03804085 -0.03275035
v 0.20840556 0.03741958 -0.03539640
v 0.20849523 0.03962582 -0.03687920
v 0.20670704 0.04039590 -0.03061202
v 0.20636956 0.03835154 -0.03025430
v 0.20472593 0.03869398 -0.02724913
v 0.20531789 0.04060310 -0.02744578
v 0.20437938 0.04062023 -0.02450343
v 0.20366710 0.03890676 -0.02464871
v 0.20266726 0.03907545 -0.02174518
v 0.20354106 0.04058715 -0.02154195
v 0.19879878 0.00532569 -0.08301638
v 0.20099273 0.00527723 -0.08561629
v 0.19696661 0.00482643 -0.08050068
v 0.19832523 0.00704860 -0.05977273
v 0.19665538 0.00714732 -0.06483911
v 0.19658417 0.00782715 -0.06360635
v 0.19732772 0.00864437 -0.05964216
v 0.19844540 0.00956998 -0.05336169
v 0.19998167 0.00745837 -0.05242231
v 0.19923685 0.01166196 -0.04675028
v 0.20074566 0.01038002 -0.04447684
v 0.19936983 0.01280222 -0.04275915
v 0.20043284 0.01288591 -0.04118340
v 0.19830120 0.01252509 -0.04871690
v 0.19856902 0.01351611 -0.04387390
v 0.19815208 0.01485668 -0.04277096
v 0.19729304 0.01405222 -0.04969980
v 0.19730854 0.01116147 -0.05457041
v 0.19609594 0.01263346 -0.05619017
v 0.19574954 0.01046321 -0.06180918
v 0.19673026 0.00932978 -0.06053769
v 0.19604744 0.00855758 -0.06407778
v 0.19563727 0.00848414 -0.06556117
v 0.21291387 0.00186749 -0.06885793
v 0.21363136 0.00020777 -0.06742173
v 0.21065795 0.00375770 -0.07001949
v 0.20627310 0.00496039 -0.07096346
v 0.20076976 0.00493102 -0.07182380
v 0.21554394 0.00278052 -0.03385919
v 0.21630016 0.00554487 -0.03703843
v 0.21513622 -0.00081283 -0.03823144
v 0.21726089 0.00130258 -0.04043028
v 0.21450748 -0.00341924 -0.04376874
v 0.21685560 -0.00143725 -0.04481785
v 0.20168757 0.00343052 -0.08217082
v 0.20242493 0.00293535 -0.08447650
v 0.20090161 0.00342781 -0.07972866
v 0.19993013 0.00440006 -0.07496215
v 0.20023514 0.00375238 -0.07735333
v 0.19576324 0.00507928 -0.07810825
v 0.19509412 0.00509240 -0.07556567
v 0.20116920 0.00497725 -0.05991366
v 0.19736934 0.00568074 -0.06726368
v 0.20274918 0.00527596 -0.05101080
v 0.20291719 0.01003058 -0.04217527
v 0.20185032 0.01391487 -0.03969598
v 0.19648577 0.01925223 -0.04095965
v 0.19507128 0.01696346 -0.05075495
v 0.19397758 0.01512099 -0.05837805
v 0.19402366 0.01206282 -0.06428352
v 0.19470732 0.00853151 -0.06821733
v 0.20448759 0.01531735 -0.03937676
v 0.19283448 0.02392677 -0.04648676
v 0.19148795 0.02164561 -0.05417097
v 0.19157855 0.01779788 -0.06210205
v 0.19212152 0.01317217 -0.06813714
v 0.19307857 0.00841012 -0.07194247
v 0.21432716 -0.00504060 -0.05045774
v 0.21653513 -0.00282344 -0.05050985
v 0.21321789 -0.00535519 -0.05758463
v 0.21560786 -0.00328805 -0.05759937
v 0.21132889 -0.00456014 -0.06435380
v 0.21346657 -0.00224390 -0.06399680
v 0.20900614 -0.00944578 -0.04186630
v 0.20642601 -0.01452291 -0.04105862
v 0.20647743 -0.01633473 -0.05035297
v 0.20835868 -0.01131271 -0.05010055
v 0.20746558 -0.01379420 -0.07852753
v 0.20743024 -0.00889937 -0.07340228
v 0.20831891 -0.01124053 -0.06653609
v 0.20800837 -0.01618380 -0.06890318
v 0.20798605 0.01627939 -0.03843176
v 0.21270564 0.01267138 -0.03686680
v 0.19553201 0.00537873 -0.07248402
v 0.19778515 -0.00674562 -0.13405800
v 0.19835744 -0.00321422 -0.12649391
v 0.19628574 -0.01079592 -0.14420539
v 0.19384767 -0.00393114 -0.14729918
v 0.19546859 -0.00143033 -0.13800957
v 0.19165355 0.00253314 -0.14821894
v 0.19339241 0.00393411 -0.14031576
v 0.18993401 0.00846642 -0.14744729
v 0.19144437 0.00866573 -0.14135993
v 0.19596811 0.00126216 -0.13131413
v 0.19383313 0.00603347 -0.13466162
v 0.19161367 0.01067619 -0.13667453
v 0.19362540 0.01064127 -0.13063553
v 0.19655569 0.00543764 -0.12515268
v 0.19147049 0.01457651 -0.13295875
v 0.19213470 0.01765550 -0.13067027
v 0.19833300 0.01439606 -0.12400195
v 0.19189857 0.02126851 -0.13078797
v 0.20496906 0.02678815 -0.12313795
v 0.18904842 0.01374333 -0.14484576
v 0.19051544 0.01224213 -0.14132489
v 0.19039719 0.01437028 -0.13804850
v 0.19049935 0.01778339 -0.13334766
v 0.19267146 0.02209825 -0.12806577
v 0.19949605 0.02634904 -0.12063752
v 0.18896948 0.01764133 -0.13987762
v 0.18908598 0.02127163 -0.13357380
v 0.19030028 0.02363322 -0.12671227
v 0.20297112 0.00323172 -0.08770101
v 0.20345315 0.00476806 -0.08995106
v 0.20331506 0.00219216 -0.08621283
v 0.20626589 -0.00716624 -0.08175979
v 0.20717611 -0.00510907 -0.07769410
v 0.20609158 -0.00238440 -0.08327784
v 0.20668202 -0.00102626 -0.08006255
v 0.20466396 0.00087370 -0.08389339
v 0.20472116 0.00179591 -0.08124975
v 0.21181190 -0.00595215 -0.04285165
v 0.21118896 -0.00767361 -0.05023556
v 0.20847987 -0.00564384 -0.07100816
v 0.20941342 -0.00751592 -0.06509276
v 0.20835359 -0.00296916 -0.07505045
v 0.20746995 0.00050763 -0.07759896
v 0.20474537 0.00264992 -0.07886838
v 0.20493882 0.00540460 -0.09322940
v 0.20600213 0.00638916 -0.09711693
v 0.19860524 0.00057275 -0.11988607
v 0.20010125 0.00351413 -0.11333577
v 0.20261862 0.00608778 -0.10717578
v 0.20628315 0.00851054 -0.10115545
v 0.20028166 0.00723806 -0.11749133
v 0.20373013 0.00872290 -0.11085315
v 0.20715202 0.01076503 -0.10481046
v 0.20871056 0.01230309 -0.10730413
v 0.20737051 0.01155692 -0.11235080
v 0.20504246 0.01219006 -0.11887002
v 0.20851687 -0.01185392 -0.05845457
v 0.21055198 -0.00811145 -0.05783915
v 0.20750188 -0.01692248 -0.05950250
v 0.20671126 -0.02349433 -0.06090367
v 0.20775668 -0.02310871 -0.07100538
v 0.20541944 -0.02283667 -0.05097901
v 0.20487057 -0.02137134 -0.04075187
v 0.20767578 -0.02219974 -0.08095159
v 0.20718981 -0.02128992 -0.09096699
v 0.20700031 -0.02910407 -0.09435515
v 0.20731573 -0.03033091 -0.08376247
v 0.20685816 -0.03102227 -0.07323243
v 0.20597899 -0.03127846 -0.06266362
v 0.20494997 -0.03082757 -0.05189676
v 0.20426314 -0.02973421 -0.04082556
v 0.21502475 0.05384428 -0.02309675
v 0.23828854 0.05432987 -0.04238688
v 0.23395420 0.05545909 -0.04272775
v 0.22916672 0.05690532 -0.04391074
v 0.22495940 0.05668493 -0.04526879
v 0.22124820 0.05554717 -0.04636470
v 0.21740950 0.05375657 -0.04764736
v 0.21339269 0.05112704 -0.04758755
v 0.20959181 0.04806049 -0.04695399
v 0.21373718 0.02490939 -0.03202888
v 0.21140779 0.02172787 -0.02749777
v 0.20822464 0.01779458 -0.02484100
v 0.20873700 0.02352837 -0.02756929
v 0.20510745 0.02016286 -0.02553880
v 0.20601052 0.02493364 -0.02768454
v 0.20221211 0.02244327 -0.02545351
v 0.20371221 0.02661033 -0.02697353
v 0.20045227 0.02456539 -0.02483293
v 0.20637573 0.03212267 -0.02993644
v 0.19978166 0.03379596 -0.02165947
v 0.20115306 0.03383700 -0.02406652
v 0.20236363 0.03381674 -0.02585620
v 0.20360870 0.03343068 -0.02738671
v 0.20497628 0.03284494 -0.02877291
v 0.20217146 0.02820067 -0.02627706
v 0.19935359 0.02641652 -0.02412545
v 0.20451002 0.03013904 -0.02806964
v 0.21628438 -0.00797498 0.00925016
v 0.21580891 -0.01251821 0.01231631
v 0.21396389 -0.01517702 0.01599146
v 0.20322972 0.03117052 -0.02720670
v 0.20125480 0.02962425 -0.02562789
v 0.19891207 0.02814144 -0.02357861
v 0.20081084 0.03098199 -0.02493048
v 0.19898620 0.02992738 -0.02298514
v 0.20232555 0.03207084 -0.02627524
v 0.20071091 0.03235177 -0.02432219
v 0.19911581 0.03189984 -0.02223787
v 0.20176034 0.03274320 -0.02548279
v 0.21244351 -0.00343298 -0.03627895
v 0.21390686 -0.00047867 -0.03069639
v 0.21000546 -0.00711463 -0.03402494
v 0.21240943 -0.00430873 -0.02707087
v 0.20765977 -0.01230476 -0.03182900
v 0.21065421 -0.00962575 -0.02309782
v 0.21241878 -0.01411700 -0.01067714
v 0.20815885 -0.01645376 -0.02034979
v 0.21453606 -0.01034252 0.00020349
v 0.21324262 -0.01638115 0.00328227
v 0.20936833 -0.02058175 -0.00667610
v 0.20597384 -0.02513258 -0.01756924
v 0.20446745 -0.02797615 -0.02925193
v 0.20549444 -0.01914775 -0.03032857
v 0.19390277 -0.01486013 -0.15567442
v 0.19159330 -0.00614120 -0.15739485
v 0.18940929 0.00197244 -0.15735184
v 0.18767600 0.00993484 -0.15560633
v 0.18630349 0.01757382 -0.15141065
v 0.18645507 0.02267700 -0.14337135
v 0.18694284 0.02624041 -0.13464050
v 0.18769294 0.02756694 -0.12551552
v 0.21135480 -0.02093422 0.00777731
v 0.20802801 -0.02770589 -0.00155723
v -0.20343637 -0.02994883 -0.12256128
v -0.19986521 -0.02850177 -0.13408382
v -0.19630331 -0.02543644 -0.14518896
v -0.20565478 -0.01524046 -0.11779627
v -0.20278438 -0.02132485 -0.12529987
v -0.20568081 -0.02280335 -0.11623830
v -0.20799121 -0.01636302 -0.11014412
v -0.20868610 -0.02353183 -0.10732596
v -0.21016551 -0.01685249 -0.10239449
v -0.19997993 -0.01829435 -0.13387909
v -0.20303167 -0.01310312 -0.12523596
v -0.20763089 -0.01015043 -0.11062045
v -0.20980961 -0.01080162 -0.10393786
v -0.21140296 -0.01107528 -0.09794657
v -0.20536743 -0.00853506 -0.11734761
v -0.21072344 -0.00664209 -0.09933029
v -0.20895863 -0.00635135 -0.10444891
v -0.21207895 -0.00297201 -0.09482489
v -0.21097234 -0.00254968 -0.09826223
v -0.21244792 -0.01714208 -0.09475269
v -0.21299755 -0.01099612 -0.09252505
v -0.21223219 -0.00673624 -0.09480379
v -0.21283868 -0.00311747 -0.09178509
v -0.20721060 -0.00518728 -0.11023816
v -0.20950930 -0.00180278 -0.10251968
v -0.21342123 -0.00651979 -0.09077169
v -0.21368614 -0.00300644 -0.08907173
v -0.20076196 0.02434529 -0.11938137
v -0.20686354 0.02182361 -0.11634573
v -0.21311944 0.02800079 -0.11328890
v -0.20552643 0.02831653 -0.11168878
v -0.21682158 -0.00439499 -0.07831933
v -0.21720419 -0.00659023 -0.07605681
v -0.21768527 -0.00439621 -0.07464621
v -0.21732387 -0.00288686 -0.07640166
v -0.21859310 0.03444092 -0.10993183
v -0.21067646 0.03189271 -0.10569878
v -0.21215734 0.02058061 -0.11460435
v -0.22094327 0.02611506 -0.11350126
v -0.21531898 0.01872787 -0.11176420
v -0.20351841 0.01461132 -0.11986434
v -0.20600621 0.01289510 -0.11582199
v -0.21460589 0.01023789 -0.09605135
v -0.21604588 0.00930678 -0.09051653
v -0.22096096 0.01326126 -0.08445402
v -0.21954463 0.01473856 -0.09082774
v -0.22276582 -0.00145624 -0.06108867
v -0.22392289 -0.00140162 -0.05686411
v -0.22327448 0.00140228 -0.05417464
v -0.22240288 0.00147611 -0.05959746
v -0.22065694 -0.00129624 -0.06714252
v -0.22160563 0.00182133 -0.06675000
v -0.21959996 -0.00019064 -0.07121672
v -0.21911154 -0.00219438 -0.07109716
v -0.21689880 -0.00151255 -0.07917469
v -0.21739918 -0.00035941 -0.07720098
v -0.21707864 0.00146335 -0.07941571
v -0.21739675 0.00249411 -0.07738243
v -0.22323355 0.03993438 -0.10298764
v -0.21770977 0.03474191 -0.09788730
v -0.22849749 0.03164637 -0.11156723
v -0.22455296 0.02322302 -0.11007190
v -0.21793495 0.01653055 -0.10202019
v -0.21717879 0.01723915 -0.10749953
v -0.20898929 0.01203918 -0.11100321
v -0.21168522 0.01154273 -0.10586979
v -0.21340847 0.01099448 -0.10101188
v -0.21838034 0.01600231 -0.09666216
v -0.21690349 0.00923384 -0.08630041
v -0.21647569 0.00837792 -0.08410993
v -0.21735113 0.01407273 -0.07810651
v -0.21989668 0.01370290 -0.07930452
v -0.22017821 0.00613808 -0.05046220
v -0.22020361 0.00544755 -0.05790842
v -0.22105673 0.00548286 -0.06591700
v -0.21959076 0.00230329 -0.07118855
v -0.21820079 0.00518277 -0.07100261
v -0.21838285 0.00746910 -0.06501076
v -0.23558019 0.03795220 -0.10587647
v -0.22223474 0.03865283 -0.08743509
v -0.22729488 0.04441548 -0.09416505
v -0.22843202 0.04964580 -0.08647505
v -0.22332012 0.04561361 -0.07956934
v -0.23180870 0.02840073 -0.10719421
v -0.22535687 0.02186481 -0.10462798
v -0.22507454 0.02134876 -0.09838857
v -0.22532723 0.01569253 -0.08076313
v -0.22570823 0.01757125 -0.08668549
v -0.22631265 0.00212019 -0.02390939
v -0.22816731 0.00468570 -0.01472706
v -0.22885384 0.01011672 -0.01538635
v -0.22821222 0.00928626 -0.02215744
v -0.22928510 0.00357000 -0.03064084
v -0.22943491 0.00992923 -0.02839153
v -0.22451140 0.01323017 -0.03156301
v -0.22766600 0.01367559 -0.02749985
v -0.22469418 0.01640817 -0.02719915
v -0.22208868 0.01563678 -0.03026887
v -0.22706259 0.01041701 -0.03371730
v -0.23885552 0.04373779 -0.09809092
v -0.23730439 0.04892591 -0.08991063
v -0.23769105 0.03462220 -0.10162670
v -0.22436468 0.05287872 -0.07195314
v -0.22901887 0.05595548 -0.07905501
v -0.23208551 0.06093229 -0.06990916
v -0.22648112 0.05899253 -0.06346089
v -0.23198262 0.02683172 -0.10095979
v -0.23152009 0.02538329 -0.09429068
v -0.22519870 0.01994394 -0.09250716
v -0.21832991 0.01832383 -0.07458180
v -0.22210663 0.01654768 -0.07563047
v -0.23137299 0.01977077 -0.08197282
v -0.22931946 0.01702612 -0.07599064
v -0.22179506 0.01217323 0.00290600
v -0.22120072 0.00759937 0.00524107
v -0.22102372 0.01322370 0.01190219
v -0.22149666 0.01650786 0.00997185
v -0.22464194 0.00850019 -0.00538436
v -0.22391276 0.01283264 -0.00672554
v -0.22748105 0.01320146 -0.02160430
v -0.22620333 0.01374312 -0.01534207
v -0.22157146 0.01625593 -0.01562518
v -0.22415599 0.01585318 -0.02168019
v -0.21517976 0.00811964 -0.06498740
v -0.21477067 0.00687045 -0.07105907
v -0.23997891 0.04030578 -0.09458160
v -0.23994014 0.04556220 -0.08765294
v -0.23718642 0.05363655 -0.08377804
v -0.23833600 0.05817729 -0.07504803
v -0.23623646 0.03237515 -0.09566915
v -0.23565612 0.02991134 -0.08944966
v -0.22905749 0.06363280 -0.05383097
v -0.23695043 0.06372288 -0.05905842
v -0.23865303 0.06662044 -0.04705916
v -0.23058241 0.06655521 -0.04332016
v -0.23125483 0.02328037 -0.08794970
v -0.22426884 0.01921062 -0.07176831
v -0.21930272 0.02248251 -0.07128116
v -0.23473790 0.02238738 -0.07689056
v -0.23071419 0.01995730 -0.07047449
v -0.22653482 0.02104126 0.02598587
v -0.22842197 0.02934979 0.02954664
v -0.23096889 0.03300570 0.02738883
v -0.22820018 0.02397705 0.02486951
v -0.22350792 0.02318201 0.01686684
v -0.22232002 0.01878173 0.01876350
v -0.22823895 0.02664430 0.02114772
v -0.22091353 0.01567822 0.00086338
v -0.22017562 0.01954383 0.00851843
v -0.22166184 0.01564628 -0.00758948
v -0.21747224 0.01756809 -0.00885167
v -0.22203323 0.01860663 -0.02714615
v -0.21998057 0.01786297 -0.02951036
v -0.23996536 0.05022207 -0.08281653
v -0.24094646 0.05434674 -0.07521700
v -0.23881486 0.04289472 -0.08411750
v -0.23823248 0.03751826 -0.08976000
v -0.23744881 0.03467997 -0.08422320
v -0.23749479 0.04020095 -0.07931506
v -0.24528757 0.06086783 -0.06474627
v -0.24536524 0.06480199 -0.04952869
v -0.24024024 0.06790238 -0.03633942
v -0.23193248 0.06824527 -0.03317172
v -0.23555533 0.02666020 -0.08335306
v -0.22475456 0.02339457 -0.06783427
v -0.21898089 0.02734698 -0.06831367
v -0.22937700 0.03263094 -0.06115724
v -0.23496123 0.03321144 -0.06671363
v -0.23488662 0.02716423 -0.07136974
v -0.23001121 0.02571036 -0.06513250
v -0.22396789 0.02910576 -0.06386753
v -0.22304794 0.03593368 -0.06152504
v -0.22643976 0.03660247 0.02456161
v -0.23269751 0.04254280 0.02241080
v -0.23310558 0.03437684 0.02184168
v -0.22161629 0.02778128 0.01591905
v -0.22602454 0.02891712 0.01780170
v -0.21205416 0.01906031 -0.00253472
v -0.21796328 0.01797976 -0.00067711
v -0.21655371 0.02115601 0.00781262
v -0.21089868 0.02175772 0.00601549
v -0.21710970 0.02039684 -0.01737432
v -0.21930232 0.02009516 -0.02281963
v -0.22096074 0.01764248 -0.02221390
v -0.21853979 0.01805384 -0.01646752
v -0.20085439 0.02134956 -0.04206343
v -0.20463919 0.01469904 -0.03902237
v -0.20489656 0.01858311 -0.03747970
v -0.20214117 0.02429542 -0.04062033
v -0.23865635 0.04479352 -0.07526767
v -0.23906792 0.04776493 -0.07957598
v -0.24712650 0.05681056 -0.06505799
v -0.24579219 0.06052451 -0.04946737
v -0.24653204 0.06468705 -0.03825965
v -0.23990924 0.06406436 -0.01664424
v -0.23268400 0.06598443 -0.01417002
v -0.23241363 0.06825622 -0.02341644
v -0.24028826 0.06707429 -0.02592010
v -0.23745135 0.03652688 -0.07367746
v -0.23689196 0.03107922 -0.07823114
v -0.21778383 0.03279480 -0.06533036
v -0.21677896 0.03901962 -0.06390725
v -0.21199804 0.03525211 -0.06767110
v -0.21046349 0.04043670 -0.06526986
v -0.22906425 0.04027377 -0.06070994
v -0.23519010 0.03957286 -0.06383621
v -0.22982908 0.05712108 0.00206639
v -0.23173296 0.06192651 -0.00573222
v -0.23857941 0.05997913 -0.00814279
v -0.23581651 0.05541937 -0.00184509
v -0.23196008 0.04781816 0.00939998
v -0.22689170 0.04505071 0.01637805
v -0.22818093 0.05094714 0.00920629
v -0.23433457 0.05086872 0.00338306
v -0.23516632 0.04195554 0.01556894
v -0.23043623 0.03499645 0.01764327
v -0.21241339 0.02749349 0.00899214
v -0.21785872 0.02955681 0.01427508
v -0.22084589 0.03111061 0.01608684
v -0.21477415 0.03186418 0.01085113
v -0.21356062 0.02116565 -0.01279238
v -0.21463553 0.01901918 -0.01095127
v -0.20834198 0.02097151 -0.03229444
v -0.20849262 0.02301358 -0.03280734
v -0.20649505 0.02518006 -0.03552357
v -0.20572798 0.02353169 -0.03552955
v -0.20105597 0.02698916 -0.04584427
v -0.20269101 0.02786036 -0.04447352
v -0.20579196 0.02767889 -0.03870698
v -0.20485363 0.02672916 -0.03941492
v -0.24305543 0.05863686 -0.04933812
v -0.24539877 0.05461298 -0.06320950
v -0.24160711 0.05354443 -0.06039896
v -0.23931236 0.05821521 -0.04957795
v -0.24583049 0.06122643 -0.03889755
v -0.24336226 0.06059474 -0.01801354
v -0.24500733 0.06349527 -0.02757789
v -0.23912859 0.04150448 -0.07015857
v -0.20278428 0.03455385 -0.05517192
v -0.20306663 0.03468682 -0.05253662
v -0.20307677 0.03654963 -0.05373935
v -0.20318324 0.03741567 -0.05630139
v -0.20341570 0.03526488 -0.05099514
v -0.20312247 0.03728317 -0.05277277
v -0.21585131 0.04541615 -0.06344730
v -0.22265452 0.04336329 -0.06230280
v -0.22986091 0.05894916 -0.04990822
v -0.23179906 0.05352942 -0.05723655
v -0.22670372 0.05471078 -0.05729817
v -0.22484349 0.05868783 -0.04962366
v -0.22035744 0.05590859 -0.05657057
v -0.21941282 0.05842495 -0.04897563
v -0.24057978 0.05677916 -0.00940340
v -0.23767808 0.05163651 -0.00442096
v -0.23691525 0.04902185 0.00111503
v -0.23454116 0.04679135 0.00587334
v -0.23043090 0.04061646 0.01112945
v -0.22433157 0.03641439 0.01513516
v -0.21678260 0.03726282 0.01050325
v -0.20546403 0.02518912 -0.00574619
v -0.20832835 0.02246353 -0.00974274
v -0.20799170 0.02003121 -0.00633091
v -0.20616480 0.02307668 0.00057319
v -0.21391397 0.02338803 -0.01411748
v -0.21682134 0.02267879 -0.01795687
v -0.20536545 0.03059394 -0.04132578
v -0.20460696 0.02958242 -0.04249766
v -0.20653982 0.03261057 -0.03867823
v -0.20601244 0.03158753 -0.04003086
v -0.20658455 0.02889024 -0.03785876
v -0.20730370 0.03005812 -0.03702094
v -0.23753808 0.06200156 -0.04064720
v -0.24215789 0.06112966 -0.03971016
v -0.24129987 0.05908721 -0.01965758
v -0.24323803 0.06109836 -0.02885362
v -0.23678154 0.05276388 -0.05743226
v -0.23490509 0.05879628 -0.04992366
v -0.20464335 0.03839136 -0.06168783
v -0.20442813 0.04235713 -0.05879653
v -0.20893502 0.04554765 -0.06275975
v -0.20317984 0.03934155 -0.05511465
v -0.20373166 0.04036698 -0.04881462
v -0.20384732 0.04422311 -0.05400929
v -0.20337822 0.03974093 -0.05255763
v -0.20360672 0.03789627 -0.04956671
v -0.20422217 0.04717853 -0.04946383
v -0.20371939 0.04220174 -0.04622831
v -0.20410083 0.04289072 -0.04263794
v -0.20497752 0.04780320 -0.04448362
v -0.21331716 0.05568527 -0.05547358
v -0.21316783 0.05668059 -0.04794261
v -0.20746407 0.05240496 -0.05279907
v -0.20811567 0.05266776 -0.04637319
v -0.22353704 0.05814540 -0.04180113
v -0.22779983 0.05972513 -0.04157895
v -0.23876503 0.05608910 -0.01075055
v -0.23555438 0.05130502 -0.00583239
v -0.23328519 0.04415315 0.00497634
v -0.23475364 0.04791483 -0.00058013
v -0.22492260 0.04096257 0.00845208
v -0.21841876 0.04278599 0.00795493
v -0.20636126 0.03214986 -0.00096665
v -0.20500139 0.02855633 -0.00247055
v -0.20686236 0.02766409 0.00451369
v -0.20869297 0.03252715 0.00590231
v -0.21058414 0.02474023 -0.01245352
v -0.20808349 0.02674944 -0.01084107
v -0.21687940 0.02809045 -0.01653812
v -0.21688008 0.02632823 -0.01761965
v -0.21355814 0.02609078 -0.01453833
v -0.21252220 0.02758194 -0.01417212
v -0.21835472 0.02753608 -0.02369717
v -0.21742584 0.02726656 -0.02862982
v -0.21741594 0.02551359 -0.02823199
v -0.21819608 0.02573766 -0.02396141
v -0.20793672 0.03095652 -0.03600722
v -0.20722991 0.03329096 -0.03718777
v -0.23161183 0.06325537 -0.02186610
v -0.23696134 0.06137688 -0.02045568
v -0.23938470 0.06254725 -0.02985385
v -0.23478479 0.06356147 -0.03101053
v -0.23258137 0.06119684 -0.04114364
v -0.20549523 0.04263194 -0.03919632
v -0.20661917 0.04690201 -0.03981757
v -0.22623317 0.05865953 -0.03390465
v -0.22316998 0.05566421 -0.03511783
v -0.22240144 0.05335465 -0.02877094
v -0.22369083 0.05733642 -0.02671888
v -0.23143841 0.05410857 -0.00569240
v -0.23416075 0.05797144 -0.01209521
v -0.22812455 0.06032389 -0.01353417
v -0.22571531 0.05675020 -0.00661276
v -0.22099284 0.04839001 0.00428744
v -0.22786380 0.04589357 0.00451525
v -0.23049456 0.05003863 -0.00070192
v -0.22332412 0.05291629 -0.00056809
v -0.20798042 0.03609271 -0.00084320
v -0.21049837 0.03729361 0.00520381
v -0.20729249 0.03216065 -0.00827936
v -0.20704598 0.02937444 -0.00920332
v -0.21728085 0.03164639 -0.01675353
v -0.21703897 0.02975824 -0.01674373
v -0.21201702 0.02951907 -0.01409477
v -0.21215319 0.03160452 -0.01409837
v -0.21834760 0.03111769 -0.02385881
v -0.21745977 0.03100764 -0.02912471
v -0.21755048 0.02913826 -0.02885592
v -0.21847014 0.02931265 -0.02362454
v -0.20816790 0.03388049 -0.03580527
v -0.20866194 0.03169146 -0.03478829
v -0.20991495 0.03219338 -0.03342928
v -0.20943244 0.03409856 -0.03400260
v -0.22649936 0.06109690 -0.02427999
v -0.23018825 0.06164319 -0.03241709
v -0.20974595 0.05101876 -0.04054034
v -0.20902040 0.04517220 -0.03643681
v -0.20760639 0.04172962 -0.03651456
v -0.20951867 0.04071455 -0.03436457
v -0.21131307 0.04316502 -0.03391365
v -0.21809055 0.04785880 -0.03237586
v -0.22082292 0.05021840 -0.03080107
v -0.21992300 0.05333222 -0.03582802
v -0.21615556 0.05112841 -0.03622391
v -0.21021425 0.03988465 -0.00233174
v -0.21272591 0.04201069 0.00328645
v -0.20874648 0.03504184 -0.00799567
v -0.21778949 0.03371820 -0.01775558
v -0.21289855 0.03389126 -0.01415772
v -0.21412890 0.03131025 -0.02990011
v -0.21420023 0.02948987 -0.02952302
v -0.21831188 0.03309456 -0.02425928
v -0.21720157 0.03282905 -0.02914298
v -0.21212746 0.04841971 -0.03635628
v -0.21445545 0.04571767 -0.03331944
v -0.22119273 0.05473457 -0.01999059
v -0.22099541 0.05060248 -0.02310983
v -0.21860814 0.04769059 -0.01800078
v -0.21832769 0.05157643 -0.01406842
v -0.22060446 0.05552763 -0.01001567
v -0.22329346 0.05886208 -0.01664452
v -0.21758255 0.05139938 -0.00416637
v -0.21540159 0.04787698 -0.00897831
v -0.21274401 0.04383319 -0.00510178
v -0.21504988 0.04683448 0.00041580
v -0.21085901 0.03796974 -0.00887499
v -0.21883414 0.03592143 -0.01880876
v -0.21434539 0.03642096 -0.01484684
v -0.21361493 0.03442201 -0.03074232
v -0.21114790 0.03414815 -0.03225810
v -0.21160302 0.03243829 -0.03185410
v -0.21403152 0.03285359 -0.03046431
v -0.21892666 0.03494154 -0.02507638
v -0.21694973 0.03457414 -0.02933700
v -0.21316035 0.04152661 -0.03212867
v -0.21131037 0.03975885 -0.03275786
v -0.21282443 0.03909888 -0.03177631
v -0.21465136 0.04001835 -0.03084993
v -0.22070028 0.04750085 -0.02624291
v -0.21923604 0.04520977 -0.02900734
v -0.22013924 0.04275001 -0.02609722
v -0.21980879 0.04475692 -0.02196961
v -0.21592584 0.04448482 -0.01377187
v -0.21323559 0.04111701 -0.01076864
v -0.21820504 0.04201304 -0.01854172
v -0.22046858 0.04046603 -0.02318980
v -0.21986597 0.03815548 -0.02054885
v -0.21623846 0.03917122 -0.01615816
v -0.21870218 0.03911487 -0.02798014
v -0.21557925 0.03835238 -0.03007688
v -0.21640825 0.03639700 -0.02975412
v -0.21915009 0.03701043 -0.02649273
v -0.21622532 0.04336830 -0.03091926
v -0.21765933 0.04122551 -0.02930512
v -0.21319324 0.03605624 -0.03112660
v -0.21287817 0.03778780 -0.03150745
v -0.20860592 0.01817695 -0.03182538
v -0.20508092 0.02157104 -0.03601505
v -0.21732898 0.00831866 -0.03802296
v -0.22041366 0.00704830 -0.04215299
v -0.22522369 0.00564009 -0.03985188
v -0.22268933 0.00922583 -0.03667692
v -0.21058379 0.01056865 -0.03459227
v -0.20448772 0.01000962 -0.04204515
v -0.21200088 0.00727640 -0.03828209
v -0.19957875 0.01670070 -0.04475444
v -0.19873966 0.02532197 -0.04790625
v -0.20366942 0.02584989 -0.03999525
v -0.20378289 0.02867369 -0.04352865
v -0.22025773 0.01188402 -0.03378317
v -0.21548521 0.01040169 -0.03476079
v -0.20269683 0.03394012 -0.05918458
v -0.20350232 0.03616204 -0.05004172
v -0.20332512 0.03769413 -0.05175031
v -0.21474293 0.02487844 -0.01520307
v -0.21689401 0.02466216 -0.01810909
v -0.21590345 0.00675482 -0.08305102
v -0.21521057 0.01361053 -0.07823643
v -0.21474401 0.01926828 -0.07494049
v -0.21448002 0.02470113 -0.07235055
v -0.21344993 0.03006509 -0.07000664
v -0.21423743 0.05449549 -0.04132399
v -0.20678100 -0.03068203 -0.11204756
v -0.22810724 0.00457721 -0.03596077
v -0.21378433 0.00862780 -0.05856036
v -0.21746233 0.00809415 -0.05778739
v -0.21422391 0.00664420 -0.05152784
v -0.20903931 0.00688283 -0.05363763
v -0.21845250 0.02216078 -0.02329745
v -0.21811870 0.02399443 -0.02382411
v -0.21787521 0.02390183 -0.02811266
v -0.21889521 0.02227636 -0.02796603
v -0.21477386 0.02552399 -0.02898532
v -0.21412114 0.02745667 -0.02896429
v -0.22022536 0.02055121 -0.02763660
v -0.21560451 0.02389792 -0.02896879
v -0.21682853 0.02212096 -0.02914546
v -0.21809277 0.01991156 -0.02907310
v -0.19403475 0.01860862 -0.05563792
v -0.19593312 0.01116242 -0.05205142
v -0.19759770 0.01294070 -0.04807659
v -0.19599636 0.02182578 -0.05130531
v -0.20626564 0.03473899 -0.06676921
v -0.20265531 0.03183667 -0.06392331
v -0.21575282 0.00865856 -0.07990791
v -0.21314297 0.01379557 -0.07773708
v -0.21070487 0.01384197 -0.07726442
v -0.21437797 0.00975067 -0.07814702
v -0.20751920 0.01955636 -0.07564275
v -0.21123101 0.01987903 -0.07541435
v -0.20445456 0.02445290 -0.07307009
v -0.20947369 0.02564244 -0.07353700
v -0.20770473 0.03065306 -0.07057001
v -0.20292236 0.02872190 -0.06872272
v -0.21047332 0.00936210 -0.07604379
v -0.20588433 0.01209785 -0.07507002
v -0.20816238 0.01313476 -0.07647881
v -0.21216906 0.00980103 -0.07718776
v -0.20368376 0.01736173 -0.07448512
v -0.20093248 0.01512649 -0.07202454
v -0.19772287 0.01811916 -0.06751694
v -0.20019876 0.02150227 -0.07089657
v -0.20027260 0.02802472 -0.06082559
v -0.19931550 0.02516781 -0.06585812
v -0.19664225 0.02096796 -0.06250883
v -0.19703765 0.02382706 -0.05797050
v -0.20116706 0.03019859 -0.05665306
v -0.19896110 0.02645626 -0.05388363
v -0.20209292 0.03140612 -0.05331764
v -0.20074716 0.02833297 -0.05093390
v -0.20209303 0.02955664 -0.04879121
v -0.20273868 0.03224558 -0.05085139
v -0.20300978 0.03038685 -0.04717206
v -0.20330120 0.03300195 -0.04914818
v -0.20368212 0.03133580 -0.04592962
v -0.20425677 0.03246051 -0.04474229
v -0.20386769 0.03524997 -0.04695180
v -0.20362561 0.03389687 -0.04798326
v -0.20483070 0.03370562 -0.04346698
v -0.20420145 0.03691528 -0.04573291
v -0.20487403 0.03875271 -0.04125720
v -0.20449504 0.03801213 -0.04376156
v -0.20528887 0.03469955 -0.04190110
v -0.20570175 0.03550567 -0.04005900
v -0.20642441 0.03619397 -0.03815618
v -0.20569427 0.03916154 -0.03874924
v -0.20756581 0.03619451 -0.03627867
v -0.20903986 0.03614953 -0.03431518
v -0.20896628 0.03839214 -0.03449733
v -0.20727397 0.03887591 -0.03650453
v -0.21067963 0.03785108 -0.03277683
v -0.21071587 0.03596199 -0.03255520
v -0.21543612 0.00301750 -0.08470029
v -0.21598534 0.00480183 -0.08184984
v -0.21601181 0.00634581 -0.07968200
v -0.20680606 0.00874244 -0.06637870
v -0.20413259 0.00945420 -0.06689725
v -0.20544310 0.00908569 -0.06972079
v -0.20713633 0.00849914 -0.07047817
v -0.20439581 0.00911044 -0.06138119
v -0.20191922 0.01019013 -0.06252168
v -0.20154028 0.00938932 -0.05719702
v -0.19982801 0.01032812 -0.05870490
v -0.19910135 0.00982905 -0.05546468
v -0.19862798 0.01035232 -0.05685787
v -0.19808357 0.01095344 -0.05752975
v -0.19891930 0.01119861 -0.05978410
v -0.19754886 0.01128433 -0.05701206
v -0.19824516 0.01210012 -0.06049340
v -0.20019499 0.01161674 -0.06467839
v -0.20080475 0.01094937 -0.06356929
v -0.20314931 0.01045037 -0.06879643
v -0.20311589 0.00997421 -0.06769446
v -0.20582064 0.00919505 -0.07130888
v -0.20489487 0.00936344 -0.07015662
v -0.21822105 -0.00158786 -0.07424779
v -0.21817538 -0.00283361 -0.07348743
v -0.21830731 0.00075738 -0.07483956
v -0.21766362 0.00363499 -0.07492774
v -0.21543192 0.00609494 -0.07454586
v -0.22585346 0.00106347 -0.04309749
v -0.22330413 0.00423804 -0.04651156
v -0.22454275 -0.00065283 -0.05085187
v -0.22499722 -0.00316725 -0.04778370
v -0.22385008 -0.00319349 -0.05575688
v -0.22295638 -0.00517088 -0.05360601
v -0.21517717 0.00045624 -0.08522303
v -0.21610422 0.00174022 -0.08291510
v -0.21664363 0.00321400 -0.08088339
v -0.21602565 0.00538901 -0.07695254
v -0.21371298 0.00749482 -0.07637706
v -0.21513898 0.00725362 -0.07782099
v -0.21661280 0.00446137 -0.07890809
v -0.21122800 0.00826310 -0.06568803
v -0.21038460 0.00765221 -0.07168792
v -0.20923670 0.00854180 -0.05994971
v -0.20473654 0.00823473 -0.05548452
v -0.19994782 0.00877355 -0.05367059
v -0.19629747 0.01222388 -0.05634972
v -0.19769272 0.01337333 -0.06156362
v -0.19978753 0.01231142 -0.06633760
v -0.20351759 0.01056682 -0.07069062
v -0.20728203 0.00880311 -0.07280211
v -0.20220169 0.00674871 -0.05065578
v -0.19547763 0.01685583 -0.05963152
v -0.19721372 0.01537640 -0.06412595
v -0.19986962 0.01345044 -0.06897660
v -0.20428439 0.01088450 -0.07307735
v -0.20893620 0.00888666 -0.07460109
v -0.22101339 -0.00646250 -0.05994470
v -0.22178956 -0.00379233 -0.06097427
v -0.21993432 -0.00385996 -0.06696172
v -0.21950266 -0.00698565 -0.06645352
v -0.21813908 -0.00713549 -0.07188918
v -0.21848889 -0.00430349 -0.07131393
v -0.22090336 -0.01086877 -0.05000389
v -0.21972095 -0.01367088 -0.05798926
v -0.21892046 -0.01835071 -0.05778256
v -0.21962871 -0.01524799 -0.04893923
v -0.21490036 -0.01681034 -0.08542758
v -0.21685232 -0.01918859 -0.07672202
v -0.21733663 -0.01457463 -0.07450760
v -0.21621872 -0.01252245 -0.08059667
v -0.20579322 0.00589560 -0.04644460
v -0.21490752 0.00618508 -0.04353354
v -0.21223365 0.00751316 -0.07456365
v -0.22048050 0.00320884 0.00752445
v -0.22038644 0.00963572 0.01372287
v -0.22168338 0.01569894 0.02057721
v -0.20019722 -0.00991959 -0.13184234
v -0.19730316 -0.01384938 -0.14057153
v -0.19392550 -0.01918309 -0.15183810
v -0.19081971 -0.02477630 -0.16401878
v -0.19233010 -0.01208215 -0.15477953
v -0.18890550 -0.01603222 -0.16599237
v -0.19106520 -0.00490048 -0.15561619
v -0.18763770 -0.00773300 -0.16638478
v -0.19049777 0.00276114 -0.15412814
v -0.18670823 0.00134120 -0.16471883
v -0.19520156 -0.00840465 -0.14480437
v -0.19741603 -0.00564007 -0.13699258
v -0.19506016 -0.00092512 -0.14116374
v -0.19352132 -0.00295876 -0.14734013
v -0.19250733 0.00259588 -0.14858036
v -0.19403553 0.00367515 -0.14444734
v -0.20143526 -0.00085149 -0.12781333
v -0.19791556 0.00288540 -0.13432082
v -0.19567281 0.00701845 -0.13845939
v -0.20233829 0.00656087 -0.12161177
v -0.20001864 0.00869599 -0.12708311
v -0.19778628 0.01206490 -0.13159387
v -0.20091815 0.01714657 -0.12365904
v -0.18986009 0.00831034 -0.15176227
v -0.18606673 0.00973130 -0.16109203
v -0.19297007 0.00755165 -0.14700577
v -0.19186417 0.00624096 -0.14890147
v -0.19315217 0.01040132 -0.14236410
v -0.19494261 0.01566796 -0.13552831
v -0.19711164 0.02043692 -0.12833258
v -0.19067159 0.01194304 -0.14876586
v -0.18695824 0.01631113 -0.15413207
v -0.19106631 0.01553137 -0.14466719
v -0.18790978 0.02158653 -0.14708180
v -0.19186711 0.02036827 -0.13883400
v -0.18913627 0.02638394 -0.13998747
v -0.21412098 0.00021745 -0.08815935
v -0.21392565 0.00169555 -0.08940351
v -0.21425950 -0.00070945 -0.08743040
v -0.21455692 -0.01030159 -0.08746822
v -0.21551042 -0.00839750 -0.08346438
v -0.21458935 -0.00581430 -0.08706276
v -0.21557949 -0.00450133 -0.08382576
v -0.21578875 -0.00115869 -0.08355753
v -0.21482745 -0.00227315 -0.08623772
v -0.22189568 -0.00760877 -0.05151444
v -0.22035588 -0.00979549 -0.05871734
v -0.21785818 -0.01066220 -0.07290400
v -0.21662000 -0.00928539 -0.07785622
v -0.21621797 -0.00629954 -0.08045784
v -0.21640000 -0.00293707 -0.08124421
v -0.21660141 0.00023870 -0.08135324
v -0.21364941 0.00286495 -0.09158836
v -0.21310513 0.00371298 -0.09483929
v -0.20314922 -0.00599953 -0.12363950
v -0.20574917 -0.00308452 -0.11539647
v -0.20819902 -0.00032942 -0.10684265
v -0.21175503 0.00423558 -0.09873445
v -0.20447960 0.00071905 -0.11785575
v -0.20694081 0.00258781 -0.10944513
v -0.21051201 0.00552684 -0.10238349
v -0.21002799 0.00735735 -0.10429698
v -0.20761307 0.00656629 -0.10904496
v -0.20523493 0.00611559 -0.11540616
v -0.21917076 -0.01083231 -0.06617992
v -0.21866735 -0.01490478 -0.06652066
v -0.21797253 -0.01966793 -0.06725626
v -0.21736149 -0.02530420 -0.06850806
v -0.21619197 -0.02511021 -0.07873942
v -0.21811236 -0.02412123 -0.05818387
v -0.21867399 -0.02161296 -0.04841954
v -0.21389131 -0.02423532 -0.08871159
v -0.21131809 -0.02392518 -0.09820358
v -0.20975813 -0.03109885 -0.10173729
v -0.21246216 -0.03138849 -0.09139799
v -0.21486399 -0.03186230 -0.08084664
v -0.21645429 -0.03199591 -0.07021810
v -0.21749521 -0.03115534 -0.05917707
v -0.21792448 -0.02934571 -0.04843289
v -0.21923385 0.05662893 -0.04170073
v -0.24131303 0.05179348 -0.07293286
v -0.24119857 0.04918361 -0.06935729
v -0.23896790 0.04692038 -0.06422308
v -0.23382752 0.04631461 -0.06025181
v -0.22817751 0.04795353 -0.06042913
v -0.22177698 0.05030210 -0.06130436
v -0.21450608 0.05145904 -0.06100798
v -0.20769879 0.04970994 -0.05856297
v -0.20944297 0.01441806 -0.03260988
v -0.21380244 0.01333029 -0.03244963
v -0.21814956 0.01451369 -0.03191129
v -0.21258575 0.01629982 -0.03144420
v -0.21641885 0.01692171 -0.03086438
v -0.21493790 0.01926903 -0.03016436
v -0.21166685 0.01920144 -0.03102988
v -0.21105406 0.02162648 -0.03113264
v -0.21381301 0.02154956 -0.02988498
v -0.20728630 0.02661258 -0.03538614
v -0.21184409 0.03082797 -0.03130761
v -0.21023674 0.03040841 -0.03263807
v -0.20907126 0.02995396 -0.03368416
v -0.20794930 0.02795297 -0.03503541
v -0.20841624 0.02906795 -0.03446550
v -0.21298000 0.02351483 -0.02987092
v -0.21067061 0.02357171 -0.03123224
v -0.20869897 0.02473129 -0.03307185
v -0.22423418 0.00264294 -0.00342799
v -0.22469302 -0.00367400 -0.00087949
v -0.20893459 0.02637247 -0.03318272
v -0.21045161 0.02532029 -0.03135298
v -0.21237364 0.02527442 -0.02983958
v -0.21198705 0.02712269 -0.03015308
v -0.21034275 0.02706713 -0.03151292
v -0.20912332 0.02768135 -0.03291609
v -0.21193581 0.02909886 -0.03066713
v -0.21042023 0.02876187 -0.03195073
v -0.20943015 0.02872004 -0.03278896
v -0.22413824 -0.00505560 -0.04506370
v -0.22658137 -0.00099160 -0.03957507
v -0.22236220 -0.00732765 -0.04239229
v -0.22547143 -0.00252984 -0.03571901
v -0.22044369 -0.01109567 -0.03994588
v -0.22282140 -0.00528285 -0.03182001
v -0.21980730 -0.01213236 -0.02866034
v -0.22235250 -0.00621119 -0.02016020
v -0.22553709 -0.00221340 -0.01209528
v -0.22412808 -0.00874117 -0.00842065
v -0.22032333 -0.01438659 -0.01611700
v -0.21859001 -0.02138594 -0.02575878
v -0.21894335 -0.01767890 -0.03821657
v -0.21810819 -0.02616623 -0.03716697
v -0.22456083 0.01848998 0.02584954
v -0.22629957 0.02714238 0.03039307
v -0.22139034 0.01296419 0.02235327
v -0.22062403 0.00620202 0.01592171
v -0.22266018 0.00042461 0.01009356
v -0.22724581 -0.00918797 0.00255297
v -0.22344325 -0.01446034 -0.00325021
v -0.21992210 -0.02219464 -0.01078586
v -0.22526846 -0.00115988 0.01409684
v -0.22267054 0.00382342 0.01898359
v -0.22476959 0.02582926 0.03150406
v -0.22404720 0.01611069 0.02620840
v -0.22476971 0.01496402 0.02828280
v -0.22374371 0.02580028 0.03264214
v -0.22237601 0.01027552 0.02394194
v -0.22705472 -0.00504614 0.01970755
v -0.22612961 0.00235698 0.02276289
v -0.08919433 -0.23651167 0.17184019
v -0.09005230 -0.23021997 0.18221491
v -0.10038161 -0.22488713 0.18087298
v -0.09956171 -0.23106974 0.17047538
v -0.07834385 -0.24046950 0.17299672
v -0.07958394 -0.23443703 0.18361179
v -0.05867379 -0.23889811 0.18643881
v -0.05713763 -0.24494750 0.17573127
v -0.04694897 -0.24546083 0.17801032
v -0.04857462 -0.23940048 0.18862201
v -0.03707887 -0.24461850 0.18209174
v -0.03859936 -0.23877587 0.19195553
v -0.02760936 -0.24054785 0.19094752
v -0.02874941 -0.23762038 0.19619602
v -0.01802599 -0.23440468 0.20306948
v -0.01798657 -0.23520039 0.20084551
v -0.06909817 -0.23733835 0.18497498
v -0.06763612 -0.24332212 0.17427288
v -0.22000688 -0.08655708 0.09575376
v -0.21765459 -0.09485852 0.10379140
v -0.22063165 -0.08592183 0.11106152
v -0.22291025 -0.07744030 0.10251191
v -0.21145489 -0.11187533 0.11821979
v -0.20788001 -0.12033606 0.12458103
v -0.21078939 -0.11219070 0.13294835
v -0.21461612 -0.10356882 0.12627339
v -0.21479252 -0.10333151 0.11127179
v -0.21798194 -0.09470786 0.11896970
v -0.20348332 -0.12859261 0.13031143
v -0.20601715 -0.12043996 0.13887701
v -0.19556892 -0.13603262 0.14846253
v -0.20100415 -0.12848561 0.14406978
v -0.19866388 -0.13637216 0.13531669
v -0.19332934 -0.14355026 0.13961447
v -0.18976880 -0.14327130 0.15236482
v -0.18769239 -0.15057552 0.14342305
v -0.16722535 -0.17230428 0.15346737
v -0.16890522 -0.16559639 0.16315647
v -0.17663693 -0.15792749 0.15966350
v -0.17465436 -0.16482116 0.15013057
v -0.15374371 -0.18221848 0.17005354
v -0.16129760 -0.17383927 0.16669444
v -0.15983404 -0.18045066 0.15698606
v -0.15240138 -0.18866069 0.16020148
v -0.13744408 -0.19733705 0.17497188
v -0.14588410 -0.19009446 0.17284516
v -0.14462756 -0.19633333 0.16282170
v -0.13637010 -0.20348336 0.16481455
v -0.12768528 -0.21054416 0.16646282
v -0.12874219 -0.20452834 0.17671927
v -0.11873000 -0.21774911 0.16796725
v -0.11969805 -0.21168293 0.17824852
v -0.09119813 -0.21754361 0.20318543
v -0.09110139 -0.21045658 0.21325513
v -0.10145458 -0.20573021 0.21200764
v -0.10164404 -0.21261155 0.20191362
v -0.08078376 -0.22143639 0.20449500
v -0.08065015 -0.21413334 0.21449337
v -0.06030509 -0.22591563 0.20702298
v -0.06026466 -0.21876222 0.21706393
v -0.07039973 -0.21679922 0.21585275
v -0.07053387 -0.22419276 0.20582928
v -0.05037121 -0.22004977 0.21853378
v -0.05037313 -0.22670038 0.20858558
v -0.04003857 -0.22087265 0.22034036
v -0.04022469 -0.22720394 0.21057675
v -0.02930202 -0.22755119 0.21242106
v -0.02899230 -0.22117498 0.22190274
v -0.01770394 -0.22738779 0.21346006
v -0.01750559 -0.22103515 0.22272919
v -0.18355676 -0.15050377 0.15604212
v -0.18145121 -0.15758016 0.14684238
v -0.22225026 -0.07869480 0.08719480
v -0.22496989 -0.06939625 0.09346249
v -0.22396328 -0.07118950 0.07829852
v -0.22664044 -0.06193140 0.08394151
v -0.22738748 -0.01232524 0.00824195
v -0.22293624 -0.01882745 0.00355321
v -0.22331182 -0.02244085 0.01106608
v -0.22625895 -0.01440998 0.01523676
v -0.22036636 -0.02756711 -0.00256537
v -0.22160141 -0.03180164 0.00619494
v -0.22488898 0.00879172 0.02633155
v -0.22786805 0.00787666 0.03054723
v -0.22567885 0.01551486 0.03369743
v -0.22776581 -0.00913651 0.02662007
v -0.22775135 -0.00003891 0.02859711
v -0.22415514 -0.02590404 0.01904324
v -0.22557553 -0.01702183 0.02297247
v -0.22329310 -0.03563081 0.01491820
v -0.22496124 0.01540644 0.04184647
v -0.22752715 0.00603354 0.03832913
v -0.22641708 0.00377504 0.04844418
v -0.22538207 0.01467316 0.05156034
v -0.22692483 -0.00280623 0.03666430
v -0.22667837 -0.01183805 0.03443639
v -0.22728788 -0.01483542 0.04341081
v -0.22720113 -0.00576713 0.04610212
v -0.22572580 -0.02018859 0.03142369
v -0.22489884 -0.02948217 0.02756651
v -0.22601163 -0.03306214 0.03668874
v -0.22675545 -0.02366024 0.04048868
v -0.22431566 -0.03916948 0.02366597
v -0.22494859 -0.04275780 0.03265279
v -0.23274919 0.00637907 0.08793442
v -0.23101476 0.01028263 0.07491470
v -0.23109252 -0.00225711 0.07099824
v -0.23293292 -0.00667710 0.08302476
v -0.23286097 -0.03398333 0.13169595
v -0.23126776 -0.04294218 0.14309685
v -0.23249165 -0.02900754 0.15290012
v -0.23422090 -0.02012364 0.14032111
v -0.23421202 -0.02593632 0.11970475
v -0.23503655 -0.01202595 0.12722698
v -0.23477296 -0.01868123 0.10739962
v -0.23492460 -0.00475634 0.11410039
v -0.22532174 -0.06413387 0.06910353
v -0.22784770 -0.05489008 0.07413853
v -0.23442959 -0.01220744 0.09507060
v -0.23403569 0.00144618 0.10103062
v -0.22598492 -0.05751689 0.05994342
v -0.22793263 -0.04818129 0.06451840
v -0.11118610 -0.19961852 0.21058812
v -0.11168345 -0.20658192 0.20058551
v -0.11024263 -0.21861507 0.17959489
v -0.10946742 -0.22482102 0.16926187
v -0.22820172 0.01302877 0.06252669
v -0.22841724 0.00113929 0.05935213
v -0.11108162 -0.21262479 0.19000581
v -0.10109561 -0.21874987 0.19136891
v -0.09080255 -0.22397748 0.19276705
v -0.08043911 -0.22798558 0.19414415
v -0.07017731 -0.23090305 0.19551235
v -0.05990174 -0.23266408 0.19687862
v -0.04995626 -0.23328362 0.19895801
v -0.03982906 -0.23289391 0.20170588
v -0.02920798 -0.23261376 0.20441897
v -0.01797642 -0.23205621 0.20619062
v -0.12065540 -0.20581170 0.18865378
v -0.12963725 -0.19850626 0.18704676
v -0.13836728 -0.19110000 0.18518293
v -0.14704586 -0.18373818 0.18307864
v -0.15491932 -0.17555917 0.18024368
v -0.16233144 -0.16681167 0.17679290
v -0.17011144 -0.15839857 0.17324937
v -0.17778407 -0.15044614 0.16955830
v -0.18487589 -0.14287994 0.16570443
v -0.19133416 -0.13543979 0.16185344
v -0.19730870 -0.12787036 0.15778128
v -0.20311693 -0.12007805 0.15320007
v -0.20865051 -0.11190160 0.14784842
v -0.21325516 -0.10324935 0.14160392
v -0.21745530 -0.09448926 0.13462399
v -0.22094973 -0.08544472 0.12690961
v -0.22359627 -0.07644686 0.11851158
v -0.22578735 -0.06776142 0.10943653
v -0.22762668 -0.05959853 0.09981282
v -0.22921040 -0.05230325 0.08955453
v -0.22961285 -0.04536222 0.07920732
v -0.22947970 -0.03875312 0.06911386
v -0.12992082 -0.19201618 0.19734755
v -0.12096701 -0.19945349 0.19901736
v -0.12045837 -0.19259746 0.20912006
v -0.12943147 -0.18508849 0.20755336
v -0.13888335 -0.18461975 0.19563385
v -0.13852436 -0.17761982 0.20611180
v -0.14744153 -0.16968991 0.20423277
v -0.14761640 -0.17691848 0.19358180
v -0.15557807 -0.16092544 0.20146190
v -0.16340390 -0.15189612 0.19825196
v -0.16329840 -0.15954286 0.18739317
v -0.15556342 -0.16837297 0.19070633
v -0.17827681 -0.14250066 0.17984580
v -0.17096410 -0.15083837 0.18379210
v -0.17076082 -0.14278963 0.19452332
v -0.17796279 -0.13415630 0.19045200
v -0.18531330 -0.13461604 0.17580561
v -0.18505093 -0.12596874 0.18638486
v -0.19187842 -0.11787946 0.18228915
v -0.19192864 -0.12688985 0.17183352
v -0.19872530 -0.10980027 0.17787727
v -0.19831422 -0.11912377 0.16760875
v -0.20568912 -0.10156321 0.17297913
v -0.20458044 -0.11106361 0.16279461
v -0.21592373 -0.09379639 0.15076529
v -0.21050408 -0.10256670 0.15723364
v -0.21225874 -0.09284079 0.16725252
v -0.21808981 -0.08371294 0.16048748
v -0.22057140 -0.08480244 0.14340579
v -0.22299278 -0.07427356 0.15269937
v -0.22411379 -0.07552838 0.13518146
v -0.22669111 -0.06461434 0.14392443
v -0.22642151 -0.06620222 0.12617293
v -0.22903680 -0.05504564 0.13423021
v -0.22831866 -0.05732237 0.11647004
v -0.23090350 -0.04618929 0.12380010
v -0.23026117 -0.04927750 0.10615233
v -0.23243104 -0.03820876 0.11277075
v -0.23152434 -0.04209442 0.09523149
v -0.23325712 -0.03102968 0.10122816
v -0.23144929 -0.03531496 0.08422517
v -0.23351912 -0.02444265 0.08945915
v -0.23097296 -0.02888448 0.07362834
v -0.23239048 -0.01835112 0.07824939
v -0.22579772 -0.05165771 0.05090432
v -0.23103466 -0.01320374 0.06723544
v -0.23008648 -0.02320747 0.06340005
v -0.22888437 -0.03277159 0.05939183
v -0.22755032 -0.04223298 0.05511907
v -0.22556900 -0.04671091 0.04178127
v -0.22727685 -0.03721572 0.04582297
v -0.22801242 -0.02781915 0.04982391
v -0.22914573 -0.00910228 0.05637248
v -0.22881629 -0.01864938 0.05323063
v -0.22999091 -0.03902105 0.16433405
v -0.22885461 -0.05274487 0.15356316
v -0.22613211 -0.04966478 0.17435183
v -0.22487560 -0.06283222 0.16286526
v -0.09045503 -0.20290526 0.22272273
v -0.08956412 -0.19521831 0.23179171
v -0.09920329 -0.19080784 0.23038471
v -0.10040620 -0.19816901 0.22128445
v -0.08018901 -0.20637849 0.22407440
v -0.07971797 -0.19870062 0.23350202
v -0.06011082 -0.21128600 0.22735690
v -0.05988178 -0.20332761 0.23732372
v -0.06986169 -0.20125756 0.23549005
v -0.07014160 -0.20902065 0.22576994
v -0.05004884 -0.21292077 0.22867364
v -0.04975622 -0.20487265 0.23890736
v -0.03965577 -0.21394948 0.22993093
v -0.03932138 -0.20584453 0.24024257
v -0.02858763 -0.21445041 0.23102155
v -0.02832636 -0.20628772 0.24101439
v -0.01708704 -0.21445594 0.23162318
v -0.01694886 -0.20614580 0.24117506
v -0.10843402 -0.18522243 0.22939895
v -0.10996135 -0.19229970 0.22004726
v -0.12803002 -0.17790678 0.21767049
v -0.11911696 -0.18539785 0.21886169
v -0.11699556 -0.17816456 0.22837078
v -0.12567429 -0.17066427 0.22769802
v -0.13705015 -0.17020867 0.21651304
v -0.13422520 -0.16256142 0.22677769
v -0.14597676 -0.16198519 0.21488782
v -0.14269356 -0.15385321 0.22540746
v -0.16156549 -0.14354433 0.20903084
v -0.15403340 -0.15291943 0.21224688
v -0.15066883 -0.14451772 0.22331515
v -0.15833934 -0.13484984 0.22051890
v -0.17643838 -0.12534107 0.20166415
v -0.16896252 -0.13422081 0.20547908
v -0.16617668 -0.12527684 0.21741617
v -0.17397776 -0.11590597 0.21380221
v -0.18386272 -0.11677602 0.19770380
v -0.18178640 -0.10676234 0.21004115
v -0.19119702 -0.10830454 0.19350294
v -0.18984299 -0.09786319 0.20605838
v -0.19869689 -0.09998029 0.18892266
v -0.19814630 -0.08912045 0.20147074
v -0.20632667 -0.09151746 0.18389236
v -0.20655478 -0.08031564 0.19629068
v -0.21976184 -0.07287079 0.17106558
v -0.21358173 -0.08252396 0.17807393
v -0.21417063 -0.07073497 0.19021321
v -0.22068645 -0.06037920 0.18290119
v 0.21522507 0.01591828 0.03970067
v 0.21543517 0.01642340 0.04476116
v 0.21545686 0.00939178 0.04448027
v 0.21483029 0.01000259 0.03940026
v 0.21449964 -0.00377306 0.03302418
v 0.21554914 -0.00586203 0.03842413
v 0.21519612 -0.01389927 0.03349342
v 0.21410937 -0.01094036 0.02761021
v 0.05706609 -0.23151154 0.18077778
v 0.05667189 -0.23766286 0.17014928
v 0.06766184 -0.23348161 0.16907910
v 0.06798248 -0.22722833 0.17959150
v 0.04603238 -0.23446815 0.18184475
v 0.04563484 -0.24076928 0.17134660
v 0.02471004 -0.23863907 0.18573574
v 0.01430623 -0.23938593 0.18900848
v 0.01339290 -0.24477194 0.17900697
v 0.02378453 -0.24422444 0.17528651
v 0.00383736 -0.23882084 0.19316931
v 0.00312743 -0.24327220 0.18482439
v -0.00665711 -0.23706502 0.19741809
v -0.00735017 -0.23851655 0.19520699
v 0.03445090 -0.24269102 0.17276353
v 0.03517199 -0.23669511 0.18329006
v 0.20339500 -0.09494302 0.10278449
v 0.20689066 -0.08603093 0.11017936
v 0.20286335 -0.09395659 0.11789135
v 0.19964071 -0.10270955 0.11029309
v 0.18955759 -0.11789512 0.12362371
v 0.19218529 -0.10948330 0.13180774
v 0.18633569 -0.11726841 0.13759510
v 0.18395897 -0.12550681 0.12911932
v 0.19497659 -0.11038906 0.11736722
v 0.19776528 -0.10173366 0.12517585
v 0.17808917 -0.13307501 0.13388976
v 0.18013016 -0.12493046 0.14251549
v 0.16739393 -0.14004531 0.15060526
v 0.16579468 -0.14793233 0.14149209
v 0.17217900 -0.14069720 0.13805256
v 0.17386761 -0.13256602 0.14686865
v 0.16066100 -0.14727323 0.15395828
v 0.15924001 -0.15490763 0.14458125
v 0.13877122 -0.17672123 0.15408156
v 0.14585794 -0.16905735 0.15086539
v 0.14686651 -0.16192886 0.16057534
v 0.13975306 -0.16987715 0.16394422
v 0.12450847 -0.18616101 0.16998470
v 0.12370898 -0.19253126 0.15962328
v 0.13146231 -0.18470001 0.15706119
v 0.13237276 -0.17812916 0.16715023
v 0.10760947 -0.20117424 0.17411081
v 0.10714894 -0.20735690 0.16364393
v 0.11571729 -0.20011543 0.16181924
v 0.11621736 -0.19374733 0.17228469
v 0.09851004 -0.20847883 0.17558754
v 0.09805539 -0.21447396 0.16506588
v 0.08894414 -0.21556475 0.17685263
v 0.08841823 -0.22137585 0.16624920
v 0.05760530 -0.21034937 0.21110451
v 0.05765307 -0.21758412 0.20114367
v 0.06873518 -0.21371888 0.20042023
v 0.06834685 -0.20619124 0.21010372
v 0.04692748 -0.21392026 0.21247233
v 0.04669054 -0.22069062 0.20217554
v 0.02618803 -0.21910519 0.21593582
v 0.02587773 -0.22623480 0.20618749
v 0.03616578 -0.22374401 0.20401987
v 0.03649278 -0.21687966 0.21413283
v 0.01584344 -0.22055510 0.21806517
v 0.01550672 -0.22765958 0.20847671
v 0.00512620 -0.22099357 0.22005208
v 0.00495411 -0.22784507 0.21091886
v -0.00598927 -0.22096185 0.22172270
v -0.00618383 -0.22736570 0.21288439
v 0.15382947 -0.15446031 0.15723699
v 0.15262338 -0.16184371 0.14765943
v 0.20601227 -0.08726073 0.09502100
v 0.20956967 -0.07816715 0.10217123
v 0.20801512 -0.07996197 0.08698954
v 0.21123222 -0.07063525 0.09386858
v 0.21341184 -0.01799620 0.02115838
v 0.21451238 -0.02173142 0.02787584
v 0.21249668 -0.03008318 0.02180889
v 0.21146438 -0.02566426 0.01421237
v 0.21044077 -0.03888350 0.01529252
v 0.20926048 -0.03391326 0.00641913
v 0.21410047 0.00331130 0.03711413
v 0.21556741 0.00185724 0.04223767
v 0.21705606 0.00931449 0.05129765
v 0.21709931 0.00045067 0.04883602
v 0.21722223 -0.00815881 0.04514757
v 0.21659418 -0.01697622 0.04068226
v 0.21512254 -0.02537665 0.03554307
v 0.21331933 -0.03416863 0.03002578
v 0.21121932 -0.04327752 0.02427308
v 0.21901574 0.00926134 0.05962858
v 0.22061681 0.00873796 0.06952863
v 0.22090916 -0.00327983 0.06615116
v 0.21937743 -0.00111366 0.05680296
v 0.21903204 -0.01068216 0.05315481
v 0.22017815 -0.01396132 0.06228234
v 0.21845854 -0.02391405 0.05791483
v 0.21771856 -0.02020719 0.04886923
v 0.21573404 -0.02919647 0.04409703
v 0.21648816 -0.03331285 0.05324298
v 0.21409454 -0.04278611 0.04823461
v 0.21374319 -0.03836800 0.03897169
v 0.21130963 -0.05216894 0.04284224
v 0.21132368 -0.04766967 0.03347497
v 0.22355154 0.00479343 0.09257907
v 0.22435480 0.00108678 0.10491861
v 0.22306346 -0.01384258 0.09921919
v 0.22289124 -0.00958678 0.08769894
v 0.21704188 -0.04145360 0.14341737
v 0.21941718 -0.02693362 0.15299590
v 0.21510538 -0.03616691 0.16411942
v 0.21263918 -0.05047177 0.15312319
v 0.21985586 -0.03307704 0.13300196
v 0.22224130 -0.01831047 0.14136786
v 0.22155127 -0.02557981 0.12207422
v 0.22371998 -0.01055903 0.12944866
v 0.20950394 -0.07317368 0.07876947
v 0.21257690 -0.06382698 0.08526557
v 0.22282116 -0.01918422 0.11072148
v 0.22440795 -0.00405574 0.11727854
v 0.21070557 -0.06720017 0.07018476
v 0.21379684 -0.05790519 0.07631690
v 0.07932934 -0.20862396 0.19934561
v 0.07875921 -0.20118288 0.20925296
v 0.07827870 -0.22788931 0.16779935
v 0.07872354 -0.22190707 0.17830633
v 0.22215546 0.00729189 0.08067479
v 0.22215922 -0.00609273 0.07659933
v 0.06858103 -0.22086626 0.19026280
v 0.07930212 -0.21572864 0.18906770
v 0.05739280 -0.22452104 0.19094318
v 0.04643671 -0.22771375 0.19217846
v 0.03577768 -0.23051008 0.19391603
v 0.02536682 -0.23263325 0.19600674
v 0.01499164 -0.23365878 0.19876203
v 0.00443051 -0.23344834 0.20234039
v -0.00657382 -0.23256816 0.20508544
v 0.09866711 -0.20205664 0.18619052
v 0.08920889 -0.20917132 0.18753635
v 0.10774211 -0.19465303 0.18476581
v 0.11650287 -0.18714327 0.18297294
v 0.12487121 -0.17933305 0.18048488
v 0.13293243 -0.17115200 0.17753968
v 0.14774767 -0.15463230 0.17077142
v 0.14051433 -0.16274378 0.17424485
v 0.15477128 -0.14692351 0.16721537
v 0.16166129 -0.13944050 0.16370080
v 0.16853459 -0.13194530 0.16011357
v 0.17518298 -0.12420844 0.15607560
v 0.18826726 -0.10842189 0.14632765
v 0.18180412 -0.11636872 0.15152096
v 0.19442473 -0.10047173 0.14022829
v 0.20029866 -0.09249189 0.13340297
v 0.20556909 -0.08441300 0.12595671
v 0.20966190 -0.07625013 0.11800003
v 0.21238825 -0.06824250 0.10966853
v 0.21393121 -0.06066664 0.10098201
v 0.21515775 -0.05389047 0.09193860
v 0.21654286 -0.04811628 0.08240067
v 0.09848659 -0.19524833 0.19681103
v 0.09774050 -0.18807623 0.20731895
v 0.08844270 -0.19499621 0.20830393
v 0.08922232 -0.20239314 0.19812937
v 0.10747541 -0.18772906 0.19540248
v 0.10668290 -0.18044813 0.20592302
v 0.11626971 -0.17997028 0.19352863
v 0.11535248 -0.17235226 0.20398255
v 0.12381145 -0.16400151 0.20155929
v 0.12474148 -0.17189516 0.19098212
v 0.13309119 -0.16365178 0.18812661
v 0.13204243 -0.15545882 0.19877290
v 0.14806428 -0.14678599 0.18131560
v 0.14727340 -0.13818892 0.19201350
v 0.14005963 -0.14686879 0.19571627
v 0.14082387 -0.15511509 0.18486235
v 0.15495952 -0.13874134 0.17756288
v 0.15425190 -0.12989253 0.18814104
v 0.16192398 -0.13097405 0.17390499
v 0.16151981 -0.12190311 0.18440507
v 0.16905952 -0.12331171 0.17013428
v 0.16901292 -0.11395947 0.18049646
v 0.17602823 -0.11541926 0.16583479
v 0.17641921 -0.10584447 0.17611477
v 0.18961256 -0.09895286 0.15546493
v 0.19100420 -0.08887254 0.16543828
v 0.18362261 -0.09738753 0.17106859
v 0.18280751 -0.10721540 0.16094316
v 0.19635588 -0.09083672 0.14923243
v 0.19819603 -0.08039808 0.15900904
v 0.20258349 -0.08259044 0.14220028
v 0.20462814 -0.07173858 0.15164841
v 0.20803995 -0.07419095 0.13448078
v 0.21020443 -0.06293981 0.14350895
v 0.21194990 -0.06566974 0.12613962
v 0.21433574 -0.05413174 0.13467346
v 0.21465206 -0.05754420 0.11732566
v 0.21720137 -0.04596217 0.12516411
v 0.21650790 -0.05010722 0.10814595
v 0.21917370 -0.03862882 0.11513816
v 0.21801148 -0.04353184 0.09840285
v 0.22063082 -0.03216083 0.10456401
v 0.21910859 -0.03780102 0.08816064
v 0.22135705 -0.02651211 0.09373984
v 0.21128471 -0.06182054 0.06136222
v 0.21929847 -0.03262779 0.07784125
v 0.22147713 -0.02169506 0.08288414
v 0.21436172 -0.05248774 0.06703561
v 0.21717139 -0.04282167 0.07251353
v 0.21150739 -0.05677924 0.05221636
v 0.21431610 -0.04740697 0.05754776
v 0.21682050 -0.03779568 0.06269076
v 0.22097245 -0.01749185 0.07232524
v 0.21898554 -0.02798751 0.06765966
v 0.20884373 -0.04594318 0.17386558
v 0.20676821 -0.05978787 0.16194744
v 0.20117928 -0.05584707 0.18211809
v 0.19979661 -0.06895413 0.16977777
v 0.05632005 -0.19541474 0.23004632
v 0.05716790 -0.20302924 0.22090952
v 0.06753005 -0.19879538 0.21973305
v 0.06608937 -0.19121560 0.22864507
v 0.04642422 -0.19875430 0.23196537
v 0.04683782 -0.20653871 0.22246572
v 0.03658552 -0.20142679 0.23415427
v 0.02643167 -0.20336399 0.23588850
v 0.02631724 -0.21165664 0.22587395
v 0.03664995 -0.20949803 0.22424817
v 0.01616250 -0.20477805 0.23735830
v 0.01597279 -0.21301073 0.22775038
v 0.00562495 -0.20550555 0.23889917
v 0.00534145 -0.21349896 0.22961584
v -0.00551031 -0.20594753 0.24040468
v -0.00563037 -0.21409872 0.23089176
v 0.09612272 -0.18050605 0.21743822
v 0.09337597 -0.17279304 0.22716850
v 0.08464389 -0.18007291 0.22767966
v 0.08695394 -0.18743850 0.21818246
v 0.10489713 -0.17268354 0.21619043
v 0.10209725 -0.16497137 0.22659383
v 0.11350061 -0.16443139 0.21455479
v 0.11049216 -0.15643413 0.22543192
v 0.13005078 -0.14701094 0.20980856
v 0.12722692 -0.13856607 0.22178936
v 0.11891053 -0.14758241 0.22387782
v 0.12190108 -0.15582523 0.21239241
v 0.14542102 -0.12918487 0.20324690
v 0.14293003 -0.12000540 0.21557475
v 0.13513926 -0.12930287 0.21897830
v 0.13803655 -0.13815521 0.20687818
v 0.15269280 -0.12057456 0.19936297
v 0.15054853 -0.11082774 0.21182991
v 0.16022397 -0.11224228 0.19554594
v 0.15838884 -0.10198741 0.20796900
v 0.16812344 -0.10401266 0.19161822
v 0.16674789 -0.09338518 0.20392307
v 0.17606091 -0.09560199 0.18720912
v 0.17546901 -0.08454939 0.19965571
v 0.19212068 -0.07803928 0.17651022
v 0.19281357 -0.06577692 0.18896790
v 0.18414727 -0.07529071 0.19476859
v 0.18409438 -0.08695052 0.18222167
v 0.07740673 -0.19343474 0.21870921
v 0.07550212 -0.18607255 0.22788802
v -0.22335950 0.02564963 0.03594370
v 0.21702426 0.01815095 0.05192271
v -0.22491042 0.02819006 0.05373613
v -0.22358859 0.02658122 0.04327976
v 0.22024542 0.02323849 0.07207912
v 0.21865756 0.02071853 0.06095786
v 0.22157255 0.02350397 0.08450182
v 0.22289103 0.02210724 0.09773514
v 0.22377498 0.01915343 0.11139515
v 0.22448399 0.01421921 0.12500249
v 0.22440412 0.00759451 0.13843136
v 0.22338541 -0.00040459 0.15166429
v 0.22106888 -0.00898665 0.16506942
v 0.21671404 -0.01832150 0.17779292
v 0.20982502 -0.02858818 0.18855391
v 0.20152204 -0.03940578 0.19738076
v 0.19253657 -0.05030690 0.20447838
v 0.18293736 -0.06063839 0.21000727
v 0.17366928 -0.07095306 0.21445335
v 0.16452938 -0.08076774 0.21856506
v 0.15573469 -0.09032250 0.22250001
v 0.14735958 -0.09993538 0.22616737
v 0.13936351 -0.10979255 0.22956616
v 0.13131959 -0.11966454 0.23255321
v 0.12325871 -0.12956189 0.23496931
v 0.11489827 -0.13919400 0.23648232
v 0.10630951 -0.14839606 0.23706293
v 0.09798360 -0.15723640 0.23734564
v 0.08976212 -0.16559537 0.23734833
v 0.08142094 -0.17291068 0.23697708
v 0.07300131 -0.17893442 0.23661953
v 0.06456100 -0.18403661 0.23727013
v 0.05550021 -0.18763488 0.23872627
v 0.04607111 -0.19035012 0.24092627
v 0.03649553 -0.19271301 0.24349861
v 0.02652013 -0.19419721 0.24556032
v 0.01638114 -0.19524141 0.24742671
v 0.00588251 -0.19591043 0.24923176
v -0.00519827 -0.19613243 0.25065955
v -0.01655095 -0.19656848 0.25139590
v -0.02791078 -0.19703017 0.25124942
v -0.03921021 -0.19663741 0.25036748
v -0.04983092 -0.19579533 0.24887207
v -0.05988659 -0.19434888 0.24691130
v -0.06969992 -0.19257296 0.24466535
v -0.07924924 -0.19052775 0.24226861
v -0.08864902 -0.18767461 0.24021059
v -0.09764104 -0.18383006 0.23880893
v -0.10610009 -0.17849820 0.23826549
v -0.11412333 -0.17154822 0.23795475
v -0.12224011 -0.16371434 0.23794290
v -0.13037725 -0.15517596 0.23768314
v -0.13832880 -0.14586825 0.23685472
v -0.14618299 -0.13601521 0.23549170
v -0.15401560 -0.12587609 0.23334727
v -0.16189677 -0.11570244 0.23057356
v -0.16997859 -0.10576586 0.22742596
v -0.17854051 -0.09616288 0.22421777
v -0.18736418 -0.08667747 0.22056828
v -0.19599922 -0.07687469 0.21606949
v -0.20461722 -0.06675162 0.21102651
v -0.21281175 -0.05591272 0.20529683
v -0.22019140 -0.04464194 0.19787299
v -0.22584955 -0.03297072 0.18875507
v -0.23012680 -0.02162462 0.17791847
v -0.23316054 -0.01141181 0.16555598
v -0.23395103 -0.00277939 0.15168333
v -0.23389200 0.00515908 0.13737150
v -0.23360453 0.01245026 0.12310168
v -0.23294292 0.01860679 0.10891785
v -0.23216146 0.02310288 0.09446561
v -0.23060791 0.02625894 0.08009004
v -0.22827231 0.02801599 0.06628535
v -0.14661815 0.08151998 -0.32640769
v -0.14880660 0.08439516 -0.30750310
v -0.15117833 0.10141444 -0.31596507
v -0.15054455 0.09818495 -0.33527084
v -0.13289290 0.04601255 -0.32614315
v -0.13713300 0.04769379 -0.30815031
v -0.14237801 0.06441251 -0.31721585
v -0.13908725 0.06220775 -0.33553484
v -0.14193619 0.04926154 -0.29022225
v -0.14581499 0.06681405 -0.29879027
v -0.09275949 0.03618012 -0.51374055
v -0.09896190 0.04176075 -0.50615127
v -0.11102571 0.04401132 -0.51384589
v -0.10353762 0.03685861 -0.52056496
v -0.11442152 0.03570357 -0.52732026
v -0.12311578 0.04391856 -0.52110522
v -0.11732553 0.05155266 -0.50556973
v -0.13037114 0.05263188 -0.51332582
v -0.08396166 0.02457214 -0.53011093
v -0.09097066 0.02159596 -0.53673256
v -0.07605089 0.01612223 -0.54010579
v -0.07117560 0.02003298 -0.53293331
v -0.05754009 0.01759600 -0.53482862
v -0.06084563 0.01311284 -0.54268360
v -0.15359142 0.11735012 -0.32380691
v -0.15446760 0.11364490 -0.34333672
v -0.08588077 0.03092292 -0.51965708
v -0.09470970 0.03032406 -0.52601733
v -0.10379837 0.02824683 -0.53248375
v -0.04233657 0.02148327 -0.52698519
v -0.05528846 0.02134626 -0.52639662
v -0.04373257 0.01740551 -0.53626158
v -0.04591413 0.01260496 -0.54484615
v -0.12869703 0.04434795 -0.34404260
v -0.13589372 0.06020316 -0.35364465
v -0.14465550 0.07894375 -0.34510897
v -0.14987665 0.09523087 -0.35431402
v -0.15488176 0.11015279 -0.36254091
v -0.14679891 0.05100730 -0.27259228
v -0.14946487 0.06932096 -0.28053677
v -0.15085070 0.08752673 -0.28862123
v -0.15172523 0.10496927 -0.29656959
v -0.15222989 0.12139874 -0.30407433
v -0.17143196 0.07827267 -0.14827013
v -0.16967889 0.07418159 -0.16167491
v -0.17440816 0.05506288 -0.15715383
v -0.17640314 0.05940770 -0.14467222
v -0.10472508 0.04730113 -0.49700308
v -0.11030134 0.05223093 -0.48626758
v -0.12304384 0.05860753 -0.49533380
v -0.13674025 0.06119940 -0.50356783
v -0.14274939 0.07656981 -0.36352407
v -0.14913148 0.09239927 -0.37307202
v -0.15553745 0.10649419 -0.38119077
v -0.14065986 0.07410853 -0.38149348
v -0.14829328 0.08930417 -0.39107077
v -0.15634155 0.10270968 -0.39929187
v -0.13788986 0.07160497 -0.39870924
v -0.14677976 0.08614808 -0.40827112
v -0.15666071 0.09875203 -0.41681831
v -0.12150550 0.05947295 -0.46081368
v -0.12657804 0.06265656 -0.44639867
v -0.13878915 0.07391360 -0.45584380
v -0.13399296 0.06939243 -0.47006102
v -0.15199794 0.08234918 -0.46444261
v -0.14764842 0.07591745 -0.47855664
v -0.13889091 -0.04997256 -0.26230828
v -0.13912821 -0.03729344 -0.25999620
v -0.12680134 -0.03593415 -0.27115963
v -0.12713082 -0.04783949 -0.27375617
v -0.11362067 -0.03245882 -0.28115126
v -0.11441984 -0.04342916 -0.28339910
v -0.10131891 -0.02887021 -0.29123126
v -0.10081878 -0.03890216 -0.29164811
v -0.09228241 -0.02536883 -0.30620030
v -0.08959750 -0.03472928 -0.30337167
v -0.13882007 -0.02501824 -0.25806388
v -0.12606289 -0.02373019 -0.26925541
v -0.11366162 -0.02107935 -0.28019434
v -0.10440154 -0.01856035 -0.29387537
v -0.09578121 -0.01577252 -0.30940213
v -0.11357754 0.01641405 -0.32695792
v -0.10657177 0.00457342 -0.31988794
v -0.11297817 0.00396232 -0.30296850
v -0.11905859 0.01664369 -0.30943502
v -0.12035977 0.00268868 -0.28683423
v -0.12501604 0.01645820 -0.29242961
v -0.12467541 0.00300140 -0.26948913
v -0.12959861 0.01703220 -0.27511993
v -0.13511654 0.00196427 -0.25604512
v -0.13549911 0.01750106 -0.25878948
v -0.10848010 -0.00773751 -0.29805535
v -0.10059146 -0.00601244 -0.31399295
v -0.11613638 -0.00944614 -0.28237292
v -0.12468212 -0.01082137 -0.26820493
v -0.12132210 0.02964964 -0.33509989
v -0.12615960 0.03079844 -0.31734899
v -0.13098630 0.03174819 -0.29966152
v -0.13626572 0.03247132 -0.28226814
v -0.14080349 0.03380060 -0.26500460
v -0.11599383 0.05609466 -0.47415800
v -0.12858104 0.06450205 -0.48334967
v -0.14240331 0.06908135 -0.49179224
v -0.18622092 -0.03045507 -0.18027106
v -0.18506560 -0.02015754 -0.18017382
v -0.17898225 -0.03683626 -0.19866822
v -0.17846639 -0.02577630 -0.19770344
v -0.17082656 -0.04234139 -0.21625247
v -0.17063693 -0.03089049 -0.21529865
v -0.16116070 -0.04697354 -0.23324409
v -0.15031396 -0.05007093 -0.24923431
v -0.16181799 -0.03473183 -0.23179940
v -0.15098208 -0.03746584 -0.24736206
v -0.18359493 -0.01053264 -0.17981761
v -0.18197881 0.00026023 -0.17828758
v -0.17733520 -0.01526439 -0.19718915
v -0.17536829 -0.00421270 -0.19617931
v -0.16989707 -0.01958333 -0.21448891
v -0.16186629 -0.02286235 -0.23088378
v -0.15083853 -0.02516279 -0.24579643
v -0.16818523 -0.00766972 -0.21350255
v -0.16018832 -0.01070983 -0.22985149
v -0.14936265 -0.01256739 -0.24414126
v -0.13730119 -0.01213990 -0.25642224
v -0.17985019 0.01432163 -0.17451195
v -0.17217699 0.00894123 -0.19544153
v -0.15641866 0.00279225 -0.22877706
v -0.14629287 0.00145490 -0.24300248
v -0.18212522 0.02355894 -0.16061266
v -0.18404353 0.02974229 -0.15014278
v -0.18582534 0.03444071 -0.14067423
v -0.17324282 0.02908228 -0.18014710
v -0.17674302 0.03534087 -0.16598808
v -0.17151858 0.05056719 -0.17022389
v -0.16793428 0.04627990 -0.18455617
v -0.17935948 0.04082819 -0.15355868
v -0.18140150 0.04531568 -0.14225378
v -0.16734362 0.07002221 -0.17551327
v -0.16504936 0.06615859 -0.19011386
v -0.16347479 0.09081677 -0.18061815
v -0.16216697 0.08677435 -0.19571811
v -0.16462562 0.09474617 -0.16608439
v -0.14558668 0.03517204 -0.24844505
v -0.14407097 0.01746935 -0.24400441
v -0.15260030 0.01865397 -0.22890697
v -0.15231558 0.03680482 -0.23246532
v -0.14964114 0.05353638 -0.25523039
v -0.15416768 0.05610534 -0.23846017
v -0.15480899 0.07548629 -0.24518361
v -0.15199100 0.07226610 -0.26259267
v -0.15245387 0.09091971 -0.27004165
v -0.15349704 0.09455687 -0.25177913
v -0.15689546 0.11108907 -0.18499932
v -0.15651545 0.10686192 -0.20082119
v -0.15749102 0.11506969 -0.16986220
v -0.15182459 0.10886531 -0.27727102
v -0.15105890 0.11293556 -0.25832475
v -0.16555239 0.09843550 -0.15213779
v -0.15783910 0.11862948 -0.15536345
v -0.01574326 0.02135430 -0.53896379
v -0.02982988 0.01891393 -0.53771227
v -0.03114238 0.01392227 -0.54689312
v -0.01635242 0.01624382 -0.54857995
v -0.12471201 0.04280916 -0.36186075
v -0.13300724 0.05815617 -0.37154032
v -0.08246702 -0.02293097 -0.32062996
v -0.07920660 -0.03154607 -0.31673350
v -0.10778279 0.01612397 -0.34438727
v -0.09948190 0.00509966 -0.33676629
v -0.09276708 -0.00526970 -0.33054940
v -0.11636075 0.02868237 -0.35279043
v -0.08712565 -0.01436297 -0.32530437
v -0.12091596 0.04118048 -0.37952793
v -0.12975769 0.05606924 -0.38898070
v -0.06957093 -0.02989439 -0.33114591
v -0.07344784 -0.02159093 -0.33595785
v -0.09263883 0.00518778 -0.35403873
v -0.10207275 0.01549838 -0.36200455
v -0.08480056 -0.00447230 -0.34724186
v -0.11154598 0.02756889 -0.37048512
v -0.07853410 -0.01331472 -0.34139835
v -0.15842635 0.07902523 -0.22834074
v -0.15511620 0.09847520 -0.23429016
v -0.16070550 0.02081501 -0.21318755
v -0.15843335 0.03937789 -0.21633905
v -0.15913998 0.05918332 -0.22202588
v -0.16504878 0.00546095 -0.21296283
v -0.16076449 0.08287552 -0.21175236
v -0.15616780 0.10261523 -0.21734507
v -0.16748124 0.02427964 -0.19656990
v -0.16378831 0.04266723 -0.20020129
v -0.16274477 0.06257458 -0.20580379
v -0.14838851 0.12977700 -0.18902070
v -0.14881243 0.12542513 -0.20540369
v -0.14799223 0.13388071 -0.17320744
v -0.14758927 0.13722439 -0.15820133
v -0.15015437 0.11701871 -0.24004175
v -0.14942459 0.12112185 -0.22241910
v -0.09819298 0.03500421 -0.44276170
v -0.10490346 0.03594965 -0.42813812
v -0.11555506 0.04951635 -0.43704058
v -0.10985943 0.04744686 -0.45156952
v -0.09158272 0.03427581 -0.45650370
v -0.10379913 0.04560105 -0.46500071
v -0.08570844 0.02345380 -0.43433585
v -0.07842584 0.02394541 -0.44840449
v -0.06331892 0.01590784 -0.44049417
v -0.07167980 0.01419563 -0.42581657
v -0.08529438 0.03373641 -0.46930539
v -0.09780016 0.04358001 -0.47737652
v -0.07187782 0.02491833 -0.46180734
v -0.05656254 0.01875969 -0.45477763
v -0.07944819 0.03319855 -0.48108220
v -0.09215480 0.04092473 -0.48863956
v -0.06602220 0.02605144 -0.47436924
v -0.05122439 0.02156992 -0.46842060
v -0.07429572 0.03217001 -0.49189730
v -0.08669817 0.03770946 -0.49870772
v -0.06115804 0.02705970 -0.48617786
v -0.04723882 0.02420378 -0.48141830
v -0.04442174 0.02605388 -0.49380321
v -0.04262063 0.02610459 -0.50559174
v -0.02954153 0.02780055 -0.50405551
v -0.03083189 0.02688381 -0.49101839
v -0.04193250 0.02445512 -0.51674702
v -0.02892519 0.02646309 -0.51642708
v -0.07009101 0.03036257 -0.50181516
v -0.05760898 0.02732464 -0.49735175
v -0.06684993 0.02815340 -0.51059886
v -0.08165644 0.03384821 -0.50735659
v -0.07705337 0.03007352 -0.51429478
v -0.05523462 0.02637966 -0.50779081
v -0.06553678 0.02560866 -0.51825462
v -0.05438318 0.02425849 -0.51742467
v -0.07353107 0.02726073 -0.51881647
v -0.01612429 0.03042360 -0.50303784
v -0.01708235 0.02907652 -0.48897889
v -0.01555383 0.02925416 -0.51634293
v -0.08544947 0.00474498 -0.37085422
v -0.07663820 -0.00427127 -0.36348295
v -0.06959529 -0.01278758 -0.35683379
v -0.06411093 -0.02087462 -0.35048750
v -0.06006897 -0.02890431 -0.34457072
v -0.06783660 0.00502474 -0.40221995
v -0.05708554 -0.00352003 -0.39379914
v -0.06746599 -0.00403674 -0.37896612
v -0.07719101 0.00450205 -0.38696057
v -0.04926832 -0.01214751 -0.38513303
v -0.06010997 -0.01257750 -0.37147129
v -0.04368155 -0.02042377 -0.37646381
v -0.05455140 -0.02071414 -0.36409589
v -0.03969035 -0.02844722 -0.36821558
v -0.05032354 -0.02856065 -0.35707455
v -0.03692143 -0.01187359 -0.39785171
v -0.03173179 -0.02042452 -0.38743401
v -0.02813156 -0.02849306 -0.37780119
v -0.05745213 0.00611555 -0.41732009
v -0.04480338 -0.00265607 -0.40856572
v -0.02852182 0.00038952 -0.42486425
v -0.02213656 -0.01124417 -0.40859693
v -0.01826329 -0.02042704 -0.39608920
v -0.01564860 -0.02858480 -0.38513451
v -0.08031380 0.01373937 -0.41078668
v -0.09320229 0.02369342 -0.41950277
v -0.14481660 0.08248216 -0.42478439
v -0.15653609 0.09380735 -0.43345123
v -0.11629828 0.03935032 -0.39644363
v -0.12574028 0.05390342 -0.40567754
v -0.10615287 0.02609909 -0.38751364
v -0.09568362 0.01457493 -0.37899703
v -0.14242376 0.07819736 -0.44063169
v -0.15504112 0.08812717 -0.44920004
v -0.11107686 0.03736209 -0.41272135
v -0.12091238 0.05165329 -0.42169253
v -0.10013904 0.02461802 -0.40392914
v -0.08841486 0.01388675 -0.39534824
v -0.04701783 0.00910939 -0.43266786
v -0.04039108 0.01447885 -0.44853288
v -0.03593652 0.01971701 -0.46338943
v -0.03287901 0.02406922 -0.47745893
v -0.00230156 -0.02765823 -0.38922709
v 0.01116502 -0.02549897 -0.38993821
v 0.01141255 -0.01762720 -0.40185517
v -0.00351704 -0.01966376 -0.40093051
v -0.00519092 -0.01077613 -0.41397800
v 0.01166850 -0.00892673 -0.41508545
v -0.00677776 -0.00082640 -0.42864169
v 0.01169667 0.00076908 -0.42923274
v -0.02038184 0.01918796 -0.45981092
v -0.02345710 0.01072726 -0.44438037
v -0.01840792 0.02535600 -0.47450193
v -0.00576482 0.00968633 -0.44390135
v -0.00451526 0.01934924 -0.45831908
v -0.00366395 0.02647721 -0.47290419
v 0.01133723 0.02044153 -0.45779765
v 0.01156809 0.01097310 -0.44366789
v 0.01122191 0.02757787 -0.47227027
v -0.00304577 0.03095377 -0.48773140
v 0.01124918 0.03208202 -0.48717621
v 0.01326379 0.02541170 -0.53993475
v -0.00138403 0.02372781 -0.53974121
v -0.00135302 0.01873407 -0.54968727
v 0.01395664 0.02073326 -0.54999225
v -0.00189244 0.03163908 -0.51626481
v 0.01202492 0.03250658 -0.51608735
v 0.01152615 0.03381821 -0.50200081
v -0.00244993 0.03278603 -0.50239948
v -0.13096794 0.06571435 -0.43108479
v -0.13455502 0.06889813 -0.41519438
v -0.14845059 0.13044754 -0.26480074
v -0.15056560 0.12584838 -0.28431066
v -0.13855871 0.14667123 -0.19243062
v -0.13999330 0.14265334 -0.20955032
v -0.13727184 0.15053342 -0.17600089
v -0.13654503 0.15395708 -0.16051830
v -0.14506286 0.13469002 -0.24583090
v -0.14212160 0.13870315 -0.22737293
v -0.07786302 0.02639722 -0.52368618
v -0.00153754 0.02822843 -0.52877235
v 0.01260333 0.02949276 -0.52874326
v -0.01543322 0.02591990 -0.52834734
v -0.02904739 0.02328357 -0.52768725
v -0.06740754 0.02311761 -0.52556385
v 0.17115628 0.09945190 -0.31795995
v 0.17389463 0.11600224 -0.32490289
v 0.17279540 0.11862256 -0.30537404
v 0.17125875 0.10183466 -0.29868392
v 0.16438609 0.06533387 -0.30433338
v 0.16070590 0.06399347 -0.32276376
v 0.16589433 0.08033475 -0.32981624
v 0.16798545 0.08223917 -0.31102284
v 0.16712019 0.06680829 -0.28574067
v 0.16924508 0.08431076 -0.29211286
v 0.11751481 0.05753696 -0.50896845
v 0.12941754 0.05771215 -0.51483336
v 0.13714170 0.06421838 -0.50706373
v 0.12371954 0.06277591 -0.50057321
v 0.14132982 0.05614249 -0.52063867
v 0.15023515 0.06376258 -0.51338065
v 0.15786986 0.07154420 -0.50459645
v 0.14396918 0.07052007 -0.49771711
v 0.11825270 0.04134134 -0.53190815
v 0.11020233 0.04461861 -0.52603581
v 0.09776803 0.03847025 -0.52957001
v 0.10377743 0.03430701 -0.53612974
v 0.08451619 0.03355952 -0.53207960
v 0.08904999 0.02895072 -0.53946964
v 0.17790111 0.13055256 -0.33112985
v 0.17498797 0.13377625 -0.31164235
v 0.11080398 0.05208125 -0.51562268
v 0.12071459 0.05109608 -0.52115569
v 0.13080745 0.04868042 -0.52676633
v 0.06821112 0.03417091 -0.52495849
v 0.07089831 0.03018290 -0.53405046
v 0.08099417 0.03758298 -0.52397622
v 0.07435500 0.02545923 -0.54231461
v 0.15634332 0.06268591 -0.34085397
v 0.16284617 0.07848786 -0.34823626
v 0.17033470 0.09717207 -0.33707037
v 0.17467027 0.11316752 -0.34408743
v 0.18081151 0.12707828 -0.35020068
v 0.16793907 0.06878274 -0.26693913
v 0.16961456 0.08647912 -0.27300116
v 0.17075079 0.12139964 -0.28569772
v 0.17028319 0.10443135 -0.27931269
v 0.17166826 0.13693021 -0.29188470
v 0.17327520 0.08330713 -0.13369387
v 0.17740282 0.06386193 -0.13033701
v 0.17658293 0.06177234 -0.14281231
v 0.17368029 0.08087741 -0.14697698
v 0.15015485 0.07643634 -0.48676395
v 0.13552474 0.07151528 -0.47920266
v 0.12967845 0.06748551 -0.49060039
v 0.16455842 0.07930122 -0.49408651
v 0.16867058 0.09490989 -0.35576679
v 0.17476479 0.11051907 -0.36297959
v 0.18288172 0.12356593 -0.36888045
v 0.16630251 0.09270775 -0.37383905
v 0.17453743 0.10761773 -0.38125343
v 0.18432644 0.11999583 -0.38735650
v 0.16330171 0.09036703 -0.39112142
v 0.17341355 0.10446029 -0.39873931
v 0.18487400 0.11616417 -0.40527951
v 0.14661035 0.07850254 -0.45317489
v 0.16084760 0.08726376 -0.46106863
v 0.16536922 0.09216752 -0.44674506
v 0.15159126 0.08172727 -0.43873927
v 0.17536356 0.09376298 -0.46833444
v 0.17950915 0.10045735 -0.45394065
v 0.15600592 -0.01867665 -0.25306689
v 0.14527300 -0.01715600 -0.26658794
v 0.14539482 -0.00734667 -0.26556049
v 0.15522874 -0.00846622 -0.25123590
v 0.13480143 -0.01504154 -0.27972096
v 0.13642360 -0.00558613 -0.28014838
v 0.12405550 -0.01213721 -0.29221369
v 0.12693513 -0.00336996 -0.29413830
v 0.11348656 -0.00990986 -0.30502976
v 0.11701749 -0.00157248 -0.30801234
v 0.15490700 0.00169308 -0.25038422
v 0.14696903 0.00261127 -0.26612862
v 0.13895385 0.00397927 -0.28154279
v 0.13091525 0.00530336 -0.29688718
v 0.12154427 0.00676709 -0.31164357
v 0.14157470 0.03569052 -0.32745280
v 0.14779745 0.03601415 -0.31021446
v 0.14098718 0.02484342 -0.30482288
v 0.13383894 0.02500322 -0.32143069
v 0.15294833 0.03651114 -0.29263551
v 0.14727242 0.02460922 -0.28802763
v 0.15706390 0.03725458 -0.27486312
v 0.15256470 0.02471350 -0.27086932
v 0.16102410 0.03783429 -0.25716185
v 0.15830377 0.02450196 -0.25375806
v 0.13548236 0.01459476 -0.30037009
v 0.12715053 0.01541844 -0.31612157
v 0.14263769 0.01386582 -0.28423116
v 0.14941979 0.01315541 -0.26798277
v 0.15469568 0.04899907 -0.31617643
v 0.14929633 0.04822167 -0.33390551
v 0.15930817 0.04985764 -0.29810111
v 0.16458514 0.05252954 -0.26156208
v 0.16268883 0.05100988 -0.27987322
v 0.14120571 0.07509787 -0.46669935
v 0.15576559 0.08197665 -0.47446080
v 0.17032860 0.08676067 -0.48184763
v 0.19035815 -0.01676128 -0.17045720
v 0.18847943 -0.00707899 -0.16995566
v 0.18595911 -0.01804989 -0.18687961
v 0.18429750 -0.00777643 -0.18537683
v 0.18048582 -0.01893300 -0.20398132
v 0.17906928 -0.00850033 -0.20257442
v 0.16528591 -0.01976106 -0.23795066
v 0.17351477 -0.01959163 -0.22121312
v 0.16435268 -0.00942827 -0.23599600
v 0.17216229 -0.00919933 -0.21930607
v 0.18637659 0.00211767 -0.16923979
v 0.18411762 0.01225870 -0.16751226
v 0.18225902 0.00197752 -0.18430957
v 0.17976551 0.01239262 -0.18350493
v 0.17701944 0.00172317 -0.20143925
v 0.16318934 0.00095421 -0.23467041
v 0.17068763 0.00119722 -0.21817938
v 0.17472485 0.01260115 -0.20083307
v 0.16263240 0.01210632 -0.23470903
v 0.16895658 0.01224772 -0.21785284
v 0.15602760 0.01256193 -0.25128881
v 0.18142331 0.02522923 -0.16322736
v 0.17716538 0.02494467 -0.18318762
v 0.16340809 0.02437424 -0.23650426
v 0.16821482 0.02453927 -0.21898717
v 0.18287585 0.03110617 -0.14862340
v 0.18395231 0.03436530 -0.13686144
v 0.18458895 0.03563108 -0.12606952
v 0.17716218 0.04108554 -0.16799726
v 0.17453533 0.05809192 -0.17224043
v 0.17586415 0.05978801 -0.15663439
v 0.17894352 0.04394164 -0.15294145
v 0.17988515 0.04622266 -0.13959319
v 0.18048437 0.04786514 -0.12767464
v 0.17326099 0.07683497 -0.17704625
v 0.17380367 0.07860060 -0.16122507
v 0.16976785 0.09719654 -0.18203719
v 0.16929982 0.09941831 -0.16618577
v 0.16857174 0.10144671 -0.15142471
v 0.16665347 0.05358438 -0.24344829
v 0.16900607 0.05442784 -0.22532529
v 0.16863100 0.03853783 -0.22166458
v 0.16476208 0.03815548 -0.23947295
v 0.16861272 0.07056538 -0.24836319
v 0.16969238 0.07205483 -0.22994096
v 0.16912459 0.08872837 -0.25398924
v 0.16912250 0.09085065 -0.23520506
v 0.16814496 0.10709402 -0.26003897
v 0.16664489 0.10976306 -0.24082530
v 0.16367334 0.11679626 -0.18685618
v 0.16204752 0.11922808 -0.17042139
v 0.16031299 0.12130014 -0.15507551
v 0.16742841 0.12428319 -0.26609006
v 0.16367041 0.12705301 -0.24666156
v 0.16734955 0.10336785 -0.13729427
v 0.15879256 0.12300044 -0.14056196
v 0.04257856 0.02717504 -0.53778021
v 0.04458196 0.02251054 -0.54731306
v 0.05956228 0.02351775 -0.54501602
v 0.05691084 0.02820426 -0.53602317
v 0.10234468 -0.00814154 -0.31756355
v 0.10648981 -0.00009962 -0.32168011
v 0.12583174 0.02508787 -0.33780004
v 0.13433775 0.03561935 -0.34425392
v 0.11819804 0.01586167 -0.33183471
v 0.14303821 0.04770423 -0.35116087
v 0.15127416 0.06150409 -0.35846907
v 0.11176615 0.00773574 -0.32641828
v 0.09157402 -0.00766990 -0.33013187
v 0.09608625 0.00012263 -0.33539296
v 0.11735176 0.02475355 -0.35368716
v 0.12658640 0.03522237 -0.36058935
v 0.10889744 0.01571527 -0.34717313
v 0.13613966 0.04705436 -0.36788480
v 0.14539546 0.06050343 -0.37548781
v 0.10188555 0.00772625 -0.34109245
v 0.16573257 0.11206774 -0.22206953
v 0.16962317 0.09286718 -0.21682519
v 0.17152016 0.05537118 -0.20730572
v 0.17150015 0.03904362 -0.20366611
v 0.17120938 0.07351836 -0.21175294
v 0.17255900 0.02485576 -0.20141801
v 0.16487462 0.11431334 -0.20406480
v 0.16989695 0.09487534 -0.19903882
v 0.17313033 0.05665402 -0.18932795
v 0.17443295 0.03966772 -0.18540228
v 0.17248011 0.07514053 -0.19397666
v 0.15573954 0.13449337 -0.19134826
v 0.15287404 0.13675293 -0.17451829
v 0.15019584 0.13887913 -0.15858685
v 0.14823114 0.14045446 -0.14357034
v 0.16061465 0.12953585 -0.22752315
v 0.15824312 0.13197366 -0.20895831
v 0.15891157 0.07681818 -0.36608324
v 0.15414159 0.07530372 -0.38322018
v 0.12669416 0.05656451 -0.42290653
v 0.12030424 0.05531209 -0.43760613
v 0.13296027 0.06771221 -0.44519717
v 0.13854285 0.06983298 -0.43061848
v 0.10737308 0.04304321 -0.43014579
v 0.10040593 0.04281605 -0.44446617
v 0.11411236 0.05422504 -0.45160759
v 0.08550353 0.03214873 -0.43740745
v 0.09354201 0.03186661 -0.42250289
v 0.12722611 0.06568944 -0.45891676
v 0.09389873 0.04350547 -0.45810683
v 0.10787254 0.05370214 -0.46470817
v 0.07892927 0.03390113 -0.45193358
v 0.12133338 0.06380250 -0.47168240
v 0.08811155 0.04453039 -0.47099966
v 0.10192286 0.05340630 -0.47691593
v 0.07376649 0.03631140 -0.46578656
v 0.11557121 0.06160765 -0.48345151
v 0.08336662 0.04562011 -0.48314518
v 0.09679408 0.05268805 -0.48821525
v 0.06995935 0.03850395 -0.47901298
v 0.11018155 0.05883158 -0.49409718
v 0.06744821 0.03962734 -0.49167268
v 0.05397929 0.03552874 -0.48941578
v 0.05317893 0.03590297 -0.50248202
v 0.06623479 0.03923057 -0.50363353
v 0.05346840 0.03477243 -0.51485358
v 0.06654652 0.03729242 -0.51481558
v 0.08025699 0.04552062 -0.49469441
v 0.09295671 0.05089687 -0.49860687
v 0.07874928 0.04370789 -0.50543056
v 0.09050616 0.04802931 -0.50778993
v 0.10116139 0.05121570 -0.51093993
v 0.10534857 0.05527053 -0.50338729
v 0.07891808 0.04094023 -0.51516259
v 0.09002509 0.04493579 -0.51563588
v 0.09805650 0.04788307 -0.51581602
v 0.03991641 0.03367260 -0.48798473
v 0.03949331 0.03439989 -0.50195375
v 0.03980978 0.03349378 -0.51516934
v 0.09941125 0.01511541 -0.36214143
v 0.10860981 0.02404354 -0.36929031
v 0.09192209 0.00707826 -0.35530276
v 0.08582821 -0.00054496 -0.34869112
v 0.08109316 -0.00814403 -0.34238580
v 0.08968456 0.02243578 -0.39935285
v 0.09934337 0.02326994 -0.38445280
v 0.08946311 0.01416778 -0.37670075
v 0.07874762 0.01298111 -0.39104565
v 0.08155302 0.00588960 -0.36900432
v 0.07057490 0.00406405 -0.38223817
v 0.07541723 -0.00205083 -0.36141883
v 0.06456152 -0.00425483 -0.37338772
v 0.07068135 -0.00979813 -0.35408264
v 0.06003693 -0.01215739 -0.36487292
v 0.05281234 -0.00704845 -0.38425228
v 0.05838565 0.00174731 -0.39487555
v 0.04878267 -0.01510826 -0.37438589
v 0.06650786 0.01170773 -0.40566136
v 0.07932996 0.02188292 -0.41440523
v 0.04420322 -0.00117048 -0.40601691
v 0.05069100 0.01130371 -0.42233304
v 0.03994911 -0.01052838 -0.39329726
v 0.03682892 -0.01854541 -0.38207010
v 0.11463470 0.04387838 -0.41529374
v 0.10200596 0.03257019 -0.40743821
v 0.17149739 0.10085892 -0.41548840
v 0.18436858 0.11168541 -0.42233584
v 0.13933136 0.05924496 -0.39191107
v 0.14928970 0.07351470 -0.39968493
v 0.12913141 0.04599142 -0.38422625
v 0.11874820 0.03424854 -0.37666522
v 0.18248489 0.10633121 -0.43846432
v 0.16889154 0.09668386 -0.43148184
v 0.13308840 0.05790783 -0.40768205
v 0.14413102 0.07163884 -0.41547194
v 0.12182634 0.04503260 -0.39995923
v 0.11042237 0.03347877 -0.39224037
v 0.06919813 0.02267295 -0.43001360
v 0.06285837 0.02630533 -0.44624670
v 0.05861636 0.03052330 -0.46141931
v 0.05575604 0.03373566 -0.47573711
v 0.02425768 -0.02216730 -0.38732585
v 0.02597521 -0.01424584 -0.39914599
v 0.02814337 -0.00549875 -0.41239751
v 0.02980425 0.00445074 -0.42719420
v 0.04306468 0.02599831 -0.45862050
v 0.04607398 0.01931280 -0.44251795
v 0.04107567 0.03092463 -0.47352446
v 0.02874635 0.01417231 -0.44282065
v 0.02724078 0.02274986 -0.45769623
v 0.02617763 0.02916450 -0.47242437
v 0.02561612 0.03298185 -0.48724899
v 0.02936431 0.02180898 -0.54904329
v 0.02798883 0.02645262 -0.53912307
v 0.02594841 0.03273874 -0.51555619
v 0.02556536 0.03407761 -0.50183677
v 0.15984030 0.08771764 -0.40768849
v 0.15601471 0.08476038 -0.42354283
v 0.16140700 0.14292535 -0.25245272
v 0.16737273 0.14009536 -0.27195978
v 0.14744899 0.14997705 -0.19592191
v 0.14340892 0.15203327 -0.17872869
v 0.13934512 0.15366969 -0.16228050
v 0.13614481 0.15523007 -0.14677757
v 0.15580247 0.14548029 -0.23308093
v 0.15131356 0.14768857 -0.21396582
v 0.10304316 0.04691055 -0.52031030
v 0.02679180 0.03018298 -0.52808663
v 0.04089025 0.03103627 -0.52717411
v 0.05479934 0.03211652 -0.52608260
v 0.09283796 0.04204582 -0.52272659
v -0.17259401 0.08170544 -0.13567605
v -0.17375290 0.08453676 -0.12351421
v -0.16712436 0.10491406 -0.12614296
v -0.16635729 0.10182249 -0.13887347
v -0.20348397 0.07675598 -0.04757281
v -0.20005162 0.09034448 -0.04679110
v -0.19631578 0.08691663 -0.05724459
v -0.19993160 0.07299756 -0.05788532
v -0.20668905 0.09292690 -0.02615352
v -0.20875513 0.09246303 -0.01582065
v -0.20300504 0.10929396 -0.01332471
v -0.20066229 0.10958735 -0.02466568
v -0.17543414 0.08718672 -0.11169661
v -0.16796831 0.10801000 -0.11379776
v -0.17762914 0.09004157 -0.10025379
v -0.16918091 0.11113402 -0.10174550
v -0.18689433 0.10056792 -0.06789849
v -0.18305203 0.09657847 -0.07818531
v -0.18837153 0.07810888 -0.07789884
v -0.19218146 0.08254424 -0.06751151
v -0.17992910 0.09311819 -0.08895072
v -0.18581088 0.07433777 -0.08863797
v -0.17407431 0.11784418 -0.07876396
v -0.17112979 0.11439694 -0.08998967
v -0.17751947 0.12114880 -0.06806301
v -0.17744856 0.14832027 0.12764049
v -0.17918917 0.14304084 0.14590879
v -0.16383789 0.16323950 0.15432057
v -0.16309276 0.16961919 0.13590059
v -0.11061300 0.20366135 -0.05574220
v -0.12581711 0.18949120 -0.05523583
v -0.12763454 0.19152872 -0.04226313
v -0.11188533 0.20578058 -0.04242220
v -0.21816693 0.05242842 0.02384676
v -0.21898746 0.04823497 0.01977165
v -0.22019520 0.04020712 0.02490287
v -0.21960956 0.04458345 0.02895730
v -0.21256297 0.07673627 -0.00868825
v -0.21463825 0.06869173 -0.01118990
v -0.21528058 0.06601964 -0.00246485
v -0.21289013 0.07329665 0.00068297
v -0.21173620 0.07134617 -0.02819424
v -0.21332075 0.07030229 -0.01963213
v -0.21177058 0.07899311 -0.01775140
v -0.20965477 0.08008834 -0.02707153
v -0.17816359 0.06308601 -0.13298731
v -0.18293578 0.04895707 -0.13147165
v -0.15841878 0.12219403 -0.14154459
v -0.18719678 0.03819274 -0.13125033
v -0.14619537 0.17960440 0.16146558
v -0.14514523 0.18543242 0.14245380
v -0.09337841 0.21670510 -0.05596358
v -0.09402439 0.21856802 -0.04231216
v -0.12654827 0.19353468 0.16770292
v -0.12580114 0.19966310 0.14810747
v -0.19765751 0.10903774 -0.03570508
v -0.20362830 0.09222445 -0.03655845
v -0.20693088 0.07910669 -0.03720320
v -0.20899520 0.06967176 -0.03863834
v -0.19408426 0.10724901 -0.04651625
v -0.19045233 0.10442246 -0.05737089
v -0.18407808 0.12662742 -0.04590356
v -0.17109119 0.14492149 -0.04436138
v -0.16810193 0.14277108 -0.05614442
v -0.18084126 0.12413560 -0.05714692
v -0.15407737 0.15994679 -0.05532183
v -0.15660325 0.16170066 -0.04319446
v -0.14753295 0.14025389 -0.14397469
v -0.11013767 0.18440150 -0.16629031
v -0.12451192 0.16974138 -0.16330985
v -0.12354579 0.17260140 -0.14820524
v -0.10903255 0.18719820 -0.15057140
v -0.02607770 0.22932938 -0.13937023
v -0.00054479 0.22922655 -0.13850474
v -0.00001444 0.22861668 -0.15519484
v -0.02626486 0.22884442 -0.15600308
v -0.14242416 0.17700104 -0.04262460
v -0.14025645 0.17508668 -0.05522440
v -0.13611949 0.15697100 -0.14585395
v -0.21651334 0.06599314 0.03346192
v -0.21919882 0.05422825 0.04019060
v -0.21076099 0.08715543 0.00483350
v -0.21005729 0.09039223 -0.00557694
v 0.00061862 0.23003323 -0.17328661
v -0.02661177 0.22906025 -0.17390683
v -0.05242430 0.22317454 -0.17320594
v -0.07516986 0.21254711 -0.17140104
v -0.07350579 0.21389739 -0.15445637
v -0.05142087 0.22411066 -0.15545897
v -0.09367075 0.19915531 -0.16893035
v -0.09204681 0.20143199 -0.15266417
v -0.15866531 0.12546231 -0.12832933
v -0.14771597 0.14344275 -0.13030415
v -0.12302929 0.17517669 -0.13363531
v -0.10855192 0.18979713 -0.13565944
v -0.13558651 0.15987530 -0.13174461
v -0.07254848 0.21551920 -0.13864183
v -0.05080878 0.22506153 -0.13915290
v -0.09143093 0.20338840 -0.13736415
v -0.16528410 0.14029329 -0.06771199
v -0.16287567 0.13763948 -0.07923080
v -0.16108421 0.13446054 -0.09110047
v -0.15981982 0.13138202 -0.10317999
v -0.15897490 0.12839943 -0.11559276
v -0.15200023 0.15759517 -0.06740775
v -0.15023347 0.15504977 -0.07946670
v -0.14907159 0.15222454 -0.09175407
v -0.14837621 0.14941327 -0.10425053
v -0.14799762 0.14643534 -0.11709305
v -0.13847919 0.17292227 -0.06764970
v -0.13739546 0.17062523 -0.08017651
v -0.13664059 0.16827023 -0.09275721
v -0.13582437 0.16547984 -0.10528972
v -0.13532578 0.16263943 -0.11821770
v -0.12359821 0.18501347 -0.08078412
v -0.12452420 0.18741852 -0.06806546
v -0.10957796 0.20154222 -0.06891396
v -0.10833027 0.19892948 -0.08183628
v -0.12280815 0.18248911 -0.09344808
v -0.10773728 0.19639612 -0.09467985
v -0.12271873 0.17778922 -0.11975115
v -0.12251473 0.18010373 -0.10636012
v -0.10785208 0.19424949 -0.10782108
v -0.10819028 0.19211025 -0.12143576
v -0.02612780 0.23024526 -0.12393508
v -0.00114414 0.23051565 -0.12302926
v -0.05053811 0.22582083 -0.12407109
v -0.07203426 0.21700004 -0.12383220
v -0.09123027 0.20526194 -0.12292228
v -0.02653600 0.23189834 -0.10959076
v -0.00155160 0.23214878 -0.10860376
v -0.05049799 0.22741579 -0.10989266
v -0.07184754 0.21871536 -0.10986172
v -0.09124457 0.20740126 -0.10916187
v -0.02683767 0.23517657 -0.08242722
v -0.00222032 0.23617464 -0.08143108
v -0.00195912 0.23422532 -0.09492367
v -0.02677062 0.23357278 -0.09592759
v -0.05053125 0.22927241 -0.09623697
v -0.05053078 0.23107390 -0.08286795
v -0.07186956 0.22061319 -0.09633014
v -0.07215031 0.22283264 -0.08299235
v -0.09162631 0.21199521 -0.08253022
v -0.09113484 0.20940776 -0.09572298
v -0.02700483 0.23654419 -0.06869973
v -0.00239288 0.23756050 -0.06766988
v -0.05059392 0.23300026 -0.06932904
v -0.07281362 0.22532989 -0.06972524
v -0.09256962 0.21449139 -0.06932038
v -0.02703270 0.23977243 -0.04039348
v -0.00261779 0.24132577 -0.03940812
v -0.00255702 0.23907983 -0.05367363
v -0.02704299 0.23783544 -0.05472361
v -0.05076340 0.23461822 -0.05557267
v -0.05088538 0.23580357 -0.04142353
v -0.07329106 0.22733964 -0.05615274
v -0.07352642 0.22851822 -0.04208357
v -0.03274990 0.23222185 0.18520235
v -0.00617324 0.23393385 0.18681960
v -0.00525513 0.24244512 0.16603781
v -0.03221722 0.23940830 0.16409823
v -0.10541944 0.21306737 0.15308407
v -0.10585203 0.20657161 0.17327068
v -0.08345259 0.21793538 0.17807117
v -0.08300028 0.22417865 0.15727475
v -0.05910461 0.22639168 0.18176136
v -0.05850722 0.23334794 0.16092184
v -0.18812774 0.04116814 -0.12123233
v -0.18827618 0.04363685 -0.11101010
v -0.18554758 0.05387288 -0.11007720
v -0.18429017 0.05182348 -0.12094877
v -0.18862601 0.04570668 -0.10024507
v -0.18657163 0.05570884 -0.09898204
v -0.19000409 0.04879823 -0.08971406
v -0.18847472 0.05875812 -0.08821991
v -0.19307777 0.05240330 -0.07839242
v -0.19722832 0.05766040 -0.06854018
v -0.19570578 0.06785714 -0.06779989
v -0.19173405 0.06272032 -0.07765414
v -0.20238198 0.06351712 -0.05935401
v -0.20597141 0.06754821 -0.04922460
v -0.18140526 0.06862319 -0.11054526
v -0.17979110 0.06595594 -0.12167882
v -0.18350964 0.07125988 -0.09953776
v -0.20849022 0.10304964 0.02168028
v -0.21213687 0.08238628 0.01503545
v -0.21426593 0.07551932 0.02463642
v -0.21064363 0.09755003 0.03347653
v -0.21380029 0.06845274 0.00955388
v -0.21507318 0.06164631 0.01768913
v -0.21549647 0.06131106 0.00610756
v -0.21649853 0.05592898 0.01371472
v -0.20666857 0.10637751 0.00996125
v -0.20491329 0.10835036 -0.00177427
v -0.13842155 -0.01498387 0.29808636
v -0.12867525 -0.03091722 0.29965628
v -0.11504420 -0.02212526 0.31028899
v -0.12512527 -0.00542843 0.30892896
v -0.14793185 0.00109241 0.29564393
v -0.13418914 0.01138587 0.30651083
v -0.15671718 0.01746814 0.29128498
v -0.14241868 0.02871863 0.30235232
v -0.16548208 0.03407009 0.28546959
v -0.15006311 0.04663698 0.29657841
v -0.17331453 0.05144244 0.27780809
v -0.15641315 0.06484430 0.28815158
v -0.17908786 0.06935829 0.26725538
v -0.16158456 0.08295416 0.27706700
v -0.18328110 0.08580037 0.25376863
v -0.16535810 0.10007550 0.26331078
v -0.18540672 0.09995218 0.23757599
v -0.16802040 0.11566664 0.24746925
v -0.18565262 0.11162616 0.21968866
v -0.16869933 0.12890733 0.22970474
v -0.18470092 0.12089826 0.20090384
v -0.16795748 0.13926130 0.21057869
v -0.18331788 0.12922290 0.18236201
v -0.16651770 0.14801562 0.19163059
v -0.22199855 0.03222073 0.02925393
v -0.22129627 0.03455260 0.03414076
v -0.22182807 0.03968916 0.04305184
v -0.21799592 0.07473023 0.05835942
v -0.22437235 0.04633354 0.05574423
v 0.20129073 0.07091670 -0.03088005
v 0.19979724 0.07056612 -0.04241960
v 0.19463492 0.08602384 -0.04186420
v 0.19586867 0.08681118 -0.03044666
v 0.19702526 0.08490894 -0.00863237
v 0.19328487 0.10486651 -0.00752509
v 0.19548686 0.10446736 0.00361708
v 0.19861448 0.08383349 0.00182130
v 0.18485512 0.10161530 -0.05253959
v 0.19198646 0.08374454 -0.05311480
v 0.18841753 0.08040096 -0.06437050
v 0.18178620 0.09872339 -0.06372978
v 0.18510281 0.07671649 -0.07529666
v 0.17841922 0.09550290 -0.07476478
v 0.16972666 0.11618252 -0.07527603
v 0.17200621 0.11917562 -0.06373406
v 0.17473178 0.12172914 -0.05257377
v 0.17382594 0.15258986 0.14151008
v 0.15672351 0.17454185 0.14894849
v 0.15695420 0.16838701 0.16793896
v 0.17408776 0.14693163 0.16002661
v 0.10715258 0.20591705 -0.04621153
v 0.10865379 0.20874094 -0.03298645
v 0.12384348 0.19323639 -0.03096243
v 0.12179164 0.19060606 -0.04374765
v 0.21398678 0.04409435 0.04068380
v 0.21595426 0.03668944 0.04662039
v 0.21475509 0.02928697 0.03950613
v 0.21356677 0.03497351 0.03481845
v 0.20355037 0.06265085 0.00936292
v 0.20550233 0.06085449 0.01778114
v 0.20836563 0.04685082 0.01393015
v 0.20911470 0.04858387 0.00572493
v 0.21005362 0.05697923 -0.01054020
v 0.20193087 0.06662074 -0.00915986
v 0.20232141 0.06405360 0.00041610
v 0.20991412 0.05179270 -0.00270190
v 0.17159626 0.08686632 -0.10880018
v 0.17238947 0.08533094 -0.12100564
v 0.16605624 0.10519048 -0.12389927
v 0.16499245 0.10711914 -0.11110152
v 0.17237223 0.08899526 -0.09706475
v 0.16558301 0.10972842 -0.09886481
v 0.17504218 0.09205902 -0.08581087
v 0.16770712 0.11305448 -0.08707044
v 0.17789422 0.06554982 -0.11861331
v 0.18077686 0.04897130 -0.11689673
v 0.15734695 0.12488270 -0.12663938
v 0.18464239 0.03570151 -0.11645292
v 0.13870895 0.19210234 0.15486672
v 0.13856650 0.18567428 0.17451399
v 0.08917134 0.21897763 -0.04794022
v 0.08999242 0.22160129 -0.03434692
v 0.11848854 0.20678853 0.15926100
v 0.11806473 0.20031874 0.17957746
v 0.19127024 0.10525201 -0.01868654
v 0.19638312 0.08623769 -0.01931992
v 0.20137948 0.06957197 -0.01946371
v 0.20800303 0.06099543 -0.02035520
v 0.18746602 0.10402386 -0.04130263
v 0.18960029 0.10519157 -0.02995082
v 0.17978184 0.12513453 -0.02952277
v 0.17733283 0.12369393 -0.04113173
v 0.16423531 0.14259966 -0.04104976
v 0.16664534 0.14411504 -0.02909837
v 0.14992997 0.15967317 -0.04112476
v 0.15238228 0.16132401 -0.02899878
v 0.14610796 0.14218875 -0.12923472
v 0.10926352 0.18295445 -0.15501648
v 0.10618727 0.18473050 -0.13948002
v 0.12014298 0.17076012 -0.13539635
v 0.12348702 0.16920722 -0.15054884
v 0.13576518 0.17536501 -0.04208542
v 0.13803878 0.17753144 -0.02955243
v 0.13347020 0.15688189 -0.13200097
v 0.21318149 0.06161956 0.04980043
v 0.21625098 0.05025501 0.05756411
v 0.20070529 0.08238460 0.01173704
v 0.20344881 0.07994011 0.02140928
v 0.02585471 0.22538894 -0.15359540
v 0.02762972 0.22632026 -0.17145236
v 0.07137061 0.20990981 -0.14732287
v 0.07503953 0.21007084 -0.16373178
v 0.05287649 0.22080516 -0.16775664
v 0.04974621 0.21974083 -0.15056797
v 0.08998862 0.19792861 -0.14340598
v 0.09388506 0.19754167 -0.15931596
v 0.15615326 0.12693966 -0.11330911
v 0.14417733 0.14400072 -0.11550434
v 0.10428632 0.18697528 -0.12465242
v 0.11779942 0.17262508 -0.12092173
v 0.13105056 0.15865560 -0.11789758
v 0.06966243 0.21184215 -0.13189330
v 0.04845617 0.22112701 -0.13469492
v 0.08812825 0.20003601 -0.12839925
v 0.02474865 0.22669989 -0.13705402
v 0.15942077 0.13799533 -0.06428287
v 0.16170433 0.14040966 -0.05267534
v 0.15752742 0.13491965 -0.07615856
v 0.15579991 0.12938217 -0.10052380
v 0.15634239 0.13205416 -0.08815711
v 0.14506768 0.15399618 -0.06499757
v 0.14745885 0.15704396 -0.05313760
v 0.14342808 0.15082960 -0.07711312
v 0.14306211 0.14583530 -0.10228916
v 0.14277655 0.14807800 -0.08950737
v 0.13087249 0.16909554 -0.06659422
v 0.13319350 0.17248693 -0.05442709
v 0.12931861 0.16576673 -0.07875750
v 0.12916288 0.16042830 -0.10428627
v 0.12849989 0.16263637 -0.09122376
v 0.11753772 0.18364415 -0.06851519
v 0.10343218 0.19840747 -0.07152191
v 0.10525543 0.20224781 -0.05898806
v 0.11943005 0.18730255 -0.05613300
v 0.11615038 0.18005202 -0.08097747
v 0.10240201 0.19497344 -0.08415708
v 0.11633059 0.17475848 -0.10706055
v 0.10289623 0.18921397 -0.11051935
v 0.10225736 0.19196707 -0.09709235
v 0.11569328 0.17705729 -0.09370623
v 0.02400703 0.22848093 -0.12182109
v 0.04784919 0.22337829 -0.11976981
v 0.06861093 0.21420554 -0.11725631
v 0.08714285 0.20273436 -0.11407499
v 0.02345844 0.23083132 -0.10755549
v 0.04713131 0.22556076 -0.10552780
v 0.06801053 0.21711822 -0.10327944
v 0.08664263 0.20565381 -0.10034676
v 0.02249471 0.23514430 -0.08027111
v 0.02283686 0.23287399 -0.09379942
v 0.04657950 0.22814945 -0.09178672
v 0.04613709 0.23089091 -0.07835499
v 0.06805004 0.22328977 -0.07655891
v 0.06799570 0.22036257 -0.08979591
v 0.08740583 0.21222241 -0.07405313
v 0.08695803 0.20905898 -0.08712919
v 0.02221185 0.23682088 -0.06658340
v 0.04573444 0.23280386 -0.06475042
v 0.06810610 0.22586893 -0.06328333
v 0.08825229 0.21552878 -0.06106025
v 0.04555317 0.23484654 -0.05101411
v 0.04575358 0.23723105 -0.03696803
v 0.06867377 0.23062667 -0.03575397
v 0.06825093 0.22838332 -0.04975100
v 0.02063946 0.23280077 0.18768182
v 0.02142159 0.24051732 0.16669058
v 0.09670282 0.21977229 0.16303263
v 0.07306996 0.23123443 0.16621019
v 0.07233199 0.22334619 0.18693364
v 0.09615511 0.21284495 0.18375708
v 0.04744142 0.23827611 0.16738767
v 0.04682456 0.23015314 0.18817230
v 0.02195542 0.24087149 -0.03830946
v 0.02192086 0.23831948 -0.05263644
v 0.18465559 0.03529508 -0.10700009
v 0.18156654 0.04976674 -0.10649636
v 0.18212080 0.05191586 -0.09638302
v 0.18347957 0.03800182 -0.09698284
v 0.18400996 0.05621565 -0.08623706
v 0.18514042 0.04488846 -0.08740185
v 0.18833805 0.06125915 -0.07618750
v 0.19060864 0.05282964 -0.07878907
v 0.19597928 0.05834286 -0.06837635
v 0.19290371 0.06554937 -0.06528721
v 0.19696815 0.06886682 -0.05386480
v 0.20098263 0.06114706 -0.05666225
v 0.20617479 0.06140107 -0.03245652
v 0.20383389 0.06069597 -0.04455533
v 0.17755640 0.06695201 -0.10723941
v 0.17851846 0.06939972 -0.09622703
v 0.18170187 0.07286072 -0.08579948
v 0.20182564 0.09840312 0.03755046
v 0.20372430 0.09279238 0.04920539
v 0.20976927 0.06996030 0.04066951
v 0.20653230 0.07600011 0.03111460
v 0.20808519 0.05714114 0.02592363
v 0.21138696 0.05129287 0.03360718
v 0.20962712 0.04404665 0.02182141
v 0.21175409 0.03983598 0.02859230
v 0.19745380 0.10360085 0.01481551
v 0.19975037 0.10180418 0.02612308
v 0.13353495 -0.09821651 0.24460323
v 0.12517804 -0.10899422 0.24718492
v 0.11708014 -0.11989782 0.24911777
v 0.10886945 -0.13032729 0.24992126
v 0.10056946 -0.14030299 0.24965433
v 0.09228388 -0.14956744 0.24857515
v 0.08445935 -0.15843166 0.24733506
v 0.07700681 -0.16637375 0.24612633
v 0.06974684 -0.17275261 0.24484269
v 0.06269151 -0.17750823 0.24465900
v 0.14199322 -0.08748414 0.24162689
v 0.15076803 -0.07687723 0.23837523
v 0.16017088 -0.06628969 0.23503466
v 0.16960452 -0.05521043 0.23133722
v 0.17931291 -0.04375370 0.22707771
v 0.18972790 -0.03241417 0.22174379
v 0.20000987 -0.02092470 0.21462702
v 0.20901493 -0.00925790 0.20521692
v 0.21591021 0.00203434 0.19330328
v 0.22059182 0.01234395 0.17952940
v 0.22281841 0.02134746 0.16453026
v 0.22308182 0.02925553 0.14944595
v 0.21671430 0.02761148 0.05055047
v 0.21541606 0.02323110 0.04309918
v 0.21819487 0.03464844 0.06058820
v 0.21196416 0.07026241 0.07479892
v 0.21831042 0.04252067 0.07396519
v -0.23167931 0.02608147 0.14974249
v -0.23084245 0.03318199 0.13424069
v -0.23202941 0.01824959 0.16528360
v -0.23132107 0.00889676 0.18005609
v -0.22866962 -0.00194090 0.19340704
v -0.22362677 -0.01391816 0.20474853
v -0.21690475 -0.02622955 0.21416340
v -0.20890207 -0.03833753 0.22170101
v -0.20041372 -0.05028710 0.22746650
v -0.19158926 -0.06192837 0.23205457
v -0.18238124 -0.07289421 0.23607154
v -0.17325897 -0.08350450 0.23959897
v -0.16437580 -0.09421700 0.24246643
v -0.15606018 -0.10522367 0.24520301
v -0.14797877 -0.11636331 0.24737134
v -0.14008258 -0.12727346 0.24873900
v -0.13248299 -0.13793880 0.24930919
v -0.12509672 -0.14804168 0.24932269
v -0.11754959 -0.15727617 0.24860010
v -0.11003586 -0.16547284 0.24746272
v -0.10288470 -0.17232153 0.24643588
v -0.09584718 -0.17732341 0.24622385
v 0.21694490 0.05466329 0.16202444
v 0.21689021 0.04629544 0.17830268
v 0.21508795 0.03643019 0.19431928
v 0.21076921 0.02515747 0.20916607
v 0.20392819 0.01277798 0.22198577
v 0.19483152 -0.00012706 0.23214953
v 0.18417518 -0.01293589 0.23955533
v 0.17324029 -0.02540293 0.24503706
v 0.16308115 -0.03784536 0.24952885
v 0.15335499 -0.05012596 0.25307591
v 0.14328824 -0.06178413 0.25548484
v 0.13371742 -0.07342323 0.25762538
v 0.12498698 -0.08532120 0.26000701
v 0.11680093 -0.09733121 0.26222728
v 0.10897320 -0.10941930 0.26391336
v 0.10100274 -0.12105856 0.26409703
v 0.09282703 -0.13187434 0.26276821
v 0.08485699 -0.14201008 0.26038574
v 0.07750047 -0.15155492 0.25767839
v 0.07077143 -0.16006526 0.25462932
v 0.06512165 -0.16746813 0.25189715
v -0.22617722 0.04998928 0.16340605
v -0.22479116 0.05760519 0.14695558
v -0.22730561 0.04151076 0.17963068
v -0.22695405 0.03139469 0.19531843
v -0.22448394 0.01959771 0.20974271
v -0.21909679 0.00652297 0.22200437
v -0.21156105 -0.00688866 0.23161458
v -0.20298914 -0.02010889 0.23924154
v -0.19340446 -0.03293332 0.24490734
v -0.18351810 -0.04545114 0.24909749
v -0.17437389 -0.05790327 0.25291840
v -0.16532427 -0.07007461 0.25589529
v -0.15613972 -0.08196033 0.25802821
v -0.14757907 -0.09412063 0.26003241
v -0.13951023 -0.10641320 0.26167800
v -0.13207455 -0.11855271 0.26262669
v -0.12483034 -0.13013899 0.26251830
v -0.11780795 -0.14105876 0.26142052
v -0.11089706 -0.15124100 0.25949250
v -0.10415340 -0.16015744 0.25658069
v -0.09829501 -0.16755864 0.25363406
v 0.20564758 0.08097608 0.17467642
v 0.20596971 0.07212966 0.19181472
v 0.20450999 0.06157451 0.20864548
v 0.20069756 0.04946531 0.22423975
v 0.19447902 0.03589249 0.23798382
v 0.18591113 0.02148746 0.24890191
v 0.17562594 0.00709312 0.25687392
v 0.16462254 -0.00672540 0.26279016
v 0.15350590 -0.02004324 0.26702715
v 0.14290641 -0.03316097 0.27014595
v 0.13255991 -0.04592523 0.27228918
v 0.12283461 -0.05890425 0.27409456
v 0.11388433 -0.07210459 0.27581939
v 0.10579076 -0.08537639 0.27758141
v 0.09828953 -0.09872346 0.27851663
v 0.09069922 -0.11156536 0.27799294
v 0.08296271 -0.12372359 0.27573175
v 0.07542193 -0.13492907 0.27225432
v 0.06867648 -0.14546879 0.26793339
v 0.06280502 -0.15527748 0.26311834
v 0.05816244 -0.16428901 0.25811709
v -0.21626058 0.07483206 0.17744367
v -0.21388545 0.08254895 0.16007385
v -0.21743197 0.06572495 0.19438925
v -0.21725181 0.05509474 0.21059945
v -0.21511440 0.04247651 0.22577723
v -0.21034859 0.02809440 0.23904280
v -0.20278396 0.01323215 0.24916089
v -0.19366440 -0.00111144 0.25666321
v -0.18412173 -0.01509354 0.26266310
v -0.17396857 -0.02873083 0.26687597
v -0.16399035 -0.04219263 0.27002758
v -0.15436367 -0.05571958 0.27222237
v -0.14487461 -0.06909684 0.27341179
v -0.13619279 -0.08248458 0.27450759
v -0.12862298 -0.09609917 0.27561986
v -0.12164928 -0.10959871 0.27626698
v -0.11450161 -0.12228307 0.27497496
v -0.10771330 -0.13411176 0.27262575
v -0.10163668 -0.14549799 0.26955296
v -0.09590437 -0.15576250 0.26504598
v -0.09129545 -0.16483337 0.25996565
v 0.19142577 0.10724480 0.18618403
v 0.19169303 0.09781082 0.20394081
v 0.19050529 0.08679633 0.22164458
v 0.18676136 0.07384570 0.23805264
v 0.18047478 0.05924652 0.25213382
v 0.17226118 0.04364652 0.26351408
v 0.16296287 0.02770129 0.27208393
v 0.15231047 0.01252333 0.27805442
v 0.14145362 -0.00198099 0.28256378
v 0.13068861 -0.01634419 0.28557474
v 0.12020613 -0.03069463 0.28773827
v 0.11058540 -0.04538699 0.28951956
v 0.05536142 -0.17242766 0.25295180
v 0.04959624 -0.16256097 0.26419961
v 0.04710915 -0.17252248 0.25713697
v -0.20142914 0.09885418 0.18974513
v -0.19948459 0.10679734 0.17165253
v -0.20298294 0.08968191 0.20784302
v -0.20319047 0.07848848 0.22498591
v -0.20134862 0.06515567 0.24085694
v -0.19691831 0.04990445 0.25450402
v -0.18985600 0.03350162 0.26503968
v -0.18096598 0.01772335 0.27274657
v -0.17139108 0.00252017 0.27855363
v -0.16154626 -0.01252877 0.28267293
v -0.15152339 -0.02724769 0.28547911
v -0.14184548 -0.04205925 0.28709843
v -0.08849153 -0.17278534 0.25458279
v -0.08020228 -0.17296342 0.25858707
v -0.08250749 -0.16317263 0.26577919
v 0.17536082 0.13193070 0.19673441
v 0.17521340 0.12226240 0.21511738
v 0.17303360 0.11065676 0.23311238
v 0.16853418 0.09662588 0.24942480
v 0.16232051 0.08091353 0.26355620
v 0.15546222 0.06421736 0.27591453
v 0.14755403 0.04649643 0.28516036
v 0.13796263 0.02935499 0.29128560
v 0.12793774 0.01317777 0.29595380
v 0.11773427 -0.00252952 0.29888787
v 0.10788973 -0.01821733 0.30125463
v 0.09873295 -0.03430552 0.30368387
v 0.04031988 -0.16172065 0.26971349
v 0.03806242 -0.17297889 0.26146838
v -0.07288711 -0.16209546 0.27064178
v -0.07095864 -0.17326928 0.26256228
v -0.06122562 -0.17367320 0.26603063
v -0.06295829 -0.16177967 0.27491432
v 0.15817843 0.15197709 0.20561092
v 0.15718958 0.14123114 0.22408831
v 0.15469961 0.12843771 0.24195714
v 0.15078091 0.11337000 0.25850135
v 0.14609661 0.09710297 0.27376429
v 0.13987585 0.07943712 0.28645904
v 0.13190359 0.06089886 0.29561939
v 0.12302056 0.04250358 0.30193259
v 0.11391107 0.02484814 0.30653848
v 0.10467027 0.00789671 0.30985388
v 0.09553211 -0.00873156 0.31289184
v 0.08607494 -0.02569651 0.31579179
v 0.01828504 -0.17332455 0.26746117
v 0.01983655 -0.16085560 0.27742981
v 0.00840704 -0.16064573 0.27991904
v 0.00746957 -0.17345806 0.26983591
v -0.08631180 -0.15241115 0.27247111
v 0.05346190 -0.15199717 0.27080566
v -0.07612626 -0.15017766 0.27845315
v -0.06574714 -0.14913065 0.28352250
v 0.04353201 -0.14979200 0.27732094
v -0.04263249 -0.14763604 0.29036238
v -0.04108363 -0.16161619 0.28105209
v -0.02869973 -0.16146089 0.28244291
v -0.02943448 -0.14704678 0.29187212
v 0.00992754 -0.14656123 0.28914288
v 0.02199434 -0.14726758 0.28624968
v -0.09138763 -0.14098952 0.27859261
v 0.05861788 -0.14097921 0.27713919
v -0.08067275 -0.13778888 0.28583904
v -0.06949920 -0.13570683 0.29153538
v 0.04798810 -0.13754168 0.28438248
v -0.04472762 -0.13308594 0.29914287
v -0.03056793 -0.13216031 0.30064694
v 0.01212998 -0.13232033 0.29752439
v 0.02512761 -0.13362522 0.29444519
v -0.09706727 -0.12862259 0.28330119
v 0.06487270 -0.12929234 0.28288939
v -0.08568891 -0.12428984 0.29180684
v -0.07386652 -0.12134668 0.29832922
v 0.05342815 -0.12451011 0.29113596
v -0.04740066 -0.11821119 0.30745170
v -0.03197355 -0.11717421 0.30924631
v 0.01497301 -0.11751120 0.30558181
v 0.02900644 -0.11890186 0.30180254
v -0.10313578 -0.11530734 0.28674336
v 0.07161112 -0.11650980 0.28748213
v -0.05047781 -0.10283685 0.31495883
v -0.03348956 -0.10189425 0.31711241
v 0.01817531 -0.10218382 0.31306258
v 0.03340499 -0.10395443 0.30878362
v -0.11657714 -0.08648765 0.28878856
v -0.12388992 -0.07149631 0.28815648
v 0.08622653 -0.08930809 0.29229645
v 0.09396578 -0.07496890 0.29262082
v -0.13237556 -0.05674419 0.28765483
v 0.10191710 -0.06022518 0.29127833
v -0.11929797 0.02024820 0.31601016
v -0.12727096 0.03820774 0.31256756
v 0.09003461 0.01685775 0.31941954
v 0.09849635 0.03455672 0.31543145
v -0.13444487 0.05699282 0.30696500
v 0.10706442 0.05301190 0.31097432
v -0.13999937 0.07626837 0.29831143
v 0.11525780 0.07228082 0.30462645
v -0.14437238 0.09514194 0.28701068
v 0.12274266 0.09188625 0.29577381
v -0.22861825 0.04439997 0.10345925
v -0.22766541 0.04741959 0.08765770
v -0.22975429 0.03939668 0.11888740
v -0.22661718 0.04845364 0.07152299
v 0.22002989 0.04377409 0.10418223
v 0.22122826 0.04091699 0.11929354
v 0.22223621 0.03598673 0.13446039
v 0.21896986 0.04460472 0.08910174
v -0.22140973 0.06955521 0.11401943
v -0.22031672 0.07345762 0.09698296
v -0.22286366 0.06413010 0.13061119
v -0.21906775 0.07552286 0.07916910
v 0.21317252 0.07014892 0.11280171
v 0.21427505 0.06671361 0.12941608
v 0.21582597 0.06150045 0.14569532
v 0.21248252 0.07167429 0.09532246
v -0.07904143 -0.10634919 0.30388682
v -0.09126930 -0.10986636 0.29628109
v 0.05957398 -0.11066876 0.29678942
v -0.10365006 -0.07866247 0.30008306
v -0.11084098 -0.06262824 0.30018932
v 0.08122292 -0.06593440 0.30542749
v 0.07318810 -0.08121619 0.30374785
v -0.11916214 -0.04665630 0.30001499
v 0.08989119 -0.05033484 0.30537487
v -0.09012004 -0.07361134 0.30938069
v -0.09688543 -0.05663956 0.31041322
v 0.06750924 -0.05971143 0.31586775
v 0.05978212 -0.07596825 0.31290250
v -0.10518680 -0.03915159 0.31088692
v 0.07641569 -0.04279036 0.31725769
v -0.05031296 0.04866663 0.34156612
v -0.05374279 0.06603698 0.33728038
v -0.07325426 0.06125816 0.33319036
v -0.06821590 0.04368373 0.33782302
v 0.02594102 0.06439516 0.34044207
v 0.02194958 0.04698363 0.34386214
v 0.03955108 0.04139890 0.34044074
v 0.04518011 0.05876218 0.33628777
v -0.03234303 0.05122542 0.34397632
v -0.01406757 0.05171131 0.34573018
v -0.01385150 0.06887338 0.34124495
v -0.03386220 0.06834737 0.33955395
v 0.00413136 0.05032619 0.34543944
v 0.00620707 0.06766633 0.34163342
v -0.08584086 0.03675488 0.33220747
v -0.09239437 0.05471550 0.32792725
v 0.05710189 0.03413876 0.33580124
v 0.06421433 0.05178705 0.33136323
v -0.10295320 0.02875808 0.32482284
v -0.11050959 0.04693682 0.32112712
v 0.07394812 0.02575305 0.32826386
v 0.08182851 0.04358894 0.32365246
v -0.05641607 0.08515019 0.33131853
v -0.07735162 0.08072722 0.32766726
v 0.02919159 0.08305256 0.33377705
v 0.05023824 0.07800225 0.33133588
v -0.01367034 0.08731012 0.33400425
v -0.03497967 0.08705628 0.33306492
v 0.00780544 0.08607878 0.33436823
v -0.09750445 0.07414263 0.32232951
v 0.07057939 0.07093735 0.32634120
v -0.11679567 0.06625028 0.31577747
v 0.08931910 0.06247768 0.31880072
v -0.05832630 0.10544382 0.32324116
v -0.08030707 0.10111289 0.31955789
v 0.03199899 0.10262706 0.32428585
v 0.05443339 0.09768770 0.32266165
v -0.01331737 0.10681416 0.32444438
v -0.03576986 0.10723763 0.32480920
v 0.00918543 0.10518662 0.32376904
v -0.10188645 0.09480827 0.31480883
v 0.07628645 0.09083993 0.31862246
v -0.12200394 0.08634147 0.30766343
v 0.09647864 0.08224324 0.31217600
v -0.05977811 0.12640863 0.31278172
v -0.08286301 0.12197836 0.30913849
v 0.03493956 0.12360628 0.31392916
v 0.05835606 0.11786813 0.31172955
v -0.01256892 0.12794831 0.31432458
v -0.03609805 0.12826155 0.31454680
v 0.01089421 0.12605115 0.31312031
v -0.10539145 0.11570442 0.30456968
v 0.08131496 0.11090810 0.30817608
v -0.12620994 0.10623963 0.29668458
v 0.10286598 0.10230196 0.30291188
v -0.14717785 0.11268063 0.27263443
v 0.12857647 0.11066208 0.28328356
v -0.06023987 0.14559374 0.29803522
v -0.08411468 0.14104641 0.29443101
v 0.03781428 0.14367230 0.30099405
v 0.06175346 0.13719284 0.29786774
v -0.01152678 0.14863009 0.30127180
v -0.03596962 0.14862343 0.30092824
v 0.01283013 0.14673733 0.30080613
v -0.10804056 0.13642207 0.29146693
v 0.08546990 0.13011049 0.29462879
v -0.12850281 0.12487724 0.28204690
v 0.10806379 0.12163818 0.29028241
v -0.14947413 0.12885694 0.25646831
v 0.13276762 0.12777837 0.26770021
v -0.06028075 0.16342610 0.28094590
v -0.08441521 0.15792844 0.27670069
v 0.03994912 0.16155901 0.28460267
v 0.06457927 0.15522423 0.28174280
v -0.01025441 0.16762051 0.28545539
v -0.03549237 0.16725231 0.28439780
v 0.01488337 0.16590229 0.28584476
v -0.10841191 0.15159591 0.27243365
v 0.08883562 0.14808299 0.27882149
v -0.12983398 0.14091288 0.26479492
v 0.11199771 0.13951116 0.27480447
v -0.14976590 0.14228704 0.23811284
v 0.13595522 0.14339411 0.25054680
v -0.06031870 0.17996778 0.26249864
v -0.08489459 0.17391344 0.25803775
v 0.04191214 0.17817391 0.26663398
v 0.06712353 0.17208612 0.26454784
v -0.00926316 0.18489983 0.26772053
v -0.03504204 0.18403457 0.26609931
v 0.01660154 0.18299710 0.26810255
v -0.10826768 0.16518520 0.25243725
v 0.09173132 0.16486568 0.26178048
v -0.12982382 0.15462040 0.24577431
v 0.11503080 0.15562432 0.25746815
v -0.14920671 0.15349006 0.21883063
v 0.13815905 0.15692803 0.23223161
v -0.06011119 0.19427671 0.24276040
v -0.08522981 0.18801656 0.23856299
v 0.04400863 0.19373334 0.24791931
v 0.06975399 0.18836269 0.24683647
v -0.00827798 0.20013237 0.24838234
v -0.03442249 0.19876166 0.24644207
v 0.01816247 0.19837719 0.24876582
v -0.10853127 0.17888636 0.23341599
v 0.09445933 0.18047413 0.24386744
v -0.12983512 0.16759213 0.22687852
v 0.11747209 0.17015690 0.23908207
v -0.14852866 0.16379115 0.19981943
v 0.13934956 0.16833013 0.21327588
v -0.05987849 0.20675740 0.22255028
v -0.08490215 0.19982703 0.21864009
v 0.04556751 0.20759389 0.22840508
v 0.07130215 0.20190100 0.22735741
v -0.00736403 0.21341134 0.22832415
v -0.03396775 0.21140814 0.22612318
v 0.01932653 0.21213537 0.22903903
v -0.10786364 0.19014864 0.21374698
v 0.09616479 0.19372171 0.22462263
v -0.12858020 0.17803642 0.20739301
v 0.11862019 0.18209218 0.21954835
v -0.16499978 0.15610239 0.17289608
v -0.18138448 0.13702414 0.16415606
v -0.21125743 0.08924001 0.14260082
v -0.19664958 0.11371514 0.15388977
v -0.14743423 0.17233226 0.18056438
v -0.05961561 0.21760931 0.20242171
v -0.08433677 0.21025296 0.19870786
v 0.01990202 0.22309898 0.20837276
v -0.00686113 0.22401440 0.20742047
v -0.03348757 0.22242229 0.20568715
v -0.10690852 0.19931643 0.19359835
v -0.12748641 0.18645462 0.18750566
v 0.04619455 0.21975349 0.20852100
v 0.07169950 0.21339523 0.20734328
v 0.09625085 0.20464759 0.20464949
v 0.11837349 0.19229330 0.19995028
v 0.13886868 0.17775781 0.19413517
v 0.15766040 0.16103954 0.18707458
v 0.17448547 0.14024003 0.17857507
v 0.19066817 0.11556294 0.16867149
v 0.20421340 0.08822224 0.15761118
v -0.16134103 0.17430840 0.11766627
v -0.17650006 0.15364981 0.10970745
v -0.14372478 0.18975141 0.12370316
v -0.12520391 0.20481966 0.12882055
v -0.00472383 0.24810248 0.14475710
v -0.03146366 0.24398393 0.14274972
v -0.08214443 0.22865981 0.13674568
v -0.10497517 0.21846196 0.13333865
v -0.05756542 0.23795874 0.14003558
v 0.17275503 0.15721847 0.12324418
v 0.15674289 0.17951923 0.13013824
v 0.13872056 0.19672186 0.13531826
v 0.11945124 0.21243596 0.13940986
v 0.02208597 0.24752797 0.14581604
v 0.09815685 0.22643182 0.14292297
v 0.07423811 0.23797881 0.14558843
v 0.04832870 0.24484430 0.14648364
v 0.20269554 0.09407558 0.14031390
v 0.18942477 0.12182327 0.15065608
v -0.19415240 0.11941178 0.13600388
v -0.20929800 0.09511039 0.12503953
v 0.20133864 0.09875158 0.12276776
v 0.18809477 0.12681939 0.13239660
v -0.19210164 0.12435224 0.11796682
v -0.20750257 0.09967054 0.10749019
v 0.20007124 0.10238412 0.10497107
v 0.18652961 0.13111637 0.11433452
v -0.19066473 0.12933396 0.10024792
v -0.20655884 0.10365519 0.08977480
v -0.14318714 0.19379317 0.10473098
v -0.15957478 0.17784752 0.09931254
v 0.15616803 0.18296557 0.11144385
v 0.13867040 0.20019348 0.11593967
v -0.17570790 0.15840602 0.09193816
v 0.17168003 0.16105313 0.10527653
v 0.19831641 0.10550148 0.08719447
v 0.18496289 0.13532585 0.09686723
v -0.19039046 0.13503390 0.08305981
v -0.20567278 0.10833011 0.07221330
v -0.14262989 0.19708077 0.08581126
v -0.15779159 0.18049982 0.08119526
v 0.15519832 0.18506790 0.09309302
v 0.13827196 0.20258302 0.09686847
v -0.17411787 0.16205678 0.07460074
v 0.17097014 0.16444657 0.08771571
v 0.20676292 0.08437132 0.06132620
v 0.19522449 0.11184554 0.07155508
v 0.18392980 0.13992694 0.08045005
v -0.18963381 0.14089648 0.06667368
v -0.20315721 0.11587826 0.05698231
v -0.21350836 0.08892875 0.04535765
v -0.14079728 0.19827143 0.06712164
v -0.15605017 0.18201569 0.06341217
v 0.16990059 0.16707195 0.07067521
v 0.15369977 0.18612731 0.07523142
v 0.19318517 0.11774877 0.05734647
v 0.18315524 0.14382979 0.06478931
v -0.17180400 0.16437772 0.05794449
v -0.18758261 0.14488919 0.05092859
v -0.20048608 0.12162283 0.04272250
v -0.19771616 0.12529160 0.02914231
v -0.19539604 0.12733412 0.01601249
v -0.19391457 0.12856575 0.00292595
v -0.19228327 0.12920354 -0.00978642
v -0.19005532 0.12908524 -0.02224900
v -0.18727223 0.12832488 -0.03431917
v 0.19252690 0.12230655 0.04386829
v 0.19152895 0.12504472 0.03084590
v 0.18935087 0.12601181 0.01809081
v 0.18633681 0.12610440 0.00597344
v 0.18373830 0.12595929 -0.00591137
v 0.18182476 0.12582123 -0.01775503
v -0.12482105 0.20846250 0.10933784
v -0.00407606 0.25214749 0.12342526
v -0.03055196 0.24707189 0.12145654
v -0.08151114 0.23226037 0.11628727
v -0.10419181 0.22153418 0.11333248
v -0.05690851 0.24115521 0.11909451
v 0.12029813 0.21674511 0.11955698
v 0.02292137 0.25360807 0.12488435
v 0.09942099 0.23133439 0.12266348
v 0.07503501 0.24202173 0.12461541
v 0.04915345 0.24906941 0.12522311
v -0.12403029 0.21067698 0.08992108
v -0.00348975 0.25383363 0.10220696
v -0.03005364 0.24955146 0.10052324
v -0.08059507 0.23412472 0.09596103
v -0.10320890 0.22314562 0.09338784
v -0.05619783 0.24293511 0.09841856
v 0.12088033 0.21988732 0.09992918
v 0.02322623 0.25498955 0.10355575
v 0.10004773 0.23453236 0.10242049
v 0.07537465 0.24420377 0.10373554
v 0.04931628 0.25154000 0.10421746
v -0.12236546 0.21163789 0.07073235
v -0.00332623 0.25455222 0.08138194
v -0.02935333 0.25020182 0.07981778
v -0.07939509 0.23465026 0.07596525
v -0.10215369 0.22449860 0.07374518
v -0.05560680 0.24364044 0.07802872
v 0.13692933 0.20375289 0.07832140
v 0.12026827 0.22167243 0.08063040
v 0.02313486 0.25424755 0.08263046
v 0.09917828 0.23562309 0.08236914
v 0.07468370 0.24454522 0.08350469
v 0.04919047 0.25359318 0.08364206
v 0.18212246 0.14680151 0.04972155
v 0.16776187 0.16808861 0.05443290
v 0.15176074 0.18619587 0.05797241
v 0.13544026 0.20372484 0.06027041
v 0.11921996 0.22158291 0.06179519
v 0.09736197 0.23387623 0.06305515
v 0.07287267 0.24207217 0.06415331
v 0.04864256 0.25317711 0.06355163
v 0.02305300 0.25373308 0.06257140
v -0.00321375 0.25460644 0.06132592
v -0.02892357 0.24983668 0.06001487
v -0.05495064 0.24326623 0.05836019
v -0.07820559 0.23455289 0.05666696
v -0.10059527 0.22449602 0.05464636
v -0.12029930 0.21143756 0.05209588
v -0.13814921 0.19768733 0.04919846
v -0.15392037 0.18231198 0.04620475
v -0.16901531 0.16526304 0.04184616
v -0.18455954 0.14681823 0.03595440
v 0.18023154 0.14822292 0.03526104
v 0.16518882 0.16781644 0.03882732
v 0.14950315 0.18543744 0.04149078
v 0.13424539 0.20307750 0.04292073
v 0.11738822 0.21971295 0.04378607
v 0.09488379 0.22989160 0.04499928
v 0.07157380 0.24000860 0.04555482
v 0.04806595 0.25094274 0.04439768
v 0.02284013 0.25176838 0.04369532
v -0.00319091 0.25326726 0.04230834
v -0.02850397 0.24820491 0.04111564
v -0.05392219 0.24179702 0.03952515
v -0.07690625 0.23347468 0.03809258
v -0.09870943 0.22329289 0.03630957
v -0.11826005 0.21062768 0.03426587
v -0.13563877 0.19654992 0.03205827
v -0.15151588 0.18171309 0.02953186
v -0.16657256 0.16511584 0.02609037
v -0.18139535 0.14739680 0.02159841
v 0.17759783 0.14801231 0.02137889
v 0.16280344 0.16705226 0.02397615
v 0.14774298 0.18458662 0.02583021
v 0.13262100 0.20160981 0.02649713
v 0.11460579 0.21659835 0.02686001
v 0.09258673 0.22600247 0.02781335
v 0.07118814 0.23914155 0.02737391
v 0.04781473 0.24849294 0.02623039
v 0.02266473 0.24928504 0.02573467
v -0.00308574 0.25132831 0.02423972
v -0.02797437 0.24645253 0.02310208
v -0.05298254 0.24049651 0.02152784
v -0.07573363 0.23212595 0.02028776
v -0.09724952 0.22210168 0.01870367
v -0.11681591 0.21001048 0.01723591
v -0.13413464 0.19598914 0.01558876
v -0.14941499 0.18098594 0.01364515
v -0.16447901 0.16472916 0.01104667
v -0.17929635 0.14744665 0.00743360
v 0.17458173 0.14727302 0.00823160
v 0.16022519 0.16585264 0.00988702
v 0.14525636 0.18299594 0.01103605
v 0.12991027 0.19912898 0.01115240
v 0.11172786 0.21318014 0.01101065
v 0.09136628 0.22418233 0.01115474
v 0.07056414 0.23721359 0.01020096
v 0.04735505 0.24573894 0.00904384
v 0.02246238 0.24713264 0.00852069
v -0.00277458 0.24901730 0.00704314
v -0.02765894 0.24562937 0.00592788
v -0.05228394 0.23957472 0.00445432
v -0.07490069 0.23125373 0.00342722
v -0.09607601 0.22093987 0.00222599
v -0.11597660 0.20979303 0.00114671
v -0.13355444 0.19600728 -0.00018576
v -0.14834936 0.18088848 -0.00148340
v -0.16289153 0.16457786 -0.00334084
v -0.17760554 0.14749182 -0.00626711
v 0.17124815 0.14604814 -0.00433505
v 0.15728874 0.16428722 -0.00347250
v 0.14229875 0.18082711 -0.00291605
v 0.12742321 0.19683484 -0.00343812
v 0.10995505 0.21102162 -0.00421628
v 0.09106001 0.22389376 -0.00485216
v 0.06989456 0.23508401 -0.00590254
v 0.04668325 0.24248678 -0.00697227
v 0.02222174 0.24493869 -0.00776355
v -0.00255582 0.24627033 -0.00915854
v -0.02738430 0.24377122 -0.01022871
v -0.05169046 0.23830055 -0.01162189
v -0.07436926 0.23026945 -0.01249661
v -0.09559711 0.22064071 -0.01332606
v -0.11508382 0.20927314 -0.01414223
v -0.13224310 0.19517516 -0.01505280
v -0.14696176 0.18016445 -0.01585997
v -0.16136396 0.16421312 -0.01718760
v -0.17569391 0.14716972 -0.01945406
v 0.16853699 0.14493895 -0.01668781
v 0.15459294 0.16268377 -0.01641834
v 0.14006451 0.17915398 -0.01648434
v 0.12559450 0.19511200 -0.01751550
v 0.10939584 0.21016420 -0.01893277
v 0.09069115 0.22321018 -0.01998119
v 0.06926489 0.23295030 -0.02114504
v 0.04609561 0.23951596 -0.02222618
v 0.02207389 0.24306507 -0.02334932
v -0.00258470 0.24373476 -0.02458674
v -0.02714821 0.24173657 -0.02560131
v -0.05114649 0.23694615 -0.02684811
v -0.07387542 0.22945056 -0.02761619
v -0.09489899 0.21997798 -0.02816028
v -0.11357539 0.20775612 -0.02862662
v -0.12989082 0.19343135 -0.02894971
v -0.14468652 0.17859093 -0.02952385
v -0.15915928 0.16313070 -0.03052187
v -0.17365009 0.14642397 -0.03214791
v 0.05489025 -0.17999404 0.24640996
v -0.08807442 -0.18020361 0.24801325
v 0.04613140 -0.18164989 0.24930080
v -0.07913368 -0.18185034 0.25067251
v 0.03691145 -0.18320465 0.25261489
v -0.06970632 -0.18322136 0.25365094
v 0.02728087 -0.18423868 0.25550542
v -0.06010362 -0.18476011 0.25653907
v -0.01629048 -0.18601963 0.26195066
v -0.02789801 -0.18636747 0.26192605
v 0.01710975 -0.18468082 0.25768106
v -0.05010679 -0.18582988 0.25897802
v 0.00642183 -0.18523750 0.25973418
v -0.03936183 -0.18631390 0.26097065
v -0.00478069 -0.18579749 0.26140255
v 0.06117857 -0.17252543 0.24989851
v -0.09429629 -0.17261540 0.25149174
v 0.02843964 -0.17325821 0.26487920
v -0.01637103 -0.17430966 0.27256443
v -0.02833514 -0.17467280 0.27253328
v -0.05110615 -0.17406646 0.26898232
v -0.04024914 -0.17447151 0.27128918
v -0.00444581 -0.17375107 0.27162780
v 0.04163568 -0.12104460 0.29723246
v 0.04707470 -0.10664986 0.30358062
v 0.03692090 -0.13513421 0.29012175
v 0.03306932 -0.14824882 0.28236168
v 0.03041089 -0.16115688 0.27405869
v -0.05253835 -0.16177249 0.27864255
v -0.05476183 -0.14847844 0.28766921
v -0.05767065 -0.13441589 0.29609294
v -0.06136509 -0.11973209 0.30380312
v -0.06574927 -0.10424317 0.31034436
v -0.01612346 -0.11667004 0.30950086
v -0.00034681 -0.11668659 0.30822008
v 0.00138503 -0.10148291 0.31610503
v -0.01600650 -0.10133873 0.31744742
v -0.01624834 -0.13183149 0.30095965
v -0.00194360 -0.13170012 0.29982718
v -0.01624120 -0.14668383 0.29203826
v -0.00312521 -0.14644542 0.29114803
v -0.01633278 -0.16103408 0.28257185
v -0.00395063 -0.16071596 0.28169230
v -0.10966407 -0.10111089 0.28854675
v 0.07875806 -0.10303660 0.29062020
v -0.09713974 -0.09451372 0.29878431
v 0.06609764 -0.09618500 0.30103381
v 0.05302619 -0.09168631 0.30886431
v -0.08427419 -0.09032581 0.30722493
v -0.07002065 -0.08789771 0.31489359
v 0.03843904 -0.08865107 0.31519308
v -0.07487728 -0.07056005 0.31803354
v 0.04438833 -0.07261849 0.32082944
v -0.08066201 -0.05233429 0.32044708
v 0.05084841 -0.05516616 0.32526367
v -0.08829610 -0.03293133 0.32169934
v 0.05894370 -0.03630414 0.32757482
v -0.09950756 -0.01445887 0.32034165
v 0.07069656 -0.01796100 0.32657165
v -0.11045524 0.00292331 0.31844785
v 0.08133232 -0.00044563 0.32330670
v -0.01570998 -0.08530601 0.32436088
v -0.03475837 -0.08557199 0.32356421
v 0.00329498 -0.08563988 0.32315009
v 0.02172609 -0.08663174 0.32016664
v -0.05316621 -0.08642687 0.32044195
v 0.02596857 -0.07007986 0.32675143
v 0.00548949 -0.06903139 0.32972372
v -0.01532115 -0.06858647 0.33045701
v -0.03604897 -0.06824593 0.32862706
v -0.05632904 -0.06866112 0.32461767
v 0.01755090 0.03169010 0.34567587
v 0.03296675 0.02580120 0.34303958
v 0.00200861 0.03493791 0.34750235
v -0.01422553 0.03618027 0.34755664
v -0.03057001 0.03568810 0.34646824
v -0.04635211 0.03311163 0.34412280
v -0.00090161 0.01026294 0.34826989
v 0.00925248 0.01075944 0.34756633
v 0.01311653 0.01912174 0.34710231
v -0.00000150 0.02167897 0.34826547
v -0.01473764 0.01008372 0.34838053
v -0.01445899 0.02243061 0.34817739
v -0.02840338 0.01075094 0.34719834
v -0.02893144 0.02223128 0.34725175
v -0.03849892 0.01168239 0.34561496
v -0.04220356 0.02027691 0.34526385
v 0.00843569 -0.03228804 0.34130706
v 0.03559012 -0.02792101 0.33757180
v 0.02392953 -0.00949394 0.34385358
v 0.00518943 -0.01546481 0.34553356
v -0.01490480 -0.03304521 0.34153343
v -0.01488103 -0.01664829 0.34547165
v -0.03802682 -0.03110348 0.33874178
v -0.03448222 -0.01430384 0.34329875
v -0.06501971 -0.02605286 0.33333053
v -0.05327182 -0.00798394 0.34053143
v -0.06203486 0.02785178 0.34072311
v -0.07782021 0.02018978 0.33513165
v 0.04874020 0.01771789 0.33900358
v -0.09409701 0.01138301 0.32745002
v 0.06515370 0.00849180 0.33228506
v -0.01499322 -0.05087268 0.33588116
v 0.00753429 -0.05103076 0.33565549
v -0.03738668 -0.04992249 0.33338611
v 0.03046147 -0.05141014 0.33262286
v -0.06017463 -0.04943397 0.32872255
v -0.04445402 0.00430721 0.34396716
v -0.03066755 -0.00061911 0.34589342
v -0.01486767 -0.00238958 0.34733047
v 0.00125245 -0.00136956 0.34737626
v 0.01519027 0.00301781 0.34682816
v -0.05446568 0.01438695 0.34248401
v 0.02523394 0.01261637 0.34524604
v -0.06748821 0.00503782 0.33779410
v 0.03816322 0.00285849 0.34154941
v -0.08243340 -0.00598678 0.33035085
v 0.05324675 -0.00874858 0.33547962
v 0.19054215 0.02721259 -0.10942039
v 0.18867770 0.02757551 -0.11753125
v 0.21730353 0.02145752 0.03828844
v 0.22307376 0.02302467 0.03918017
v 0.22775076 0.03723235 0.03413465
v 0.22690039 0.02975305 0.03763422
v 0.19155675 0.02805724 -0.09956553
v 0.19908408 0.02658345 -0.11199809
v 0.20419437 0.02721305 -0.10247045
v 0.20611396 0.03389165 -0.09150810
v 0.20797698 0.04379016 -0.08316841
v 0.21974845 0.02668623 0.03588645
v 0.22020006 0.03258721 0.03190293
v 0.21682805 0.05703706 -0.01371184
v 0.21408820 0.06030594 -0.02439853
v 0.21711613 0.05995913 -0.05131880
v 0.21903853 0.06168847 -0.03935606
v 0.22157932 0.04523941 0.01251106
v 0.22079721 0.04645173 0.00323619
v 0.21845093 0.05087692 -0.00564915
v 0.22031652 0.06116370 -0.02734988
v 0.22290599 0.06286852 -0.01434616
v 0.22323302 0.05882109 -0.00478949
v 0.22897513 0.05065936 0.02327359
v 0.22791221 0.04477401 0.02943513
v 0.21104055 0.05270835 -0.07410820
v 0.21442692 0.05790013 -0.06325900
v 0.19413233 0.02551572 -0.11929227
v 0.22579169 0.05550601 0.00473086
v 0.22929139 0.05385083 0.01502741
v 0.19248298 0.03617170 -0.08926187
v 0.19706390 0.04688556 -0.08160289
v 0.20693727 0.05838566 -0.06041170
v 0.20221640 0.05469864 -0.07215242
v 0.21231347 0.06004253 -0.03657059
v 0.21015483 0.05882702 -0.04845895
v 0.22012996 0.03842592 0.02660579
v 0.22016804 0.04314394 0.02039083
v -0.19142496 0.03366529 -0.12267678
v -0.19021032 0.03037692 -0.13198664
v -0.22387878 0.03178605 0.02804583
v -0.22470001 0.03341287 0.02721074
v -0.22064808 0.04848383 0.01800213
v -0.22302519 0.04936600 0.01475386
v -0.22361096 0.04225783 0.02273922
v -0.22255131 0.04019296 0.02395661
v -0.19288591 0.03661691 -0.11241212
v -0.19598275 0.02878494 -0.12314400
v -0.19848294 0.03119924 -0.11219136
v -0.19966548 0.03309683 -0.10265147
v -0.19374717 0.03912023 -0.10208687
v -0.20447786 0.03488740 -0.09224274
v -0.19467186 0.04083713 -0.09127200
v -0.21432245 0.06463551 -0.04328173
v -0.21630384 0.06525389 -0.03289448
v -0.21188043 0.06271814 -0.05365579
v -0.20843937 0.05770493 -0.06302017
v -0.21706883 0.05349345 -0.06677857
v -0.21952115 0.06002072 -0.05846548
v -0.21943340 0.06422646 -0.00547332
v -0.21917222 0.06580814 -0.01466791
v -0.21822270 0.06569301 -0.02362933
v -0.22152463 0.06372785 -0.04857805
v -0.22315806 0.06514771 -0.03834247
v -0.22450550 0.06606977 -0.02855870
v -0.22454839 0.06157114 -0.00088752
v -0.22364062 0.05593567 0.00690800
v -0.21956977 0.05439760 0.01093517
v -0.21963022 0.05976690 0.00327856
v -0.21013513 0.03871246 -0.08188570
v -0.19869536 0.04412680 -0.08025051
v -0.21362195 0.04593287 -0.07420286
v -0.20341045 0.05034242 -0.07111578
v -0.19308360 0.02465796 -0.13171678
v -0.22523333 0.06670186 -0.01907449
v -0.22530076 0.06507201 -0.00982774
v -0.13532937 0.04183177 -0.52772120
v -0.14813647 0.03826163 -0.53375102
v -0.13711777 0.02912218 -0.53996955
v -0.12551833 0.03298557 -0.53374613
v -0.17235569 0.04508697 -0.53193104
v -0.16194173 0.03428086 -0.53969700
v -0.15737176 0.04842011 -0.52642934
v -0.14361103 0.05134984 -0.52032483
v -0.09890265 0.01779967 -0.54339796
v -0.10729309 0.01348344 -0.55038142
v -0.08873681 0.00721974 -0.55456474
v -0.08188357 0.01176249 -0.54723623
v -0.07016480 0.00317494 -0.55808153
v -0.06503874 0.00821082 -0.55031775
v -0.14932478 0.02478395 -0.54646234
v -0.09623799 0.00246127 -0.56260310
v -0.11604896 0.00882508 -0.55803886
v -0.12576382 0.00419728 -0.56679097
v -0.13639209 0.00010590 -0.57707105
v -0.11319859 -0.00660731 -0.58202043
v -0.10443527 -0.00220466 -0.57168873
v -0.08959226 -0.01148493 -0.58589770
v -0.08263876 -0.00678711 -0.57563209
v -0.21220564 0.28937533 -0.40137691
v -0.24532513 0.28927751 -0.41625843
v -0.24976075 0.25514410 -0.40632253
v -0.21840332 0.26065863 -0.39238457
v -0.28972407 0.25857680 -0.42513041
v -0.31654534 0.22557172 -0.43369847
v -0.29945086 0.20783604 -0.42906785
v -0.27839916 0.23432188 -0.41703161
v -0.12362378 0.02087703 -0.54548754
v -0.11356149 0.02494192 -0.53891911
v -0.13402575 0.01635196 -0.55261444
v -0.20742802 0.03961827 -0.54477121
v -0.19390763 0.02774567 -0.55473856
v -0.17725425 0.03048120 -0.54642018
v -0.18903122 0.04187091 -0.53769615
v -0.17740574 0.01730296 -0.56337032
v -0.16270573 0.02054235 -0.55397281
v -0.15803707 0.00808793 -0.57085028
v -0.14544213 0.01182997 -0.56083516
v -0.12235121 -0.01037423 -0.59366986
v -0.09670895 -0.01570994 -0.59718303
v -0.14761638 -0.00314110 -0.58910852
v -0.21168699 0.02649568 -0.56560097
v -0.19321961 0.01534498 -0.57525949
v -0.17160892 0.00549666 -0.58304353
v -0.13149483 -0.01358055 -0.60652514
v -0.14030399 -0.01675190 -0.62020945
v -0.11084738 -0.02254872 -0.62186835
v -0.10386787 -0.01926131 -0.60926883
v -0.15927472 -0.00587846 -0.60274364
v -0.17080183 -0.00869446 -0.61783108
v -0.23058401 0.02667176 -0.57903417
v -0.25123386 0.02708926 -0.59456322
v -0.22958480 0.01302214 -0.60738619
v -0.21039667 0.01432565 -0.58982509
v -0.20150522 0.00124363 -0.61410527
v -0.18606548 0.00344935 -0.59746672
v -0.17916145 -0.01114585 -0.62991613
v -0.14616740 -0.01933188 -0.63090772
v -0.28523276 0.04365834 -0.58830183
v -0.26778824 0.02704015 -0.60735546
v -0.26834269 0.04215699 -0.57832545
v -0.24600680 0.01151958 -0.62355158
v -0.21387785 -0.00087091 -0.62824445
v -0.04459340 -0.01386101 -0.59178386
v -0.02372002 -0.01208560 -0.59398783
v -0.02175194 -0.00643170 -0.58437568
v -0.04112666 -0.00846838 -0.58193611
v -0.05228754 0.00183824 -0.56119375
v -0.04873759 0.00732273 -0.55304336
v -0.07615099 -0.00184591 -0.56637458
v -0.05656962 -0.00360127 -0.56971215
v -0.06649796 -0.01391242 -0.58906602
v -0.06137309 -0.00887729 -0.57896215
v -0.11587383 -0.02493447 -0.63156270
v -0.08428511 -0.02880593 -0.63183830
v -0.08154532 -0.02626389 -0.62295340
v -0.15621358 0.13240284 -0.33116620
v -0.15868381 0.14757536 -0.33845077
v -0.16196413 0.14264240 -0.35750301
v -0.15810729 0.12796726 -0.35057456
v -0.33416904 0.12092826 -0.49693746
v -0.32618626 0.09817622 -0.51915166
v -0.30572275 0.09505482 -0.51691121
v -0.31269458 0.11590895 -0.49688644
v -0.30041786 0.06018934 -0.56771985
v -0.28294934 0.05793154 -0.55976419
v -0.16909760 0.15824281 -0.36412244
v -0.17612688 0.15214981 -0.38151081
v -0.16572103 0.13764096 -0.37602974
v -0.19606808 0.09661591 -0.48294076
v -0.19272569 0.08466320 -0.49760582
v -0.17632175 0.08289850 -0.49222225
v -0.17975557 0.09285917 -0.47769603
v -0.18360826 0.14512088 -0.39881369
v -0.19012047 0.13666954 -0.41645685
v -0.17610318 0.12572093 -0.41175561
v -0.17112956 0.13221041 -0.39393974
v -0.18086776 0.05777680 -0.52236479
v -0.16508300 0.05992660 -0.51707466
v -0.19201123 0.19207654 -0.37485700
v -0.20653908 0.18329630 -0.38977028
v -0.19029337 0.16716401 -0.38601655
v -0.17978597 0.17444441 -0.36986731
v -0.17665577 0.19911946 -0.36001613
v -0.16888972 0.18081397 -0.35331578
v -0.21918244 0.17199859 -0.40552607
v -0.22917291 0.15872002 -0.42225428
v -0.20783300 0.14773174 -0.41995688
v -0.19981901 0.15825245 -0.40259207
v -0.23717813 0.10376863 -0.49062722
v -0.23294245 0.08764417 -0.50548816
v -0.21156254 0.08598942 -0.50189583
v -0.21519876 0.10004033 -0.48720439
v -0.23562366 0.14586914 -0.43962107
v -0.21353176 0.13672796 -0.43756290
v -0.21818354 0.05393471 -0.53300995
v -0.19860489 0.05540277 -0.52744325
v -0.18456791 0.21881292 -0.36658095
v -0.20424008 0.21156871 -0.37971030
v -0.24006532 0.18762168 -0.40829358
v -0.25237168 0.17136375 -0.42428393
v -0.25975091 0.15554629 -0.44128731
v -0.22691343 0.03911126 -0.55413900
v -0.19071420 0.23985701 -0.37316978
v -0.21421655 0.23423194 -0.38501176
v -0.26064904 0.20790305 -0.41119265
v -0.27610647 0.18752078 -0.42612764
v -0.28507095 0.16730997 -0.44234621
v -0.24714548 0.04020731 -0.56560243
v -0.19232661 0.26130345 -0.38015959
v -0.31111067 0.18228469 -0.44303059
v -0.23887988 0.22451821 -0.39770959
v -0.22348620 0.20149624 -0.39348664
v -0.15972242 0.12378455 -0.36968345
v -0.15259912 0.13699955 -0.31149891
v -0.15331712 0.15262895 -0.31926513
v -0.15452761 0.16914624 -0.32758168
v -0.16264426 0.16378301 -0.34600037
v -0.16066733 0.20523773 -0.34494288
v -0.15689542 0.18664919 -0.33626239
v -0.16492274 0.22470268 -0.35364070
v -0.16875868 0.24437325 -0.36230136
v -0.17087346 0.26257655 -0.37064450
v -0.14848308 0.14192935 -0.29155684
v -0.14650805 0.15794859 -0.29960867
v -0.14501175 0.17487053 -0.30855943
v -0.14371485 0.19265274 -0.31848999
v -0.14346701 0.21137502 -0.32925033
v -0.14649519 0.24979679 -0.35218287
v -0.14949646 0.26766842 -0.36370630
v -0.12957990 0.19912802 -0.29960557
v -0.12432408 0.21777406 -0.31277678
v -0.12200088 0.25584733 -0.34285666
v -0.12460653 0.27422232 -0.35790965
v -0.13006775 0.29190055 -0.37328060
v -0.15492973 0.28330443 -0.37535593
v -0.11442182 0.20573716 -0.27919697
v -0.10211808 0.22442545 -0.29455161
v -0.09436951 0.26193551 -0.33397484
v -0.09574075 0.28053284 -0.35264515
v -0.09963042 0.29958034 -0.37106253
v -0.09952215 0.21155340 -0.25634006
v -0.07271452 0.23150715 -0.27154191
v -0.06315478 0.26748387 -0.32590814
v -0.06349152 0.28607112 -0.34742935
v -0.06558790 0.30576113 -0.36835281
v -0.08837274 0.21160459 -0.23226658
v -0.06250196 0.22644022 -0.23907600
v -0.02863289 0.27262125 -0.31973797
v -0.02855834 0.29097579 -0.34240501
v -0.02912097 0.31070874 -0.36500690
v -0.15064144 0.06135671 -0.51082052
v -0.16246382 0.11947603 -0.38820951
v -0.16529115 0.11470119 -0.40632637
v -0.17977687 0.11849078 -0.42902472
v -0.16744468 0.10919830 -0.42369984
v -0.19488393 0.12760917 -0.43391775
v -0.33076725 0.19621226 -0.44510854
v -0.16182727 0.08020138 -0.48605461
v -0.16564838 0.08839319 -0.47175617
v -0.23914482 0.05383267 -0.54020502
v -0.26074281 0.05518356 -0.54942962
v -0.17138834 0.07179174 -0.50560772
v -0.15672489 0.07117176 -0.49931942
v -0.18767422 0.07143707 -0.51094163
v -0.22667008 0.07046235 -0.51969391
v -0.20606668 0.07067815 -0.51545417
v -0.31419442 0.07769459 -0.54401129
v -0.29548187 0.07525898 -0.53873814
v -0.25606296 0.08962555 -0.50906224
v -0.24883263 0.07104082 -0.52471277
v -0.28025928 0.09192221 -0.51300452
v -0.27178921 0.07255363 -0.53126815
v -0.14497400 0.14721311 -0.27148295
v -0.14050538 0.16383354 -0.27923427
v -0.08164964 0.21144855 -0.20988801
v -0.05731263 0.22426858 -0.21401196
v 0.00762487 0.27574898 -0.31578724
v 0.00837094 0.29426345 -0.33853967
v 0.00901608 0.31380662 -0.36163580
v -0.03293118 0.00854406 -0.55557678
v -0.03518131 0.00287159 -0.56407696
v -0.01844821 0.00519350 -0.56645266
v -0.01725153 0.01085627 -0.55765298
v -0.07769882 0.21187591 -0.18969415
v -0.05417988 0.22316164 -0.19253394
v -0.03795108 -0.00285337 -0.57273736
v -0.05587810 -0.03024896 -0.63225204
v -0.05444636 -0.02754527 -0.62391670
v -0.07175591 -0.01856133 -0.59987407
v -0.07692695 -0.02263047 -0.61124210
v -0.14048665 0.15198122 -0.25166603
v -0.13499243 0.16962921 -0.25843537
v -0.13484033 0.15554892 -0.23258507
v -0.12714007 0.17315853 -0.23858964
v -0.33742482 0.16869655 -0.45999703
v -0.31624207 0.15873159 -0.45970515
v -0.28887098 0.14853839 -0.45966539
v -0.26311736 0.14032106 -0.45865810
v -0.23882556 0.13292050 -0.45683474
v -0.21653944 0.12536088 -0.45440986
v -0.19740841 0.11805795 -0.45066822
v -0.18164122 0.11065084 -0.44569595
v -0.16857110 0.10284249 -0.44023368
v -0.33812143 0.14432161 -0.47727166
v -0.31631591 0.13719836 -0.47780880
v -0.23919153 0.11880521 -0.47431471
v -0.21692414 0.11306930 -0.47135802
v -0.19770185 0.10765779 -0.46711247
v -0.18160840 0.10203473 -0.46199130
v -0.16801473 0.09584754 -0.45627903
v -0.28590970 0.11136893 -0.49562354
v -0.26087571 0.10761863 -0.49336843
v -0.04816412 -0.01893980 -0.60216059
v -0.05157367 -0.02349777 -0.61289489
v -0.01996266 -0.00062559 -0.57526492
v -0.02919452 -0.02687036 -0.62477978
v -0.02765817 -0.02242198 -0.61426092
v -0.02572708 -0.01746507 -0.60401850
v -0.00483728 -0.02514803 -0.62539069
v -0.00501072 -0.02813963 -0.63339004
v 0.01996831 -0.02614174 -0.63332216
v 0.01949891 -0.02309175 -0.62526527
v -0.00440327 -0.02036945 -0.61514264
v 0.01883933 -0.01821660 -0.61512558
v -0.00380780 -0.01522640 -0.60517353
v 0.01817279 -0.01303689 -0.60527674
v -0.00316952 -0.00971376 -0.59536840
v 0.01748204 -0.00751222 -0.59558136
v 0.01677876 -0.00169448 -0.58619394
v -0.00257061 -0.00392010 -0.58593902
v -0.00207065 0.00203465 -0.57687895
v 0.01607219 0.00425231 -0.57724517
v 0.01535880 0.01009169 -0.56837383
v -0.00169926 0.00788321 -0.56796685
v -0.00146060 0.01347183 -0.55897816
v 0.01465234 0.01562254 -0.55937605
v -0.26326829 0.12449900 -0.47640445
v -0.28885137 0.13024772 -0.47770622
v -0.13527868 0.18104945 -0.28858915
v -0.12584917 0.18723552 -0.26758400
v -0.11599316 0.19184193 -0.24620633
v -0.10698077 0.19359303 -0.22518835
v -0.10065000 0.19505509 -0.20512855
v -0.09647710 0.19703782 -0.18631800
v -0.13051974 0.15884533 -0.21387670
v -0.12031873 0.17552552 -0.21908753
v -0.12768496 0.16245101 -0.19606151
v -0.11553604 0.17823699 -0.20043658
v -0.12586114 0.16622050 -0.17920720
v -0.11215989 0.18120759 -0.18281406
v -0.06563954 0.24970497 -0.30177647
v -0.03179274 0.24263230 -0.26798877
v -0.02990748 0.25591563 -0.29524127
v 0.00535661 0.24528170 -0.26621930
v 0.00662504 0.25864710 -0.29196912
v -0.03001802 0.23539991 -0.24029374
v 0.00406552 0.23849272 -0.23966471
v -0.02820007 0.23215661 -0.21541526
v -0.02717245 0.23014488 -0.19352440
v 0.00278951 0.23471540 -0.21504160
v 0.00158297 0.23211922 -0.19305305
v -0.09602956 0.24311096 -0.31440914
v -0.12173765 0.23668555 -0.32775750
v -0.14440314 0.23061476 -0.34062701
v -0.02988525 -0.02972438 -0.63282259
v -0.06966481 0.32666619 -0.39035354
v -0.10560319 0.32002599 -0.39062081
v -0.03065766 0.33146521 -0.38909920
v 0.00967266 0.33421498 -0.38659085
v -0.13890982 0.31011984 -0.38995626
v -0.07713824 0.34858951 -0.41480723
v -0.11694797 0.34084904 -0.41201361
v -0.03356081 0.35329421 -0.41603933
v 0.01038631 0.35572245 -0.41456270
v -0.18626048 0.31298124 -0.40581402
v -0.20679530 0.32573068 -0.42120654
v -0.15340224 0.32889425 -0.40869792
v -0.16860541 0.34379193 -0.42481887
v -0.18621355 0.28114136 -0.38635479
v -0.17099864 0.27585608 -0.37716506
v -0.16670590 0.29739836 -0.38875858
v -0.12903311 0.35679313 -0.42956090
v -0.08381483 0.36531735 -0.43489253
v -0.03624425 0.37007833 -0.43871228
v 0.01105364 0.37249073 -0.43885957
v 0.16323746 0.06174730 -0.51925243
v 0.15332433 0.05332524 -0.52625315
v 0.16578691 0.04959605 -0.53175258
v 0.17679640 0.05850322 -0.52463865
v 0.20152590 0.06552395 -0.52139429
v 0.18610431 0.06829170 -0.51644668
v 0.19119348 0.05497021 -0.52998844
v 0.17175328 0.07065130 -0.51092135
v 0.13654266 0.03308154 -0.54402609
v 0.12718261 0.03740766 -0.53779323
v 0.11069449 0.02983626 -0.54258141
v 0.11857486 0.02529346 -0.54920591
v 0.09440474 0.02400953 -0.54653218
v 0.10063188 0.01901831 -0.55368397
v 0.17872440 0.04555253 -0.53759413
v 0.16841608 0.02028647 -0.56870183
v 0.15687007 0.02408111 -0.55906731
v 0.13626175 0.01611564 -0.56500214
v 0.14601284 0.01194948 -0.57471420
v 0.12322697 0.00487408 -0.57974312
v 0.11522581 0.00936031 -0.57004592
v 0.23493558 0.30503705 -0.38062868
v 0.24214737 0.27645977 -0.37177938
v 0.27445308 0.27236000 -0.38475234
v 0.26888933 0.30658710 -0.39391020
v 0.31491943 0.27749091 -0.40242510
v 0.30427284 0.25261802 -0.39549189
v 0.32635210 0.22688880 -0.40836113
v 0.34300938 0.24522025 -0.41198923
v 0.14151852 0.04524293 -0.53237442
v 0.15249654 0.04121223 -0.53818148
v 0.16373398 0.03685241 -0.54461673
v 0.14623253 0.02850040 -0.55098317
v 0.12707631 0.02060736 -0.55656289
v 0.22424962 0.04946194 -0.54378422
v 0.23742633 0.06115210 -0.53304136
v 0.21860154 0.06285772 -0.52658799
v 0.20705023 0.05167517 -0.53610064
v 0.20817739 0.03896363 -0.55321296
v 0.19279031 0.04173230 -0.54446159
v 0.18937264 0.02927359 -0.56153873
v 0.17596270 0.03263125 -0.55217431
v 0.13137093 0.00089957 -0.59051149
v 0.15612303 0.00849111 -0.58579350
v 0.22467009 0.03757307 -0.56445319
v 0.24259159 0.04883546 -0.55399002
v 0.20372782 0.02717005 -0.57311520
v 0.18052058 0.01742183 -0.58014296
v 0.16618128 0.00564952 -0.59813844
v 0.13949914 -0.00234578 -0.60212127
v 0.14739396 -0.00525972 -0.61429413
v 0.17585944 0.00293566 -0.61136752
v 0.26203651 0.04975022 -0.56679868
v 0.24252103 0.03725132 -0.57838679
v 0.26236438 0.03684278 -0.59535763
v 0.28316567 0.05106533 -0.58173288
v 0.21895176 0.02572396 -0.58694185
v 0.23513352 0.02425980 -0.60302759
v 0.20535745 0.01291250 -0.60782315
v 0.19302105 0.01516436 -0.59322096
v 0.18234578 0.00073063 -0.62178268
v 0.21429945 0.01096116 -0.61958970
v 0.31658290 0.06817824 -0.57434419
v 0.29952461 0.06593318 -0.56475832
v 0.30003078 0.05186882 -0.59412333
v 0.27928567 0.03627396 -0.61109296
v 0.24804466 0.02286886 -0.61679074
v 0.05866039 -0.00487533 -0.59156788
v 0.07935469 -0.00331444 -0.58811680
v 0.07468392 0.00187592 -0.57865219
v 0.05539032 0.00059755 -0.58221628
v 0.08319813 0.01492591 -0.55775290
v 0.07843314 0.02028248 -0.55009463
v 0.10768058 0.01412415 -0.56136696
v 0.08864488 0.00963774 -0.56576295
v 0.10082437 -0.00027953 -0.58414098
v 0.09458368 0.00455337 -0.57452052
v 0.15305277 -0.00730364 -0.62370074
v 0.11902226 -0.01192567 -0.61680973
v 0.12249597 -0.01431612 -0.62548075
v 0.17830503 0.14777176 -0.31760795
v 0.18349532 0.14380340 -0.33650191
v 0.19047970 0.15738148 -0.34144032
v 0.18262069 0.16217168 -0.32365212
v 0.36311249 0.14297455 -0.47988267
v 0.34172109 0.13749788 -0.48024984
v 0.33520610 0.11724944 -0.50113093
v 0.35564812 0.12085367 -0.50301060
v 0.33105218 0.08422859 -0.55308051
v 0.31349103 0.08130605 -0.54549657
v 0.19890348 0.17231783 -0.34641116
v 0.19791792 0.15196016 -0.35885817
v 0.20822030 0.16615237 -0.36309015
v 0.22484026 0.11557004 -0.46944751
v 0.20832681 0.11148618 -0.46505966
v 0.20494779 0.10182211 -0.48011654
v 0.22157912 0.10407760 -0.48475985
v 0.21525696 0.15964262 -0.38108234
v 0.20316179 0.14673057 -0.37723793
v 0.20684172 0.14128477 -0.39619064
v 0.22069673 0.15229307 -0.39982247
v 0.20994830 0.07790081 -0.51100759
v 0.19384703 0.07941865 -0.50627786
v 0.23510570 0.19862004 -0.37033146
v 0.21942739 0.20679744 -0.35558986
v 0.20847776 0.18874017 -0.35128464
v 0.22038014 0.18179958 -0.36715315
v 0.20220245 0.21322614 -0.34167906
v 0.19491085 0.19478440 -0.33589104
v 0.25827219 0.17552002 -0.40416878
v 0.24825439 0.18800653 -0.38659330
v 0.23010328 0.17347212 -0.38424891
v 0.23769858 0.16388593 -0.40253145
v 0.26216450 0.10799966 -0.49133375
v 0.26622503 0.12358669 -0.47569336
v 0.24409723 0.11940675 -0.47296365
v 0.24058481 0.10588075 -0.48838413
v 0.26458924 0.16345354 -0.42238033
v 0.24291628 0.15383258 -0.42103505
v 0.24787008 0.07515768 -0.52048858
v 0.22796911 0.07609521 -0.51552038
v 0.23037477 0.22678186 -0.35994182
v 0.20924556 0.23313497 -0.34771711
v 0.28067655 0.18889613 -0.40551430
v 0.26800433 0.20442122 -0.38873785
v 0.28823611 0.17380807 -0.42337124
v 0.25735728 0.06129297 -0.54176585
v 0.23912244 0.24982889 -0.36482998
v 0.21447088 0.25435252 -0.35396678
v 0.30368543 0.20580691 -0.40650196
v 0.28752751 0.22544698 -0.39083045
v 0.31312500 0.18629499 -0.42364816
v 0.27800462 0.06314220 -0.55261043
v 0.21523112 0.27583291 -0.36075889
v 0.33874181 0.20195977 -0.42341312
v 0.26480774 0.24117251 -0.37710188
v 0.25071183 0.21753422 -0.37349991
v 0.18864636 0.13945150 -0.35500780
v 0.17431857 0.16656447 -0.30532400
v 0.17272561 0.15153322 -0.29833519
v 0.17667848 0.18270126 -0.31271731
v 0.18829312 0.17784564 -0.32981764
v 0.18380090 0.21853698 -0.32815242
v 0.17983047 0.20002470 -0.32041971
v 0.19119602 0.25771571 -0.34447897
v 0.18781288 0.23800662 -0.33620938
v 0.19289881 0.27595519 -0.35258962
v 0.16529978 0.17073745 -0.28617534
v 0.16658181 0.15520889 -0.27843034
v 0.16415515 0.18723674 -0.29477458
v 0.16354097 0.20482508 -0.30418526
v 0.16386622 0.22338177 -0.31428205
v 0.17049221 0.27983442 -0.34726208
v 0.16743927 0.26180204 -0.33616235
v 0.14611219 0.20930038 -0.28684179
v 0.14185884 0.22781167 -0.29986954
v 0.14444549 0.28476803 -0.34365818
v 0.14135295 0.26615025 -0.32912280
v 0.17604312 0.29583280 -0.35833162
v 0.15034920 0.30289770 -0.35834200
v 0.12745270 0.21313473 -0.26815869
v 0.11677325 0.23189738 -0.28395740
v 0.11453783 0.28910172 -0.34117344
v 0.11217825 0.27015043 -0.32299178
v 0.11916457 0.30854528 -0.35901505
v 0.10896710 0.21581934 -0.24704689
v 0.08426890 0.23579111 -0.26397908
v 0.08141048 0.29231256 -0.33931015
v 0.07971573 0.27335225 -0.31815995
v 0.08452322 0.31226051 -0.35982863
v 0.09643873 0.21599223 -0.22322203
v 0.07088659 0.22962930 -0.23241455
v 0.17895123 0.08011683 -0.50063568
v 0.19252673 0.13511550 -0.37356025
v 0.19510653 0.13087038 -0.39237562
v 0.19670522 0.12604879 -0.41048801
v 0.20945946 0.13512976 -0.41447065
v 0.22458258 0.14433559 -0.41826391
v 0.35807093 0.21641062 -0.42466449
v 0.19380767 0.10669145 -0.46006586
v 0.19006271 0.09855386 -0.47479498
v 0.26916140 0.07567975 -0.52707322
v 0.29106545 0.07776971 -0.53571418
v 0.20010396 0.09096547 -0.49409913
v 0.18505239 0.08960276 -0.48853144
v 0.21664402 0.09122803 -0.49880437
v 0.25610905 0.09128677 -0.50635355
v 0.23524800 0.09100552 -0.50271866
v 0.32547452 0.09807853 -0.52375416
v 0.34421859 0.10108715 -0.52868160
v 0.27850733 0.09244914 -0.51078969
v 0.28542180 0.11054121 -0.49431269
v 0.30165960 0.09465086 -0.51679710
v 0.30970917 0.11347381 -0.49772211
v 0.15638016 0.17485440 -0.26620575
v 0.15960568 0.15867174 -0.25854274
v 0.08724709 0.21434601 -0.20116830
v 0.06290530 0.22604677 -0.20783242
v 0.06266578 0.01833646 -0.55341100
v 0.04684920 0.01737247 -0.55621759
v 0.04941319 0.01189146 -0.56479504
v 0.06622965 0.01284701 -0.56156022
v 0.08017512 0.21179544 -0.18155296
v 0.05716279 0.22304605 -0.18671148
v 0.04425422 0.27564533 -0.31570271
v 0.04569655 0.29436008 -0.33810455
v 0.04748020 0.31420051 -0.36054200
v 0.07027170 0.00729642 -0.56983519
v 0.09263528 -0.01645714 -0.61925611
v 0.09486116 -0.01910760 -0.62743295
v 0.10718152 -0.00470576 -0.59449544
v 0.11340588 -0.00853222 -0.60544948
v 0.14635620 0.17813207 -0.24649945
v 0.15161038 0.16136723 -0.23914377
v 0.13696322 0.18048159 -0.22666909
v 0.14468781 0.16345367 -0.21981017
v 0.34440087 0.17905460 -0.44116787
v 0.36536752 0.18948172 -0.44081187
v 0.31728895 0.16822668 -0.44186348
v 0.29178017 0.15931792 -0.44153489
v 0.26771017 0.15127142 -0.44037041
v 0.24558687 0.14327702 -0.43868561
v 0.21067031 0.12814062 -0.43189376
v 0.22656246 0.13568638 -0.43582996
v 0.19717259 0.12043991 -0.42765273
v 0.36657151 0.16574556 -0.45920264
v 0.34492012 0.15817165 -0.46024771
v 0.26811076 0.13794752 -0.45861521
v 0.24580209 0.13176228 -0.45638971
v 0.22654317 0.12602289 -0.45297048
v 0.21027401 0.12019286 -0.44879945
v 0.19623423 0.11393879 -0.44418619
v 0.31498984 0.13236223 -0.47951182
v 0.28996481 0.12800044 -0.47781099
v 0.08411736 -0.00819366 -0.59811845
v 0.08867064 -0.01255426 -0.60852155
v 0.05227781 0.00623903 -0.57336094
v 0.06511462 -0.01490724 -0.61132715
v 0.06785226 -0.01925760 -0.62164491
v 0.06194433 -0.01009053 -0.60133321
v 0.04375512 -0.02123683 -0.62380947
v 0.04483628 -0.02419416 -0.63174641
v 0.04203780 -0.01652148 -0.61367124
v 0.04013287 -0.01145702 -0.60383042
v 0.03815513 -0.00604089 -0.59416365
v 0.03618484 -0.00035631 -0.58486889
v 0.03427880 0.00549237 -0.57593497
v 0.03250000 0.01124172 -0.56713794
v 0.03086172 0.01672335 -0.55825720
v 0.29212996 0.14423930 -0.46005659
v 0.31759848 0.15061856 -0.46075502
v 0.15123991 0.19150739 -0.27577141
v 0.13791800 0.19514303 -0.25613297
v 0.12575417 0.19820796 -0.23530789
v 0.11518158 0.19927326 -0.21441849
v 0.10643261 0.19893573 -0.19459355
v 0.09933123 0.19801856 -0.17624354
v 0.12858603 0.18156318 -0.20717290
v 0.13876720 0.16518033 -0.20098890
v 0.12136622 0.18261439 -0.18870647
v 0.13329026 0.16705801 -0.18327874
v 0.11484513 0.18283811 -0.17127911
v 0.12821607 0.16839856 -0.16643794
v 0.04260409 0.24340700 -0.26499010
v 0.04349538 0.25795970 -0.29164861
v 0.03817629 0.23674866 -0.23735418
v 0.03383495 0.23260810 -0.21267627
v 0.03030163 0.22917317 -0.19098934
v 0.11245307 0.25092620 -0.30380571
v 0.14037340 0.24685588 -0.31446933
v 0.16521723 0.24259199 -0.32506045
v 0.08022134 0.25499442 -0.29427947
v 0.06940193 -0.02207236 -0.62958193
v 0.12569350 0.32948007 -0.37787261
v 0.08940964 0.33352046 -0.38128762
v 0.05011898 0.33511021 -0.38437551
v 0.15957271 0.32178550 -0.37409125
v 0.13761467 0.35125010 -0.39793897
v 0.09771430 0.35610485 -0.40480198
v 0.05424159 0.35727383 -0.41088778
v 0.22894218 0.34163446 -0.39976488
v 0.20802410 0.32747344 -0.38618889
v 0.19005528 0.35780651 -0.40580189
v 0.17446180 0.34163248 -0.39139495
v 0.20837663 0.29541286 -0.36714505
v 0.19276313 0.28927823 -0.35896932
v 0.18807619 0.31066169 -0.37072842
v 0.15020294 0.36837331 -0.41395447
v 0.10514184 0.37365513 -0.42391101
v 0.05802914 0.37442820 -0.43308162
f 1 2 3
f 3 2 5
f 7 8 9
f 11 12 13
f 15 13 12
f 17 11 14
f 19 20 14
f 21 22 23
f 22 25 26
f 27 28 29
f 20 31 18
f 32 33 34
f 36 27 30
f 38 39 40
f 42 43 44
f 46 42 45
f 46 47 48
f 50 51 52
f 44 43 54
f 56 44 55
f 58 59 41
f 51 60 61
f 62 63 60
f 64 62 51
f 65 66 67
f 65 69 70
f 69 65 47
f 56 69 45
f 69 56 71
f 71 56 57
f 71 73 74
f 73 71 72
f 62 64 76
f 62 77 78
f 79 77 76
f 66 81 82
f 83 84 63
f 84 85 86
f 85 84 83
f 63 84 87
f 61 60 87
f 90 83 78
f 83 90 92
f 87 86 93
f 94 95 96
f 98 99 100
f 102 103 104
f 99 106 107
f 108 109 110
f 112 108 111
f 114 112 113
f 116 114 115
f 118 101 119
f 121 120 119
f 123 98 101
f 95 102 105
f 124 19 13
f 125 126 127
f 129 130 131
f 133 134 135
f 130 137 138
f 139 125 128
f 141 142 128
f 143 142 86
f 142 141 93
f 144 145 146
f 145 148 149
f 148 150 151
f 152 153 154
f 155 156 157
f 158 154 153
f 160 143 85
f 161 140 143
f 162 161 160
f 164 165 161
f 165 139 140
f 137 166 167
f 166 168 169
f 163 160 88
f 70 74 81
f 79 91 78
f 150 170 171
f 143 140 128
f 172 173 174
f 176 177 178
f 177 180 181
f 182 183 184
f 186 182 185
f 188 189 190
f 189 192 193
f 134 188 191
f 194 195 196
f 194 197 198
f 116 117 200
f 202 203 204
f 206 207 208
f 210 211 212
f 214 215 216
f 218 219 220
f 222 223 224
f 226 227 228
f 230 231 232
f 156 234 235
f 224 235 234
f 231 210 213
f 236 230 233
f 238 239 240
f 173 186 187
f 185 184 242
f 244 175 174
f 187 246 245
f 246 187 185
f 247 248 249
f 251 252 250
f 253 252 251
f 206 255 256
f 228 227 257
f 259 260 261
f 263 259 262
f 265 266 267
f 269 270 271
f 266 265 270
f 273 274 268
f 273 275 276
f 277 278 279
f 281 282 272
f 283 284 285
f 284 282 281
f 287 288 289
f 291 292 293
f 295 296 294
f 297 298 299
f 298 297 301
f 303 304 305
f 307 295 293
f 309 302 301
f 311 309 310
f 313 314 315
f 317 318 319
f 318 317 321
f 323 324 325
f 326 307 308
f 322 321 327
f 329 317 320
f 331 332 333
f 328 327 335
f 329 337 321
f 338 339 340
f 342 343 341
f 344 345 333
f 345 344 346
f 336 335 348
f 337 350 327
f 351 329 330
f 329 351 353
f 354 355 356
f 339 354 357
f 358 342 340
f 359 358 357
f 360 361 362
f 349 348 364
f 350 366 335
f 337 353 367
f 366 368 348
f 348 368 369
f 350 367 370
f 366 370 371
f 358 359 372
f 374 375 376
f 378 379 380
f 382 381 380
f 384 374 377
f 386 387 388
f 390 391 392
f 387 394 395
f 392 391 396
f 398 399 387
f 400 401 402
f 404 405 406
f 408 406 405
f 410 411 412
f 414 402 401
f 399 416 394
f 417 418 419
f 421 422 423
f 425 426 427
f 429 430 431
f 404 407 432
f 433 418 417
f 435 417 420
f 437 438 439
f 426 441 442
f 424 443 444
f 445 446 447
f 449 450 451
f 434 417 435
f 454 439 438
f 440 439 456
f 458 459 460
f 462 463 464
f 464 463 466
f 468 458 461
f 470 471 472
f 447 446 471
f 439 454 474
f 475 476 477
f 475 478 479
f 457 456 481
f 483 484 485
f 487 488 489
f 488 462 465
f 459 485 484
f 491 492 493
f 495 496 497
f 478 499 500
f 478 477 501
f 456 474 502
f 503 504 505
f 476 504 503
f 507 508 509
f 511 512 513
f 515 516 517
f 473 472 518
f 499 501 519
f 521 503 506
f 477 503 521
f 523 524 525
f 527 528 529
f 531 532 533
f 532 507 510
f 512 529 528
f 535 536 516
f 537 538 539
f 541 5 2
f 494 493 543
f 411 449 452
f 501 521 545
f 546 545 521
f 526 525 547
f 549 550 551
f 524 550 549
f 553 554 555
f 557 558 536
f 2 1 559
f 548 547 560
f 562 549 552
f 525 549 562
f 564 565 566
f 568 569 570
f 570 531 534
f 530 564 567
f 572 573 574
f 554 553 576
f 578 579 562
f 547 562 579
f 580 581 582
f 551 583 582
f 565 584 585
f 586 569 568
f 588 589 590
f 592 593 594
f 596 590 175
f 589 172 175
f 597 596 244
f 599 600 601
f 603 604 605
f 552 582 607
f 581 608 607
f 580 609 610
f 584 611 612
f 613 614 615
f 617 618 619
f 621 622 586
f 623 591 590
f 624 623 596
f 600 599 625
f 604 603 627
f 629 630 631
f 563 607 633
f 608 634 633
f 581 610 635
f 636 637 610
f 638 639 640
f 642 615 614
f 644 645 646
f 648 649 650
f 652 618 617
f 654 655 656
f 658 659 660
f 662 663 664
f 666 667 668
f 630 629 670
f 630 672 673
f 674 634 608
f 637 675 635
f 639 676 677
f 639 638 678
f 680 681 682
f 684 685 686
f 688 689 690
f 692 693 694
f 696 697 698
f 658 661 700
f 662 665 702
f 704 705 706
f 708 709 710
f 672 630 671
f 672 713 714
f 675 715 674
f 676 716 717
f 676 639 679
f 683 682 719
f 721 722 723
f 725 726 727
f 691 729 730
f 731 692 695
f 729 733 734
f 735 731 732
f 711 710 737
f 705 739 740
f 741 708 711
f 713 672 712
f 744 716 676
f 720 719 745
f 747 721 724
f 749 725 728
f 727 751 752
f 751 753 754
f 742 711 738
f 739 756 757
f 758 759 741
f 760 761 749
f 762 763 747
f 728 752 764
f 752 754 765
f 758 742 755
f 450 767 768
f 750 764 769
f 764 765 770
f 492 491 771
f 773 774 775
f 777 778 779
f 781 782 778
f 782 781 783
f 783 785 786
f 246 243 787
f 246 788 789
f 244 245 789
f 130 129 790
f 137 130 791
f 166 137 792
f 168 166 793
f 795 796 797
f 10 9 381
f 799 378 381
f 58 40 391
f 40 39 396
f 54 43 406
f 43 42 407
f 49 429 432
f 432 407 42
f 264 262 800
f 262 261 802
f 803 218 221
f 289 288 304
f 283 286 287
f 805 774 773
f 807 805 806
f 361 21 24
f 809 810 811
f 813 814 815
f 809 812 400
f 817 818 819
f 820 819 821
f 820 822 436
f 817 820 420
f 453 435 823
f 825 823 435
f 822 826 825
f 822 821 827
f 828 829 830
f 829 832 833
f 834 811 810
f 836 819 818
f 819 836 838
f 821 838 839
f 832 840 841
f 53 52 446
f 446 52 61
f 472 471 61
f 472 89 93
f 141 515 518
f 535 515 141
f 126 557 535
f 129 553 556
f 553 129 132
f 575 574 780
f 593 133 136
f 842 843 844
f 846 847 843
f 847 846 848
f 543 846 842
f 849 848 851
f 852 851 853
f 368 371 855
f 17 36 776
f 856 803 804
f 858 856 857
f 860 861 857
f 306 862 863
f 306 222 225
f 289 303 225
f 290 289 234
f 283 290 156
f 284 283 155
f 857 861 864
f 272 282 158
f 154 158 282
f 299 298 266
f 298 302 267
f 273 267 302
f 275 273 309
f 292 323 308
f 277 280 314
f 866 300 299
f 299 269 272
f 867 868 869
f 868 775 774
f 867 871 16
f 868 867 12
f 17 775 868
f 776 36 37
f 871 867 870
f 815 386 389
f 375 875 876
f 816 815 874
f 878 879 880
f 882 883 878
f 883 882 805
f 881 880 873
f 869 882 881
f 882 869 774
f 884 885 886
f 885 888 889
f 888 890 891
f 892 893 894
f 887 886 896
f 886 889 898
f 889 891 899
f 544 543 850
f 773 776 872
f 902 813 816
f 903 816 877
f 851 492 772
f 905 383 380
f 379 907 906
f 423 393 392
f 424 392 397
f 405 464 467
f 405 404 465
f 465 404 431
f 489 431 430
f 447 510 509
f 893 908 909
f 510 447 470
f 908 910 911
f 533 470 473
f 912 913 914
f 534 473 517
f 915 914 885
f 516 568 571
f 568 516 536
f 913 916 917
f 558 621 587
f 914 917 888
f 554 617 620
f 916 918 919
f 617 554 577
f 650 573 572
f 698 592 595
f 694 588 591
f 920 495 498
f 922 920 921
f 732 695 591
f 624 736 732
f 840 924 925
f 926 839 838
f 928 836 837
f 851 848 493
f 543 493 848
f 836 928 927
f 930 360 363
f 806 773 901
f 808 806 932
f 903 904 934
f 936 808 933
f 938 939 940
f 939 942 943
f 944 923 411
f 921 498 450
f 875 945 946
f 923 921 449
f 945 936 937
f 15 16 947
f 948 947 300
f 949 107 106
f 951 952 949
f 953 954 948
f 954 124 15
f 955 104 103
f 955 956 957
f 331 334 959
f 960 959 316
f 961 338 341
f 324 961 962
f 343 963 962
f 963 326 325
f 963 964 965
f 353 351 966
f 968 967 843
f 367 353 967
f 969 968 847
f 370 367 968
f 970 969 849
f 371 370 969
f 855 371 970
f 970 852 854
f 374 384 372
f 297 300 947
f 972 947 16
f 973 972 871
f 973 301 297
f 873 880 974
f 973 974 310
f 880 879 975
f 974 975 312
f 976 952 951
f 966 351 352
f 27 36 17
f 31 28 27
f 148 120 121
f 145 118 120
f 123 118 145
f 121 979 170
f 33 32 94
f 347 346 936
f 355 875 375
f 374 359 356
f 253 254 980
f 369 855 982
f 364 369 983
f 985 986 987
f 989 990 991
f 986 985 992
f 993 994 988
f 898 899 995
f 896 898 996
f 897 896 997
f 999 1000 1001
f 982 1003 1004
f 996 995 1005
f 997 996 1006
f 998 997 1007
f 1009 999 1002
f 983 1004 1011
f 1005 989 992
f 985 1007 1006
f 1012 1013 1014
f 1014 1016 1017
f 1016 1018 1019
f 1020 1021 1022
f 1024 1025 1026
f 1027 1026 1028
f 1030 1031 1032
f 1030 1034 1035
f 1036 1037 745
f 1038 1036 719
f 1039 1038 682
f 645 1040 1041
f 1042 1043 648
f 1044 1042 651
f 1045 1044 572
f 1046 1045 575
f 1047 1046 779
f 1048 1047 778
f 1049 1048 782
f 1050 1049 784
f 720 746 744
f 683 720 718
f 680 683 679
f 643 644 647
f 649 652 653
f 653 577 573
f 574 573 577
f 780 574 576
f 777 780 132
f 138 781 777
f 781 138 167
f 167 169 785
f 982 855 971
f 895 1001 1000
f 1003 982 1051
f 280 279 276
f 314 280 275
f 314 311 312
f 960 315 312
f 331 960 975
f 879 878 332
f 883 344 332
f 344 883 807
f 346 807 808
f 347 945 875
f 345 347 355
f 345 354 339
f 334 333 339
f 959 334 338
f 959 961 324
f 313 316 324
f 277 313 323
f 292 291 278
f 1053 1054 90
f 1055 1056 1057
f 1059 1060 1061
f 1063 1064 1060
f 1065 1056 1061
f 1062 1061 1056
f 1067 1068 1069
f 1069 1068 164
f 1071 1072 169
f 1073 1074 1075
f 1071 1077 1078
f 1073 1076 193
f 1079 1080 184
f 1081 1070 1082
f 1070 1069 1084
f 1082 1084 1085
f 1087 1088 1089
f 1091 1067 1070
f 1077 1092 1093
f 1074 1094 1095
f 1096 1097 1098
f 1100 1101 1102
f 1104 1105 1106
f 1108 1109 1110
f 1109 1112 1113
f 1114 1115 1087
f 1115 1117 1088
f 1084 1069 162
f 1085 1084 163
f 1118 1119 1120
f 1122 1119 1118
f 1124 1118 1121
f 1118 1124 1126
f 1127 1128 1129
f 1131 1132 1133
f 1135 1136 1137
f 1132 1139 1140
f 1141 1142 1143
f 1143 1142 1135
f 1149 1150 1151
f 1066 1152 1151
f 1127 1130 1159
f 1129 1128 1161
f 1163 1164 1165
f 1164 1163 1169
f 1171 1172 1173
f 1175 1176 1177
f 1177 1179 1180
f 1152 1066 1061
f 1181 1065 1066
f 1056 1065 1183
f 1064 1149 1152
f 1184 1185 1186
f 1188 1189 1122
f 1190 1184 1187
f 1192 1193 1194
f 1193 1196 1197
f 1198 1199 1200
f 1200 1202 1203
f 1112 1190 1191
f 1122 1116 1204
f 1189 1114 1116
f 1205 1188 1123
f 1199 1211 1212
f 1200 1212 1213
f 1214 1215 1216
f 1218 1214 1217
f 1222 1223 1224
f 1226 1227 1228
f 1230 1178 1180
f 1232 1228 1227
f 1234 1235 1228
f 1236 1237 1238
f 1240 1241 1242
f 1244 1245 1246
f 1247 1246 1248
f 1054 1085 92
f 1116 1087 1090
f 1105 1250 1251
f 1252 1198 1201
f 1103 1253 1254
f 1256 1257 1258
f 1260 1100 1103
f 1261 1256 1259
f 1258 1219 1263
f 1257 1218 1219
f 1259 1258 1264
f 1266 1262 1259
f 1098 1267 1268
f 1203 1254 1253
f 1102 1252 1253
f 1250 1192 1195
f 1269 1270 1271
f 1271 1175 1178
f 1237 1272 1273
f 1235 1275 1229
f 1079 1096 1099
f 1135 1142 1139
f 1136 1135 1132
f 1133 1140 1276
f 1134 1133 1277
f 1280 1281 1282
f 1159 1130 1170
f 1277 1276 1128
f 1278 1277 1127
f 1139 1142 1141
f 1287 1263 1219
f 1288 1173 1289
f 1172 1291 1289
f 1292 1287 1217
f 1293 1294 1295
f 1235 1238 1273
f 1238 1235 1234
f 1245 1244 1243
f 1297 1240 1243
f 1299 1297 1298
f 1301 1299 1300
f 1303 1301 1302
f 1305 1306 1307
f 247 1309 1310
f 1311 1288 1222
f 1311 1174 1173
f 1309 1305 1308
f 1312 1313 786
f 1314 1313 1312
f 1315 1316 1317
f 1318 1319 1320
f 1320 1322 1323
f 1324 1323 1322
f 1324 1325 1326
f 1326 1328 1329
f 1202 1213 1215
f 1203 1202 1214
f 1254 1203 1218
f 1255 1254 1257
f 1261 1260 1255
f 1268 1267 1332
f 1334 1071 168
f 1077 1071 1334
f 1092 1077 1335
f 1109 1108 1337
f 1112 1109 1338
f 1190 1112 1339
f 1184 1190 1340
f 1185 1184 1341
f 1180 1179 1345
f 1346 1345 1347
f 1346 1348 1349
f 1231 1180 1346
f 1272 1351 1352
f 1275 1273 1352
f 1231 1354 1269
f 1313 1355 1050
f 1356 1355 1313
f 1357 1356 1314
f 1358 1359 1318
f 1360 1358 1321
f 1361 1360 1323
f 1362 1361 1324
f 1363 1362 1327
f 1072 1312 785
f 1315 1312 1072
f 1078 1093 1316
f 1319 1111 1110
f 1110 1113 1322
f 1325 1322 1113
f 1326 1325 1191
f 1187 1186 1328
f 1367 1183 1065
f 1088 1081 1083
f 1117 1091 1081
f 1108 1092 1336
f 1092 1108 1111
f 1316 1093 1111
f 1317 1316 1319
f 1359 1357 1317
f 1094 1104 1107
f 1098 1097 1101
f 1260 1267 1098
f 1332 1267 1260
f 1332 1261 1262
f 1293 1296 1262
f 1306 1303 1304
f 1083 1082 1086
f 1089 1083 1368
f 1119 1204 1370
f 1204 1090 1371
f 1090 1089 1369
f 1372 1373 67
f 67 1373 1374
f 68 1374 1375
f 48 1375 1376
f 49 1376 1377
f 429 1377 1378
f 1378 1379 490
f 490 1379 1380
f 486 1381 1382
f 505 1383 1384
f 506 1384 1385
f 522 1385 1386
f 1387 1388 1389
f 1120 1391 1392
f 65 68 48
f 1392 1391 1393
f 1391 1395 1396
f 1391 1120 1370
f 1395 1397 1398
f 1395 1370 1371
f 1385 548 561
f 526 548 1385
f 523 526 1384
f 1381 511 514
f 508 1380 1379
f 1379 1378 448
f 445 448 1378
f 53 445 1377
f 50 53 1376
f 1374 64 50
f 64 1374 1373
f 1373 1372 80
f 1369 1399 1397
f 1369 1368 1400
f 1399 1400 1401
f 1397 1399 1402
f 1400 1368 1086
f 1400 1403 1404
f 1275 1353 1226
f 1354 1231 1350
f 814 398 386
f 1405 1406 320
f 320 1406 1407
f 1408 1409 296
f 295 307 1410
f 1411 1412 1413
f 1415 1416 1417
f 1407 1419 352
f 307 326 965
f 1420 1415 1418
f 1013 1422 1423
f 1014 1423 1424
f 1016 1424 1425
f 1021 1426 1427
f 1025 1428 1429
f 1028 1026 1429
f 978 352 1419
f 1432 1433 1434
f 1436 922 923
f 1433 1432 1428
f 1437 1433 1427
f 1438 410 413
f 1429 1436 944
f 850 842 845
f 900 850 1440
f 1430 944 410
f 1438 1439 1030
f 1413 1412 828
f 1051 971 854
f 1052 1051 1442
f 1444 1423 1422
f 1446 1420 1447
f 1420 1421 1449
f 1450 1444 1445
f 1448 1447 1452
f 1447 1449 1454
f 1435 1434 1455
f 1457 1450 1451
f 1453 1452 1459
f 1452 1454 1461
f 1462 1434 1433
f 1463 1455 1434
f 1456 1455 1464
f 1466 1457 1458
f 1460 1459 1468
f 1459 1461 1470
f 1471 1464 1455
f 1465 1464 1472
f 1442 854 853
f 1443 1442 1474
f 1474 853 772
f 1475 1474 1476
f 1478 911 910
f 1480 913 912
f 913 1480 1482
f 498 497 767
f 1483 1472 1464
f 767 1484 1485
f 496 1486 1487
f 772 771 1488
f 1484 767 497
f 1473 1472 1489
f 1489 1472 1483
f 1477 1476 1488
f 1493 1494 1495
f 1496 1497 1498
f 1499 1500 1496
f 1500 1501 1497
f 1502 537 540
f 1504 1505 1506
f 1508 1509 1504
f 1507 1506 1510
f 1511 1512 1508
f 1494 1484 1487
f 1486 1499 1495
f 1505 1490 1489
f 1506 1489 1491
f 1511 1510 1513
f 1510 1491 1515
f 1516 1515 1491
f 1483 1471 1517
f 1471 1463 1518
f 1463 1462 1519
f 1462 1437 1520
f 1437 1426 1425
f 1512 1511 1514
f 1460 1469 1467
f 1453 1460 1458
f 1448 1453 1451
f 1446 1448 1445
f 5 1508 1512
f 1509 1508 5
f 1501 1502 1503
f 1522 457 482
f 440 457 1522
f 437 440 1524
f 1526 425 428
f 422 1528 1529
f 1529 1530 393
f 390 393 1530
f 58 390 1531
f 1149 1064 1143
f 1150 1149 1138
f 1533 1522 1523
f 1522 1533 1535
f 1524 1535 1536
f 1527 1537 1538
f 1528 1539 907
f 907 379 1530
f 1531 1530 379
f 1532 1531 378
f 1144 1143 1064
f 1484 1494 1540
f 1493 1498 1541
f 1543 1544 1545
f 1544 1547 1548
f 1543 1498 1497
f 1503 540 1544
f 1547 1544 540
f 6 1512 1521
f 1 4 1550
f 559 1 1551
f 538 1553 1554
f 1555 1547 539
f 1547 1555 1556
f 918 916 1482
f 917 919 890
f 1541 1498 1543
f 1288 1290 1558
f 1559 1223 1222
f 1247 1249 1560
f 1562 1244 1247
f 1561 1560 1563
f 1300 1298 1562
f 1244 1562 1298
f 942 1566 1567
f 1566 1568 1569
f 1568 1570 1571
f 1403 1054 1053
f 1403 1086 1085
f 1572 1559 1558
f 196 1572 1573
f 1574 1575 1576
f 1573 1558 1578
f 197 1573 1579
f 199 198 1580
f 1582 1583 73
f 1393 1583 1582
f 1584 1053 91
f 1393 1396 1585
f 1396 1398 1586
f 1398 1402 1587
f 1401 1404 1588
f 1402 1401 1589
f 1404 1053 1584
f 1583 1585 74
f 1585 1586 81
f 1586 1587 82
f 1589 1588 80
f 1587 1589 1372
f 1588 1584 79
f 1590 1591 1592
f 1594 1590 1593
f 1596 1594 1595
f 1598 1599 1600
f 1593 1592 1602
f 1595 1593 1603
f 1605 1606 1607
f 1599 1598 1609
f 1611 981 980
f 703 702 1613
f 738 737 1615
f 766 755 1617
f 701 700 1619
f 755 738 1616
f 1621 1608 1607
f 1622 1607 1623
f 1600 1596 1597
f 1598 1625 1626
f 1606 1627 1623
f 1597 1595 1604
f 1625 1598 1601
f 979 121 122
f 1631 1630 1632
f 101 100 1634
f 1632 1630 122
f 1635 122 119
f 1636 1637 1550
f 243 242 1639
f 1640 1641 1642
f 1641 1640 1644
f 905 906 1646
f 1648 1649 1650
f 1652 1653 1645
f 907 1539 1646
f 1649 1538 1537
f 1536 1535 1645
f 1535 1533 1641
f 1641 1533 1534
f 1654 1655 1581
f 1656 1657 1658
f 1660 1661 1662
f 1571 1660 1663
f 1658 1664 1665
f 1666 1667 1668
f 1670 1656 1659
f 1663 1662 1672
f 1569 1663 1673
f 1659 1665 1674
f 1665 1666 1669
f 1669 1668 1675
f 1670 1671 1677
f 1673 1672 1679
f 1567 1673 1680
f 1671 1674 1681
f 1674 1669 1676
f 1682 1683 1676
f 1684 1685 1678
f 1679 1686 1687
f 1687 940 943
f 1688 1684 1677
f 1683 1688 1681
f 1683 1682 1689
f 1685 1684 1691
f 1687 1686 1693
f 940 1687 1694
f 1684 1688 1695
f 1688 1683 1690
f 1696 1697 1698
f 1697 1654 1580
f 1664 1700 1666
f 1700 1701 1667
f 1702 1703 1668
f 1702 1161 1704
f 1703 1705 1675
f 1703 1704 1706
f 1705 1707 1682
f 1285 1707 1705
f 1708 239 238
f 1294 1708 1709
f 1704 1161 1128
f 1706 1704 1276
f 1139 1285 1706
f 1710 1711 1696
f 1161 1702 1712
f 1282 1711 1710
f 1712 1702 1667
f 1707 1713 1689
f 1707 1285 1141
f 1713 1714 1715
f 1713 1141 1144
f 1714 1144 1063
f 1714 1716 1717
f 1716 1718 1719
f 1716 1063 1059
f 1718 1720 1721
f 1718 1059 1062
f 1720 1722 1723
f 1720 1062 1055
f 1695 1690 1724
f 1691 1695 1725
f 1692 1691 1726
f 1694 1693 1728
f 941 1694 1729
f 938 941 1576
f 144 147 34
f 144 33 97
f 123 97 96
f 99 98 96
f 105 104 106
f 950 106 104
f 950 955 958
f 977 951 958
f 110 1731 237
f 113 111 237
f 233 232 115
f 232 213 117
f 212 200 117
f 216 202 205
f 229 228 207
f 207 228 258
f 1732 1577 1576
f 1728 1733 1732
f 1734 1735 1727
f 1736 1734 1726
f 26 1737 1738
f 1737 1739 1740
f 1741 1742 1743
f 1742 1745 7
f 1722 1746 1747
f 1722 1055 1058
f 520 1748 500
f 1749 38 41
f 1751 1752 1749
f 1750 41 59
f 1750 1753 1754
f 1745 1755 8
f 1756 1736 1725
f 23 1738 1757
f 1738 1740 1758
f 1759 1744 1743
f 1743 7 10
f 24 1757 1761
f 1757 1758 1762
f 1759 1760 1763
f 1760 10 382
f 362 1761 1765
f 1761 1762 1766
f 1764 1763 1767
f 1763 382 383
f 1765 1766 1769
f 1771 1768 1767
f 1767 383 905
f 1773 1774 1771
f 1772 905 1647
f 1769 1775 1776
f 1777 1778 1779
f 1778 1781 1782
f 1782 1781 1783
f 1783 1652 1644
f 1780 1779 1785
f 1779 1782 1787
f 1787 1782 1784
f 1784 1644 1640
f 1786 1785 1789
f 1785 1787 1791
f 1792 1791 1787
f 1788 1640 1643
f 1690 1689 1715
f 934 930 931
f 928 929 1777
f 928 1780 1786
f 1790 926 927
f 924 1793 1794
f 741 759 756
f 708 741 739
f 709 708 705
f 660 659 655
f 666 664 663
f 796 1795 1796
f 1797 1795 796
f 1268 1333 1797
f 110 109 976
f 1730 1731 110
f 1799 236 237
f 1731 1730 1800
f 957 1800 1730
f 1793 1801 1802
f 1801 1803 1804
f 1804 1803 1805
f 1805 1807 1808
f 1807 1809 1810
f 1810 1809 1811
f 1811 1813 1814
f 1813 1815 1816
f 1816 1815 1817
f 1818 1817 1819
f 1821 1822 1823
f 1823 1825 1826
f 1827 1828 1829
f 1831 1832 1833
f 1829 1831 1834
f 1833 1832 1835
f 1836 1835 1837
f 1839 1840 1841
f 1843 1844 1845
f 1841 1840 1847
f 1849 1850 1851
f 1853 1854 1855
f 1855 1857 1858
f 1857 1859 1860
f 1845 1844 1861
f 1847 1843 1846
f 1825 1863 1864
f 1865 1866 1867
f 1866 1828 1827
f 1869 1870 1871
f 1870 1865 1868
f 1864 1863 1869
f 170 1873 1874
f 1873 170 979
f 1597 1628 1629
f 673 714 1876
f 631 673 1877
f 632 631 1878
f 602 601 1880
f 171 1874 1570
f 151 171 1568
f 149 151 1566
f 146 149 942
f 147 146 939
f 34 147 938
f 1574 35 34
f 30 29 25
f 37 30 22
f 872 37 21
f 901 872 361
f 932 901 360
f 934 933 932
f 934 904 937
f 904 877 946
f 877 874 876
f 376 876 874
f 388 377 376
f 395 385 377
f 1033 1032 1029
f 1438 1033 1028
f 241 240 1882
f 1875 979 1630
f 1281 1129 1162
f 1711 1282 1162
f 1711 1712 1701
f 1697 1696 1701
f 1654 1697 1700
f 1655 1654 1664
f 1884 1655 1658
f 1885 1886 1661
f 1887 1885 1660
f 1888 1887 1571
f 1874 1889 1888
f 1889 1874 1873
f 1891 1890 1873
f 1891 1875 1631
f 1893 1892 1894
f 1896 1893 1895
f 1898 1899 1896
f 1900 1901 1902
f 1904 1905 1906
f 1904 1907 1908
f 1633 1894 1892
f 1281 1280 1164
f 1164 1280 1910
f 1129 1281 1170
f 1580 198 1579
f 1698 1579 1578
f 1911 1710 1699
f 1283 1710 1911
f 1910 1280 1283
f 1290 1911 1578
f 1611 1913 1914
f 1915 253 981
f 1915 1882 252
f 250 252 1882
f 247 250 240
f 1309 247 239
f 1305 1309 1708
f 1306 1305 1294
f 1303 1306 1293
f 1301 1303 1266
f 1265 1264 1299
f 1264 1263 1297
f 1240 1297 1263
f 1241 1240 1287
f 1272 1237 1916
f 1351 1272 1917
f 1270 1919 1920
f 1175 1271 1920
f 1388 1387 1172
f 1291 1172 1387
f 1291 1390 1165
f 1289 1291 1910
f 1290 1289 1912
f 1166 1165 1390
f 343 342 1924
f 342 358 373
f 963 343 1925
f 1926 1927 1928
f 1930 1926 1929
f 1035 1034 1930
f 1927 978 1431
f 967 966 844
f 1268 1932 1080
f 1080 1932 242
f 787 1639 180
f 787 177 176
f 740 757 743
f 706 740 712
f 707 706 671
f 657 656 626
f 668 628 627
f 180 795 798
f 1932 1933 1639
f 1933 795 180
f 1933 1932 1268
f 795 1933 1798
f 1009 1011 1004
f 999 1004 1003
f 1000 1003 1052
f 892 1052 1443
f 893 1443 1475
f 908 1475 1477
f 1492 1479 910
f 1493 1542 1540
f 911 1478 1481
f 909 911 912
f 894 909 915
f 895 894 884
f 1001 895 887
f 1002 1001 897
f 1010 1002 998
f 1416 1411 1414
f 453 824 1012
f 434 453 1015
f 433 434 1017
f 414 415 1020
f 416 1024 1027
f 395 394 1027
f 1032 385 395
f 384 385 1032
f 384 1031 1035
f 372 1035 1931
f 1924 373 1931
f 1925 1924 1929
f 964 1925 1928
f 964 1431 1419
f 965 1419 1407
f 1410 1407 1406
f 1406 1405 1409
f 1934 1466 1467
f 1469 1468 1936
f 1468 1470 1938
f 1467 1469 1937
f 1939 1937 1936
f 1940 1936 1938
f 1940 1941 1942
f 1939 1940 1943
f 1945 1946 1947
f 1946 1949 1950
f 1946 1945 1951
f 1952 1951 1953
f 1955 1952 1954
f 3 6 1549
f 1007 985 988
f 1010 1008 988
f 365 364 984
f 1959 1958 984
f 994 993 1959
f 1010 994 1960
f 1960 1959 1011
f 1124 1125 1638
f 1366 1367 1181
f 1182 1181 1153
f 1153 1151 1145
f 1150 1146 1145
f 1146 1150 1137
f 1148 1147 1137
f 1148 1136 1131
f 1155 1131 1134
f 1156 1134 1278
f 1157 1279 1278
f 1160 1159 1158
f 1284 1158 1159
f 1167 1163 1166
f 1168 1166 1389
f 1922 1389 1388
f 1177 1176 1171
f 1179 1177 1174
f 1179 1311 1225
f 1224 1347 1345
f 1232 1233 1248
f 1245 1234 1232
f 1239 1234 1245
f 1236 1239 1242
f 1274 1236 1241
f 1274 1292 1216
f 1215 1220 1221
f 1220 1215 1213
f 1212 1210 1209
f 1210 1212 1211
f 1364 1363 1329
f 1328 1331 1330
f 1186 1365 1331
f 1365 1186 1185
f 1343 1185 1342
f 1206 1205 1126
f 1207 1126 1124
f 1171 1176 1923
f 1175 1921 1923
f 1236 1274 1916
f 4 3 1957
f 1961 1962 1963
f 1962 1965 1966
f 1967 1968 1969
f 1971 1969 1968
f 1973 1971 1972
f 1954 1962 1961
f 1953 1965 1962
f 1974 1975 1976
f 1977 1976 1975
f 1944 1943 1947
f 1943 1942 1948
f 1967 1970 1979
f 1981 1980 1979
f 1981 1982 1934
f 1949 1946 1952
f 1981 1935 1937
f 1944 1980 1981
f 1944 1950 1967
f 1968 1967 1950
f 1968 1949 1955
f 1972 1955 1956
f 1975 1974 1956
f 1975 1961 1964
f 1284 1169 1163
f 1367 1366 1983
f 1183 1367 1984
f 1057 1183 1985
f 1058 1057 1986
f 1746 1058 1987
f 1746 1988 1989
f 1749 1752 72
f 38 1749 57
f 39 38 55
f 396 39 54
f 397 396 408
f 443 397 409
f 466 444 443
f 441 468 469
f 455 480 479
f 454 479 500
f 474 500 1748
f 1819 1822 1821
f 1990 1991 259
f 1991 1992 260
f 219 1993 1994
f 1995 1996 223
f 1996 1998 224
f 1998 1999 235
f 1999 2000 157
f 2000 2001 152
f 2001 2002 153
f 2002 2003 159
f 2003 953 866
f 865 158 159
f 2004 2005 1528
f 2005 2006 1539
f 1646 1539 2006
f 1647 1646 2007
f 835 810 813
f 810 809 814
f 809 403 398
f 402 399 398
f 402 414 416
f 414 1023 1024
f 1023 1022 1025
f 1022 1427 1428
f 703 1614 1619
f 662 703 700
f 660 663 662
f 667 663 660
f 667 654 657
f 657 625 628
f 599 604 628
f 599 602 605
f 605 602 1881
f 2010 2011 731
f 2011 2012 692
f 2012 2013 693
f 2014 697 696
f 648 1043 2016
f 2017 2018 649
f 2018 2019 652
f 2020 618 652
f 619 618 2020
f 586 622 2022
f 2023 2024 569
f 570 569 2024
f 2025 2026 531
f 2026 2027 532
f 2027 2028 507
f 2028 2029 508
f 2029 2030 1380
f 487 1380 2030
f 2032 488 487
f 2032 2033 462
f 2033 2034 463
f 466 463 2034
f 2036 444 466
f 421 444 2036
f 2037 2004 422
f 415 401 418
f 1020 415 433
f 1018 1021 1020
f 1018 1425 1426
f 1432 1436 1429
f 922 1436 1432
f 920 922 1435
f 495 920 1456
f 496 495 1465
f 1486 496 1473
f 1499 1486 1490
f 1500 1499 1505
f 1509 1501 1500
f 1502 1501 1509
f 542 537 1502
f 538 537 542
f 1553 538 559
f 701 1620 1615
f 658 701 737
f 709 659 658
f 655 659 709
f 655 704 707
f 626 656 707
f 629 600 626
f 629 632 601
f 601 632 1879
f 730 734 753
f 688 730 751
f 726 689 688
f 722 685 684
f 646 1041 1039
f 647 646 681
f 642 647 680
f 638 615 642
f 616 615 638
f 585 612 636
f 566 585 609
f 567 566 580
f 527 567 583
f 550 528 527
f 513 528 550
f 514 513 524
f 1382 514 523
f 483 1382 1383
f 504 484 483
f 460 484 504
f 461 460 476
f 469 461 475
f 442 469 480
f 427 442 455
f 428 427 438
f 1527 428 437
f 1525 1536 1537
f 1650 1537 1536
f 1651 1650 1653
f 2038 1651 1652
f 1781 2039 2038
f 2040 2039 1781
f 2041 2040 1778
f 2042 2041 1777
f 837 834 2042
f 837 818 811
f 812 811 818
f 400 812 817
f 418 401 400
f 2043 2044 840
f 2044 2045 924
f 2045 2046 1793
f 2046 2047 1801
f 2047 2048 1803
f 1805 1803 2048
f 2049 2050 1807
f 2050 2051 1809
f 1811 1809 2051
f 2052 2053 1813
f 2053 2054 1815
f 1817 1815 2054
f 1819 1817 2055
f 2056 2057 1822
f 1823 1822 2057
f 2058 2059 1825
f 2059 2060 1863
f 1869 1863 2060
f 2061 2062 1870
f 2062 2063 1865
f 2063 2064 1866
f 2064 2065 1828
f 1829 1828 2065
f 2066 2067 1831
f 2067 2068 1832
f 1835 1832 2068
f 2070 1837 1835
f 2071 2072 1840
f 1847 1840 2072
f 2073 2074 1843
f 2074 2075 1844
f 2076 1861 1844
f 1851 1850 2077
f 1855 1854 2079
f 2080 2081 1857
f 2081 2082 1859
f 2083 2084 1976
f 1973 1976 2084
f 2086 1971 1973
f 2086 2087 1969
f 1970 1969 2087
f 1979 1970 2088
f 1982 1979 2089
f 1934 1982 2090
f 2092 1466 1934
f 2093 1457 1466
f 2094 1450 1457
f 2095 1444 1450
f 1424 1423 1444
f 1446 2096 1415
f 2096 2097 1416
f 2098 1411 1416
f 2098 2099 1412
f 828 1412 2099
f 2100 2101 829
f 2101 2043 832
f 1520 1425 1424
f 1519 1520 2095
f 1518 1519 2094
f 1517 1518 2093
f 1516 1517 2092
f 2091 2090 1515
f 1513 1515 2090
f 1514 1513 2089
f 1521 1514 2088
f 1549 1521 2087
f 1957 1549 2086
f 1636 1957 2085
f 2083 1637 1636
f 766 1618 2102
f 758 766 2103
f 2105 759 758
f 756 759 2105
f 756 2106 2107
f 743 757 2107
f 2109 713 743
f 2109 2110 714
f 714 2110 2111
f 769 770 2082
f 760 769 2081
f 2079 761 760
f 2077 763 762
f 745 1037 2076
f 746 745 2075
f 744 746 2074
f 2072 716 744
f 717 716 2072
f 674 715 2070
f 2068 634 674
f 633 634 2068
f 578 633 2067
f 2065 579 578
f 560 579 2065
f 561 560 2064
f 1386 561 2063
f 546 1386 2062
f 2060 545 546
f 519 545 2060
f 520 519 2059
f 2057 1748 520
f 502 1748 2057
f 481 502 2056
f 482 481 2055
f 1523 482 2054
f 1534 1523 2053
f 1642 1534 2052
f 1643 1642 2051
f 1792 1643 2050
f 2048 1791 1792
f 1789 1791 2048
f 1790 1789 2047
f 2045 926 1790
f 2045 2044 839
f 827 839 2044
f 826 827 2043
f 825 826 2101
f 2099 823 825
f 824 823 2099
f 1012 824 2098
f 2096 1013 1012
f 2096 1446 1422
f 1852 1851 1854
f 2079 1854 1851
f 2078 762 761
f 749 761 762
f 748 724 725
f 724 723 726
f 723 684 689
f 687 690 689
f 693 2013 2015
f 694 693 696
f 699 595 588
f 595 594 589
f 136 172 589
f 136 135 173
f 191 186 173
f 191 190 182
f 190 193 183
f 1076 1079 183
f 1076 1075 1096
f 1075 1095 1097
f 1101 1097 1095
f 1102 1101 1107
f 1106 1251 1252
f 1251 1195 1198
f 1195 1194 1199
f 1194 1197 1211
f 1286 1211 1197
f 1344 1342 1205
f 1342 1341 1188
f 1341 1340 1189
f 1340 1339 1114
f 1339 1338 1115
f 1338 1337 1117
f 1337 1336 1091
f 1336 1335 1067
f 1335 1334 1068
f 1068 1334 794
f 794 793 165
f 793 792 139
f 792 791 125
f 791 790 126
f 790 556 557
f 556 555 558
f 555 620 621
f 620 619 622
f 2022 622 619
f 611 613 616
f 636 612 616
f 641 640 637
f 640 677 675
f 677 717 715
f 2070 715 717
f 1839 1837 2070
f 1838 1837 1839
f 1196 1193 1362
f 1193 1192 1361
f 1192 1250 1360
f 1250 1105 1358
f 1105 1104 1359
f 1104 1094 1357
f 1094 1074 1356
f 1074 1073 1355
f 1355 1073 192
f 192 189 1049
f 189 188 1048
f 188 134 1047
f 134 133 1046
f 133 593 1045
f 593 592 1044
f 592 698 1042
f 698 697 1043
f 2016 1043 697
f 1040 686 685
f 1039 1041 685
f 722 721 1038
f 721 747 1036
f 747 763 1037
f 2076 1037 763
f 1850 1861 2076
f 1862 1861 1850
f 1196 1363 1364
f 2112 1197 1196
f 1333 1332 1296
f 1333 1295 1709
f 1795 238 241
f 1795 1797 1709
f 179 178 2114
f 178 181 2116
f 181 798 2117
f 798 797 2118
f 797 1796 2119
f 1796 241 1883
f 2114 2116 2120
f 2117 2122 2120
f 2117 2118 2123
f 2118 2119 2124
f 2119 1883 2125
f 2126 2127 2128
f 2130 2131 2128
f 2130 2132 2133
f 2132 2134 2135
f 2136 2137 2129
f 2131 2138 2136
f 2139 2138 2131
f 2140 2139 2133
f 2141 2142 2124
f 2142 2141 2143
f 2145 2146 2147
f 2147 2146 2140
f 2149 2150 2148
f 2149 2147 2135
f 2121 2120 2127
f 2122 2130 2127
f 2122 2123 2132
f 2123 2124 2134
f 2142 2149 2134
f 2150 2149 2142
f 2114 2121 2151
f 2121 2126 2152
f 2126 2129 2153
f 2154 176 179
f 788 176 2154
f 2155 179 2115
f 2129 2137 2156
f 2157 2154 2155
f 789 2154 2157
f 2158 2155 2151
f 2159 2157 2158
f 598 2157 2159
f 2160 2158 2152
f 2161 2159 2160
f 597 2159 2161
f 2162 2160 2153
f 2163 2164 2165
f 1881 1880 754
f 1880 1879 765
f 1879 1878 770
f 1876 2111 1860
f 1877 1876 1859
f 1878 1877 2082
f 733 2167 2009
f 2168 2164 735
f 2164 2163 2010
f 2009 1881 753
f 2143 2141 1914
f 1915 1914 2141
f 2125 1883 1882
f 2168 736 624
f 2156 2137 2169
f 2168 2161 2162
f 2136 2172 2169
f 2145 2173 2174
f 2175 2140 2146
f 2140 2175 2176
f 2138 2177 2172
f 2139 2176 2177
f 2171 2162 2156
f 2174 2173 2178
f 2175 2174 2179
f 2180 2181 2176
f 2181 2182 2177
f 2177 2182 2183
f 2169 2172 2183
f 2170 2169 2184
f 2171 2170 2185
f 2164 2168 2171
f 2179 2178 2186
f 2180 2179 2187
f 2188 2189 2181
f 2189 2190 2182
f 2182 2190 2191
f 2184 2183 2191
f 2185 2184 2192
f 2165 2185 2193
f 606 605 2009
f 1565 1562 1561
f 1302 1300 1565
f 2194 1565 1564
f 2195 1564 1563
f 1591 2194 2195
f 2195 2196 1602
f 2194 1591 1304
f 1307 1304 1591
f 1308 1307 1590
f 1594 1596 1310
f 1596 1600 248
f 249 248 1600
f 862 2197 860
f 863 862 804
f 1997 863 221
f 1994 1995 1997
f 2198 2199 214
f 2200 2198 217
f 204 2201 2200
f 1902 2202 2203
f 1606 1609 1626
f 1605 1610 1609
f 306 305 2197
f 223 222 863
f 212 211 2199
f 2200 200 212
f 201 200 2200
f 2202 1899 1898
f 251 249 1599
f 254 251 1610
f 980 254 1605
f 1612 980 1608
f 363 1765 1770
f 935 931 1770
f 935 1776 2204
f 935 2205 902
f 2205 2204 2206
f 2205 2207 835
f 2207 2206 2041
f 835 2207 2042
f 2008 2007 1649
f 2006 1538 1649
f 1526 1538 2006
f 2004 425 1526
f 2037 426 425
f 2037 2036 441
f 2036 2035 468
f 2034 458 468
f 2034 2033 459
f 2033 2032 485
f 486 485 2032
f 2031 2030 1381
f 2029 511 1381
f 2029 2028 512
f 2028 2027 529
f 530 529 2027
f 2026 2025 564
f 2024 565 564
f 2023 584 565
f 2022 611 584
f 2021 613 611
f 2020 614 613
f 643 614 2020
f 2018 644 643
f 2018 2017 645
f 2016 1040 645
f 2014 686 1040
f 687 686 2014
f 2013 690 687
f 691 690 2013
f 2012 2011 729
f 2011 2010 733
f 2163 2167 733
f 606 2167 2163
f 603 606 2166
f 627 603 2193
f 669 627 2192
f 2190 666 669
f 2189 664 666
f 665 664 2189
f 702 665 2188
f 1613 702 2187
f 2040 2041 2206
f 2039 2040 2208
f 2038 2039 2209
f 1651 2038 2210
f 1661 1886 1884
f 1662 1661 1657
f 1672 1662 1656
f 1679 1672 1670
f 1685 1686 1679
f 1693 1686 1685
f 1728 1693 1692
f 1735 1733 1728
f 1739 1741 1744
f 1758 1740 1744
f 1762 1758 1759
f 1766 1762 1764
f 1769 1766 1768
f 1771 1774 1775
f 1647 2008 2211
f 2211 2008 1648
f 1773 2211 2212
f 2212 2211 2210
f 2209 2208 2213
f 2213 2208 2206
f 1775 1774 2212
f 1776 1775 2213
f 2214 1754 1753
f 2215 1753 59
f 2216 59 58
f 2217 2216 1532
f 8 2217 799
f 1755 1745 1736
f 1745 1742 1734
f 1742 1741 1735
f 1741 1739 1733
f 1732 1733 1739
f 1737 26 1577
f 1574 1577 26
f 29 35 1574
f 32 35 29
f 94 32 28
f 31 20 95
f 20 19 102
f 19 124 103
f 956 103 124
f 957 956 954
f 953 2003 1800
f 1799 1800 2003
f 2001 236 1799
f 2001 2000 230
f 2000 1999 231
f 1999 1998 210
f 1996 211 210
f 2199 211 1996
f 214 2199 1995
f 1994 1993 215
f 1992 1991 227
f 257 227 1991
f 1756 1724 1715
f 8 1755 2218
f 1717 1719 2219
f 1756 2219 2218
f 1482 1548 1556
f 1545 1548 1482
f 1546 1545 1480
f 1478 1541 1546
f 1542 1541 1478
f 1540 1542 1479
f 1492 1488 1485
f 768 1485 1488
f 451 768 771
f 452 451 491
f 412 452 494
f 413 412 544
f 1439 413 900
f 196 195 1602
f 2196 1563 1572
f 1563 1560 1559
f 1249 1223 1559
f 1224 1223 1249
f 1233 1347 1224
f 1348 1347 1233
f 1349 1348 1227
f 1353 1354 1349
f 1269 1354 1353
f 1351 1270 1269
f 1918 1919 1270
f 1984 1983 1638
f 1985 1984 1125
f 1986 1985 1121
f 1987 1986 1392
f 1988 1987 1394
f 1988 1582 75
f 1989 75 72
f 1747 1989 1752
f 1723 1747 1751
f 1721 1723 1754
f 2217 2218 2215
f 2218 2219 2214
f 2214 2219 1719
f 978 1927 844
f 1927 1926 845
f 1926 1930 1440
f 1930 1034 1441
f 1034 1030 1439
f 2220 2221 2222
f 2222 2224 2225
f 2226 2227 2228
f 2230 2231 2232
f 2234 2235 2233
f 2236 2237 2231
f 2238 2232 2231
f 2240 2241 2242
f 2243 2242 2244
f 2246 2247 2248
f 2239 2231 2237
f 2251 2252 2253
f 2247 2255 2256
f 2257 2258 2259
f 2261 2262 2263
f 2265 2266 2262
f 2265 2267 2268
f 2269 2270 2271
f 2263 2273 2274
f 2275 2276 2273
f 2277 2259 2258
f 2272 2271 2279
f 2281 2272 2280
f 2283 2269 2272
f 2284 2285 2286
f 2284 2287 2288
f 2289 2262 2266
f 2275 2263 2262
f 2289 2288 2290
f 2290 2291 2276
f 2290 2288 2292
f 2293 2294 2291
f 2281 2295 2296
f 2281 2282 2297
f 2298 2299 2296
f 2287 2286 2300
f 2302 2297 2282
f 2303 2304 2305
f 2306 2307 2302
f 2282 2280 2304
f 2279 2308 2304
f 2309 2310 2297
f 2302 2307 2311
f 2304 2308 2312
f 2313 2314 2315
f 2317 2318 2319
f 2321 2322 2323
f 2320 2319 2325
f 2327 2328 2329
f 2331 2332 2328
f 2333 2334 2332
f 2335 2336 2334
f 2337 2338 2339
f 2340 2341 2339
f 2342 2337 2318
f 2316 2315 2322
f 2343 2234 2232
f 2344 2345 2346
f 2348 2349 2350
f 2352 2353 2354
f 2351 2350 2356
f 2358 2359 2345
f 2360 2346 2345
f 2362 2306 2305
f 2361 2305 2312
f 2363 2364 2365
f 2367 2363 2366
f 2369 2367 2368
f 2371 2372 2373
f 2372 2371 2375
f 2377 2378 2374
f 2379 2307 2306
f 2380 2379 2362
f 2381 2382 2379
f 2383 2381 2380
f 2384 2380 2359
f 2357 2356 2385
f 2386 2385 2387
f 2382 2311 2307
f 2288 2287 2301
f 2298 2295 2297
f 2389 2369 2370
f 2362 2361 2345
f 2391 2392 2393
f 2395 2396 2397
f 2399 2400 2396
f 2401 2402 2403
f 2404 2403 2405
f 2355 2354 2402
f 2407 2408 2409
f 2411 2412 2413
f 2411 2415 2416
f 2335 2417 2418
f 2419 2420 2421
f 2423 209 208
f 2425 2426 2427
f 2429 2430 2431
f 2433 2434 2435
f 2437 2438 2439
f 2441 2442 2443
f 2445 2446 2447
f 2376 2375 2449
f 2439 2438 2450
f 2448 2447 2426
f 2451 2452 2446
f 2453 2454 2455
f 2408 2457 2458
f 2394 2393 2400
f 2396 2459 2460
f 2461 2462 2393
f 2400 2393 2462
f 2463 2459 2396
f 2464 2465 2466
f 2468 2469 2467
f 2470 2471 2469
f 2423 2424 2472
f 2443 258 257
f 2474 2475 2476
f 263 264 2475
f 2478 2479 2480
f 2482 2483 2484
f 2481 2482 2485
f 2486 2480 2479
f 2486 2487 2488
f 2490 2491 2492
f 2494 2484 2483
f 2496 2497 2498
f 2499 2498 2494
f 2500 2501 2502
f 2504 2505 2506
f 2508 2506 2505
f 2510 2511 2512
f 2513 2514 2515
f 2516 2517 2518
f 2520 2521 2506
f 2522 2523 2515
f 2524 2525 2523
f 2526 2527 2528
f 2530 2531 2532
f 2533 2534 2535
f 2536 2521 2537
f 2539 2537 2521
f 2534 2540 2541
f 2542 2543 2531
f 2544 2545 2546
f 2540 2548 2549
f 2542 2530 2535
f 2551 2552 2553
f 2555 2553 2552
f 2557 2547 2546
f 2558 2559 2560
f 2548 2561 2562
f 2550 2535 2541
f 2564 2565 2543
f 2542 2550 2566
f 2567 2568 2569
f 2554 2553 2568
f 2571 2568 2553
f 2572 2569 2568
f 2573 2574 2575
f 2561 2577 2578
f 2563 2541 2549
f 2550 2563 2580
f 2579 2549 2562
f 2562 2578 2582
f 2563 2579 2583
f 2579 2581 2584
f 2571 2585 2586
f 2587 2588 2589
f 2591 2592 2593
f 2595 2596 2593
f 2588 2597 2598
f 2599 2600 2601
f 2603 2604 2605
f 2602 2601 2607
f 2605 2609 2610
f 2611 2599 2602
f 2613 2614 2615
f 2617 2618 2619
f 2621 2622 2620
f 2623 2624 2625
f 2627 2628 2616
f 2612 2602 2608
f 2630 2631 2632
f 2634 2635 2636
f 2638 2639 2640
f 2642 2643 2644
f 2617 2644 2643
f 2646 2647 2630
f 2648 2649 2631
f 2650 2651 2652
f 2641 2640 2654
f 2635 2634 2656
f 2658 2659 2660
f 2662 2663 2664
f 2647 2666 2648
f 2667 2668 2653
f 2651 2669 2670
f 2671 2672 2673
f 2675 2676 2677
f 2677 2679 2680
f 2681 2682 2672
f 2683 2684 2685
f 2660 2683 2686
f 2652 2670 2687
f 2688 2689 2690
f 2688 2692 2693
f 2669 2694 2695
f 2696 2697 2698
f 2700 2701 2702
f 2703 2702 2676
f 2674 2673 2699
f 2704 2705 2706
f 2708 2709 2710
f 2689 2693 2712
f 2689 2713 2714
f 2670 2695 2715
f 2716 2717 2718
f 2691 2690 2716
f 2720 2721 2722
f 2724 2725 2726
f 2728 2729 2730
f 2684 2730 2729
f 2713 2732 2733
f 2734 2735 2717
f 2690 2714 2734
f 2736 2737 2738
f 2740 2741 2742
f 2744 2745 2746
f 2747 2746 2721
f 2727 2726 2743
f 2748 2728 2731
f 2750 2751 2752
f 2754 2755 2223
f 2705 2756 2757
f 2663 2623 2626
f 2714 2733 2758
f 2759 2735 2734
f 2737 2760 2761
f 2762 2763 2764
f 2739 2738 2762
f 2766 2767 2768
f 2770 2748 2749
f 2223 2755 2772
f 2760 2773 2774
f 2775 2776 2763
f 2738 2761 2775
f 2777 2778 2779
f 2781 2782 2783
f 2783 2782 2745
f 2741 2740 2778
f 2785 2786 2787
f 2769 2789 2790
f 2791 2776 2775
f 2761 2774 2792
f 2793 2794 2795
f 2764 2763 2795
f 2780 2779 2797
f 2799 2800 2781
f 2801 2802 2803
f 2805 2806 2807
f 2809 2461 2392
f 2804 2803 2392
f 2810 2811 2461
f 2812 2813 2814
f 2816 2817 2818
f 2763 2776 2820
f 2796 2795 2820
f 2793 2796 2822
f 2798 2797 2824
f 2826 2827 2828
f 2830 2831 2832
f 2834 2800 2799
f 2836 2809 2803
f 2837 2810 2809
f 2812 2838 2839
f 2816 2840 2841
f 2842 2843 2844
f 2776 2791 2846
f 2821 2820 2846
f 2796 2821 2848
f 2849 2823 2822
f 2851 2852 2853
f 2855 2856 2829
f 2857 2858 2859
f 2861 2862 2863
f 2865 2866 2830
f 2867 2868 2869
f 2871 2872 2873
f 2875 2876 2877
f 2879 2880 2881
f 2842 2883 2884
f 2885 2842 2845
f 2887 2848 2821
f 2850 2822 2848
f 2854 2853 2889
f 2854 2891 2892
f 2893 2894 2895
f 2897 2898 2899
f 2901 2902 2903
f 2905 2906 2907
f 2909 2910 2911
f 2872 2871 2913
f 2876 2875 2915
f 2917 2918 2919
f 2921 2922 2923
f 2885 2925 2883
f 2926 2885 2886
f 2888 2848 2887
f 2890 2889 2929
f 2890 2931 2891
f 2894 2932 2933
f 2934 2935 2936
f 2938 2939 2940
f 2902 2901 2942
f 2944 2945 2906
f 2943 2942 2946
f 2948 2949 2945
f 2923 2922 2950
f 2952 2917 2920
f 2954 2955 2922
f 2926 2956 2925
f 2957 2931 2890
f 2932 2958 2959
f 2960 2961 2935
f 2962 2963 2939
f 2940 2939 2964
f 2965 2964 2966
f 2922 2955 2968
f 2969 2952 2953
f 2971 2955 2954
f 2973 2963 2962
f 2975 2961 2960
f 2939 2963 2977
f 2964 2977 2978
f 2955 2971 2979
f 2980 2662 2665
f 2963 2973 2982
f 2977 2982 2983
f 2707 2984 2985
f 2986 2987 2988
f 2990 2991 2992
f 2994 2990 2993
f 2995 2996 2997
f 2997 2996 2998
f 2463 3000 3001
f 2463 2462 3002
f 2461 2811 3002
f 2351 3003 3004
f 2357 3005 3003
f 2386 3006 3005
f 2388 3007 3006
f 3008 3009 3010
f 2227 2595 2592
f 3012 2228 2592
f 2277 2603 2606
f 2259 2606 2610
f 2274 2621 2619
f 2264 2619 2618
f 2267 2265 2643
f 2643 2265 2261
f 264 801 3013
f 2475 3013 3014
f 2434 3015 3016
f 2502 2516 2519
f 2496 2501 2500
f 3017 3018 2986
f 3019 3020 3018
f 2576 2575 2241
f 3021 3022 3023
f 3025 3026 3027
f 3021 2614 2613
f 3029 3030 3031
f 3030 3033 3034
f 3030 2631 2649
f 3029 2632 2631
f 2666 3035 3036
f 3037 2649 2648
f 3033 2649 3037
f 3033 3038 3039
f 3040 3041 3042
f 3043 3042 3044
f 3046 3047 3024
f 3048 3049 3032
f 3031 3034 3050
f 3034 3039 3051
f 3045 3044 3052
f 2270 2658 2661
f 2661 2686 2279
f 2685 2308 2279
f 2685 2729 2312
f 2360 2312 2729
f 2748 2346 2360
f 2347 2346 2748
f 2348 3004 2767
f 2766 2790 2349
f 2786 2992 2991
f 2808 2807 2353
f 3054 3055 3056
f 3058 3054 3057
f 3059 3060 3061
f 2757 3062 3054
f 3060 3063 3064
f 3063 3065 3066
f 2581 2582 3067
f 2236 2988 2987
f 3015 3068 3069
f 3068 858 859
f 3070 3016 3069
f 2517 2437 3072
f 2517 2516 2438
f 2502 2450 2438
f 2501 2376 2450
f 2496 2372 2376
f 2499 2373 2372
f 3069 859 864
f 2483 3074 2377
f 2373 2499 2495
f 2512 2482 2481
f 2513 2481 2480
f 2486 2522 2514
f 2489 2524 2522
f 2507 2506 2521
f 2490 2526 2529
f 3075 3074 2512
f 2512 3074 2483
f 3076 3077 3078
f 3079 3078 2989
f 3076 2233 2235
f 3079 2230 2233
f 2236 2230 3079
f 2255 2987 3081
f 3080 3082 3077
f 3027 3083 2600
f 3084 2587 2590
f 3026 3086 3083
f 3087 3088 3089
f 3091 3088 3087
f 3092 3019 3017
f 3088 3077 3082
f 3078 3077 3088
f 3091 3017 2989
f 3093 3094 3095
f 3096 3095 3097
f 3098 3097 891
f 3099 3100 3101
f 3094 3103 3104
f 3095 3104 3105
f 3097 3105 899
f 2756 3106 3062
f 2987 2986 3107
f 3108 3109 3026
f 3109 3110 3086
f 3064 3066 2984
f 3111 3112 2593
f 2594 2593 3112
f 2636 2635 2605
f 2635 2657 2609
f 2620 2622 2679
f 2620 2677 2676
f 2676 2702 2644
f 2702 2701 2645
f 2660 2659 2722
f 3102 3101 3114
f 2721 2746 2683
f 3115 3114 3116
f 2746 2745 2684
f 3118 3119 3120
f 2745 2782 2730
f 3119 3093 3096
f 2731 2730 2782
f 2781 2800 2749
f 3121 3120 3122
f 2771 2749 2800
f 3120 3096 3098
f 2769 2768 2831
f 3123 3122 919
f 2830 2866 2789
f 2863 2862 2785
f 2911 2910 2806
f 2907 2906 2802
f 3124 3125 2709
f 3126 3127 3125
f 2945 2836 2802
f 2837 2836 2945
f 3053 3052 3128
f 3130 3131 3050
f 3132 3133 3049
f 3064 2707 2706
f 2757 3058 3061
f 3048 3050 3131
f 3134 3135 2574
f 2986 3018 3136
f 3018 3020 3137
f 3109 3138 3139
f 3020 3140 3141
f 3142 3143 3144
f 3145 3144 3146
f 3148 2624 2623
f 3125 2663 2662
f 3149 3084 3085
f 3127 2623 2663
f 3140 3149 3150
f 2234 3151 3152
f 3151 3075 2511
f 3153 3154 2326
f 3155 3154 3153
f 3157 3075 3151
f 3158 3151 2234
f 3159 3160 2324
f 3159 3161 3162
f 2544 3163 3164
f 3163 2528 2527
f 3165 3166 2552
f 2538 2537 3166
f 2556 2552 3166
f 3167 3166 2537
f 3167 2539 3168
f 2566 3170 3171
f 3172 3059 3057
f 2580 3172 3170
f 3173 3060 3059
f 2583 3173 3172
f 3174 3063 3060
f 2584 3174 3173
f 3067 3175 3174
f 3174 3175 3065
f 2588 2572 2586
f 2510 3176 3152
f 3176 3080 2235
f 3177 3082 3080
f 3177 3176 2510
f 3082 3177 3178
f 3177 2515 2523
f 3089 3178 3179
f 3178 2523 2525
f 3180 3181 3155
f 3171 3182 2565
f 2247 2237 2236
f 2250 2237 2247
f 2367 2369 2340
f 2363 2367 2338
f 2342 2364 2363
f 2340 2369 2389
f 2251 2314 2313
f 2559 3149 3140
f 2570 2569 2587
f 2588 2587 2569
f 2471 2470 3184
f 2582 3186 3187
f 2578 3188 3186
f 3189 3190 3191
f 989 3193 3194
f 3192 3194 3193
f 3195 3191 3190
f 3105 3197 995
f 3104 3198 3197
f 3103 3199 3198
f 3200 3201 3202
f 3187 3186 3204
f 3197 3206 1005
f 3198 3207 3206
f 3199 3208 3207
f 3209 3210 3201
f 3186 3188 3211
f 1005 3206 3193
f 3189 3193 3206
f 3212 3213 3214
f 3214 3213 3216
f 3217 3216 3218
f 3220 3221 3222
f 3224 3225 3226
f 3225 3228 3229
f 3230 3231 3232
f 3231 3230 3234
f 3236 2933 2959
f 3238 2895 2933
f 3239 2896 2895
f 2860 2859 3240
f 3242 2862 2861
f 3244 2785 2862
f 3245 2786 2785
f 3246 2992 2786
f 3247 2993 2992
f 3248 2995 2993
f 3249 2996 2995
f 3250 2998 2996
f 2932 2931 2957
f 2894 2891 2931
f 2893 2892 2891
f 2856 2855 2858
f 2864 2863 2866
f 2866 2863 2788
f 2787 2790 2789
f 2991 2349 2790
f 2990 2350 2349
f 2356 2350 2990
f 2994 2997 2385
f 2385 2997 2999
f 3187 3251 3175
f 3100 3099 3203
f 3205 3252 3251
f 2491 2489 2488
f 2529 2524 2489
f 2529 2528 2525
f 3163 3179 2525
f 2544 3090 3179
f 3090 2544 2547
f 3092 3087 2547
f 2557 2560 3019
f 2560 3140 3020
f 2559 2570 3084
f 2558 2567 2570
f 2558 2546 2554
f 2545 2551 2554
f 3164 3165 2551
f 3164 2527 2538
f 2526 2536 2538
f 2490 2507 2536
f 2507 2490 2493
f 3253 3254 2310
f 3255 3256 3257
f 3259 3260 3261
f 3263 3259 3262
f 3265 3266 3261
f 3260 3255 3258
f 3267 3268 3269
f 3270 3269 2381
f 3271 3272 2388
f 3273 3274 3275
f 3272 3271 3277
f 3274 3273 2406
f 3279 3280 2398
f 3281 3282 3283
f 3268 3283 3284
f 3283 3285 3286
f 3287 3288 3289
f 3291 3281 3268
f 3278 3277 3292
f 3276 3275 3294
f 3296 3297 3298
f 3300 3301 3302
f 3304 3305 3306
f 3308 3309 3310
f 3311 3310 3312
f 3314 3315 3287
f 3316 3287 3290
f 3269 3284 2382
f 3284 3286 2311
f 3318 3319 3320
f 3322 3323 3318
f 3324 3325 3319
f 3318 3323 3326
f 3327 3328 3329
f 3331 3332 3333
f 3335 3336 3337
f 3334 3333 3339
f 3341 3342 3343
f 3343 3336 3335
f 3349 3350 3351
f 3266 3353 3351
f 3327 3359 3360
f 3329 3361 3362
f 3363 3364 3365
f 3366 3369 3370
f 3371 3372 3373
f 3375 3376 3377
f 3377 3376 3379
f 3350 3262 3261
f 3381 3353 3266
f 3258 3257 3383
f 3264 3262 3350
f 3384 3385 3386
f 3388 3323 3322
f 3390 3391 3385
f 3392 3393 3394
f 3395 3394 3396
f 3398 3399 3400
f 3400 3399 3402
f 3313 3312 3391
f 3322 3321 3404
f 3389 3322 3315
f 3405 3326 3323
f 3401 3400 3411
f 3400 3403 3413
f 3414 3415 3416
f 3418 3419 3415
f 3422 3423 3424
f 3426 3427 3428
f 3430 3431 3379
f 3432 3433 3429
f 3434 3435 3432
f 3436 3437 3438
f 3440 3441 3442
f 3444 3445 3446
f 3446 3448 3449
f 3286 3253 2309
f 3315 3404 3288
f 3307 3306 3450
f 3452 3453 3399
f 3301 3454 3455
f 3456 3457 3458
f 3460 3454 3301
f 3461 3462 3457
f 3458 3463 3464
f 3459 3458 3419
f 3457 3465 3463
f 3466 3465 3457
f 3298 3297 3467
f 3402 3399 3453
f 3302 3301 3453
f 3451 3450 3393
f 3469 3430 3470
f 3470 3430 3376
f 3439 3438 3472
f 3475 3434 3428
f 3280 3279 3297
f 3335 3334 3340
f 3338 3331 3334
f 3333 3476 3477
f 3332 3478 3476
f 3480 3481 3482
f 3360 3370 3369
f 3476 3327 3330
f 3478 3359 3327
f 3340 3485 3341
f 3487 3415 3419
f 3488 3489 3490
f 3374 3373 3490
f 3492 3416 3415
f 3493 3494 3495
f 3434 3475 3472
f 3438 3437 3435
f 3444 3442 3441
f 3497 3498 3441
f 3499 3500 3498
f 3501 3502 3500
f 3503 3504 3502
f 3505 3506 3507
f 2465 2464 3509
f 3488 3511 3423
f 3511 3488 3373
f 3510 3509 3506
f 3512 3513 2999
f 3514 3515 3513
f 3515 3514 3516
f 3518 3519 3520
f 3520 3519 3522
f 3524 3525 3523
f 3524 3526 3527
f 3527 3526 3528
f 3403 3414 3417
f 3402 3418 3414
f 3455 3459 3418
f 3454 3456 3459
f 3461 3456 3454
f 3467 3532 3533
f 3272 3534 3007
f 3278 3535 3534
f 3293 3536 3535
f 3311 3537 3538
f 3313 3539 3537
f 3390 3540 3539
f 3384 3541 3540
f 3387 3542 3541
f 3380 3379 3545
f 3545 3547 3548
f 3545 3549 3550
f 3379 3431 3549
f 3473 3472 3551
f 3475 3553 3551
f 3431 3430 3469
f 3555 3512 2998
f 3556 3514 3512
f 3557 3516 3514
f 3558 3519 3518
f 3560 3522 3519
f 3561 3524 3522
f 3562 3526 3524
f 3563 3528 3526
f 3513 3271 2387
f 3515 3277 3271
f 3277 3515 3517
f 3521 3520 3310
f 3310 3520 3523
f 3525 3391 3312
f 3527 3385 3391
f 3385 3527 3529
f 3567 3381 3265
f 3290 3289 3282
f 3317 3290 3281
f 3308 3538 3536
f 3293 3292 3309
f 3517 3521 3309
f 3516 3518 3521
f 3559 3518 3516
f 3295 3294 3305
f 3298 3300 3303
f 3460 3300 3298
f 3533 3461 3460
f 3533 3494 3462
f 3493 3466 3462
f 3508 3507 3504
f 3282 3568 3285
f 3289 3569 3568
f 3321 3320 3570
f 3404 3570 3571
f 3288 3571 3569
f 3572 2300 2286
f 2286 2285 3574
f 2285 2268 3575
f 2268 2267 3576
f 2267 2642 3577
f 2642 2645 3578
f 3578 2645 2701
f 2701 2700 3580
f 2697 2696 3581
f 2718 2717 3583
f 2717 2735 3585
f 2735 2759 3586
f 3587 3588 3589
f 3320 3319 3591
f 2284 2266 2268
f 3591 3593 3594
f 3592 3594 3595
f 3592 3596 3570
f 3596 3595 3597
f 3596 3598 3571
f 3585 3586 2773
f 2737 3583 3585
f 2736 3584 3583
f 3582 3581 2725
f 2723 2722 3579
f 3579 2722 2659
f 2658 3577 3578
f 2270 3576 3577
f 2269 3575 3576
f 3574 3575 2269
f 2283 2296 3573
f 3573 2296 2299
f 3569 3571 3598
f 3569 3599 3600
f 3599 3601 3602
f 3598 3597 3601
f 3600 3603 3285
f 3600 3602 3604
f 3553 3475 3427
f 3431 3554 3550
f 3028 3027 2599
f 3605 2532 2531
f 2531 2543 3607
f 3608 2508 2509
f 2508 3608 3610
f 3611 3612 3613
f 3615 3616 3617
f 3607 2543 2565
f 2520 3610 3168
f 3620 3621 3616
f 3215 3214 3622
f 3214 3217 3624
f 3217 3219 3625
f 3223 3222 3626
f 3227 3226 3628
f 3229 3630 3628
f 3182 3631 3619
f 3632 3633 3634
f 3636 3148 3127
f 3635 3626 3629
f 3637 3627 3626
f 2624 3638 3639
f 3628 3630 3148
f 3062 3640 3055
f 3106 3641 3640
f 3630 3638 2624
f 3231 3639 3638
f 3613 3041 3040
f 3251 3642 3065
f 3252 3643 3642
f 3644 3645 3623
f 3646 3647 3648
f 3620 3648 3649
f 3650 3651 3645
f 3647 3652 3653
f 3648 3653 3654
f 3633 3655 3656
f 3657 3658 3651
f 3652 3659 3660
f 3653 3660 3661
f 3662 3637 3635
f 3663 3662 3634
f 3655 3664 3665
f 3666 3667 3658
f 3659 3668 3669
f 3660 3669 3670
f 3671 3663 3656
f 3664 3672 3673
f 3642 3674 3066
f 3643 3675 3674
f 3674 3676 2984
f 3675 3677 3676
f 3678 3679 3117
f 3680 3681 3118
f 3121 3123 3682
f 2709 2662 2980
f 3683 3671 3665
f 3684 2980 2981
f 2711 2710 3686
f 2984 3676 3688
f 3684 3686 2710
f 3672 3689 3690
f 3690 3691 3683
f 3677 3692 3688
f 3693 3694 3695
f 3694 3693 3697
f 3699 3695 3694
f 3700 3694 3698
f 3702 3703 2751
f 3704 3705 3706
f 3708 3705 3704
f 3705 3710 3711
f 3710 3705 3708
f 3696 3695 3686
f 3687 3686 3695
f 3707 3706 3690
f 3706 3711 3691
f 3710 3713 3714
f 3711 3714 3715
f 3716 3683 3691
f 3683 3716 3717
f 3671 3717 3718
f 3663 3718 3719
f 3662 3719 3720
f 3637 3720 3625
f 3712 3721 3713
f 3659 3658 3667
f 3652 3651 3658
f 3647 3645 3651
f 3646 3623 3645
f 2225 2224 3712
f 3709 2754 2225
f 3701 3698 3703
f 3722 3723 2694
f 2651 3724 3722
f 2650 3725 3724
f 3726 3727 2639
f 2637 2636 3728
f 3728 2636 2604
f 2603 3731 3730
f 2277 3732 3731
f 3349 3336 3343
f 3352 3337 3336
f 3733 3734 3723
f 3722 3724 3735
f 3724 3725 3736
f 3727 3726 3737
f 3729 3728 3113
f 3113 3728 3730
f 3731 2591 2594
f 3732 3012 2591
f 3342 3263 3264
f 3696 3684 3685
f 3697 3693 3741
f 3743 3744 3745
f 3747 3743 3746
f 3744 3703 3698
f 3703 3744 3743
f 3747 2752 2751
f 2224 3749 3721
f 2220 1551 1550
f 2772 1552 1551
f 2753 2752 1554
f 1555 1554 2752
f 1556 1555 3747
f 918 1557 3682
f 3122 3098 890
f 3745 3744 3697
f 3489 3488 3422
f 3751 3750 3422
f 3446 3752 3753
f 3445 3754 3752
f 3752 3755 3756
f 3500 3757 3754
f 3445 3441 3498
f 3147 3146 3758
f 3759 3758 3760
f 3761 3760 3762
f 3603 3604 3254
f 3603 3253 3286
f 3764 3765 3750
f 2413 2412 3765
f 3766 3767 3768
f 3765 3770 3771
f 2412 2416 3770
f 2415 3772 3773
f 3774 3775 2294
f 3594 3593 3775
f 3254 3776 2298
f 3594 3774 3777
f 3595 3777 3778
f 3597 3778 3779
f 3602 3780 3781
f 3601 3779 3780
f 3604 3781 3776
f 3777 3774 2293
f 3778 3777 2292
f 3779 3778 2301
f 3781 3780 3572
f 3780 3779 2300
f 3776 3781 2299
f 3782 3783 3784
f 3783 3786 3787
f 3786 3788 3789
f 3790 3791 3792
f 3784 3794 3795
f 3787 3796 3794
f 3797 3798 3799
f 3791 3790 3801
f 1611 1612 3185
f 2915 1614 1613
f 2950 1616 1615
f 2979 1618 1617
f 2913 1620 1619
f 2968 1617 1616
f 3799 1621 1622
f 1622 1624 3803
f 3788 3793 3792
f 3804 3791 3802
f 3806 3797 3800
f 3789 3807 3796
f 3791 3804 3808
f 3183 3809 2341
f 3810 3811 3812
f 2318 2339 3813
f 3812 3814 2341
f 3814 3813 2339
f 3815 2221 1550
f 2459 3001 3817
f 3818 3819 3820
f 3821 3822 3823
f 3111 3824 3825
f 3826 3827 3828
f 3830 3823 3822
f 3113 3112 3825
f 3829 3828 3738
f 3736 3831 3822
f 3735 3822 3821
f 3821 3820 3734
f 3832 3773 3772
f 3834 3835 3836
f 3838 3839 3840
f 3762 3760 3839
f 3836 3835 3842
f 3844 3845 3846
f 3848 3849 3835
f 3839 3850 3851
f 3760 3758 3850
f 3835 3849 3852
f 3842 3852 3845
f 3845 3853 3854
f 3848 3855 3856
f 3850 3857 3858
f 3758 3146 3857
f 3849 3856 3859
f 3852 3859 3853
f 3860 3854 3853
f 3862 3856 3855
f 3858 3857 3864
f 3864 3857 3146
f 3866 3859 3856
f 3861 3853 3859
f 3861 3867 3868
f 3863 3869 3870
f 3864 3871 3872
f 3144 3143 3871
f 3862 3870 3873
f 3866 3873 3867
f 3874 3875 3876
f 3877 3876 3773
f 3843 3842 3844
f 3878 3844 3847
f 3880 3881 3847
f 3881 3880 3882
f 3883 3880 3846
f 3880 3883 3884
f 3885 3883 3854
f 3485 3884 3883
f 3886 3887 2454
f 3496 3495 3887
f 3882 3477 3330
f 3884 3339 3477
f 3340 3339 3884
f 3888 3889 3875
f 3362 3361 3890
f 3482 3481 3889
f 3881 3890 3879
f 3891 3885 3860
f 3885 3891 3341
f 3892 3891 3868
f 3891 3892 3342
f 3892 3894 3263
f 3894 3892 3893
f 3896 3894 3895
f 3894 3896 3259
f 3898 3896 3897
f 3896 3898 3260
f 3900 3898 3899
f 3898 3900 3255
f 3873 3902 3903
f 3870 3904 3902
f 3869 3905 3904
f 3871 3906 3907
f 3143 3768 3906
f 3142 3769 3768
f 2251 2254 2365
f 2364 2342 2314
f 2342 2317 2315
f 2320 2322 2315
f 2322 2320 2326
f 3154 3159 2323
f 3154 3155 3161
f 3181 3908 3161
f 2329 2328 2452
f 2332 2446 2452
f 2446 2332 2334
f 2447 2334 2336
f 2427 2426 2336
f 2420 2431 2430
f 2442 2472 2424
f 2424 208 258
f 3910 3906 3768
f 3907 3906 3910
f 3912 3904 3905
f 3914 3902 3904
f 2244 2242 3915
f 3916 3915 3917
f 3919 3920 3921
f 3922 3921 2226
f 3924 3900 3901
f 3900 3924 3256
f 2732 2713 2712
f 3927 3928 2258
f 3929 3928 3927
f 3928 3931 2278
f 3928 3929 3932
f 3923 2226 2229
f 3934 3903 3902
f 2242 2241 3935
f 3915 3935 3936
f 3937 3938 3921
f 3921 3938 2227
f 2241 2575 3939
f 3935 3939 3940
f 3937 3941 3942
f 3938 3942 2595
f 2575 2574 3943
f 3939 3943 3944
f 3941 3945 3946
f 3942 3946 2596
f 3943 3947 3948
f 3949 3950 3946
f 3946 3950 3111
f 3951 3950 3949
f 3950 3951 3824
f 3948 3947 3953
f 3955 3956 3957
f 3958 3957 3959
f 3959 3961 3962
f 3962 3961 3823
f 3956 3963 3964
f 3957 3964 3965
f 3965 3966 3961
f 3961 3966 3818
f 3963 3967 3968
f 3964 3968 3969
f 3970 3966 3965
f 3966 3970 3819
f 3867 3903 3893
f 3139 3138 3135
f 3132 3956 3955
f 3132 3131 3963
f 3967 3963 3131
f 3129 3128 3971
f 2954 2952 2969
f 2921 2917 2952
f 2924 2918 2917
f 2873 2868 2867
f 2880 2879 2878
f 3973 3008 3011
f 3975 3976 3008
f 3467 3976 3975
f 2329 3181 3180
f 3908 3181 2329
f 3977 3909 2452
f 3909 3977 3978
f 3162 3161 3908
f 3972 3971 3979
f 3980 3979 3981
f 3981 3983 3984
f 3984 3983 3985
f 3986 3985 3987
f 3987 3989 3990
f 3990 3989 3991
f 3992 3991 3993
f 3993 3995 3996
f 3995 3997 3998
f 3999 4000 4001
f 4001 4000 4003
f 4005 4006 4007
f 4009 4010 4011
f 4007 4006 4010
f 4011 4013 4014
f 4013 4015 4016
f 4017 4018 4019
f 4021 4022 4023
f 4019 4025 4026
f 4027 4028 4029
f 4031 4032 4033
f 4033 4032 4035
f 4036 4035 4037
f 4023 4039 4040
f 4026 4025 4022
f 4004 4003 4041
f 4043 4044 4045
f 4046 4045 4005
f 4047 4048 4049
f 4050 4049 4044
f 4041 4048 4047
f 4051 2389 2390
f 4051 4053 3183
f 3789 3792 3808
f 2927 2886 4054
f 2886 2845 4056
f 2845 2844 4057
f 2815 2814 4058
f 2390 3761 3763
f 2370 3759 3761
f 2368 3147 3759
f 2366 3145 3147
f 2365 3142 3145
f 2254 3769 3142
f 3766 3769 2254
f 2248 2243 2245
f 2256 2240 2243
f 3081 2576 2240
f 3107 2573 2576
f 3136 3134 2573
f 3139 3134 3136
f 3139 3137 3141
f 3110 3141 3150
f 3086 3150 3085
f 2590 2600 3083
f 2601 2600 2590
f 2607 2601 2589
f 3232 3229 3228
f 3638 3630 3229
f 2456 2455 4060
f 4053 3810 3809
f 3483 3482 3361
f 3888 3890 3361
f 3890 3888 3874
f 3877 3878 3879
f 3832 3843 3878
f 3833 3836 3843
f 4062 3837 3836
f 4063 3838 3841
f 4065 3762 3838
f 4066 3763 3762
f 4052 3763 4066
f 4051 4052 4067
f 4069 4053 4051
f 4069 4070 3810
f 4071 4072 4070
f 4074 4075 4071
f 4076 4075 4074
f 4078 4079 4080
f 4082 4083 4084
f 4082 1909 1908
f 3811 3810 4070
f 3483 3369 3366
f 3366 3365 4086
f 3329 3328 3369
f 3773 3876 3770
f 3876 3875 3771
f 3889 4087 3771
f 3481 4088 4087
f 4086 4088 3481
f 4087 3489 3750
f 1611 3184 4089
f 2470 4090 4089
f 4090 2470 2468
f 2456 4061 2468
f 2453 2456 2466
f 3510 3886 2453
f 3505 3496 3886
f 3508 3493 3496
f 3503 3466 3493
f 3501 3465 3466
f 3465 3501 3499
f 3463 3499 3497
f 3440 3487 3464
f 3443 3492 3487
f 3473 4091 4092
f 3552 4093 4091
f 3471 3470 4094
f 3375 4096 4094
f 3590 3371 3374
f 3491 3588 3587
f 3491 4086 3365
f 3490 4088 4086
f 3489 4087 4088
f 3364 3589 3588
f 2556 4099 4100
f 2555 4100 2585
f 3167 3169 4099
f 4101 4102 4103
f 4105 4106 4102
f 3234 4106 4105
f 4104 4103 3631
f 3170 3057 3056
f 3467 3297 3279
f 4107 3279 2397
f 3001 2408 2407
f 3001 3000 2457
f 2953 2925 2956
f 2920 2883 2925
f 2919 2884 2883
f 2869 2839 2838
f 2882 2881 2841
f 3009 2407 2410
f 4108 4107 2460
f 3009 4108 3817
f 4108 3976 3467
f 3009 3008 3976
f 3209 3200 3204
f 3200 3203 3205
f 3203 3099 3252
f 3099 3102 3643
f 3102 3115 3675
f 3115 3117 3677
f 3692 3677 3117
f 3696 3740 3741
f 3116 3118 3681
f 3114 3119 3118
f 3101 3093 3119
f 3100 3094 3093
f 3202 3103 3094
f 3201 3199 3103
f 3210 3208 3199
f 3618 3617 3612
f 2666 3213 3212
f 2647 3216 3213
f 2646 3218 3216
f 2627 3221 3220
f 2629 2608 3225
f 2607 3228 3225
f 3233 3228 2607
f 3230 3233 2598
f 2597 2586 3234
f 2586 2585 4106
f 4100 4102 4106
f 4099 4103 4102
f 3169 3631 4103
f 3169 3168 3619
f 3168 3610 3607
f 3610 3608 3606
f 3606 3608 3609
f 4109 4110 3667
f 3668 4111 4112
f 3669 4112 4113
f 3667 4110 4111
f 4114 4115 4112
f 4115 4116 4113
f 4115 4117 4118
f 4114 4119 4117
f 4120 4121 4122
f 4123 4122 4124
f 4123 4126 4127
f 4126 4128 4129
f 4130 4131 4128
f 2222 4132 3749
f 3207 3208 3190
f 3210 3196 3190
f 2577 4133 3188
f 4134 3211 3188
f 3196 4135 4134
f 3210 3209 4135
f 4135 3209 3211
f 3324 3408 3816
f 3566 3382 3381
f 3382 3354 3353
f 3353 3354 3345
f 3352 3351 3345
f 3346 3347 3337
f 3348 3338 3337
f 3348 3356 3331
f 3356 3355 3332
f 3355 3479 3478
f 3357 3359 3478
f 3359 3357 3358
f 3484 3370 3360
f 3368 3367 3364
f 3367 4097 3589
f 4097 4098 3590
f 3377 3372 3371
f 3380 3511 3372
f 3511 3380 3546
f 3424 3423 3546
f 3432 3447 3449
f 3435 3444 3447
f 3437 3442 3444
f 3436 3443 3442
f 3474 3492 3443
f 3474 3421 3416
f 3417 3416 3421
f 3420 3409 3413
f 3411 3413 3409
f 3410 3486 3412
f 3564 3530 3528
f 3529 3528 3530
f 3386 3529 3531
f 3565 3544 3387
f 3544 3543 3542
f 3407 3406 3326
f 3406 3408 3324
f 3371 3590 4098
f 3375 3378 4098
f 3436 3439 4092
f 2221 3815 4132
f 4136 1964 1963
f 4137 1963 1966
f 4139 4140 4141
f 4143 4144 4142
f 4145 4146 4144
f 4128 4131 4136
f 4129 4128 4137
f 4146 4145 4147
f 1977 1978 4148
f 4119 4124 4122
f 4117 4122 4121
f 4139 4149 4150
f 4151 4152 4150
f 4151 4110 4109
f 4125 4130 4126
f 4151 4114 4111
f 4119 4114 4151
f 4119 4149 4139
f 4142 4125 4124
f 4142 4144 4130
f 4144 4146 4131
f 4148 4136 4131
f 4148 1978 1964
f 3484 3368 3363
f 3567 4154 4153
f 3383 4155 4154
f 3257 4156 4155
f 3256 4157 4156
f 3924 4158 4157
f 4158 3924 3925
f 3927 2276 2291
f 2257 2273 2276
f 2260 2274 2273
f 2610 2621 2274
f 2609 2622 2621
f 2657 2679 2622
f 2680 2679 2657
f 2655 2654 2682
f 2668 2667 2693
f 2667 2687 2712
f 2687 2715 3926
f 3998 3997 3999
f 1990 263 2474
f 4160 2474 2477
f 4162 2433 2436
f 4164 4165 2440
f 4166 2440 2439
f 4167 2439 2449
f 4168 2449 2375
f 4169 2375 2371
f 4170 2371 2374
f 4171 2374 2378
f 4172 2378 3075
f 3074 3075 2378
f 4173 2637 3729
f 4174 3729 3739
f 3825 4176 4175
f 3824 4177 4176
f 3047 3108 3025
f 3024 3025 3028
f 3021 3028 2611
f 2615 2614 2611
f 2615 2612 2629
f 2627 2629 3224
f 3221 3224 3227
f 3222 3227 3629
f 2915 2914 1619
f 2872 2914 2915
f 2873 2872 2875
f 2879 2868 2873
f 2868 2879 2882
f 2869 2882 2840
f 2813 2839 2840
f 2816 2819 2814
f 2814 2819 4178
f 4179 2948 2944
f 4180 2944 2905
f 4181 2905 2908
f 4183 4184 2909
f 2861 4185 4186
f 4185 2861 2864
f 4187 2864 2865
f 4189 4188 2865
f 2832 4190 4189
f 2799 4191 4192
f 4191 2799 2784
f 2783 4194 4193
f 4194 2783 2744
f 4195 2744 2747
f 4196 2747 2720
f 4197 2720 2723
f 4198 2723 3580
f 2700 4200 4199
f 4201 4200 2700
f 4201 2703 2675
f 4202 2675 2678
f 2680 4204 4203
f 4205 4204 2680
f 2634 4206 4205
f 4206 2634 2637
f 2628 2646 2633
f 3220 3218 2646
f 3219 3218 3220
f 3219 3223 3627
f 3632 3629 3628
f 3126 3633 3632
f 3124 3655 3633
f 2708 3664 3655
f 2711 3672 3664
f 3687 3689 3672
f 3699 3707 3689
f 3700 3704 3707
f 3709 3704 3700
f 3702 2754 3709
f 2755 2754 3702
f 2753 2772 2755
f 1553 1552 2772
f 2913 2951 1615
f 2923 2951 2913
f 2924 2923 2871
f 2867 2918 2924
f 2918 2867 2870
f 2838 2884 2919
f 2843 2884 2838
f 2812 2815 2844
f 2844 2815 4059
f 2942 2965 2967
f 2901 2940 2965
f 2941 2940 2901
f 2937 2936 2897
f 2859 2896 3239
f 2858 2893 2896
f 2855 2892 2893
f 2851 2892 2855
f 2827 2852 2851
f 2797 2823 2849
f 2779 2793 2823
f 2778 2794 2793
f 2740 2764 2794
f 2765 2764 2740
f 2726 2739 2765
f 2725 2736 2739
f 3581 3584 2736
f 2696 2718 3584
f 2719 2718 2696
f 2673 2691 2719
f 2672 2688 2691
f 2682 2692 2688
f 2654 2668 2692
f 2640 2653 2668
f 2639 2650 2653
f 3727 3725 2650
f 3725 3727 3738
f 3828 3831 3736
f 3827 3830 3831
f 4207 3962 3830
f 3960 3962 4207
f 4209 3958 3960
f 4210 3955 3958
f 4211 3133 3955
f 3049 3133 4211
f 3049 3046 3023
f 3022 3029 3032
f 2613 2632 3029
f 2633 2632 2613
f 4212 3045 3053
f 4213 3053 3129
f 4214 3129 3972
f 4215 3972 3980
f 4216 3980 3982
f 3984 4218 4217
f 4218 3984 3986
f 4219 3986 3988
f 3990 4221 4220
f 4221 3990 3992
f 4222 3992 3994
f 3996 4224 4223
f 3998 4225 4224
f 4225 3998 4002
f 4001 4227 4226
f 4227 4001 4004
f 4228 4004 4042
f 4047 4230 4229
f 4230 4047 4050
f 4231 4050 4043
f 4232 4043 4046
f 4233 4046 4008
f 4007 4235 4234
f 4235 4007 4009
f 4236 4009 4012
f 4014 4238 4237
f 4239 4238 4014
f 4240 4017 4020
f 4026 4242 4241
f 4242 4026 4021
f 4243 4021 4024
f 4245 4244 4024
f 4029 4246 4247
f 4033 4248 4249
f 4248 4033 4036
f 4250 4036 4038
f 2083 1977 4147
f 4145 4253 4252
f 4254 4253 4145
f 4254 4143 4141
f 4140 4256 4255
f 4150 4257 4256
f 4152 4258 4257
f 4109 4259 4258
f 4260 4259 4109
f 4261 4260 3666
f 4262 4261 3657
f 4263 4262 3650
f 3624 4263 3644
f 3646 3620 3615
f 4264 3615 3618
f 4266 4265 3618
f 4266 3611 3614
f 3040 4268 4267
f 4268 3040 3043
f 4269 3043 3045
f 3720 4263 3624
f 3719 4262 4263
f 3718 4261 4262
f 3717 4260 4261
f 3716 4259 4260
f 4259 3716 3715
f 3714 4257 4258
f 3713 4256 4257
f 3721 4255 4256
f 3749 4254 4255
f 4132 4253 4254
f 3815 4252 4253
f 2083 4252 3815
f 2979 4270 2102
f 4271 4270 2979
f 4272 4271 2971
f 2969 4273 4272
f 4273 2969 2970
f 2956 4275 4274
f 4276 4275 2956
f 2926 2927 4277
f 4277 2927 4055
f 2982 4250 4251
f 2973 4248 4250
f 4249 4248 2973
f 4247 4246 2975
f 2959 4244 4245
f 2958 4243 4244
f 2957 4242 4243
f 4241 4242 2957
f 2929 4240 4241
f 2887 4238 4239
f 4237 4238 2887
f 2846 4236 4237
f 2791 4235 4236
f 4234 4235 2791
f 2774 4233 4234
f 2773 4232 4233
f 3586 4231 4232
f 2759 4230 4231
f 4229 4230 2759
f 2733 4228 4229
f 2732 4227 4228
f 4226 4227 2732
f 2715 4225 4226
f 2695 4224 4225
f 2694 4223 4224
f 3723 4222 4223
f 3734 4221 4222
f 3820 4220 4221
f 3819 4219 4220
f 3970 4218 4219
f 4217 4218 3970
f 3968 4216 4217
f 3967 4215 4216
f 4214 4215 3967
f 4214 3130 3051
f 3039 4212 4213
f 3038 4269 4212
f 3037 4268 4269
f 4267 4268 3037
f 3035 4266 4267
f 3212 4265 4266
f 4264 4265 3212
f 4264 3215 3623
f 4028 4031 4034
f 4249 4246 4029
f 4246 4249 2974
f 2962 2961 2975
f 2961 2962 2938
f 2935 2938 2941
f 2936 2941 2904
f 2898 2897 2904
f 2908 2909 4184
f 2907 2910 2909
f 2910 2907 2801
f 2806 2801 2804
f 2353 2807 2804
f 2353 2391 2394
f 2402 2354 2394
f 2402 2399 2395
f 2403 2395 2398
f 3280 3274 2405
f 3274 3280 3296
f 3275 3296 3299
f 3303 3305 3294
f 3302 3306 3305
f 3306 3302 3452
f 3450 3452 3398
f 3393 3398 3401
f 3394 3401 3412
f 3486 4279 3396
f 3543 3407 3405
f 3542 3405 3388
f 3541 3388 3389
f 3540 3389 3314
f 3539 3314 3316
f 3537 3316 3317
f 3538 3317 3291
f 3536 3291 3267
f 3535 3267 3270
f 3534 3270 2383
f 3007 2383 2384
f 3006 2384 2358
f 3005 2358 2344
f 3003 2344 2347
f 3004 2347 2770
f 2767 2770 2771
f 2768 2771 2834
f 2831 2834 2835
f 4192 4190 2832
f 2825 2824 2827
f 2849 2852 2827
f 2852 2849 2850
f 2853 2850 2888
f 2889 2888 2928
f 4239 4240 2929
f 4017 4240 4239
f 4015 4018 4017
f 3397 3563 3562
f 3395 3562 3561
f 3392 3561 3560
f 3451 3560 3558
f 3307 3558 3559
f 3304 3559 3557
f 3295 3557 3556
f 3276 3556 3555
f 3273 3555 3250
f 2406 3250 3249
f 2404 3249 3248
f 2401 3248 3247
f 2355 3247 3246
f 2352 3246 3245
f 2808 3245 3244
f 2805 3244 3242
f 2911 3242 3243
f 4186 4183 2912
f 3241 3240 2900
f 3239 2937 2900
f 2937 3239 3238
f 2934 3238 3236
f 2960 3236 3237
f 4245 4247 2976
f 4030 4247 4245
f 4039 4027 4030
f 3397 4280 3564
f 4279 4280 3397
f 3532 3495 3494
f 3532 3975 3887
f 2455 2454 3973
f 3973 2454 3887
f 2409 2458 4281
f 2410 2409 4282
f 3010 2410 4283
f 3011 3010 4284
f 3974 3011 4285
f 2455 3974 4286
f 4282 4287 4288
f 4289 4284 4283
f 4284 4289 4290
f 4285 4290 4291
f 4286 4291 4292
f 4293 4294 4295
f 4297 4298 4296
f 4298 4297 4299
f 4300 4299 4301
f 4303 4295 4294
f 4305 4297 4295
f 4306 4299 4297
f 4307 4301 4299
f 4308 4309 4292
f 4308 2144 2143
f 2145 2148 4310
f 4311 4310 4301
f 4312 4310 2148
f 4310 4312 4302
f 4287 4293 4296
f 4298 4289 4288
f 4289 4298 4300
f 4290 4300 4302
f 4312 4308 4291
f 2150 2144 4308
f 4282 4281 4313
f 4287 4313 4314
f 4293 4314 4315
f 2458 2457 4316
f 3000 3002 4316
f 4281 2458 4317
f 4294 4315 4318
f 4317 4316 4319
f 3002 2811 4319
f 4313 4317 4320
f 4320 4319 4321
f 2811 2810 4321
f 4314 4320 4322
f 4322 4321 4323
f 2810 2837 4323
f 4315 4322 4324
f 4058 2967 2966
f 4059 2966 2978
f 4057 2978 2983
f 4055 4038 4037
f 4054 4251 4038
f 4056 2983 4251
f 2947 2946 4178
f 4326 2949 2948
f 4327 2948 4179
f 4178 2946 2967
f 2143 1913 4089
f 4292 4309 4089
f 4292 4090 4061
f 4326 4323 2837
f 4318 4329 4330
f 4331 4324 4323
f 4303 4304 4330
f 2145 4311 4333
f 4311 4307 4334
f 4307 4306 4335
f 4336 4305 4303
f 4306 4305 4336
f 4318 4324 4331
f 4333 4337 2178
f 4337 4333 4334
f 4338 4334 4335
f 4339 4335 4336
f 4340 4336 4332
f 4330 4342 4341
f 4329 4343 4342
f 4343 4329 4331
f 4337 4345 2186
f 4345 4337 4338
f 4346 4338 4339
f 4347 4339 4340
f 4348 4340 4341
f 4342 4350 4349
f 4343 4351 4350
f 4351 4343 4344
f 4344 4331 4326
f 2819 2818 4325
f 4352 4344 4327
f 3754 3757 3755
f 3502 4353 3757
f 3757 4353 4354
f 4354 4355 3756
f 4353 3782 3785
f 4354 3785 3795
f 4353 3502 3504
f 3507 3783 3782
f 3506 3786 3783
f 3786 3506 3509
f 3788 3509 2464
f 3073 3016 3070
f 3072 2435 3016
f 4165 2436 2435
f 4163 2436 4165
f 4357 2430 2429
f 4359 2421 2430
f 2422 2421 4359
f 4081 4080 4361
f 3797 3806 3805
f 3801 3798 3797
f 2517 3073 4356
f 2440 4165 3072
f 2427 4357 4358
f 4359 4357 2427
f 2417 4360 4359
f 4362 4361 4076
f 3790 3793 2464
f 3801 3790 2467
f 2471 3798 3801
f 3799 3798 2471
f 1612 1621 3799
f 2574 3135 3947
f 3138 3953 3947
f 3138 4363 4364
f 3138 3109 3108
f 4363 4365 4366
f 4363 3108 3047
f 4365 4211 4210
f 3047 3046 4211
f 4177 3826 3829
f 4175 4176 3829
f 3726 4174 4175
f 4173 4174 3726
f 4206 4173 2638
f 4206 2641 2655
f 4205 2655 2681
f 4203 4204 2681
f 4203 2671 2674
f 4202 2674 2698
f 2697 4200 4201
f 4200 2697 3582
f 4198 4199 3582
f 4198 2724 2727
f 4197 2727 2742
f 2741 4195 4196
f 4195 2741 2777
f 4193 4194 2777
f 4191 4193 2780
f 4192 4191 2798
f 4190 4192 2825
f 4189 4190 2826
f 2856 4188 4189
f 4187 4188 2856
f 4187 2857 2860
f 4186 4185 2860
f 4183 4186 3241
f 2898 4184 4183
f 4182 4184 2898
f 2902 4181 4182
f 4181 2902 2943
f 4180 2943 2947
f 4328 4179 2947
f 4352 4328 4325
f 4351 4352 2818
f 2841 4350 4351
f 2881 4349 4350
f 2880 4348 4349
f 4347 4348 2880
f 2876 4346 4347
f 4345 4346 2876
f 1613 2186 4345
f 4209 4367 4366
f 4208 4368 4367
f 4207 4369 4368
f 3827 3826 4369
f 3841 3837 4062
f 3840 3834 3837
f 3851 3848 3834
f 3858 3855 3848
f 3863 3855 3858
f 3872 3869 3863
f 3907 3905 3869
f 3913 3905 3907
f 3918 3917 3920
f 3936 3937 3920
f 3940 3941 3937
f 3944 3945 3941
f 3948 3949 3945
f 3949 3948 3954
f 3824 3951 4370
f 4370 4369 3826
f 3951 3952 4371
f 4371 4368 4369
f 4368 4371 4372
f 4372 4364 4366
f 3954 4372 4371
f 3953 4364 4372
f 4373 4374 3931
f 4374 4375 2278
f 4375 3732 2277
f 4376 3012 3732
f 2229 2228 3012
f 3933 3934 3914
f 3923 3914 3912
f 3922 3912 3913
f 3919 3913 3911
f 3910 3916 3918
f 3916 3910 3767
f 3766 2245 2244
f 2249 2245 3766
f 2246 2249 2253
f 2313 2250 2246
f 2250 2313 2316
f 2239 2316 2321
f 2238 2321 2324
f 3160 3158 2343
f 3162 3157 3158
f 3157 3162 3978
f 3977 4171 4172
f 4170 4171 3977
f 4170 2451 2445
f 4169 2445 2448
f 4168 2448 2425
f 4166 4167 2425
f 4358 4164 4166
f 2429 4163 4164
f 4163 2429 2432
f 4161 2441 2444
f 257 1990 4160
f 3934 3895 3893
f 2229 4376 4377
f 3895 3934 4378
f 3934 3933 4377
f 3682 1557 1556
f 3746 3680 3682
f 3745 3681 3680
f 3678 3681 3745
f 3741 3679 3678
f 3740 3692 3679
f 3692 3740 3685
f 2981 2985 3688
f 2665 2704 2985
f 2664 2705 2704
f 2626 2756 2705
f 2625 3106 2756
f 3639 3641 3106
f 2413 4355 3795
f 4355 2413 3764
f 3756 3764 3751
f 3448 3753 3751
f 3424 3449 3448
f 3433 3449 3424
f 3547 3429 3433
f 3550 3426 3429
f 3554 3553 3426
f 3469 3551 3553
f 3552 3551 3469
f 4093 3552 3471
f 4154 3325 3816
f 4155 3319 3325
f 4156 3591 3319
f 4157 3593 3591
f 4158 3775 3593
f 3775 4158 4159
f 4159 3930 2291
f 3925 3929 3930
f 3901 3932 3929
f 3899 4373 3932
f 4376 4375 4374
f 4377 4374 4373
f 4373 3899 3897
f 3182 3171 3056
f 4104 3056 3055
f 4101 3055 3640
f 4105 3640 3641
f 3235 3641 3639
f 1602 195 4379
f 2414 3795 3794
f 195 194 4381
f 2411 2414 4380
f 194 199 4383
f 2415 2411 4382
f 199 1581 4385
f 3772 2415 4384
f 4385 1581 1655
f 3772 4386 4062
f 1604 1603 4379
f 3794 3796 4388
f 4387 4379 4381
f 4380 4388 4390
f 4389 4381 4383
f 4382 4390 4392
f 4391 4383 4385
f 4384 4392 4394
f 4393 4385 1884
f 4386 4394 4064
f 1887 1888 4395
f 1886 1885 4397
f 1885 1887 4396
f 1888 1889 4398
f 4398 1889 1890
f 4400 4068 4067
f 4066 4065 4402
f 4063 4064 4394
f 4065 4063 4404
f 4067 4066 4403
f 4396 4395 4405
f 4403 4402 4407
f 4393 4397 4409
f 4397 4396 4406
f 4404 4394 4392
f 4402 4404 4410
f 4406 4405 4411
f 4408 4407 4413
f 4391 4409 4415
f 4409 4406 4412
f 4410 4392 4390
f 4407 4410 4416
f 4412 4411 4417
f 4414 4413 4419
f 4389 4415 4421
f 4415 4412 4418
f 4416 4390 4388
f 4413 4416 4422
f 4418 4417 1625
f 4420 4419 3808
f 4387 4421 1628
f 4421 4418 1629
f 4422 4388 3796
f 4419 4422 3807
f 4395 4398 4423
f 4401 4403 4408
f 4405 4423 4425
f 4424 4408 4414
f 4411 4425 4427
f 4426 4414 4420
f 4417 4427 4429
f 4428 4420 3804
f 4423 4398 4399
f 4432 4400 4401
f 4432 4424 4426
f 4423 4431 4434
f 4435 4429 4427
f 4430 4437 4438
f 4436 4427 4425
f 4428 4438 4433
f 2202 1902 4439
f 4081 4362 4441
f 1899 2202 4440
f 4362 4077 4444
f 4441 4444 4433
f 4442 4441 4438
f 4440 4439 4435
f 4443 4440 4436
f 4077 4074 4445
f 1896 1899 4443
f 1893 1896 4446
f 4074 4073 4448
f 1892 1893 4447
f 4073 4070 4069
f 4447 4446 4431
f 4445 4448 4400
f 4444 4445 4432
f 4446 4443 4434
f 1891 4447 4399
f 4448 4069 4068
f 4449 4450 4451
f 4450 4453 4454
f 4455 4449 4452
f 4453 4457 4458
f 4454 4458 3806
f 4451 4454 3803
f 4452 4451 1624
f 4456 4452 1623
f 1627 1626 4459
f 3805 3806 4458
f 4459 1626 1625
f 4430 3804 3805
f 4430 4460 4461
f 4459 4429 4435
f 4463 4464 4449
f 4464 4465 4450
f 4465 4466 4453
f 4466 4467 4457
f 1905 1904 4464
f 1904 1909 4465
f 1909 4082 4466
f 4082 4085 4467
f 4463 4455 4462
f 4457 4467 4469
f 4455 4456 4459
f 4458 4457 4461
f 4085 4084 4079
f 2473 2472 2420
f 2472 2442 2431
f 2432 2431 2442
f 4162 2432 2441
f 4161 2477 2433
f 2477 2476 2434
f 2476 3014 3015
f 3013 3068 3015
f 3013 801 858
f 800 856 858
f 800 802 803
f 261 218 803
f 260 219 218
f 1992 1993 219
f 215 1993 1992
f 216 215 226
f 256 202 216
f 255 203 202
f 1905 1901 1900
f 4463 4468 1901
f 4469 4467 4085
f 1902 1901 4468
f 4078 4081 4442
f 4439 4468 4462
f 4469 4442 4437
f 4470 109 108
f 100 107 4472
f 4474 4475 4476
f 4478 4479 4474
f 4480 4474 4477
f 4482 4483 4484
f 4486 4487 4488
f 4490 4486 4489
f 4484 4483 4492
f 4494 4495 4496
f 4498 4499 4500
f 4502 4494 4497
f 4504 4505 4506
f 4508 4509 4510
f 4500 4512 4513
f 116 201 4514
f 204 4516 4517
f 4519 4520 4521
f 4523 4524 4518
f 4525 4519 4522
f 4520 4527 4528
f 4521 4529 4530
f 4528 4531 4529
f 203 4532 4516
f 4515 4533 4534
f 4536 4535 4534
f 4538 4539 4536
f 4540 4541 4539
f 4540 4542 4543
f 4544 4545 4546
f 4545 4548 4511
f 4548 4549 4508
f 4550 4526 4522
f 4505 4551 4552
f 4553 4554 4555
f 4543 4542 4557
f 4559 4490 4491
f 4510 4560 4546
f 4560 4561 4547
f 4500 4499 4562
f 4500 4563 4564
f 4505 4504 4565
f 4505 4566 4567
f 4568 4554 4553
f 4570 4571 4554
f 206 4572 4573
f 4572 206 209
f 4554 4571 4575
f 4576 949 952
f 4472 107 949
f 4578 4579 4580
f 4582 4583 4578
f 4584 4585 4586
f 4588 4589 4585
f 4590 4591 4592
f 4594 4590 4593
f 4596 4597 4598
f 4597 4600 4601
f 976 4602 4577
f 4603 4583 4582
f 4605 4594 4595
f 4587 4586 4607
f 4609 4596 4599
f 4611 4584 4587
f 4587 4608 4613
f 4588 4584 4611
f 4515 4514 4615
f 4543 4558 4487
f 4541 4543 4486
f 4539 4541 4490
f 4536 4539 4559
f 112 4559 4471
f 4535 4536 112
f 4515 4535 114
f 4616 4617 4618
f 4524 4523 4620
f 4622 4525 4526
f 4534 4533 4624
f 4537 4534 4625
f 4538 4537 4626
f 4540 4538 4627
f 4542 4540 4628
f 4544 4547 4630
f 4557 4542 4629
f 4547 4561 4633
f 4533 4615 4634
f 4550 4635 4623
f 4636 4480 4481
f 4627 4626 4638
f 4625 4624 4640
f 4626 4625 4641
f 4642 4636 4637
f 4619 4618 4644
f 4632 4629 4646
f 4648 4649 4644
f 4646 4629 4628
f 4650 4628 4627
f 4621 4620 4651
f 4653 4622 4623
f 4631 4630 4655
f 4630 4633 4657
f 4623 4635 4658
f 4624 4634 4659
f 4660 4653 4654
f 4641 4640 4662
f 4638 4641 4663
f 4652 4651 4665
f 4640 4659 4667
f 4668 4642 4643
f 4645 4644 4670
f 4647 4646 4672
f 4649 4674 4670
f 4656 4655 4675
f 4655 4657 4677
f 4654 4658 4678
f 4679 4668 4669
f 4662 4667 4681
f 4673 4672 4683
f 4674 4685 4686
f 4670 4686 4687
f 4682 4681 4688
f 4683 4690 4691
f 4684 4683 4692
f 4685 4694 4695
f 4687 4686 4695
f 4697 4679 4680
f 4699 4697 4698
f 4696 4695 4701
f 4693 4692 4703
f 4691 4705 4703
f 4694 4706 4701
f 4688 4707 4708
f 4702 4701 4709
f 4706 4711 4709
f 4712 4699 4700
f 4704 4703 4714
f 4703 4705 4716
f 4707 4717 4718
f 4710 4709 4719
f 4715 4714 4721
f 4714 4716 4723
f 4717 4724 4725
f 4726 4712 4713
f 4711 4728 4719
f 4724 4729 4730
f 4721 4723 4731
f 4722 4721 4732
f 4728 4734 4735
f 4720 4719 4735
f 4737 4726 4727
f 4639 4638 4664
f 4650 4639 4739
f 4646 4650 4740
f 4672 4740 4690
f 4663 4662 4682
f 4664 4663 4741
f 4739 4664 4742
f 4740 4739 4743
f 4691 4690 4743
f 4705 4691 4744
f 4716 4705 4745
f 4723 4716 4746
f 4731 4723 4747
f 4749 4748 4747
f 4750 4747 4746
f 4751 4746 4745
f 4752 4745 4744
f 4743 4742 4753
f 4754 4749 4750
f 4755 4750 4751
f 4756 4751 4752
f 4757 4752 4753
f 4758 4753 4742
f 4758 4741 4682
f 4757 4758 4689
f 4756 4757 4708
f 4755 4756 4718
f 4754 4755 4725
f 4759 1895 1894
f 1897 4761 4762
f 1907 4763 4764
f 4765 4763 1907
f 4766 4767 1900
f 4582 4594 4605
f 4581 4590 4594
f 4591 4590 4581
f 4759 4761 1897
f 1894 1633 4768
f 1633 1632 4769
f 100 4473 4770
f 4769 1632 1635
f 4771 1635 1634
f 4473 4772 4773
f 4473 4472 4774
f 4771 4770 4773
f 4769 4771 4775
f 4768 4769 4776
f 4760 4768 4777
f 4774 4472 4576
f 4779 4576 4577
f 4780 4577 4602
f 4782 4470 4471
f 4783 4782 4491
f 4775 4773 4784
f 4772 4786 4784
f 4772 4774 4787
f 4787 4774 4779
f 4788 4779 4780
f 4789 4780 4781
f 4776 4775 4785
f 4777 4776 4791
f 4778 4777 4792
f 4593 4793 4794
f 4593 4592 4792
f 4606 4595 4794
f 4793 4796 4797
f 4793 4792 4791
f 4795 4794 4797
f 4799 4783 4489
f 4800 4789 4790
f 4802 4788 4789
f 4787 4788 4802
f 4558 4557 4803
f 4804 4803 4617
f 4487 4558 4804
f 4806 4804 4805
f 4488 4487 4806
f 4808 4806 4807
f 4799 4488 4808
f 4800 4801 4811
f 4802 4800 4812
f 4786 4802 4813
f 4810 4808 4809
f 4812 4811 4815
f 4785 4784 4813
f 4796 4791 4785
f 4812 4816 4817
f 4796 4817 4816
f 4797 4816 4815
f 4818 4819 4820
f 4820 4822 4823
f 4822 4824 4825
f 4824 4814 4809
f 4823 4825 4826
f 4825 4809 4807
f 4475 4482 4485
f 4509 4502 4503
f 4512 4564 4565
f 4512 4504 4507
f 4827 4826 4828
f 4826 4807 4805
f 4823 4827 4476
f 4827 4829 4477
f 4484 4493 4818
f 4821 4823 4485
f 4499 4498 4830
f 4562 4499 4831
f 4496 4495 4833
f 4492 4835 4836
f 4493 4492 4837
f 4818 4493 4838
f 4648 4618 4617
f 4617 4616 4828
f 4839 4840 4616
f 4841 4839 4619
f 4842 4841 4645
f 4843 4842 4671
f 4844 4843 4687
f 4845 4844 4696
f 4846 4845 4702
f 4847 4846 4710
f 4848 4847 4720
f 4616 4840 4829
f 4637 4481 4840
f 4643 4637 4839
f 4669 4643 4841
f 4680 4669 4842
f 4698 4680 4843
f 4700 4698 4844
f 4713 4700 4845
f 4727 4713 4846
f 4738 4727 4847
f 4840 4481 4477
f 4632 4647 4649
f 4685 4674 4673
f 4694 4685 4684
f 4706 4694 4693
f 4711 4706 4704
f 4728 4711 4715
f 4734 4728 4722
f 4557 4632 4648
f 4730 4729 4849
f 4848 4736 4851
f 4738 4848 4852
f 4854 4737 4738
f 4735 4734 4851
f 4732 4731 4855
f 4749 4754 4857
f 4732 4856 4858
f 4851 4734 4733
f 4855 4731 4748
f 4754 4730 4850
f 4852 4851 4858
f 4853 4852 4859
f 4861 4854 4853
f 4859 4858 4856
f 4860 4859 4862
f 4860 4863 4864
f 4857 4850 4863
f 4862 4856 4855
f 4863 4850 4849
f 4830 4613 4608
f 4832 4831 4608
f 4834 4833 4609
f 4837 4836 4865
f 4838 4837 4603
f 4819 4838 4604
f 4820 4819 4605
f 4606 4795 4822
f 4795 4798 4824
f 4798 4815 4814
f 4810 4814 4815
f 4801 4799 4810
f 4790 4783 4799
f 4781 4782 4783
f 4602 4470 4782
f 4602 976 109
f 4866 4676 4675
f 4661 4678 4868
f 4870 4660 4661
f 4665 4871 4872
f 4869 4868 4873
f 4875 4870 4869
f 4872 4871 4876
f 4675 4677 4878
f 4867 4878 4879
f 4880 4879 4881
f 4882 4881 4883
f 4885 4866 4867
f 4886 4885 4880
f 4874 4873 4887
f 4889 4875 4874
f 4877 4876 4890
f 4886 4882 4884
f 4888 4887 4893
f 4895 4889 4888
f 4891 4890 4896
f 4884 4883 4898
f 4892 4884 4899
f 4894 4893 4901
f 4903 4895 4894
f 4897 4896 4904
f 4899 4898 4906
f 4905 4904 4908
f 4910 4903 4902
f 4902 4901 4912
f 4913 4900 4899
f 4913 4907 4906
f 4911 4912 4915
f 4904 4903 4910
f 4896 4895 4903
f 4890 4889 4895
f 4876 4875 4889
f 4871 4870 4875
f 4665 4660 4870
f 4651 4653 4660
f 4620 4622 4653
f 4523 4525 4622
f 4523 4517 4519
f 4517 4516 4520
f 4516 4532 4527
f 4573 4572 4571
f 4571 4572 4574
f 4910 4911 4916
f 4909 4908 4910
f 4913 4914 4915
f 4900 4913 4912
f 4892 4900 4901
f 4886 4892 4893
f 4885 4886 4887
f 4866 4885 4873
f 4676 4866 4868
f 4656 4676 4678
f 4631 4656 4658
f 4544 4631 4635
f 4545 4544 4550
f 4548 4545 4530
f 4531 4549 4548
f 4551 4567 4569
f 4552 4551 4553
f 4649 4647 4673
f 4592 4591 4918
f 4580 4919 4918
f 4919 4580 4579
f 4600 4921 4922
f 4588 4923 4924
f 4923 4588 4614
f 4778 4918 4759
f 4918 4919 4761
f 4920 4762 4761
f 4922 4921 4767
f 4924 4923 4763
f 4763 4923 4925
f 204 4518 4926
f 4927 4926 4518
f 4928 4927 4524
f 4929 4928 4621
f 4930 4929 4652
f 4931 4930 4666
f 4932 4931 4872
f 4933 4932 4877
f 4934 4933 4891
f 4897 4905 4935
f 4936 4935 4905
f 4909 4917 4937
f 4917 4916 4938
f 4916 4915 4939
f 4914 4940 4939
f 4906 4941 4940
f 4898 4942 4941
f 4883 4943 4942
f 4881 4944 4943
f 4879 4945 4944
f 4878 4946 4945
f 4677 4947 4946
f 4657 4948 4947
f 4633 4949 4948
f 4478 4949 4633
f 4561 4560 4479
f 4560 4510 4950
f 4503 4951 4950
f 4497 4952 4951
f 4952 4497 4496
f 4836 4835 4496
f 4865 4836 4834
f 4599 4953 4865
f 4598 4954 4953
f 4601 4955 4954
f 4601 4922 4956
f 4957 4956 4922
f 2203 4957 4766
f 4514 201 2201
f 4615 4514 4926
f 4634 4615 4927
f 4659 4634 4928
f 4667 4659 4929
f 4681 4667 4930
f 4688 4681 4931
f 4707 4688 4932
f 4717 4707 4933
f 4724 4717 4934
f 4729 4724 4935
f 4849 4729 4936
f 4938 4864 4849
f 4939 4861 4864
f 4940 4854 4861
f 4941 4737 4854
f 4942 4726 4737
f 4943 4712 4726
f 4944 4699 4712
f 4945 4697 4699
f 4946 4679 4697
f 4947 4668 4679
f 4948 4642 4668
f 4949 4636 4642
f 4478 4480 4636
f 4475 4474 4479
f 4951 4482 4475
f 4483 4482 4951
f 4492 4483 4952
f 4953 4583 4603
f 4954 4578 4583
f 4579 4578 4954
f 4920 4579 4955
f 4957 4762 4920
f 1898 4762 4957
f 4958 4959 2327
f 2319 4960 4961
f 4962 4963 4964
f 4966 4967 4962
f 4967 4969 4963
f 4970 4971 4972
f 4974 4975 4976
f 4978 4979 4975
f 4973 4972 4980
f 4982 4983 4984
f 4986 4498 4501
f 4984 4988 4989
f 4990 4507 4506
f 4992 4993 4994
f 4987 4501 4513
f 2335 4997 4998
f 2422 4999 5000
f 5002 5003 5004
f 5006 5000 4999
f 5008 5009 5003
f 5005 5004 5010
f 5004 5003 5012
f 5014 5010 5004
f 5015 2419 2422
f 4997 5016 5017
f 5019 5020 5017
f 5021 5020 5019
f 5023 5021 5022
f 5023 5024 5025
f 5027 5028 5029
f 5030 5029 4994
f 5031 4994 4993
f 5033 5012 5003
f 4991 4506 4552
f 5035 4556 4555
f 5025 5037 5038
f 5039 4959 4979
f 4995 4994 5029
f 5040 5029 5028
f 5042 5043 4986
f 4987 4996 5044
f 4991 5045 5046
f 4991 5034 5047
f 5048 5049 5035
f 5050 5048 5036
f 2423 2473 5052
f 5053 4574 209
f 5036 4555 4575
f 5054 5055 3156
f 4961 5054 3153
f 5056 5057 5058
f 5060 5057 5056
f 5062 5063 5064
f 5066 5062 5065
f 5068 5069 5070
f 5069 5072 5073
f 5074 5075 5076
f 5078 5074 5077
f 3180 3156 5055
f 5081 5082 5060
f 5073 5072 5083
f 5063 5085 5086
f 5075 5087 5088
f 4611 4612 5063
f 5063 4612 4613
f 5066 4614 4611
f 4997 5018 5089
f 5025 4974 4977
f 5024 4978 4974
f 5022 5039 4978
f 5019 2331 5039
f 2331 2327 4959
f 5016 2333 2331
f 4997 2335 2333
f 5090 5091 5092
f 5007 5094 5095
f 5096 5097 5009
f 5017 5098 5099
f 5020 5100 5098
f 5021 5101 5100
f 5023 5102 5101
f 5026 5103 5102
f 5027 5104 5105
f 5038 5106 5103
f 5028 5105 5107
f 5018 5099 5108
f 5033 5009 5097
f 5110 5111 4969
f 5101 5112 5113
f 5098 5114 5115
f 5100 5113 5114
f 5116 5117 5111
f 5091 5118 5119
f 5106 5120 5121
f 5122 5092 5119
f 5121 5124 5102
f 5124 5112 5101
f 5094 5125 5126
f 5127 5128 5097
f 5104 5129 5130
f 5105 5130 5131
f 5097 5128 5132
f 5099 5115 5133
f 5134 5135 5128
f 5114 5136 5137
f 5113 5138 5136
f 5125 5139 5140
f 5115 5137 5141
f 5142 5143 5117
f 5118 5144 5145
f 5120 5146 5147
f 5123 5119 5145
f 5129 5149 5150
f 5130 5150 5151
f 5128 5135 5152
f 5153 5154 5143
f 5137 5155 5156
f 5146 5157 5158
f 5148 5145 5159
f 5145 5144 5161
f 5155 5162 5163
f 5158 5164 5165
f 5157 5167 5164
f 5160 5159 5168
f 5161 5170 5168
f 5171 5172 5154
f 5173 5174 5172
f 5170 5175 5176
f 5167 5177 5178
f 5165 5164 5178
f 5169 5168 5176
f 5163 5162 5181
f 5175 5183 5184
f 5180 5176 5184
f 5186 5187 5174
f 5177 5188 5189
f 5178 5189 5190
f 5182 5181 5191
f 5183 5193 5194
f 5188 5195 5196
f 5189 5196 5197
f 5192 5191 5198
f 5200 5201 5187
f 5185 5184 5194
f 5199 5198 5203
f 5196 5205 5206
f 5195 5207 5205
f 5202 5194 5208
f 5193 5210 5208
f 5211 5212 5201
f 5112 5213 5138
f 5124 5214 5213
f 5121 5147 5214
f 5147 5158 5166
f 5136 5215 5155
f 5138 5216 5215
f 5213 5217 5216
f 5214 5166 5217
f 5165 5218 5217
f 5179 5219 5218
f 5190 5220 5219
f 5197 5221 5220
f 5206 5222 5221
f 5223 5224 5221
f 5224 5225 5220
f 5225 5226 5219
f 5226 5227 5218
f 5217 5218 5227
f 5228 5229 5224
f 5229 5230 5225
f 5230 5231 5226
f 5231 5232 5227
f 5232 5215 5216
f 5232 5162 5155
f 5231 5181 5162
f 5230 5191 5181
f 5229 5198 5191
f 5228 5203 5198
f 4071 5233 5234
f 4075 4076 5235
f 4083 1908 4764
f 5238 4084 4083
f 5239 4080 4079
f 5060 5082 5083
f 5057 5060 5072
f 5068 5058 5057
f 5233 4071 4075
f 4072 5234 5241
f 3811 5241 5242
f 2319 3813 5243
f 5242 5244 3814
f 5244 5243 3813
f 4960 5243 5245
f 4960 5246 5247
f 5244 5248 5245
f 5242 5249 5248
f 5241 5250 5249
f 5234 5251 5250
f 5247 5252 5054
f 5252 5253 5055
f 5253 5254 5080
f 5255 4979 4959
f 5256 4975 4979
f 5248 5257 5258
f 5246 5245 5258
f 5246 5259 5260
f 5260 5261 5252
f 5261 5262 5253
f 5262 5263 5254
f 5249 5264 5257
f 5250 5265 5264
f 5251 5071 5265
f 5070 5073 5266
f 5070 5267 5265
f 5084 5268 5266
f 5267 5266 5269
f 5267 5270 5264
f 5268 5271 5269
f 5272 4976 4975
f 5273 5274 5263
f 5275 5273 5262
f 5260 5259 5275
f 5037 5276 5277
f 5276 5278 5093
f 4977 5279 5276
f 5279 5280 5278
f 4976 5281 5279
f 5281 5282 5280
f 5272 5283 5281
f 5273 5284 5285
f 5275 5286 5284
f 5259 5258 5286
f 5283 5287 5282
f 5284 5288 5289
f 5257 5290 5286
f 5270 5290 5257
f 5284 5286 5290
f 5270 5269 5288
f 5269 5271 5289
f 5291 5292 5293
f 5294 5293 5295
f 5296 5295 5297
f 5298 5297 5282
f 5295 5299 5300
f 5297 5300 5280
f 4965 4964 4971
f 4988 4992 4995
f 4996 4990 5046
f 4996 4513 4507
f 5299 5301 5302
f 5300 5302 5278
f 5295 4971 4964
f 5299 4964 4963
f 5293 5292 4980
f 5293 4972 4971
f 4986 5303 4830
f 5043 5304 5303
f 4982 5305 5306
f 4981 5307 5308
f 4980 5310 5307
f 5292 5291 5310
f 5122 5277 5093
f 5093 5278 5302
f 5311 5091 5090
f 5313 5118 5091
f 5314 5144 5118
f 5315 5161 5144
f 5316 5170 5161
f 5317 5175 5170
f 5318 5183 5175
f 5319 5193 5183
f 5320 5210 5193
f 5090 5302 5301
f 5111 5311 5312
f 5117 5313 5311
f 5143 5314 5313
f 5154 5315 5314
f 5172 5316 5315
f 5174 5317 5316
f 5187 5318 5317
f 5201 5319 5318
f 5212 5320 5319
f 5312 5301 4963
f 5106 5122 5123
f 5160 5157 5146
f 5169 5167 5157
f 5180 5177 5167
f 5185 5188 5177
f 5202 5195 5188
f 5209 5207 5195
f 5038 5277 5122
f 5203 5321 5322
f 5320 5323 5324
f 5212 5325 5323
f 5326 5325 5212
f 5208 5210 5324
f 5205 5327 5328
f 5223 5328 5329
f 5205 5207 5330
f 5324 5330 5207
f 5328 5223 5222
f 5228 5329 5321
f 5323 5331 5330
f 5325 5332 5331
f 5333 5332 5325
f 5331 5334 5327
f 5332 5335 5334
f 5332 5333 5336
f 5329 5334 5335
f 5334 5329 5328
f 5335 5336 5322
f 4830 5303 5085
f 5304 5086 5085
f 5305 5088 5087
f 5307 5081 5337
f 5310 5082 5081
f 5291 5083 5082
f 5084 5083 5291
f 5084 5294 5296
f 5268 5296 5298
f 5271 5298 5287
f 5283 5285 5289
f 5274 5285 5283
f 5263 5274 5272
f 5254 5263 5256
f 5080 5254 5255
f 5080 4958 2330
f 5338 5339 5150
f 5135 5340 5341
f 5342 5340 5135
f 5140 5139 5343
f 5340 5345 5346
f 5347 5345 5340
f 5343 5348 5349
f 5150 5339 5350
f 5339 5351 5352
f 5351 5353 5354
f 5353 5355 5356
f 5357 5351 5339
f 5358 5353 5351
f 5345 5359 5360
f 5361 5359 5345
f 5348 5362 5363
f 5358 5364 5355
f 5359 5365 5366
f 5367 5365 5359
f 5362 5368 5369
f 5355 5370 5371
f 5364 5372 5370
f 5365 5373 5374
f 5375 5373 5365
f 5368 5376 5377
f 5370 5378 5379
f 5376 5380 5381
f 5382 5383 5373
f 5373 5383 5384
f 5385 5378 5370
f 5385 5386 5379
f 5383 5387 5388
f 5377 5381 5382
f 5369 5377 5375
f 5363 5369 5367
f 5349 5363 5361
f 5344 5349 5347
f 5140 5344 5342
f 5126 5140 5134
f 5095 5126 5127
f 5006 5095 5096
f 5006 5008 5002
f 5000 5002 5005
f 5001 5005 5011
f 5052 5050 5051
f 5051 4575 4574
f 5382 5389 5387
f 5380 5389 5382
f 5385 5384 5388
f 5372 5374 5384
f 5364 5366 5374
f 5358 5360 5366
f 5357 5346 5360
f 5338 5341 5346
f 5149 5152 5341
f 5129 5132 5152
f 5104 5109 5132
f 5027 5033 5109
f 5030 5012 5033
f 5031 5013 5012
f 5032 5014 5013
f 5034 5035 5049
f 4552 4556 5035
f 5123 5148 5146
f 5390 5068 5071
f 5058 5068 5390
f 5391 5392 5059
f 5393 5078 5079
f 5066 5067 5395
f 5396 4925 4614
f 5233 5390 5251
f 5390 5233 5236
f 5392 5391 5236
f 5394 5239 5240
f 5395 5238 5237
f 5237 4764 4925
f 2422 4360 5397
f 5398 5007 4999
f 5399 5094 5007
f 5400 5125 5094
f 5401 5139 5125
f 5402 5343 5139
f 5403 5348 5343
f 5404 5362 5348
f 5405 5368 5362
f 5368 5405 5406
f 5407 5380 5376
f 5380 5407 5408
f 5389 5408 5409
f 5387 5409 5410
f 5386 5388 5410
f 5379 5386 5411
f 5371 5379 5412
f 5356 5371 5413
f 5354 5356 5414
f 5352 5354 5415
f 5350 5352 5416
f 5151 5350 5417
f 5131 5151 5418
f 5107 5131 5419
f 4966 5041 5107
f 5041 4966 4968
f 5040 4968 5421
f 4989 4995 5421
f 4985 4989 5422
f 4982 4985 5423
f 5308 5305 4982
f 5337 5088 5305
f 5076 5088 5337
f 5077 5076 5424
f 5079 5077 5425
f 5079 5426 5427
f 5428 5239 5394
f 4361 4080 5239
f 4998 5397 4360
f 5089 5398 5397
f 5108 5399 5398
f 5133 5400 5399
f 5141 5401 5400
f 5156 5402 5401
f 5163 5403 5402
f 5182 5404 5403
f 5192 5405 5404
f 5199 5406 5405
f 5204 5407 5406
f 5322 5408 5407
f 5409 5408 5322
f 5410 5409 5336
f 5411 5410 5333
f 5412 5411 5326
f 5413 5412 5211
f 5414 5413 5200
f 5415 5414 5186
f 5416 5415 5173
f 5417 5416 5171
f 5418 5417 5153
f 5419 5418 5142
f 5420 5419 5116
f 4966 5420 5110
f 4965 5421 4968
f 5422 5421 4965
f 4973 5423 5422
f 5309 5423 4973
f 5424 5337 5081
f 5425 5424 5061
f 5059 5426 5425
f 5392 5427 5426
f 5428 5427 5392
f 4076 4361 5428
f 5240 4079 4084
f 5393 5240 5238
f 5067 5078 5393
f 5067 5065 5074
f 5065 5064 5075
f 5064 5086 5087
f 5306 5087 5086
f 4983 5306 5304
f 4984 4983 5043
f 5042 5044 4988
f 5044 5046 4992
f 5046 5045 4993
f 5032 4993 5045
f 5047 5049 5014
f 5048 5010 5014
f 5011 5010 5048
f 5015 5011 5050
f 2473 2419 5015
f 255 4573 4532
f 4527 4532 4573
f 4528 4527 4570
f 4568 4569 4531
f 4567 4549 4531
f 4508 4549 4567
f 4565 4509 4508
f 4564 4502 4509
f 4563 4494 4502
f 4562 4495 4494
f 4833 4495 4562
f 4609 4833 4832
f 4586 4596 4609
f 4585 4597 4596
f 4589 4600 4597
f 4589 4924 4921
f 4767 4921 4924
f 1900 4767 4765
f 5429 5430 5431
f 5433 5430 5429
f 5435 5436 5437
f 5437 5436 5439
f 5430 5433 5439
f 5431 5430 5436
f 5441 5433 5434
f 5443 5429 5432
f 5429 5443 5445
f 5443 5446 5447
f 5446 5443 5444
f 5432 5431 5449
f 5440 5439 5451
f 5433 5441 5451
f 5453 5435 5438
f 5449 5431 5435
f 5455 5441 5442
f 5434 5445 5457
f 5445 5447 5458
f 5459 5460 5461
f 5460 5459 5463
f 5444 5432 5450
f 5448 5444 5465
f 5450 5449 5467
f 5437 5469 5470
f 5471 5469 5437
f 5452 5451 5472
f 5441 5455 5472
f 5474 5453 5454
f 5467 5449 5453
f 5476 5455 5456
f 5442 5457 5478
f 5457 5458 5479
f 5464 5463 5480
f 5459 5482 5483
f 5482 5459 5462
f 5462 5461 5485
f 5465 5450 5468
f 5466 5465 5487
f 5468 5467 5489
f 5491 5492 5493
f 5492 5491 5495
f 5491 5469 5471
f 5469 5491 5494
f 5497 5471 5440
f 5438 5470 5498
f 5472 5499 5500
f 5455 5476 5499
f 5501 5474 5475
f 5489 5467 5474
f 5503 5476 5477
f 5478 5505 5477
f 5478 5479 5506
f 5481 5480 5507
f 5463 5483 5509
f 5483 5482 5510
f 5482 5484 5512
f 5484 5462 5486
f 5486 5485 5514
f 5487 5468 5490
f 5488 5487 5516
f 5496 5495 5518
f 5495 5471 5497
f 5494 5493 5520
f 5470 5494 5521
f 5522 5497 5452
f 5454 5498 5523
f 5499 5524 5525
f 5476 5503 5524
f 5526 5504 5477
f 5526 5505 5506
f 5528 5508 5507
f 5480 5509 5530
f 5509 5483 5511
f 5532 5533 5511
f 5534 5532 5510
f 5484 5513 5535
f 5513 5486 5515
f 265 268 5490
f 5537 5538 5539
f 5538 5537 5541
f 5519 5518 5543
f 5518 5497 5522
f 5521 5520 5545
f 5498 5521 5546
f 5547 5522 5473
f 5475 5523 5548
f 271 270 5501
f 270 265 5489
f 5549 5528 5529
f 5529 5507 5530
f 5530 5509 5531
f 5533 5553 5531
f 5554 5532 5534
f 5532 5554 5556
f 5557 5558 5559
f 5558 5561 5562
f 5563 5534 5512
f 5513 5536 5564
f 268 274 5516
f 274 276 5517
f 5565 5566 5567
f 5566 5569 5570
f 5542 5541 5571
f 5540 5539 5573
f 5543 5575 5576
f 5543 5522 5547
f 5546 5545 5577
f 5523 5546 5578
f 5579 5547 5500
f 5550 5529 5551
f 5551 5530 5552
f 5553 5582 5552
f 5533 5556 5583
f 5584 5557 5560
f 5555 5534 5563
f 5561 5587 5588
f 5589 5563 5535
f 5590 5570 5569
f 5592 5565 5568
f 5572 5571 5594
f 5574 5573 5596
f 5576 5575 5598
f 5598 5575 5547
f 5548 281 271
f 5580 5551 5581
f 5582 5601 5581
f 5553 5583 5602
f 5603 5584 5585
f 5586 5563 5589
f 5587 5606 5607
f 5608 5609 5610
f 5610 5609 5612
f 5614 5590 5591
f 5616 5592 5593
f 5618 5595 5594
f 5597 5596 5620
f 286 285 5578
f 285 281 5548
f 5601 5622 5600
f 5602 5623 5601
f 5624 5603 5604
f 5626 5627 5559
f 5627 5628 5560
f 5628 5627 5629
f 5629 5627 5626
f 5611 5610 5632
f 5634 5632 5610
f 5613 5612 5635
f 5637 5608 5611
f 5615 5639 5640
f 5641 5616 5617
f 5643 5618 5619
f 5623 5645 5622
f 5646 5624 5625
f 5628 5648 5585
f 5648 5628 5630
f 5630 5629 5650
f 5650 5629 5631
f 5653 5626 5562
f 5631 5626 5653
f 5634 5613 5636
f 5638 5611 5633
f 5636 5635 5657
f 5659 5637 5638
f 5661 5640 5639
f 288 287 5621
f 5648 5663 5604
f 5663 5648 5649
f 5649 5630 5651
f 5651 5650 5666
f 5666 5650 5652
f 5652 5631 5654
f 5670 5653 5588
f 5654 5653 5670
f 5672 5655 5636
f 5660 5638 5656
f 5657 5674 5675
f 5676 5659 5660
f 5642 305 304
f 5663 5678 5625
f 5678 5663 5664
f 5664 5649 5665
f 5665 5651 5667
f 5667 5666 5682
f 5682 5666 5668
f 5668 5652 5669
f 5669 5654 5671
f 5687 5670 5607
f 5671 5670 5687
f 5658 5675 5690
f 5677 5660 5673
f 5674 5692 5693
f 5678 5694 5647
f 5694 5678 5679
f 5679 5664 5680
f 5680 5665 5681
f 5681 5667 5683
f 5683 5682 5699
f 5682 5684 5701
f 5684 5668 5685
f 5685 5669 5686
f 5686 5671 5689
f 5695 5679 5696
f 5696 5680 5697
f 5697 5681 5698
f 5698 5683 5700
f 5684 5702 5709
f 5702 5685 5703
f 5703 5686 5704
f 861 5677 5691
f 5705 5696 5706
f 5706 5697 5707
f 5707 5698 5708
f 5715 5700 5699
f 5702 5710 5717
f 5710 5703 5711
f 5712 5706 5713
f 5713 5707 5714
f 5721 5708 5700
f 5722 5723 5724
f 5726 5727 5728
f 5716 5699 5701
f 5710 5718 5731
f 5719 5713 5720
f 5733 5714 5708
f 5725 5724 5734
f 5727 5736 5737
f 5738 5727 5726
f 5740 5741 5723
f 5742 5726 5729
f 5730 5701 5709
f 5732 5720 5745
f 5720 5714 5733
f 5735 5734 5747
f 5736 5749 5750
f 5751 5736 5727
f 5738 5739 5752
f 5739 5726 5742
f 5755 5756 5741
f 5757 5742 5743
f 5744 5709 5717
f 5747 5760 5761
f 5760 5762 5763
f 5764 5765 5766
f 5749 5764 5767
f 5768 5749 5736
f 5751 5738 5753
f 5754 5742 5757
f 5771 5772 5756
f 5773 5757 5758
f 5759 5717 5731
f 5765 5764 5776
f 5764 5749 5768
f 5768 5751 5769
f 5754 5770 5779
f 5770 5757 5773
f 5782 5783 5772
f 5784 5773 5774
f 5778 5786 5776
f 5770 5781 5787
f 5781 5773 5784
f 5781 5788 5789
f 5676 5677 861
f 5662 5639 5618
f 5639 5615 5595
f 5572 5595 5615
f 5542 5572 5591
f 5538 5542 5569
f 5538 5566 5565
f 5539 5565 5592
f 5573 5592 5616
f 5596 5616 5641
f 304 288 5620
f 5644 5619 5576
f 5619 5594 5544
f 5519 5544 5594
f 5496 5519 5571
f 5492 5496 5541
f 5492 5537 5540
f 5493 5540 5574
f 5520 5574 5597
f 5545 5597 5621
f 287 286 5577
f 319 318 5687
f 318 322 5689
f 322 328 5704
f 328 336 5711
f 336 349 5718
f 986 991 5788
f 991 990 5789
f 5675 5693 5790
f 5527 5506 5528
f 5506 5479 5508
f 5481 5508 5479
f 5464 5481 5458
f 5460 5464 5447
f 5460 5446 5448
f 5461 5448 5466
f 5485 5466 5488
f 5514 5488 5517
f 5791 5517 276
f 5786 5792 5777
f 5515 5514 5791
f 278 291 5794
f 5515 5793 5794
f 5688 5607 5606
f 296 5796 5797
f 5536 5794 5797
f 5605 5589 5796
f 5796 5589 5564
f 291 294 5797
f 296 1409 5798
f 1405 319 5688
f 5752 5739 5754
f 986 5784 5785
f 5783 5782 1959
f 5775 5731 365
f 349 365 5731
f 5791 279 278
f 5761 5763 5746
f 5748 5761 5745
f 5735 5748 5733
f 5725 5735 5721
f 5722 5725 5715
f 5740 5722 5716
f 5755 5740 5730
f 5771 5755 5744
f 5782 5771 5759
f 5782 5775 1958
f 5785 5783 993
f 5772 5783 5785
f 5756 5772 5774
f 5741 5756 5758
f 5723 5741 5743
f 5724 5723 5729
f 5734 5724 5728
f 5747 5734 5737
f 5760 5747 5750
f 5762 5760 5767
f 1409 1405 5795
f 5605 5798 5795
f 5586 5605 5606
f 5555 5586 5587
f 5554 5555 5561
f 5554 5558 5557
f 5556 5557 5584
f 5583 5584 5603
f 5603 5624 5623
f 5646 5645 5623
f 5692 5674 5800
f 5674 5657 5801
f 5802 5801 5657
f 5803 5802 5635
f 5804 5803 5612
f 5805 5804 5609
f 5806 5805 5608
f 5807 5806 5637
f 5808 5807 5659
f 860 2197 5808
f 5800 5640 5661
f 5801 5614 5640
f 5802 5590 5614
f 5803 5570 5590
f 5804 5567 5570
f 5568 5567 5804
f 5593 5568 5805
f 5617 5593 5806
f 5642 5617 5807
f 305 5642 5808
f 5809 5810 5811
f 5813 5814 5809
f 5815 5816 5817
f 5817 5819 5820
f 5812 5818 5820
f 5811 5815 5818
f 5821 5822 5814
f 5823 5824 5810
f 5809 5814 5825
f 5823 5825 5826
f 5827 5828 5824
f 5810 5829 5830
f 5819 5831 5832
f 5813 5820 5832
f 5833 5834 5816
f 5830 5833 5815
f 5835 5836 5822
f 5814 5822 5837
f 5825 5837 5838
f 5839 5840 5841
f 5842 5843 5844
f 5824 5845 5829
f 5828 5846 5845
f 5829 5847 5848
f 5817 5816 5849
f 5851 5819 5817
f 5831 5852 5853
f 5821 5832 5853
f 5854 5855 5834
f 5848 5854 5833
f 5856 5857 5836
f 5822 5836 5858
f 5837 5858 5859
f 5843 5860 5861
f 5839 5844 5862
f 5863 5864 5840
f 5840 5865 5866
f 5845 5867 5847
f 5846 5868 5867
f 5847 5869 5870
f 5871 5872 5873
f 5874 5875 5876
f 5871 5876 5851
f 5850 5849 5872
f 5877 5831 5819
f 5816 5834 5878
f 5853 5852 5879
f 5835 5853 5880
f 5881 5882 5855
f 5870 5881 5854
f 5883 5884 5857
f 5858 5836 5857
f 5858 5885 5886
f 5860 5887 5888
f 5844 5861 5889
f 5862 5890 5891
f 5863 5891 5892
f 5864 5893 5865
f 5865 5894 5895
f 5867 5896 5869
f 5868 5897 5896
f 5875 5898 5899
f 5876 5899 5877
f 5872 5900 5901
f 5849 5878 5900
f 5902 5852 5831
f 5834 5855 5903
f 5880 5879 5904
f 5856 5880 5905
f 5906 5885 5857
f 5906 5907 5886
f 5908 5909 5888
f 5861 5888 5910
f 5889 5911 5890
f 5912 5891 5890
f 5914 5892 5891
f 5864 5892 5915
f 5893 5916 5894
f 2478 5870 5869
f 5917 5918 5919
f 5920 5921 5922
f 5898 5923 5924
f 5899 5924 5902
f 5900 5925 5926
f 5878 5903 5925
f 5927 5879 5852
f 5855 5882 5928
f 2484 5882 5881
f 2485 5881 5870
f 5929 5930 5909
f 5909 5931 5910
f 5910 5932 5911
f 5913 5890 5911
f 5934 5935 5914
f 5912 5913 5936
f 5937 5938 5939
f 5940 5939 5941
f 5943 5915 5892
f 5893 5915 5944
f 2479 5869 5896
f 2487 5896 5897
f 5945 5946 5947
f 5948 5947 5949
f 5921 5951 5952
f 5918 5953 5954
f 5924 5923 5955
f 5924 5956 5927
f 5925 5957 5958
f 5903 5928 5957
f 5959 5904 5879
f 5930 5960 5931
f 5931 5961 5932
f 5933 5911 5932
f 5913 5933 5963
f 5964 5965 5938
f 5935 5966 5943
f 5942 5941 5967
f 5969 5944 5915
f 5970 5971 5950
f 5972 5973 5946
f 5951 5974 5975
f 5953 5976 5977
f 5955 5978 5979
f 5979 5959 5927
f 5928 5882 2484
f 5960 5980 5961
f 5962 5932 5961
f 5933 5962 5982
f 5983 5984 5965
f 5966 5985 5969
f 5968 5967 5986
f 5988 5989 5990
f 5990 5992 5993
f 5994 5995 5971
f 5996 5997 5973
f 5998 5999 5975
f 5976 6000 6001
f 2497 5958 5957
f 2498 5957 5928
f 5981 5961 5980
f 5982 5962 5981
f 6004 6005 5984
f 6006 5941 5939
f 6007 5939 5938
f 6008 6009 6010
f 6010 6011 6006
f 5989 5633 5632
f 5634 5992 5990
f 5992 6012 6013
f 6014 6015 5989
f 5995 5994 6016
f 6018 6019 5997
f 6020 6021 5999
f 6003 5981 6002
f 6024 6023 6005
f 6008 5938 5965
f 6025 6026 6009
f 6009 6027 6028
f 6028 6029 6011
f 6030 5967 5941
f 6011 6031 6030
f 5634 5655 6012
f 6015 5656 5633
f 6012 6032 6033
f 6034 6035 6015
f 6036 6037 6017
f 2503 6001 6000
f 6025 5965 5984
f 6038 6039 6026
f 6026 6040 6027
f 6027 6041 6042
f 6042 6043 6029
f 6029 6044 6031
f 6045 5986 5967
f 6031 6046 6045
f 5672 6032 6012
f 6035 5673 5656
f 6033 6032 6047
f 6049 6050 6035
f 6019 6018 2519
f 6038 5984 6005
f 6051 6052 6039
f 6039 6053 6040
f 6040 6054 6041
f 6041 6055 6056
f 6056 6057 6043
f 6043 6058 6044
f 6044 6059 6046
f 6060 6061 5986
f 6046 6062 6060
f 6032 5672 5690
f 6050 5691 5673
f 6048 6047 6063
f 6051 6005 6023
f 6065 6066 6052
f 6052 6067 6053
f 6053 6068 6054
f 6054 6069 6055
f 6055 6070 6071
f 6056 6071 6072
f 6057 6073 6058
f 6058 6074 6059
f 6059 6075 6062
f 6066 6076 6067
f 6067 6077 6068
f 6068 6078 6069
f 6069 6079 6070
f 6057 6072 6080
f 6073 6081 6074
f 6074 6082 6075
f 3071 864 5691
f 6076 6083 6077
f 6077 6084 6078
f 6078 6085 6079
f 6086 6087 6071
f 6073 6080 6088
f 6081 6089 6082
f 6083 6090 6084
f 6084 6091 6085
f 6092 6086 6070
f 6093 6094 6095
f 6097 6098 6099
f 6087 6101 6072
f 6081 6088 6102
f 6090 6103 6091
f 6104 6092 6079
f 6094 6105 6106
f 6100 6099 6107
f 6109 6110 6097
f 6111 6093 6096
f 6113 6114 6098
f 6101 6115 6080
f 6103 6116 6117
f 6091 6117 6104
f 6105 6118 6119
f 6108 6107 6120
f 6122 6109 6100
f 6109 5753 5752
f 6110 6123 6113
f 6124 6111 6112
f 6126 6127 6114
f 6115 6128 6088
f 6119 6118 6129
f 6130 6129 6131
f 6133 6134 6135
f 6121 6120 6134
f 6137 6122 6108
f 6122 5769 5753
f 6123 6138 6126
f 6139 6124 6125
f 6141 6142 6127
f 6128 6143 6102
f 6136 6144 6145
f 6133 6145 6137
f 6137 5778 5769
f 6123 5780 5779
f 6138 6146 6141
f 6147 6139 6140
f 6149 6150 6142
f 5778 6137 6145
f 6138 5779 5787
f 6146 6151 6149
f 6146 5787 5789
f 6049 3070 3071
f 6037 6020 5998
f 6017 5998 5974
f 5951 5971 5995
f 5921 5950 5971
f 5920 5948 5950
f 5920 5919 5945
f 5919 5954 5972
f 5954 5977 5996
f 5977 6001 6018
f 2519 6018 6001
f 6021 5978 5955
f 5999 5955 5923
f 5898 5952 5975
f 5875 5922 5952
f 5874 5917 5922
f 5874 5873 5918
f 5873 5901 5953
f 5901 5926 5976
f 5926 5958 6000
f 2500 6000 5958
f 2532 6061 6060
f 2533 6060 6062
f 2534 6062 6075
f 2540 6075 6082
f 2548 6082 6089
f 3192 6149 6151
f 3194 6151 5789
f 6047 5690 5790
f 5907 5929 5908
f 5886 5908 5887
f 5860 5838 5859
f 5843 5826 5838
f 5842 5827 5826
f 5842 5841 5828
f 5841 5866 5846
f 5866 5895 5868
f 5895 6152 5897
f 6152 2492 2488
f 5786 6145 6144
f 5894 6153 6152
f 2493 6153 6154
f 5894 5916 6154
f 6061 6155 5987
f 2509 2505 6156
f 5916 5944 6156
f 5985 6158 6157
f 6157 6156 5944
f 2504 6154 6156
f 2509 6157 6158
f 3605 6155 6061
f 5752 5780 6123
f 3192 3191 6150
f 6148 3195 4134
f 6143 4133 2577
f 2561 6089 6102
f 6152 6153 2493
f 6129 6117 6116
f 6118 6104 6117
f 6105 6092 6104
f 6094 6086 6092
f 6093 6087 6086
f 6111 6101 6087
f 6124 6115 6101
f 6139 6128 6115
f 6147 6143 6128
f 6147 4134 4133
f 6150 3191 3195
f 6140 6142 6150
f 6125 6127 6142
f 6112 6114 6127
f 6096 6098 6114
f 6095 6099 6098
f 6106 6107 6099
f 6119 6120 6107
f 6130 6134 6120
f 6132 6135 6134
f 3609 6158 6155
f 5985 5987 6155
f 5966 5968 5987
f 5935 5942 5968
f 5934 5940 5942
f 5934 5936 5937
f 5936 5963 5964
f 5963 5982 5983
f 5983 5982 6003
f 6024 6004 6003
f 6064 6159 6160
f 6048 6160 6161
f 6162 6013 6033
f 6163 5993 6013
f 6164 5991 5993
f 6165 5988 5991
f 6166 6014 5988
f 6167 6034 6014
f 6168 6049 6034
f 3070 6049 6168
f 6160 6159 6036
f 6161 6160 6016
f 6162 6161 5994
f 6163 6162 5970
f 6164 6163 5949
f 5946 6165 6164
f 5973 6166 6165
f 5997 6167 6166
f 6019 6168 6167
f 2518 4356 6168
f 6169 6170 6171
f 6172 6171 6173
f 6175 6176 6169
f 6176 6177 6178
f 6174 6179 6175
f 6180 6181 6176
f 6181 6182 6177
f 6179 6183 6180
f 6180 6184 6185
f 6184 6186 6187
f 6182 6188 6189
f 6181 6185 6190
f 6185 6187 6191
f 6192 6193 6186
f 6192 6184 6180
f 6182 6190 6194
f 6190 6191 6195
f 6196 6197 6198
f 6200 6201 6202
f 6204 6198 6197
f 6199 6198 6206
f 6208 6209 6210
f 6211 6212 6213
f 6215 6216 6217
f 6219 6220 6221
f 6223 6224 6225
f 6227 6228 6201
f 6229 6230 6228
f 6205 6231 6232
f 6204 6233 6206
f 6206 6234 6208
f 6235 6236 6237
f 6238 6237 6209
f 6239 6240 6212
f 6241 6242 6243
f 6245 6246 6247
f 6220 6249 6250
f 6226 6225 6251
f 6253 6254 6252
f 6232 6255 6233
f 6256 6257 6258
f 6233 6260 6234
f 6261 6262 6235
f 6208 6234 6261
f 6239 6236 6235
f 6212 6263 6264
f 6265 6247 6246
f 6267 6268 6269
f 6271 6272 6268
f 6273 6274 6275
f 6277 6273 6276
f 6259 6258 6278
f 6255 6280 6260
f 6281 6282 6283
f 6285 6286 6262
f 6260 6285 6261
f 6212 6240 6287
f 6235 6262 6287
f 6242 6288 6289
f 6290 6291 6264
f 6292 6293 6294
f 6270 6269 6296
f 6298 6299 6300
f 6298 6301 6269
f 6298 6268 6272
f 6276 6275 6299
f 6254 6253 6302
f 6278 6304 6305
f 6284 6283 6306
f 6308 6309 6286
f 6280 6308 6285
f 6310 6311 6312
f 6263 6287 6314
f 6286 6314 6287
f 6315 6316 6289
f 6317 6318 6291
f 6246 6319 6320
f 6321 6322 6319
f 6324 6325 6293
f 6301 6300 6326
f 6269 6301 6327
f 6275 6274 6328
f 6307 6306 6330
f 6332 6333 6334
f 6305 6304 6332
f 6313 6312 6336
f 6338 6312 6311
f 6290 6314 6340
f 6309 6340 6314
f 6341 6342 6316
f 6343 6344 6345
f 6344 6343 6347
f 6266 6320 6349
f 6322 6351 6320
f 6352 6353 6322
f 6354 6355 6356
f 6357 6356 6325
f 6358 6359 6360
f 6360 6359 6300
f 6360 6299 6275
f 6362 6363 6364
f 6366 6333 6332
f 6336 6368 6369
f 6336 6312 6338
f 6371 6372 6373
f 6345 6375 6376
f 6334 6333 6376
f 6347 6377 6378
f 6378 6377 6379
f 6346 6381 6382
f 6383 6384 6385
f 6387 6388 6389
f 6351 6391 6349
f 6322 6353 6392
f 6393 6394 6395
f 6396 6395 6353
f 6397 6398 6359
f 6300 6359 6398
f 6399 6400 6401
f 6403 6404 6363
f 6401 6400 6405
f 6407 6408 6409
f 6369 6368 6407
f 6411 6368 6336
f 6412 6413 6372
f 6376 6414 6381
f 6333 6366 6414
f 6415 6416 6417
f 6417 6419 6420
f 6347 6421 6422
f 6423 6424 6425
f 6425 6424 6427
f 6384 6429 6430
f 6388 6387 6431
f 6351 6392 6433
f 6395 6394 6434
f 6353 6395 6435
f 6436 6437 6438
f 6438 6437 6355
f 6440 6397 6358
f 6406 6405 6442
f 6444 6445 6446
f 6448 6408 6407
f 6449 6407 6368
f 6450 6451 6413
f 6409 6408 6452
f 6453 6452 6423
f 6379 6454 6455
f 6456 6455 6457
f 6458 6459 6460
f 6462 6463 6464
f 6427 6466 6467
f 6467 6466 6468
f 6470 6424 6423
f 6429 6472 6473
f 6474 6475 6432
f 6435 6434 6476
f 6392 6435 6477
f 6478 6479 6480
f 6480 6479 6394
f 6482 6483 6436
f 6484 6485 6486
f 6488 6489 6490
f 6492 6445 6444
f 6494 6495 6496
f 6497 6496 6451
f 6423 6452 6498
f 6498 6452 6408
f 6463 6462 6469
f 6463 6499 6500
f 6501 6502 6503
f 6505 6506 6507
f 6472 6505 6508
f 6509 6510 6511
f 6512 6511 6475
f 6513 6514 6479
f 6394 6479 6514
f 6515 6478 6481
f 6517 6518 6519
f 6521 6522 6523
f 6525 6526 6527
f 6529 6530 6495
f 6468 6531 6499
f 6532 6533 6534
f 6536 6537 6538
f 6540 6541 6514
f 6434 6514 6541
f 6542 6513 6478
f 6543 6544 6518
f 6545 6524 6523
f 6547 6521 6524
f 6549 6550 6533
f 6551 6552 6553
f 6551 6555 6556
f 6506 6556 6555
f 6557 6558 6559
f 6558 6557 6510
f 6561 6540 6513
f 6562 6563 6544
f 6564 6565 6566
f 6524 6545 6565
f 6568 6547 6548
f 6570 6571 6572
f 6574 6575 6576
f 6560 6559 6578
f 6580 6581 6582
f 6548 6565 6564
f 6584 6585 6586
f 6588 6589 6571
f 6590 6591 6587
f 6592 6593 6400
f 6594 6595 6596
f 6598 6599 6600
f 6600 6601 6362
f 6601 6602 6403
f 6593 6603 6405
f 6603 6604 6442
f 6595 6594 6605
f 6456 6416 6415
f 6608 6609 6460
f 6416 6457 6419
f 6488 6484 6487
f 6521 6517 6520
f 6441 6610 6611
f 6486 6485 6483
f 6518 6515 6516
f 6544 6542 6515
f 6214 6213 6242
f 6213 6264 6288
f 6291 6315 6288
f 6315 6291 6318
f 6421 6347 6343
f 6539 6538 6504
f 6574 6554 6553
f 6563 6561 6542
f 6579 6578 6581
f 6244 6243 6612
f 6243 6289 6614
f 6614 6289 6316
f 6342 6616 6615
f 6454 6379 6377
f 6531 6468 6466
f 6550 6549 6537
f 6517 6521 6547
f 6568 6562 6543
f 6588 6577 6576
f 6583 6582 6585
f 6501 6530 6529
f 6178 6618 6170
f 6619 6277 6272
f 6231 6256 6259
f 6232 6259 6279
f 6279 6305 6280
f 6280 6305 6335
f 6334 6309 6308
f 6309 6334 6375
f 6317 6340 6375
f 6345 6344 6318
f 6341 6318 6344
f 6378 6342 6341
f 6616 6342 6378
f 6620 6621 6622
f 6622 6250 6249
f 6361 6624 6441
f 6624 6625 6610
f 6625 6624 6626
f 6628 6629 6491
f 6361 6360 6329
f 6624 6361 6630
f 6626 6631 6632
f 6630 6329 6328
f 6631 6626 6630
f 6634 6635 6636
f 6638 6456 6607
f 6613 6612 6640
f 6642 6643 6641
f 6640 6644 6645
f 6645 6644 6646
f 6648 6638 6639
f 6650 6651 6652
f 6654 6655 6653
f 6655 6654 6656
f 6658 6659 6660
f 6662 6663 6659
f 6664 6665 6663
f 6665 6664 6666
f 6667 6666 6668
f 6670 6671 6672
f 6673 6672 6674
f 6676 6677 6678
f 6677 6676 6680
f 6682 6683 6684
f 6591 6590 6686
f 6612 6614 6644
f 6661 6660 6657
f 6646 6648 6649
f 6615 6646 6644
f 6380 6379 6456
f 6616 6380 6638
f 6648 6646 6615
f 6613 6641 6688
f 6643 6690 6688
f 6691 6692 6693
f 6694 6695 6696
f 6695 6697 6698
f 6697 6699 6700
f 6697 6701 6702
f 6703 6702 6701
f 6704 6701 6705
f 6707 6706 6705
f 6708 6709 6710
f 6708 6694 6693
f 6708 6705 6695
f 6695 6705 6701
f 6711 6225 6224
f 6713 6251 6225
f 6714 6253 6251
f 6715 6302 6253
f 6716 6717 6597
f 6717 6716 6718
f 6719 6718 6720
f 6699 6702 6703
f 6710 6709 6693
f 6688 6722 6723
f 6690 6724 6722
f 6725 6726 6727
f 6729 6730 6692
f 6691 6696 6731
f 6698 6732 6731
f 6700 6733 6732
f 6703 6734 6733
f 6734 6703 6704
f 6735 6704 6706
f 6737 6736 6706
f 6707 6710 6738
f 6730 6738 6710
f 6739 6733 6734
f 6733 6739 6621
f 6634 6637 6734
f 6740 6734 6735
f 6741 6735 6736
f 6743 6742 6736
f 6743 6737 6738
f 6732 6621 6620
f 6226 6220 6219
f 6252 6249 6220
f 6252 6254 6623
f 6303 6620 6623
f 6731 6620 6303
f 6303 6302 6730
f 6728 6727 6651
f 6745 6746 6721
f 6746 6745 6747
f 6749 6750 6748
f 6751 6752 6753
f 6203 6202 6750
f 6755 6756 6757
f 6622 6621 6739
f 6637 6636 6759
f 6759 6760 6250
f 6759 6600 6599
f 6636 6601 6600
f 6635 6602 6601
f 6730 6761 6744
f 6761 6730 6302
f 6294 6216 6215
f 6319 6246 6245
f 6174 6762 6763
f 6174 6173 6764
f 6762 6764 6765
f 6766 6765 6767
f 6768 6767 6769
f 6766 6771 6763
f 6766 6768 6772
f 6770 6773 6772
f 6771 6772 6774
f 6773 6776 6774
f 6775 6774 6777
f 6776 6779 6777
f 6779 6780 6210
f 6770 6769 6781
f 6770 6782 6783
f 6773 6783 6784
f 6776 6784 6785
f 6779 6785 6786
f 6782 6781 6787
f 6783 6787 6788
f 6784 6788 6789
f 6790 6191 6187
f 6792 6195 6191
f 6793 6794 6756
f 6795 6796 6794
f 6795 6797 6798
f 6795 6194 6195
f 6194 6795 6793
f 6188 6793 6755
f 6799 6751 6754
f 6756 6801 6802
f 6794 6803 6801
f 6796 6804 6803
f 6798 6805 6804
f 6723 6797 6195
f 6726 6725 6230
f 6797 6723 6722
f 6798 6722 6724
f 6187 6186 6806
f 6186 6193 6807
f 6179 6763 6808
f 6809 6810 6193
f 6183 6808 6809
f 6193 6810 6811
f 6763 6771 6775
f 6812 6813 6810
f 6808 6775 6812
f 6810 6813 6814
f 6815 6816 6236
f 6775 6778 6817
f 6817 6816 6813
f 6817 6237 6236
f 6813 6816 6815
f 6814 6815 6239
f 6211 6214 6811
f 6811 6214 6241
f 6807 6241 6244
f 6806 6244 6613
f 6791 6613 6689
f 6790 6689 6723
f 6778 6209 6237
f 6778 6777 6210
f 6207 6210 6780
f 6199 6780 6786
f 6800 6754 6818
f 6818 6757 6802
f 6754 6753 6820
f 6820 6758 6757
f 6821 6822 6758
f 6821 6820 6753
f 6752 6824 6823
f 6822 6825 6755
f 6825 6826 6189
f 6177 6189 6826
f 6826 6827 6618
f 6825 6828 6827
f 6822 6829 6828
f 6821 6830 6829
f 6823 6831 6830
f 6824 6832 6831
f 6833 6427 6424
f 6617 6466 6427
f 6282 6310 6313
f 6283 6313 6337
f 6369 6330 6306
f 6330 6369 6410
f 6409 6835 6834
f 6835 6409 6453
f 6837 6836 6453
f 6425 6838 6837
f 6838 6425 6428
f 6467 6840 6839
f 6840 6467 6469
f 6462 6461 6841
f 6458 6461 6462
f 6675 6674 6679
f 6446 6406 6443
f 6363 6603 6593
f 6404 6604 6603
f 6671 6670 6669
f 6419 6609 6608
f 6457 6460 6609
f 6455 6461 6460
f 6454 6841 6461
f 6840 6841 6454
f 6421 6839 6840
f 6838 6839 6421
f 6381 6837 6838
f 6414 6836 6837
f 6366 6835 6836
f 6834 6835 6366
f 6525 6528 6492
f 6683 6682 6681
f 6499 6532 6535
f 6531 6549 6532
f 6537 6549 6531
f 6537 6617 6833
f 6538 6833 6470
f 6501 6504 6470
f 6498 6530 6501
f 6495 6530 6498
f 6496 6495 6448
f 6451 6496 6449
f 6413 6451 6411
f 6338 6372 6413
f 6373 6372 6338
f 6526 6567 6566
f 6687 6686 6685
f 6533 6570 6573
f 6550 6588 6570
f 6577 6588 6550
f 6577 6536 6539
f 6574 6539 6503
f 6502 6551 6554
f 6529 6555 6551
f 6507 6555 6529
f 6507 6494 6497
f 6473 6508 6497
f 6473 6450 6412
f 6430 6412 6371
f 6385 6371 6374
f 6257 6281 6284
f 6258 6284 6307
f 6278 6307 6331
f 6332 6304 6331
f 6367 6331 6330
f 6364 6842 6598
f 6843 6844 6606
f 6592 6842 6364
f 6845 6846 6844
f 6846 6845 6847
f 6849 6850 6848
f 6446 6851 6401
f 6565 6545 6852
f 6566 6852 6853
f 6527 6853 6854
f 6492 6855 6856
f 6492 6528 6854
f 6446 6445 6856
f 6850 6849 6857
f 6402 6401 6851
f 6627 6632 6628
f 6489 6625 6627
f 6487 6610 6625
f 6486 6611 6610
f 6440 6611 6486
f 6440 6482 6439
f 6438 6398 6397
f 6326 6398 6438
f 6327 6326 6354
f 6296 6327 6357
f 6297 6296 6324
f 6297 6292 6295
f 6215 6861 6860
f 6861 6215 6218
f 6856 6863 6859
f 6864 6865 6858
f 6523 6491 6629
f 6522 6488 6491
f 6520 6484 6488
f 6519 6485 6484
f 6516 6483 6485
f 6481 6436 6483
f 6480 6437 6436
f 6355 6437 6480
f 6356 6355 6393
f 6325 6356 6396
f 6293 6325 6352
f 6293 6321 6323
f 6245 6216 6294
f 6248 6217 6216
f 6865 6864 6866
f 6863 6856 6855
f 6867 6866 6869
f 6868 6855 6854
f 6388 6384 6383
f 6384 6388 6432
f 6475 6472 6429
f 6511 6505 6472
f 6510 6506 6505
f 6557 6556 6506
f 6552 6556 6557
f 6552 6560 6579
f 6575 6553 6579
f 6575 6580 6583
f 6589 6576 6583
f 6589 6584 6587
f 6591 6572 6571
f 6572 6591 6687
f 6573 6687 6684
f 6683 6535 6534
f 6535 6683 6680
f 6676 6464 6500
f 6465 6464 6676
f 6674 6458 6465
f 6672 6459 6458
f 6671 6608 6459
f 6608 6671 6668
f 6666 6418 6420
f 6664 6415 6418
f 6607 6415 6664
f 6607 6662 6658
f 6639 6658 6661
f 6647 6649 6661
f 6654 6645 6647
f 6642 6645 6654
f 6651 6643 6642
f 6727 6690 6643
f 6726 6724 6690
f 6805 6724 6726
f 6804 6805 6229
f 6803 6804 6227
f 6803 6200 6203
f 6801 6203 6749
f 6819 6802 6749
f 6745 6800 6819
f 6799 6800 6745
f 6718 6872 6799
f 6716 6873 6872
f 6873 6716 6596
f 6595 6277 6619
f 6273 6277 6595
f 6844 6274 6273
f 6846 6328 6274
f 6328 6846 6848
f 6850 6631 6633
f 6631 6850 6858
f 6865 6628 6632
f 6628 6865 6867
f 6629 6867 6870
f 6870 6852 6545
f 6866 6868 6871
f 6864 6863 6868
f 6863 6864 6857
f 6849 6402 6859
f 6402 6849 6847
f 6845 6592 6399
f 6592 6845 6843
f 6842 6843 6605
f 6594 6599 6598
f 6760 6599 6594
f 6717 6250 6760
f 6250 6717 6719
f 6222 6221 6719
f 6746 6219 6222
f 6223 6219 6746
f 6750 6224 6223
f 6202 6712 6224
f 6201 6711 6712
f 6228 6713 6711
f 6230 6714 6713
f 6725 6715 6714
f 6761 6715 6725
f 6744 6761 6728
f 6743 6744 6650
f 6655 6742 6743
f 6742 6655 6657
f 6660 6740 6741
f 6659 6634 6740
f 6663 6635 6634
f 6665 6602 6635
f 6602 6665 6667
f 6404 6403 6667
f 6670 6604 6404
f 6604 6670 6673
f 6443 6442 6673
f 6443 6675 6678
f 6677 6444 6447
f 6493 6444 6677
f 6682 6525 6493
f 6526 6525 6682
f 6686 6567 6526
f 6590 6564 6567
f 6569 6564 6590
f 6585 6568 6569
f 6582 6562 6568
f 6581 6563 6562
f 6578 6561 6563
f 6559 6540 6561
f 6558 6541 6540
f 6476 6541 6558
f 6477 6476 6509
f 6433 6477 6512
f 6391 6433 6474
f 6387 6349 6391
f 6350 6349 6387
f 6869 6853 6852
f 6871 6854 6853
f 6751 6799 6872
f 6874 6872 6873
f 6875 6873 6619
f 6752 6751 6874
f 6876 6874 6875
f 6877 6875 6271
f 6877 6267 6878
f 6878 6267 6270
f 6880 6270 6297
f 6860 6861 6881
f 6880 6881 6882
f 6878 6882 6883
f 6879 6883 6884
f 6879 6885 6876
f 6876 6885 6824
f 6885 6884 6832
f 6831 6832 3987
f 6830 6831 3985
f 6829 6830 3983
f 6828 6829 3981
f 6827 6828 3979
f 6618 6827 3971
f 6170 6618 3128
f 6171 6170 3052
f 6173 6171 3044
f 6764 6173 3042
f 6765 6764 6886
f 6767 6765 6887
f 6769 6767 6888
f 6781 6769 6889
f 6787 6781 6890
f 6788 6787 6891
f 6789 6788 6892
f 6881 6861 6862
f 6882 6881 6894
f 6883 6882 6895
f 6884 6883 3991
f 6832 6884 3989
f 6896 6897 833
f 6897 6898 830
f 6899 6900 6901
f 6902 6901 6903
f 6905 6900 6899
f 6907 6899 6902
f 6908 6902 6904
f 6906 6899 6907
f 6907 6908 6911
f 6912 6911 6913
f 6909 6904 6915
f 6908 6909 6917
f 6911 6917 6918
f 6919 6912 6914
f 6919 6910 6907
f 6909 6916 6921
f 6917 6921 6922
f 6923 6924 6925
f 6927 6928 6929
f 6931 6932 6926
f 6924 6933 6934
f 6935 6933 6936
f 6938 6939 6940
f 6942 6943 6944
f 6946 6947 6948
f 6950 6927 6930
f 6952 6950 6951
f 6932 6931 6954
f 6931 6925 6934
f 6934 6933 6935
f 6958 6959 6960
f 6959 6935 6937
f 6962 6938 6941
f 6964 6965 6966
f 6945 6944 6968
f 6947 6970 6971
f 6972 6971 6970
f 6954 6931 6956
f 6975 6976 6977
f 6956 6934 6957
f 6980 6959 6958
f 6935 6959 6980
f 6962 6963 6958
f 6941 6940 6982
f 6984 6985 6986
f 6988 6984 6987
f 6990 6991 6992
f 6994 6989 6991
f 6976 6995 6996
f 6974 6956 6979
f 6998 6999 7000
f 7002 6980 6981
f 6979 6957 6980
f 6941 6983 7004
f 6958 6963 7004
f 6967 6966 7005
f 7007 6983 6982
f 7009 7010 7011
f 6985 7013 7014
f 7015 7016 7017
f 7015 6987 6986
f 7015 6991 6989
f 6991 7015 7018
f 6973 7019 7020
f 6996 6995 7021
f 6999 7023 7024
f 7025 7002 7003
f 6997 6979 7002
f 7027 7028 7029
f 6983 7007 7031
f 7003 6981 7004
f 7032 7006 7005
f 7034 7007 7008
f 7036 7037 7038
f 7040 7041 7039
f 7043 7009 7012
f 7016 7045 7046
f 6986 7014 7045
f 6992 7047 7048
f 7023 7049 7050
f 7051 7052 7053
f 7021 7052 7051
f 7028 7055 7056
f 7057 7058 7030
f 7007 7034 7059
f 7026 7003 7031
f 7060 7032 7033
f 7062 7063 7064
f 7065 7066 7067
f 7037 7068 7069
f 7042 7039 7038
f 7071 7040 7042
f 7073 7074 7075
f 7074 7043 7044
f 7077 7078 7079
f 7079 7018 7017
f 7079 7047 6992
f 7081 7082 7083
f 7085 7086 7051
f 7056 7055 7087
f 7056 7089 7057
f 7090 7091 7092
f 7064 7063 7094
f 7053 7095 7094
f 7067 7066 7096
f 7096 7098 7099
f 7063 7062 7100
f 7102 7103 7104
f 7106 7107 7108
f 7070 7038 7069
f 7042 7070 7111
f 7112 7113 7114
f 7113 7071 7072
f 7116 7077 7080
f 7017 7046 7117
f 7118 7119 7120
f 7122 7081 7084
f 7120 7124 7125
f 7126 7127 7128
f 7087 7127 7126
f 7130 7089 7056
f 7131 7090 7093
f 7094 7063 7101
f 7054 7094 7133
f 7134 7135 7136
f 7136 7135 7138
f 7067 7097 7140
f 7142 7143 7144
f 7144 7146 7147
f 7105 7104 7148
f 7109 7150 7151
f 7070 7110 7152
f 7114 7153 7154
f 7072 7111 7153
f 7155 7156 7157
f 7157 7073 7076
f 7159 7160 7077
f 7124 7161 7162
f 7163 7164 7165
f 7167 7168 7126
f 7168 7130 7088
f 7169 7131 7132
f 7128 7171 7172
f 7171 7143 7142
f 7099 7173 7174
f 7173 7137 7176
f 7177 7178 7179
f 7181 7182 7183
f 7147 7146 7185
f 7185 7187 7188
f 7189 7190 7142
f 7149 7148 7191
f 7193 7151 7150
f 7153 7195 7196
f 7111 7152 7195
f 7197 7198 7199
f 7199 7112 7115
f 7201 7156 7155
f 7203 7204 7205
f 7207 7208 7209
f 7211 7212 7163
f 7213 7214 7215
f 7214 7169 7170
f 7142 7190 7217
f 7217 7167 7129
f 7184 7188 7187
f 7184 7183 7218
f 7220 7221 7222
f 7224 7225 7226
f 7192 7191 7225
f 7228 7229 7230
f 7229 7193 7194
f 7232 7197 7200
f 7115 7154 7233
f 7234 7235 7198
f 7236 7237 7238
f 7240 7241 7242
f 7244 7245 7246
f 7248 7213 7216
f 7188 7184 7219
f 7251 7252 7253
f 7255 7256 7257
f 7259 7232 7233
f 7154 7196 7260
f 7261 7234 7197
f 7262 7236 7239
f 7264 7265 7242
f 7266 7267 7241
f 7268 7251 7254
f 7270 7271 7272
f 7270 7273 7274
f 7227 7226 7275
f 7276 7277 7278
f 7279 7228 7231
f 7280 7261 7232
f 7281 7262 7263
f 7283 7284 7285
f 7241 7267 7286
f 7287 7288 7267
f 7289 7290 7291
f 7293 7294 7295
f 7277 7297 7298
f 7299 7300 7301
f 7267 7288 7283
f 7303 7304 7305
f 7307 7289 7292
f 7309 7305 7304
f 7311 7118 7121
f 7313 7314 7315
f 7317 7082 7318
f 7318 7082 7081
f 7320 7081 7122
f 7312 7121 7125
f 7322 7125 7162
f 7316 7324 7325
f 7173 7326 7134
f 7327 7180 7179
f 7137 7136 7139
f 7207 7210 7204
f 7240 7243 7237
f 7160 7159 7329
f 7205 7201 7202
f 7239 7238 7235
f 7263 7239 7234
f 6939 6964 6967
f 6940 6967 7006
f 7008 6982 7006
f 7032 7060 7035
f 7141 7100 7062
f 7256 7222 7221
f 7293 7296 7272
f 7282 7263 7261
f 7297 7299 7302
f 6965 7331 7332
f 6966 7332 7333
f 7333 7334 7033
f 7061 7033 7334
f 7175 7140 7097
f 7250 7336 7186
f 7269 7255 7258
f 7236 7262 7266
f 7287 7266 7262
f 7307 7308 7295
f 7300 7303 7306
f 7220 7223 7248
f 7337 6896 841
f 7338 6988 6989
f 6955 6954 6976
f 6954 6974 6995
f 6995 6974 6997
f 6997 7025 7052
f 7053 7052 7025
f 7026 7059 7095
f 7034 7064 7095
f 7064 7034 7035
f 7060 7066 7065
f 7096 7066 7060
f 7335 7098 7096
f 7339 7340 7341
f 7341 7340 6969
f 7078 7077 7160
f 7343 7160 7330
f 7344 7345 7346
f 7347 7209 7208
f 7078 7349 7047
f 7343 7346 7349
f 7346 7345 7350
f 7349 7352 7048
f 7351 7352 7349
f 7353 7354 7355
f 7357 7358 7326
f 7331 7359 7360
f 7361 7360 7359
f 7360 7361 7363
f 7363 7365 7366
f 7367 7368 7358
f 7369 7370 7371
f 7373 7371 7370
f 7374 7375 7376
f 7377 7378 7379
f 7381 7377 7380
f 7383 7381 7382
f 7384 7385 7386
f 7385 7387 7388
f 7389 7390 7391
f 7390 7393 7394
f 7395 7396 7397
f 7398 7399 7400
f 7401 7402 7403
f 7310 7405 7406
f 7332 7360 7364
f 7378 7376 7375
f 7366 7365 7368
f 7334 7333 7364
f 7098 7357 7173
f 7335 7367 7357
f 7367 7335 7334
f 7331 7407 7408
f 7362 7359 7408
f 7410 7411 7412
f 7411 7410 7414
f 7415 7414 7416
f 7417 7416 7418
f 7417 7419 7420
f 7422 7423 7421
f 7423 7424 7425
f 7426 7427 7425
f 7427 7426 7428
f 7427 7429 7412
f 7427 7411 7415
f 7415 7417 7421
f 7430 7431 6949
f 7432 7430 6948
f 7433 7432 6971
f 7434 7433 6972
f 7435 7315 7314
f 7436 7437 7438
f 7437 7439 7440
f 7419 7418 7422
f 7428 7413 7412
f 7408 7407 7441
f 7409 7408 7442
f 7444 7445 7446
f 7448 7410 7413
f 7410 7448 7450
f 7416 7414 7450
f 7418 7416 7451
f 7422 7418 7452
f 7453 7454 7423
f 7454 7455 7424
f 7456 7426 7424
f 7426 7456 7457
f 7449 7413 7428
f 7458 7354 7453
f 7452 7451 7342
f 7353 7459 7453
f 7459 7460 7454
f 7460 7461 7455
f 7462 7456 7455
f 7462 7463 7457
f 7451 7450 7339
f 6947 6946 6942
f 6970 6947 6945
f 6970 6969 7340
f 7019 6973 7340
f 7450 7448 7019
f 7019 7448 7449
f 7445 7369 7372
f 7464 7440 7439
f 7465 7466 7467
f 7468 7467 7466
f 7470 7471 7472
f 6928 7468 7469
f 7474 7475 7476
f 7341 7478 7458
f 7354 7458 7478
f 7478 7341 6968
f 7478 7479 7319
f 7355 7478 7318
f 7356 7355 7320
f 7449 7457 7463
f 7480 7434 7020
f 7011 7010 7481
f 7039 7041 7483
f 6905 6906 7484
f 6898 7486 7487
f 7486 7488 7489
f 7488 7490 7491
f 7490 7492 7493
f 7494 7485 7484
f 7494 7495 7496
f 7498 7497 7496
f 7495 7500 7501
f 7499 7496 7501
f 7500 7503 7504
f 7502 7501 7504
f 7505 7504 6936
f 7492 7507 7508
f 7498 7499 7509
f 7499 7502 7511
f 7502 7505 7512
f 7505 7506 7513
f 7507 7514 7515
f 7514 7516 7517
f 7516 7518 7519
f 7520 7521 6913
f 7522 7520 6918
f 7523 7474 7477
f 7525 7523 7524
f 7525 7526 7527
f 7525 7528 6922
f 6921 6916 7523
f 6916 6915 7474
f 7529 7530 7471
f 7477 7476 7531
f 7524 7477 7532
f 7526 7524 7533
f 7527 7526 7534
f 7441 7522 6922
f 7447 6952 6953
f 7528 7527 7442
f 7527 7535 7443
f 6913 7521 7536
f 6914 7536 7537
f 6906 6910 7538
f 7539 6919 6920
f 6910 6919 7539
f 6920 7537 7541
f 7484 7538 7500
f 7542 7539 7540
f 7538 7539 7542
f 7540 7541 7544
f 7545 6962 6961
f 7500 7542 7547
f 7547 7542 7543
f 7547 7546 6961
f 7543 7544 7545
f 7544 6938 6962
f 6938 7544 7541
f 7541 7537 6964
f 7537 7536 6965
f 7536 7521 7331
f 7521 7520 7407
f 7520 7522 7441
f 7503 7547 6960
f 7503 6937 6936
f 6933 6924 7506
f 6924 6923 7513
f 7530 7548 7549
f 7549 7548 7531
f 7471 7549 7550
f 7550 7549 7476
f 7551 7550 7475
f 7551 7553 7472
f 7473 7472 7553
f 7552 7475 7474
f 7555 7474 6915
f 6904 6903 7556
f 7557 7337 925
f 7558 7557 1794
f 7559 7558 1802
f 7560 7559 1804
f 7561 7560 1806
f 7562 7561 1808
f 7563 7189 7145
f 7336 7563 7147
f 7001 7000 7028
f 7000 7024 7055
f 7087 7055 7024
f 7050 7564 7127
f 7128 7127 7564
f 7565 7566 7171
f 7567 7143 7171
f 7144 7143 7567
f 7568 7569 7146
f 7185 7146 7569
f 7570 7571 7187
f 7181 7187 7571
f 7177 7182 7181
f 7393 7397 7396
f 7165 7164 7161
f 7084 7083 7312
f 7123 7084 7322
f 7392 7388 7387
f 7139 7138 7327
f 7176 7139 7328
f 7174 7176 7179
f 7175 7174 7178
f 7570 7140 7175
f 7141 7140 7570
f 7568 7100 7141
f 7101 7100 7568
f 7133 7101 7567
f 7085 7133 7566
f 7564 7086 7085
f 7244 7212 7211
f 7404 7400 7399
f 7219 7218 7252
f 7250 7219 7251
f 7258 7336 7250
f 7258 7257 7563
f 7257 7221 7189
f 7220 7190 7189
f 7217 7190 7220
f 7216 7167 7217
f 7215 7168 7167
f 7170 7130 7168
f 7132 7089 7130
f 7057 7089 7132
f 7092 7058 7057
f 7247 7246 7285
f 7405 7403 7402
f 7254 7253 7290
f 7269 7254 7289
f 7294 7255 7269
f 7294 7293 7256
f 7293 7271 7222
f 7223 7222 7271
f 7248 7223 7270
f 7226 7213 7248
f 7226 7225 7214
f 7191 7169 7214
f 7191 7148 7131
f 7148 7104 7090
f 7104 7103 7091
f 6978 6977 6999
f 6977 6996 7023
f 6996 7022 7049
f 7051 7086 7049
f 7086 7564 7050
f 7083 7082 7317
f 7573 7325 7324
f 7311 7312 7083
f 7575 7573 7574
f 7576 7577 7578
f 7579 7578 7577
f 7165 7124 7120
f 7286 7285 7582
f 7285 7246 7583
f 7246 7245 7584
f 7211 7166 7585
f 7211 7586 7584
f 7165 7581 7585
f 7580 7587 7588
f 7119 7589 7581
f 7345 7209 7347
f 7210 7209 7345
f 7204 7210 7344
f 7205 7204 7330
f 7159 7201 7205
f 7159 7116 7156
f 7157 7156 7116
f 7046 7073 7157
f 7045 7074 7073
f 7014 7043 7074
f 7013 7009 7043
f 7013 7590 7010
f 7481 7010 7590
f 7585 7581 7589
f 7593 7588 7587
f 7242 7265 7348
f 7243 7242 7208
f 7237 7243 7207
f 7238 7237 7203
f 7235 7238 7206
f 7198 7235 7202
f 7199 7198 7155
f 7076 7112 7199
f 7075 7113 7112
f 7044 7071 7113
f 7012 7040 7071
f 7012 7011 7041
f 7483 7041 7011
f 7594 7595 7596
f 7592 7597 7586
f 7595 7598 7599
f 7597 7600 7584
f 7109 7108 7102
f 7105 7149 7150
f 7194 7150 7149
f 7230 7194 7192
f 7231 7230 7224
f 7276 7231 7227
f 7273 7277 7276
f 7273 7272 7297
f 7296 7299 7297
f 7296 7295 7300
f 7308 7303 7300
f 7308 7292 7304
f 7310 7304 7292
f 7291 7290 7405
f 7290 7253 7403
f 7404 7403 7253
f 7252 7218 7400
f 7395 7400 7218
f 7182 7396 7395
f 7394 7396 7182
f 7391 7394 7177
f 7392 7391 7180
f 7327 7138 7388
f 7386 7388 7138
f 7383 7386 7135
f 7326 7381 7383
f 7326 7358 7377
f 7358 7368 7378
f 7365 7376 7378
f 7373 7376 7365
f 7361 7371 7373
f 7372 7371 7361
f 7446 7372 7362
f 7447 7446 7409
f 7535 6952 7447
f 7534 6950 6952
f 7533 6927 6950
f 7533 7532 6928
f 7532 7531 7468
f 7548 7467 7468
f 7464 7467 7548
f 7529 7440 7464
f 7438 7440 7529
f 7435 7438 7601
f 7602 7338 7315
f 7316 7315 7338
f 6990 7324 7316
f 7574 7324 6990
f 7576 7574 6993
f 7048 7352 7577
f 7580 7577 7352
f 7351 7350 7587
f 7594 7587 7350
f 7347 7348 7595
f 7348 7265 7598
f 7598 7265 7264
f 7596 7599 7600
f 7593 7596 7597
f 7592 7589 7588
f 7579 7588 7589
f 7119 7118 7578
f 7575 7578 7118
f 7311 7572 7573
f 7572 7317 7325
f 7313 7325 7317
f 7479 7314 7313
f 7436 7314 7479
f 6968 6944 7437
f 6943 7439 7437
f 7465 7439 6943
f 6946 7466 7465
f 7469 7466 6946
f 6929 7469 6949
f 6930 6929 7431
f 6951 6930 7430
f 6953 6951 7432
f 7444 6953 7433
f 7480 7445 7444
f 7463 7369 7445
f 7462 7370 7369
f 7374 7370 7462
f 7461 7460 7375
f 7379 7375 7460
f 7380 7379 7459
f 7382 7380 7353
f 7384 7382 7356
f 7321 7122 7385
f 7123 7387 7385
f 7389 7387 7123
f 7323 7162 7390
f 7161 7393 7390
f 7161 7164 7397
f 7398 7397 7164
f 7212 7399 7398
f 7401 7399 7212
f 7247 7402 7401
f 7406 7402 7247
f 7309 7406 7284
f 7288 7305 7309
f 7306 7305 7288
f 7301 7306 7287
f 7302 7301 7281
f 7298 7302 7282
f 7278 7298 7280
f 7279 7278 7259
f 7196 7228 7279
f 7195 7229 7228
f 7152 7193 7229
f 7110 7151 7193
f 7106 7151 7110
f 7068 7107 7106
f 7599 7598 7582
f 7600 7599 7583
f 7529 7470 7603
f 7601 7603 7604
f 7602 7604 6988
f 7470 7473 7605
f 7603 7605 7606
f 7604 7606 6984
f 6984 7606 7607
f 6984 7608 7609
f 6985 7609 7590
f 7591 7590 7609
f 7610 7609 7608
f 7611 7608 7607
f 7612 7607 7613
f 7613 7607 7606
f 7613 7605 7473
f 7614 7613 7554
f 7554 7553 7561
f 7553 7551 7560
f 7551 7552 7559
f 7552 7555 7558
f 7555 7556 7557
f 7556 6903 7337
f 6903 6901 6896
f 6901 6900 6897
f 6900 6905 6898
f 6905 7485 7486
f 7485 7494 7488
f 7494 7497 7490
f 7497 7498 7492
f 7498 7510 7507
f 7510 7509 7514
f 7509 7511 7516
f 7511 7512 7518
f 7615 7616 7037
f 7483 7617 7615
f 7618 7617 7483
f 7481 7619 7618
f 7591 7620 7619
f 7591 7610 7621
f 7610 7611 7622
f 7611 7612 1814
f 7612 7614 1812
f 7614 7562 1810
f 7618 7619 7623
f 7625 7626 7627
f 7615 7617 7629
f 7626 7625 7616
f 7624 7623 7630
f 7632 7633 7634
f 7633 7632 7636
f 7638 7639 7640
f 7641 7640 7642
f 7643 7642 7644
f 7645 7644 7646
f 7639 7638 7648
f 7650 7651 7652
f 7654 7655 7656
f 7658 7654 7657
f 7651 7658 7659
f 7660 7661 7656
f 7662 7663 7664
f 7666 7662 7665
f 7668 7669 7670
f 7672 7673 7674
f 7676 7677 7678
f 7679 7680 7681
f 7680 7682 7683
f 7684 7685 7686
f 7685 7684 7688
f 7690 7691 7692
f 7694 7691 7690
f 7696 7694 7695
f 7696 7697 7698
f 7699 7698 7700
f 7702 7666 7667
f 7703 7671 7670
f 7704 7650 7653
f 7706 7704 7705
f 7708 7709 7710
f 7709 7712 7713
f 7713 7712 1816
f 7629 7714 7627
f 7627 7714 7715
f 7631 7630 7717
f 7711 7710 7719
f 7710 7713 7721
f 7721 7713 1818
f 7722 7723 7724
f 7726 7727 7728
f 7730 7731 7732
f 7731 7734 7735
f 1824 7735 7734
f 7736 7737 7738
f 7740 7741 7742
f 7744 7740 7743
f 7746 7744 7745
f 7748 7706 7707
f 7750 7746 7747
f 7752 7748 7749
f 7739 7750 7751
f 7687 7686 7754
f 7635 7634 7756
f 7688 7693 7692
f 7636 7649 7648
f 7721 1820 1821
f 7719 7721 7734
f 7720 7719 7731
f 7718 7717 7727
f 7716 7715 7723
f 7737 7758 7759
f 1871 7748 7752
f 1868 7706 7748
f 1867 7704 7706
f 7650 7704 1867
f 7651 7650 1827
f 1834 7658 7651
f 7654 7658 1834
f 7655 7654 1833
f 1836 1838 7660
f 1842 1841 7665
f 1841 1848 7667
f 7703 7667 1848
f 1845 7671 7703
f 1845 1862 7668
f 1849 1852 7675
f 7678 1853 1856
f 7680 7679 1856
f 7682 7680 1858
f 7760 7756 7634
f 7633 7762 7761
f 7762 7633 7637
f 7648 7764 7763
f 7638 7765 7764
f 7638 7641 7766
f 7766 7641 7643
f 7767 7643 7645
f 7769 7768 7645
f 7681 7683 7770
f 7676 7681 7771
f 7772 7773 7677
f 7774 7775 7673
f 7669 7776 7777
f 7702 7670 7777
f 7778 7779 7666
f 7779 7780 7662
f 7780 7781 7663
f 7661 7782 7783
f 7657 7656 7783
f 7659 7657 7784
f 7652 7659 7785
f 7653 7652 7786
f 7705 7653 7787
f 7707 7705 7788
f 7749 7707 7789
f 7753 7749 7790
f 7792 7793 7794
f 7796 7792 7795
f 7797 7798 7799
f 7800 7801 7802
f 7804 7805 7806
f 7808 7804 7807
f 7809 7810 7811
f 7810 7812 7813
f 7812 7814 7815
f 7816 7817 7818
f 7820 7816 7819
f 7822 7820 7821
f 7824 7822 7823
f 7826 7824 7825
f 7828 7826 7827
f 7830 7828 7829
f 7832 7830 7831
f 7834 7832 7833
f 7752 7836 1864
f 7835 7837 7838
f 7791 7839 7840
f 7753 7840 7836
f 1826 7841 7735
f 7732 7735 7841
f 7733 7732 7842
f 7844 7729 7728
f 7844 7845 7838
f 7843 7842 7840
f 7842 7841 7836
f 1864 7836 7841
f 2110 7635 7757
f 2109 7632 7635
f 7632 2109 2108
f 2107 7649 7636
f 2106 7639 7649
f 7640 7639 2106
f 7642 7640 2105
f 7644 7642 2104
f 7646 7644 2103
f 7803 7799 7798
f 7677 7773 7774
f 7678 7677 7672
f 1852 1853 7678
f 7660 1838 1842
f 7663 7661 7660
f 7781 7782 7661
f 7814 7818 7817
f 7668 1862 1849
f 7673 7669 7668
f 7775 7776 7669
f 7801 7806 7805
f 7757 7756 7683
f 2111 7757 7682
f 7756 7760 7770
f 7793 7755 7754
f 7846 7742 7741
f 7848 7846 7847
f 7850 7851 7852
f 7850 7854 7855
f 7856 7857 7858
f 7856 7860 7861
f 7860 7862 7863
f 7863 7862 7864
f 7864 7866 7867
f 7868 7869 7853
f 7870 7871 7872
f 7874 7870 7873
f 7876 7874 7875
f 7878 7879 7880
f 7882 7883 7884
f 7886 7882 7885
f 7888 7886 7887
f 7890 7888 7889
f 7892 7890 7891
f 7894 7895 7896
f 7849 7894 7897
f 7854 7859 7858
f 7879 7876 7877
f 7895 7892 7893
f 7871 7869 7868
f 7619 7620 7708
f 7630 7623 7708
f 7717 7630 7711
f 7727 7717 7720
f 7728 7727 7730
f 7845 7728 7733
f 7838 7845 7843
f 7834 7838 7839
f 7791 7790 7832
f 7790 7789 7830
f 7789 7788 7828
f 7788 7787 7826
f 7786 7824 7826
f 7786 7785 7822
f 7784 7820 7822
f 7783 7816 7820
f 7782 7817 7816
f 7815 7817 7782
f 7813 7815 7781
f 7811 7813 7780
f 7808 7811 7779
f 7778 7777 7804
f 7776 7805 7804
f 7802 7805 7776
f 7803 7802 7775
f 7773 7799 7803
f 7796 7799 7773
f 7772 7771 7792
f 7771 7770 7793
f 7760 7755 7793
f 7687 7755 7760
f 7684 7687 7761
f 7688 7684 7762
f 7763 7764 7693
f 7765 7690 7693
f 7695 7690 7765
f 7697 7695 7766
f 7698 7697 7767
f 7700 7698 7768
f 7624 7629 7617
f 7624 7631 7714
f 7715 7714 7631
f 7723 7715 7718
f 7724 7723 7726
f 7759 7724 7729
f 7738 7759 7844
f 7739 7738 7837
f 7833 7750 7739
f 7831 7746 7750
f 7831 7829 7744
f 7829 7827 7740
f 7827 7825 7741
f 7847 7741 7825
f 7849 7847 7823
f 7821 7819 7894
f 7819 7818 7895
f 7818 7814 7892
f 7814 7812 7890
f 7812 7810 7888
f 7810 7809 7886
f 7809 7807 7882
f 7807 7806 7883
f 7806 7801 7878
f 7801 7800 7879
f 7800 7798 7876
f 7798 7797 7874
f 7797 7795 7870
f 7795 7794 7871
f 7794 7754 7869
f 7853 7869 7754
f 7850 7853 7686
f 7685 7689 7854
f 7689 7692 7859
f 7691 7856 7859
f 7691 7694 7860
f 7694 7696 7862
f 7864 7862 7696
f 7699 7701 7866
f 7898 7899 7900
f 7902 7903 7904
f 7906 7907 7908
f 7906 7910 7911
f 7912 7913 7914
f 7913 7916 7917
f 7917 7916 7918
f 7918 7647 7646
f 7912 7915 7920
f 7922 7923 7924
f 7926 7927 7928
f 7930 7931 7927
f 7925 7924 7931
f 7932 7929 7928
f 7934 7935 7936
f 7938 7939 7935
f 7940 7941 7942
f 7944 7945 7946
f 7948 7949 7950
f 7949 7948 7952
f 7953 7952 7954
f 7956 7957 7958
f 7956 7960 7961
f 7962 7963 7964
f 7966 7967 7963
f 7968 7969 7967
f 7969 7968 7970
f 7970 7701 7700
f 7972 7973 7939
f 7973 7972 7942
f 7974 7975 7923
f 7976 7977 7975
f 7978 7979 7980
f 7981 7980 7982
f 7982 3995 3993
f 7984 7901 7900
f 7900 7986 7987
f 7903 7988 7989
f 7979 7990 7991
f 7980 7991 7992
f 7992 3997 3995
f 7993 7994 7995
f 7997 7998 7999
f 8001 8002 8003
f 8004 8003 8005
f 4000 3999 8006
f 8007 8008 8009
f 8011 8012 8013
f 8015 8016 8012
f 8017 8018 8016
f 8019 8020 7977
f 8021 8022 8018
f 8023 8024 8020
f 8009 8008 8022
f 7959 7958 8025
f 7909 7908 8027
f 7961 7960 7965
f 7911 7910 7921
f 7992 8006 3999
f 7991 8004 8006
f 7990 8001 8004
f 7988 7997 8000
f 7986 7993 7996
f 8029 8007 8010
f 4049 4048 8023
f 4044 4049 8019
f 4045 4044 7976
f 7922 4005 4045
f 7925 4006 4005
f 4010 4006 7925
f 7926 4011 4010
f 7929 4013 4011
f 4013 7929 7932
f 4018 7936 7935
f 4019 7935 7939
f 7973 4022 4025
f 4023 4022 7973
f 4023 7941 7940
f 4027 7946 7945
f 7950 7949 4032
f 7953 4035 4032
f 7955 4037 4035
f 8031 7909 8028
f 8033 7906 7909
f 8033 8034 7910
f 7921 7910 8034
f 8036 7912 7921
f 7912 8036 8037
f 8037 8038 7916
f 7918 7916 8038
f 7769 7647 7918
f 7952 8040 8041
f 7948 8042 8040
f 8042 7948 7951
f 8044 7944 7947
f 7943 7942 8046
f 7972 8048 8046
f 8048 7972 7938
f 8049 7938 7934
f 8050 7934 7937
f 7933 7928 8052
f 7927 8054 8052
f 7931 8055 8054
f 7924 8056 8055
f 7923 8057 8056
f 7975 8058 8057
f 7977 8059 8058
f 8020 8060 8059
f 8024 8061 8060
f 8062 8063 8064
f 8066 8067 8063
f 8067 8066 8068
f 8070 8071 8072
f 8074 8075 8076
f 8078 8079 8075
f 8079 8078 8080
f 8081 8080 8082
f 8083 8082 8084
f 8086 8087 8088
f 8090 8091 8087
f 8092 8093 8091
f 8094 8095 8093
f 8096 8097 8095
f 8098 8099 8097
f 8100 8101 8099
f 8102 8103 8101
f 8104 8105 8103
f 8023 4048 4041
f 8105 8104 8107
f 8061 8024 8109
f 8024 8023 8106
f 4003 4000 8005
f 8003 8112 8111
f 8002 8113 8112
f 8114 8115 7999
f 8114 8108 8107
f 8113 8110 8109
f 8112 8109 8106
f 4041 4003 8111
f 7908 4277 4278
f 7907 4276 4277
f 7907 7911 4275
f 4274 4275 7911
f 7915 4273 4274
f 7914 4272 4273
f 7917 4271 4272
f 4271 7917 7919
f 7646 2102 4270
f 8071 8070 8069
f 7951 7944 8044
f 7950 7945 7944
f 4028 7945 7950
f 7932 7936 4018
f 7937 7936 7932
f 8051 7937 7933
f 8085 8084 8089
f 7940 7946 4027
f 7947 7946 7940
f 8045 7947 7943
f 8073 8072 8077
f 8027 7955 7954
f 4278 4037 7955
f 8028 7954 8041
f 8065 8064 8026
f 8013 8116 8117
f 8116 8118 8119
f 8120 8121 8122
f 8121 8120 8124
f 8126 8127 8128
f 8128 8127 8130
f 8131 8130 8132
f 8133 8132 8134
f 8135 8134 7867
f 8136 8137 8138
f 8140 8141 8137
f 8142 8143 8141
f 8144 8145 8146
f 8148 8149 8150
f 8152 8153 8149
f 8154 8155 8153
f 8156 8157 8155
f 8158 8159 8157
f 8160 8161 8162
f 8119 8118 8161
f 8123 8122 8164
f 8125 8124 8126
f 8147 8146 8143
f 8163 8162 8159
f 8139 8138 8165
f 7904 7979 7978
f 7989 7990 7979
f 8000 8001 7990
f 7999 8002 8001
f 8115 8113 8002
f 8107 8110 8113
f 8104 8061 8110
f 8061 8104 8102
f 8060 8102 8100
f 8059 8100 8098
f 8058 8098 8096
f 8056 8057 8096
f 8056 8094 8092
f 8054 8055 8092
f 8052 8054 8090
f 8053 8052 8086
f 8084 8051 8053
f 8082 8050 8051
f 8080 8049 8050
f 8078 8048 8049
f 8048 8078 8074
f 8047 8046 8074
f 8072 8045 8047
f 8071 8044 8045
f 8043 8044 8071
f 8066 8042 8043
f 8042 8066 8062
f 8040 8062 8065
f 8032 8041 8065
f 8031 8032 8025
f 8033 8031 7958
f 7961 8034 8033
f 8034 7961 7964
f 7963 8036 8035
f 7967 8037 8036
f 7969 8038 8037
f 8039 8038 7969
f 7700 7769 8039
f 7902 7984 7985
f 7987 7988 7903
f 7996 7997 7988
f 7995 7998 7997
f 8030 8114 7998
f 8010 8108 8114
f 8009 8105 8108
f 8103 8105 8009
f 8101 8103 8021
f 8101 8017 8015
f 8099 8015 8011
f 8097 8011 8014
f 8117 8093 8095
f 8119 8091 8093
f 8091 8119 8160
f 8087 8160 8163
f 8088 8163 8158
f 8085 8158 8156
f 8083 8156 8154
f 8081 8154 8152
f 8079 8152 8148
f 8075 8148 8151
f 8076 8151 8144
f 8073 8144 8147
f 8070 8147 8142
f 8069 8142 8140
f 8067 8140 8136
f 8063 8136 8139
f 8064 8139 8164
f 7959 8026 8164
f 7956 7959 8122
f 7956 8121 8125
f 7960 8125 8129
f 8128 7962 7965
f 7962 8128 8131
f 7966 8131 8133
f 7970 7968 8133
f 7970 8135 7866
f 7881 7884 7883
f 8151 8150 8145
f 8166 7628 7627
f 7899 8167 7986
f 7725 8168 8169
f 8170 7994 7993
f 7722 8169 8166
f 8171 7993 7986
f 8172 8173 8007
f 8173 8174 8008
f 8022 8008 8174
f 8018 8022 8175
f 8016 8018 8176
f 8012 8016 8177
f 8013 8012 8178
f 8179 8180 8116
f 8180 8181 8118
f 8161 8118 8181
f 8162 8161 8182
f 8159 8162 8183
f 8157 8159 8184
f 8155 8157 8185
f 8153 8155 8186
f 8149 8153 8187
f 8150 8149 8188
f 8145 8150 8189
f 8146 8145 8190
f 8143 8146 8191
f 8141 8143 8192
f 8137 8141 8193
f 8138 8137 8194
f 8165 8138 8195
f 8123 8165 8196
f 8120 8123 8197
f 8124 8120 8198
f 8126 8124 8199
f 8201 8127 8126
f 8130 8127 8201
f 8132 8130 8202
f 8134 8132 8203
f 7867 8134 8204
f 7865 7867 8205
f 7863 7865 8206
f 7861 7863 8207
f 7857 7861 8208
f 7858 7857 8209
f 7855 7858 8210
f 7851 7855 8211
f 7852 7851 8212
f 7868 7852 8213
f 7872 7868 8214
f 7873 7872 8215
f 7875 7873 8216
f 7877 7875 8217
f 7880 7877 8218
f 7881 7880 8219
f 8221 7884 7881
f 7885 7884 8221
f 7887 7885 8222
f 7889 7887 8223
f 7891 7889 8224
f 7893 7891 8225
f 7896 7893 8226
f 7897 7896 8227
f 7848 7897 8228
f 8230 7846 7848
f 8231 7742 7846
f 7743 7742 8231
f 7745 7743 8232
f 7747 7745 8233
f 7751 7747 8234
f 7736 7751 8235
f 8237 7737 7736
f 8238 7758 7737
f 8029 8030 7995
f 7759 7758 7725
f 7758 8238 8168
f 8172 8029 7994
f 7901 6247 6265
f 6248 6247 7901
f 7902 6217 6248
f 6218 6217 7902
f 6862 6218 7905
f 7708 7620 7621
f 6862 7978 7981
f 7709 7621 7622
f 6894 7981 7983
f 7712 7622 1814
f 6895 7983 3993
f 8239 8240 8241
f 8243 8244 8245
f 8244 8247 8248
f 8249 8250 8251
f 8253 8252 8251
f 8251 8255 8256
f 8257 8258 8259
f 8261 8260 8259
f 8242 8241 8263
f 8265 8249 8252
f 8266 8252 8253
f 8268 8269 8261
f 8270 8261 8262
f 8272 8243 8246
f 8274 8239 8242
f 8275 8242 8264
f 8247 8277 8278
f 8241 8240 8279
f 8241 8280 8281
f 8282 8283 8284
f 8255 8286 8287
f 8255 8288 8289
f 8290 8274 8275
f 8291 8275 8276
f 8293 8290 8291
f 8294 8291 8292
f 8296 8293 8294
f 8297 8294 8295
f 8299 8300 8301
f 8302 8301 8303
f 8305 8306 8307
f 8308 8307 8309
f 8310 8309 8311
f 8312 8311 8313
f 8315 8316 8307
f 8316 8317 8309
f 8317 8318 8311
f 8318 8319 8313
f 8320 8321 8322
f 8323 8322 8324
f 8325 8324 8326
f 8327 8326 8328
f 8330 8322 8321
f 8332 8324 8322
f 8333 8326 8324
f 8312 8314 1470
f 8310 8312 1461
f 8308 8310 1454
f 8305 8308 1449
f 8272 8334 8335
f 8243 8335 8336
f 8247 8337 8338
f 8244 8336 8337
f 8339 8299 8302
f 8340 8302 8304
f 8335 8334 8320
f 8336 8335 8323
f 8337 8336 8325
f 8338 8337 8327
f 831 830 7487
f 7487 7489 8343
f 8344 1413 831
f 8345 8344 8342
f 8346 1414 1413
f 8347 8346 8344
f 1418 1417 8348
f 8348 8350 8351
f 1421 1418 8349
f 8305 8349 8351
f 8343 7489 7491
f 7491 7493 8353
f 8354 8345 8343
f 8355 8354 8352
f 8356 8347 8345
f 8351 8350 8357
f 8306 8351 8358
f 8359 8356 8354
f 8358 8357 8360
f 8315 8358 8361
f 8353 7493 7508
f 8364 8355 8353
f 8361 8360 8365
f 8362 8361 8366
f 8363 7508 7515
f 7515 7517 8368
f 7517 7519 8369
f 8370 8371 8372
f 8371 8374 8284
f 8374 8375 8285
f 8373 8372 8376
f 8372 8284 8283
f 8377 8376 8378
f 8376 8283 8380
f 8381 8382 8383
f 8329 8382 8381
f 8385 8381 8384
f 8338 8381 8385
f 8385 8386 8387
f 8277 8385 8388
f 8389 8388 8387
f 8278 8388 8389
f 8379 8378 8391
f 8378 8380 8393
f 8394 8389 8390
f 8280 8279 8389
f 8380 8283 8282
f 8380 8396 8397
f 8330 8331 8319
f 8332 8330 8318
f 8333 8332 8317
f 8382 8329 8328
f 8383 8382 8366
f 8371 8370 8363
f 8374 8371 8367
f 8375 8374 8368
f 8398 8399 8400
f 8288 8340 8341
f 8357 8356 8359
f 8350 8347 8356
f 8348 8346 8347
f 1417 1414 8346
f 8399 8270 8271
f 8402 8272 8273
f 8314 8313 8404
f 8321 8320 8406
f 8331 8321 8407
f 1470 8314 8405
f 8334 8272 8402
f 8320 8334 8409
f 8319 8331 8408
f 8319 8410 8404
f 8411 8402 8403
f 8413 8405 8404
f 8415 8407 8406
f 8417 8408 8407
f 1941 1938 8405
f 8418 8409 8402
f 8416 8406 8409
f 8410 8408 8417
f 8410 8419 8414
f 8387 8420 8421
f 8384 8383 8422
f 8386 8384 8423
f 8387 8386 8424
f 8422 8383 8365
f 8360 8359 8425
f 8420 8426 8427
f 8423 8422 8428
f 8424 8423 8429
f 8420 8424 8430
f 8428 8422 8425
f 8425 8359 8355
f 8427 8426 8379
f 8429 8428 8370
f 8430 8429 8373
f 8426 8430 8377
f 8370 8428 8364
f 8392 8391 8431
f 8391 8393 8433
f 8393 8397 8434
f 8390 8421 8435
f 8421 8427 8436
f 8427 8392 8432
f 8437 8438 8439
f 8441 8437 8440
f 8443 8437 8441
f 8445 8446 8443
f 8447 8441 8442
f 8444 8441 8447
f 8450 8445 8444
f 8451 8447 8448
f 8449 8447 8451
f 8454 8450 8449
f 8455 8451 8452
f 8453 8451 8455
f 8458 8454 8453
f 8459 8460 8461
f 8461 8460 8463
f 8455 8465 8466
f 8466 8459 8458
f 8467 8465 8468
f 8466 8465 8467
f 8460 8459 8466
f 8470 8467 8471
f 8460 8470 8472
f 8471 8467 8469
f 8462 8461 8474
f 8461 8464 8476
f 8417 8415 8477
f 8419 8417 8478
f 8419 8479 8480
f 8413 8414 8480
f 1941 8413 8481
f 8482 8483 8484
f 8483 8486 8487
f 8487 8486 8488
f 8488 8490 8491
f 8490 1945 1948
f 8488 8486 8492
f 8490 8488 8493
f 8482 8495 8496
f 8486 8483 8496
f 1945 8490 8494
f 8492 8496 8497
f 8493 8492 8498
f 8494 8493 8499
f 1951 8494 8500
f 8443 8446 8501
f 8437 8443 8502
f 8503 8297 8298
f 8505 8411 8412
f 8418 8411 8505
f 8416 8418 8507
f 8416 8508 8477
f 8301 8509 8510
f 8438 8511 8512
f 8513 8511 8438
f 8514 8513 8502
f 8485 8514 8501
f 8482 8501 8446
f 8495 8446 8445
f 8496 8495 8515
f 8515 8445 8450
f 8450 8454 8517
f 8517 8454 8458
f 8518 8458 8459
f 1965 8519 8520
f 8519 1965 1953
f 8521 8520 8519
f 8522 8519 8500
f 8521 8522 8523
f 8498 8523 8522
f 8525 8523 8498
f 8526 8524 8523
f 8527 8528 8516
f 8529 8527 8517
f 8529 8518 8462
f 8530 8528 8527
f 8531 8527 8529
f 8533 8534 8530
f 8535 8533 8531
f 8532 8529 8475
f 8536 8537 8535
f 8538 8539 8540
f 8542 8543 8544
f 8536 8545 8544
f 1942 8481 8491
f 8481 8480 8489
f 8479 8487 8489
f 8479 8478 8484
f 8485 8484 8478
f 8485 8477 8508
f 8514 8508 8507
f 8513 8507 8505
f 8511 8505 8506
f 8509 8546 8547
f 8509 8503 8504
f 8548 8549 8394
f 8432 8431 8550
f 8431 8433 8552
f 8433 8434 8553
f 8395 8435 8554
f 8435 8436 8555
f 8551 8555 8436
f 8280 8394 8549
f 8455 8456 8468
f 8539 8398 8401
f 8474 8476 8542
f 8474 8545 8536
f 8525 8497 8528
f 8526 8525 8530
f 8497 8515 8516
f 8257 8556 8265
f 8257 8266 8267
f 8557 8558 8543
f 8559 8557 8542
f 8560 8559 8476
f 8268 8560 8464
f 8269 8268 8463
f 8561 8269 8472
f 8561 8471 8473
f 8265 8556 8473
f 8249 8265 8469
f 8250 8249 8468
f 8286 8250 8456
f 8287 8286 8452
f 8339 8287 8448
f 8299 8339 8442
f 8300 8299 8440
f 8546 8300 8439
f 8547 8546 8512
f 8296 8547 8506
f 8293 8296 8412
f 8290 8293 8403
f 8274 8290 8273
f 8239 8274 8246
f 8240 8239 8245
f 8279 8240 8248
f 8255 8251 8250
f 8339 8340 8288
f 8509 8301 8300
f 8296 8297 8503
f 8539 8538 8558
f 8559 8398 8539
f 8399 8398 8559
f 8268 8270 8399
f 8260 8261 8269
f 8257 8260 8561
f 8326 8333 8362
f 8333 8316 8315
f 8562 8563 8564
f 8566 8567 8568
f 8570 8566 8569
f 8572 8573 8574
f 8576 8577 8574
f 8574 8577 8578
f 8580 8581 8582
f 8584 8585 8583
f 8563 8586 8587
f 8588 8589 8573
f 8589 8590 8576
f 8591 8592 8584
f 8592 8594 8585
f 8567 8595 8596
f 8597 8598 8563
f 8598 8599 8586
f 8600 8570 8571
f 8564 8602 8603
f 8564 8587 8604
f 8605 8606 8607
f 8579 8609 8610
f 8579 8578 8612
f 8613 8614 8598
f 8614 8615 8599
f 8616 8617 8614
f 8617 8618 8615
f 8619 8620 8617
f 8620 8621 8618
f 8622 8623 8624
f 8623 8626 8627
f 8628 8629 8630
f 8629 8632 8633
f 8632 8634 8635
f 8634 8636 8637
f 8638 8631 8630
f 8639 8630 8633
f 8640 8633 8635
f 8641 8635 8637
f 8643 8644 8645
f 8644 8647 8648
f 8647 8649 8650
f 8649 8651 8652
f 8653 8654 8646
f 8655 8653 8645
f 8656 8655 8648
f 8634 3661 3670
f 8632 3654 3661
f 8629 3649 3654
f 8628 3621 3649
f 8595 8567 8657
f 8567 8566 8659
f 8570 8600 8660
f 8566 8570 8661
f 8662 8663 8623
f 8663 8664 8626
f 8657 8644 8643
f 8659 8647 8644
f 8661 8649 8647
f 8660 8651 8649
f 3041 8665 6886
f 6886 8665 8666
f 8667 8665 3041
f 8668 8666 8665
f 8669 8667 3613
f 8670 8668 8667
f 3616 8671 8672
f 8672 8671 8673
f 3621 8628 8671
f 8628 8631 8673
f 8666 8675 6888
f 6888 8675 8676
f 8677 8675 8666
f 8678 8676 8675
f 8679 8677 8668
f 8673 8680 8681
f 8631 8638 8680
f 8682 8678 8677
f 8680 8683 8684
f 8638 8685 8683
f 8676 8686 6890
f 8687 8686 8676
f 8683 8688 8689
f 8685 8652 8688
f 8686 8690 6891
f 6891 8690 8691
f 6892 8691 8692
f 8693 8694 8695
f 8696 8695 8607
f 8697 8607 8606
f 8694 8699 8700
f 8695 8700 8608
f 8700 8699 8701
f 8608 8700 8702
f 8704 8705 8706
f 8651 8660 8704
f 8708 8709 8705
f 8660 8600 8708
f 8709 8708 8710
f 8708 8600 8601
f 8712 8713 8711
f 8601 8603 8712
f 8701 8714 8715
f 8702 8715 8716
f 8717 8718 8713
f 8602 8717 8712
f 8719 8605 8608
f 8703 8716 8720
f 8653 8641 8642
f 8655 8640 8641
f 8656 8639 8640
f 8707 8688 8652
f 8706 8689 8688
f 8696 8690 8686
f 8697 8691 8690
f 8698 8692 8691
f 8721 8722 8723
f 8609 8612 8664
f 8681 8684 8682
f 8674 8681 8679
f 8672 8674 8670
f 3617 8672 8669
f 8724 8723 8594
f 8636 8725 8726
f 8646 8727 8728
f 8654 8729 8727
f 3670 4113 8725
f 8658 8730 8731
f 8643 8728 8730
f 8642 8732 8729
f 8642 8637 8726
f 8733 8734 8726
f 8735 8736 8728
f 8737 8735 8727
f 4116 8733 8725
f 8738 8739 8731
f 8736 8738 8730
f 8732 8740 8737
f 8732 8726 8734
f 8711 8713 8741
f 8705 8743 8744
f 8709 8745 8743
f 8745 8709 8711
f 8744 8746 8689
f 8684 8689 8746
f 8742 8741 8747
f 8743 8749 8750
f 8745 8751 8749
f 8751 8745 8742
f 8750 8687 8746
f 8746 8687 8678
f 8747 8714 8701
f 8749 8694 8693
f 8751 8699 8694
f 8701 8699 8751
f 8693 8686 8687
f 8714 8752 8753
f 8715 8753 8754
f 8716 8754 8755
f 8713 8718 8756
f 8741 8756 8757
f 8747 8757 8752
f 8595 8731 8758
f 8731 8739 8759
f 8760 8761 8762
f 8764 8765 8766
f 8767 8765 8764
f 8761 8766 8769
f 8765 8770 8771
f 8772 8770 8765
f 8766 8771 8773
f 8770 8774 8775
f 8776 8774 8770
f 8771 8775 8777
f 8774 8778 8779
f 8780 8778 8774
f 8775 8779 8781
f 8782 8783 8784
f 8784 8786 8787
f 8779 8778 8788
f 8788 8778 8780
f 8788 8790 8791
f 8785 8790 8788
f 8789 8791 8792
f 8790 8794 8795
f 8785 8787 8794
f 8792 8791 8795
f 8783 8797 8798
f 8784 8798 8799
f 8737 8800 8801
f 8740 8802 8800
f 8740 8734 8803
f 8733 8804 8803
f 4116 4118 8804
f 8805 8806 8807
f 8808 8807 8809
f 8809 8811 8812
f 8812 8811 8813
f 8814 8813 4121
f 8812 8815 8816
f 8814 8817 8815
f 8805 8808 8818
f 8810 8816 8818
f 4120 4127 8817
f 8816 8820 8821
f 8815 8822 8820
f 8817 8823 8822
f 4127 4129 8823
f 8764 8824 8825
f 8761 8760 8824
f 8826 8827 8621
f 8739 8828 8829
f 8738 8830 8828
f 8736 8831 8830
f 8736 8735 8801
f 8624 8627 8832
f 8834 8760 8763
f 8836 8824 8760
f 8837 8825 8824
f 8806 8805 8825
f 8805 8819 8768
f 8819 8838 8767
f 8818 8821 8838
f 8838 8839 8772
f 8772 8839 8840
f 8840 8841 8780
f 8841 8783 8782
f 4138 1966 8520
f 8842 8823 4129
f 8521 8843 8842
f 8843 8822 8823
f 8521 8524 8844
f 8820 8822 8843
f 8845 8821 8820
f 8526 8845 8844
f 8846 8840 8839
f 8848 8841 8840
f 8848 8797 8783
f 8849 8850 8846
f 8850 8851 8848
f 8533 8850 8849
f 8535 8851 8850
f 8851 8852 8797
f 8852 8851 8535
f 8538 8541 8853
f 8855 8856 8544
f 8852 8537 8544
f 4118 4121 8813
f 8804 8813 8811
f 8802 8803 8811
f 8802 8809 8807
f 8806 8801 8800
f 8806 8837 8831
f 8837 8836 8830
f 8836 8834 8828
f 8828 8834 8835
f 8833 8826 8857
f 8833 8832 8827
f 8859 8718 8717
f 8752 8861 8862
f 8753 8862 8863
f 8754 8863 8864
f 8718 8859 8865
f 8756 8865 8866
f 8861 8752 8757
f 8602 8604 8860
f 8789 8793 8781
f 8854 8853 8722
f 8798 8856 8855
f 8798 8797 8852
f 8845 8849 8847
f 8526 8534 8849
f 8821 8847 8839
f 8581 8589 8588
f 8581 8580 8590
f 8868 8855 8543
f 8869 8799 8855
f 8870 8786 8799
f 8591 8787 8786
f 8593 8794 8787
f 8871 8795 8794
f 8796 8795 8871
f 8588 8792 8796
f 8572 8793 8792
f 8575 8781 8793
f 8611 8777 8781
f 8610 8773 8777
f 8662 8769 8773
f 8622 8762 8769
f 8625 8763 8762
f 8858 8835 8763
f 8857 8829 8835
f 8619 8759 8829
f 8616 8758 8759
f 8613 8596 8758
f 8597 8568 8596
f 8562 8569 8568
f 8565 8571 8569
f 8603 8601 8571
f 8579 8611 8575
f 8662 8610 8609
f 8833 8858 8625
f 8619 8857 8826
f 8854 8868 8558
f 8869 8868 8854
f 8724 8870 8869
f 8591 8870 8724
f 8582 8871 8593
f 8867 8871 8582
f 8650 8652 8685
f 8656 8685 8638
f 8872 8873 8874
f 8876 8877 8878
f 8880 8881 8882
f 8873 8884 8885
f 8884 8886 8887
f 8888 8889 8890
f 8890 8889 8892
f 8892 8889 8894
f 8889 8888 8896
f 8897 8898 8899
f 8901 8902 8903
f 8905 8906 8907
f 8909 8910 8911
f 8913 8914 8915
f 8872 8282 8285
f 8282 8872 8875
f 8375 8918 8917
f 8396 8875 8919
f 8918 8375 8369
f 8900 8899 8921
f 8923 8901 8904
f 8922 8921 8925
f 8927 8928 8880
f 8929 8930 8913
f 8877 8931 8932
f 8933 8934 8935
f 8937 8935 8934
f 8933 8936 8932
f 8397 8919 8939
f 8940 8941 8942
f 8944 8945 8946
f 8938 8948 8949
f 8434 8939 8950
f 8951 8905 8908
f 8909 8912 8953
f 8916 8915 8881
f 8928 8929 8916
f 8946 8955 8956
f 8957 8958 8959
f 8958 8961 8962
f 8940 8943 8962
f 8957 8960 8947
f 8919 8875 8874
f 8939 8919 8963
f 8943 8942 8965
f 8950 8939 8964
f 8960 8959 8968
f 8959 8962 8970
f 8943 8966 8970
f 8960 8969 8944
f 8894 8896 8971
f 8895 8894 8972
f 8885 8887 8974
f 8874 8885 8975
f 8972 8971 8976
f 8973 8972 8977
f 8975 8974 8979
f 8963 8975 8980
f 8977 8976 8981
f 8978 8977 8982
f 8980 8979 8984
f 8964 8980 8985
f 8986 8987 8988
f 8990 8986 8989
f 8992 8993 8994
f 8966 8965 8992
f 8996 8997 8945
f 8969 8998 8996
f 8998 8969 8968
f 9000 8999 8968
f 9001 9002 8997
f 8998 9003 9001
f 9003 8998 8999
f 9005 9004 8999
f 9006 9007 9008
f 9010 9011 9006
f 9011 9010 9012
f 9014 9013 9012
f 9016 9017 9007
f 9011 9018 9016
f 9018 9011 9013
f 9020 9019 9013
f 9021 9022 9023
f 9025 9026 9021
f 9026 9025 9027
f 9027 8923 8924
f 8989 8988 9020
f 8991 8989 9014
f 8995 8994 9005
f 8966 8995 9000
f 9029 9030 9031
f 9033 9034 9035
f 9036 9035 9037
f 8926 8925 9034
f 9038 9037 9029
f 8887 8886 8892
f 8887 8895 8973
f 8979 8974 8973
f 8979 8978 8983
f 8994 8993 8990
f 8994 8991 9015
f 9015 9012 9004
f 9003 9004 9012
f 9003 9010 9009
f 9008 9002 9001
f 9039 9040 9041
f 8920 9039 9042
f 9040 9043 9044
f 9043 9045 9046
f 9047 9048 9049
f 9045 9047 9050
f 8876 8879 9051
f 9042 9041 9053
f 8918 9042 9054
f 9041 9044 9055
f 9044 9046 8893
f 9050 9049 8891
f 9046 9050 8890
f 8886 8884 9053
f 8886 9055 8893
f 9054 9053 8884
f 8872 8917 9054
f 9056 9057 9058
f 9060 9061 9058
f 9062 9063 9061
f 8953 9064 9065
f 8942 8941 8553
f 8965 8942 8950
f 8992 8965 8967
f 8993 8992 8985
f 8990 8993 8984
f 8986 8990 8983
f 8987 8986 8982
f 8903 8902 8949
f 9066 9067 9068
f 9070 9066 9069
f 9072 9070 9071
f 9074 9072 9073
f 9076 9074 9075
f 9078 9076 9077
f 9080 9078 9079
f 9082 9080 9081
f 9084 9082 9083
f 9086 9084 9085
f 9088 9086 9087
f 8877 8928 8927
f 8876 8929 8928
f 9052 8930 8929
f 8915 8914 8910
f 8881 8915 8909
f 8882 8881 8954
f 8912 8911 9062
f 8953 8912 9060
f 9057 9056 9064
f 9023 9017 9016
f 9018 9025 9024
f 9027 9025 9018
f 9019 9020 8923
f 8988 8901 8923
f 8987 8902 8901
f 8949 8902 8987
f 8937 8949 8981
f 8971 8935 8937
f 8936 8935 8971
f 8936 8896 8888
f 8878 8932 8888
f 8879 8878 8891
f 9051 8879 9049
f 9058 9061 8905
f 9061 9063 8906
f 8908 8907 9090
f 8952 8908 9091
f 9093 8952 9092
f 9095 9096 9097
f 9099 9100 9101
f 9103 9104 9105
f 9105 9107 9108
f 9106 9108 9109
f 9103 9106 9110
f 9112 9113 9114
f 9116 9117 9118
f 9120 9121 9122
f 9124 9125 9126
f 9128 9129 9130
f 9132 9133 9134
f 9136 9132 9135
f 9138 9136 9137
f 9133 9140 8606
f 9133 8605 8719
f 8698 8606 9140
f 8719 8720 9142
f 9141 9143 8692
f 9113 9144 9145
f 9146 9147 9117
f 9144 9148 9149
f 9150 9100 9099
f 9152 9129 9128
f 9098 9097 9154
f 9156 9157 9158
f 9160 9161 9159
f 9157 9156 9155
f 8720 8755 9162
f 9163 9164 9165
f 9161 9160 9167
f 8755 8864 9169
f 9170 9171 9121
f 9124 9172 9173
f 9129 9099 9102
f 9151 9099 9129
f 9174 9175 8955
f 9176 9177 9178
f 9177 9176 9180
f 9163 9181 9180
f 9142 9182 9135
f 9162 9183 9182
f 9164 9184 9185
f 9169 9186 9183
f 9187 9176 9179
f 9176 9187 9189
f 9164 9180 9189
f 9190 9174 8946
f 9110 9191 9192
f 9109 9193 9191
f 9137 9194 9195
f 9135 9182 9194
f 9191 9196 9197
f 9193 9198 9196
f 9194 9199 9200
f 9182 9183 9199
f 9196 9201 9202
f 9198 9203 9201
f 9199 9204 9205
f 9183 9186 9204
f 9206 9207 9208
f 9210 9211 9207
f 9212 9213 9214
f 9184 9213 9212
f 9216 9190 8945
f 9187 9188 9217
f 9219 9189 9187
f 9220 9216 8997
f 9218 9217 9221
f 9223 9219 9218
f 9224 9225 9008
f 9226 9227 9228
f 9230 9231 9229
f 9232 9224 9007
f 9228 9227 9233
f 9235 9230 9228
f 9236 9237 9238
f 9239 9238 9147
f 9207 9230 9235
f 9211 9231 9230
f 9213 9219 9223
f 9184 9189 9219
f 9240 9241 9031
f 9242 9243 9244
f 9244 9243 9246
f 9148 9242 9245
f 9248 9249 9023
f 9109 9108 9138
f 9139 9195 9193
f 9200 9198 9193
f 9200 9205 9203
f 9214 9211 9210
f 9214 9223 9231
f 9231 9223 9222
f 9226 9229 9222
f 9225 9220 9002
f 9250 9251 9252
f 9143 9141 9251
f 9253 9252 9254
f 9255 9254 9256
f 9258 9259 9260
f 9257 9256 9259
f 9095 9262 9263
f 9251 9264 9265
f 9141 9140 9264
f 9252 9265 9266
f 9254 9266 9107
f 9259 9105 9104
f 9256 9107 9105
f 9138 9266 9265
f 9138 9108 9107
f 9264 9132 9136
f 9133 9132 9264
f 9267 9268 9269
f 9271 9270 9269
f 9273 9271 9272
f 9173 9172 9275
f 9165 9169 8864
f 9185 9186 9169
f 9212 9204 9186
f 9215 9205 9204
f 9210 9203 9205
f 9206 9201 9203
f 9209 9202 9201
f 9118 9168 9167
f 8188 9277 9278
f 9278 9279 8190
f 8190 9279 9280
f 9280 9281 8192
f 8192 9281 9282
f 9282 9283 8194
f 8194 9283 9284
f 8195 9284 9285
f 8196 9285 9286
f 8188 8187 9287
f 8187 8186 9288
f 8186 8185 9289
f 8185 8184 9290
f 8184 8183 9291
f 8183 8182 9292
f 8182 8181 9293
f 8181 8180 9294
f 8180 8179 9295
f 8179 8178 9296
f 8178 8177 9297
f 8177 8176 9298
f 9098 9155 9150
f 9095 9098 9151
f 9262 9095 9152
f 9130 9124 9127
f 9102 9172 9124
f 9101 9275 9172
f 9125 9271 9273
f 9173 9270 9271
f 9270 9173 9276
f 9249 9232 9017
f 9234 9233 9236
f 9234 9239 9146
f 9208 9235 9146
f 9209 9208 9116
f 9167 9202 9209
f 9160 9197 9202
f 9192 9197 9160
f 9157 9111 9192
f 9103 9111 9157
f 9097 9104 9103
f 9096 9260 9104
f 9263 9261 9260
f 9269 9170 9120
f 9272 9120 9123
f 9121 9299 9300
f 9171 9301 9299
f 9302 9303 9301
f 9091 9090 7628
f 9300 9299 8167
f 8168 9094 9092
f 9303 8170 8171
f 8169 9092 9091
f 9301 8171 8167
f 8233 9304 9305
f 8232 9306 9304
f 8231 9307 9306
f 8230 9308 9307
f 8229 9309 9308
f 8228 9310 9309
f 8227 9311 9310
f 8226 9312 9311
f 8225 9313 9312
f 8224 9314 9313
f 8223 9315 9314
f 8222 9316 9315
f 8222 8221 9317
f 9318 9317 8221
f 8220 8219 9319
f 9320 9319 8219
f 8218 8217 9321
f 9322 9321 8217
f 8216 8215 9323
f 8215 8214 9324
f 9324 8214 8213
f 9297 9298 9326
f 9296 9297 9327
f 9295 9296 9328
f 9294 9295 9329
f 9293 9294 9330
f 9292 9293 9331
f 9291 9292 9332
f 9290 9291 9333
f 9289 9290 9334
f 9288 9289 9335
f 9287 9288 9336
f 9277 9287 9337
f 9278 9277 9338
f 9339 9340 9279
f 9280 9279 9340
f 9341 9342 9281
f 9282 9281 9342
f 9343 9344 9283
f 9284 9283 9344
f 9285 9284 9345
f 9305 9304 9347
f 9304 9306 9349
f 9306 9307 9350
f 9307 9308 9351
f 9308 9309 9352
f 9309 9310 9353
f 9310 9311 9354
f 9311 9312 9355
f 9312 9313 9356
f 9313 9314 9357
f 9314 9315 9358
f 9315 9316 9359
f 9316 9317 9360
f 9361 9360 9317
f 9318 9319 9362
f 9363 9362 9319
f 9320 9321 9364
f 9365 9364 9321
f 9322 9323 9366
f 9323 9324 9367
f 9327 9326 9368
f 9328 9327 9369
f 9329 9328 9370
f 9330 9329 9371
f 9331 9330 9372
f 9332 9331 9373
f 9333 9332 9374
f 9334 9333 9375
f 9335 9334 9376
f 9336 9335 9377
f 9337 9336 9378
f 9338 9337 9379
f 9339 9338 9380
f 9340 9339 9381
f 9341 9340 9382
f 9342 9341 9383
f 9343 9342 9384
f 9344 9343 9385
f 9345 9344 9386
f 9346 9345 9387
f 9348 9347 9389
f 9347 9349 9391
f 9349 9350 9392
f 9350 9351 9393
f 9351 9352 9394
f 9352 9353 9395
f 9353 9354 9396
f 9354 9355 9397
f 9355 9356 9398
f 9356 9357 9399
f 9357 9358 9400
f 9358 9359 9401
f 9359 9360 9402
f 9360 9361 9403
f 9361 9362 9404
f 9362 9363 9405
f 9363 9364 9406
f 9364 9365 9407
f 9365 9366 9408
f 9366 9367 9409
f 9369 9368 9410
f 9370 9369 9411
f 9371 9370 9412
f 9372 9371 9413
f 9373 9372 9414
f 9374 9373 9415
f 9375 9374 9416
f 9376 9375 9417
f 9377 9376 9418
f 9378 9377 9419
f 9379 9378 9420
f 9422 9388 9423
f 9390 9389 9425
f 9389 9391 9427
f 9391 9392 9428
f 9392 9393 9429
f 9393 9394 9430
f 9394 9395 9431
f 9395 9396 9432
f 9396 9397 9433
f 9397 9398 9434
f 9398 9399 9435
f 9399 9400 9436
f 9409 9437 9438
f 9411 9410 9440
f 9412 9411 9441
f 9413 9412 9442
f 9414 9413 9443
f 9415 9414 9444
f 9416 9415 9445
f 9417 9416 9446
f 9418 9417 9447
f 9419 9418 9448
f 9420 9419 9449
f 9421 9420 9450
f 9424 9423 9452
f 9426 9425 9086
f 9425 9427 9084
f 9427 9428 9082
f 9428 9429 9080
f 9429 9430 9078
f 9430 9431 9076
f 9431 9432 9074
f 9432 9433 9072
f 9433 9434 9070
f 9434 9435 9066
f 9435 9436 9067
f 9454 9455 9456
f 9441 9440 9458
f 9442 9441 9459
f 9443 9442 9460
f 9444 9443 9461
f 9445 9444 9462
f 9446 9445 9463
f 9447 9446 9464
f 9448 9447 9465
f 9449 9448 9466
f 9450 9449 9467
f 9451 9450 9468
f 9470 9471 9472
f 9409 9439 9474
f 9423 9388 9387
f 9476 9454 9457
f 9478 9452 9423
f 9479 9480 9481
f 9483 9472 9471
f 9408 9474 9485
f 9475 9387 9386
f 9487 9476 9477
f 9489 9478 9475
f 9490 9479 9482
f 9492 9483 9484
f 9407 9485 9494
f 9486 9386 9385
f 9496 9487 9488
f 9498 9489 9486
f 9499 9490 9491
f 9501 9492 9493
f 9406 9494 9503
f 9495 9385 9384
f 9505 9499 9500
f 9507 9501 9502
f 9403 9509 9510
f 9511 9382 9381
f 9402 9510 9513
f 9512 9381 9380
f 9401 9513 9436
f 9514 9380 9379
f 9071 9515 9516
f 9517 9467 9466
f 9073 9516 9519
f 9518 9466 9465
f 9075 9519 9521
f 9520 9465 9464
f 9077 9521 9523
f 9522 9464 9463
f 8237 8236 9525
f 8235 8234 9305
f 8236 8235 9527
f 8238 8237 9526
f 8174 8173 9529
f 8176 8175 9531
f 8175 8174 9530
f 8173 8172 9532
f 9526 9525 9533
f 9527 9305 9348
f 9525 9527 9535
f 9528 9526 9534
f 9530 9529 9537
f 9298 9531 9539
f 9531 9530 9538
f 9529 9532 9540
f 9497 9541 9542
f 9543 9498 9495
f 9510 9509 9544
f 9511 9512 9546
f 9513 9510 9545
f 9512 9514 9549
f 9436 9513 9548
f 9514 9421 9451
f 9545 9544 9550
f 9547 9546 9552
f 9548 9545 9551
f 9546 9549 9555
f 9067 9548 9554
f 9549 9451 9469
f 9556 9557 9558
f 9560 9561 9562
f 9564 9565 9566
f 9565 9568 9569
f 9557 9556 9564
f 9570 9559 9558
f 9562 9572 9573
f 9574 9570 9571
f 9572 9576 9577
f 9515 9574 9575
f 9576 9517 9518
f 9558 9557 9578
f 9580 9560 9563
f 9566 9582 9583
f 9569 9584 9582
f 9578 9557 9567
f 9571 9558 9579
f 9563 9573 9586
f 9575 9571 9585
f 9573 9577 9588
f 9516 9575 9587
f 9577 9518 9520
f 9579 9578 9589
f 9591 9580 9581
f 9582 9593 9594
f 9584 9595 9593
f 9589 9578 9583
f 9585 9579 9590
f 9581 9586 9597
f 9587 9585 9596
f 9586 9588 9599
f 9519 9587 9598
f 9588 9520 9522
f 9590 9589 9600
f 9602 9591 9592
f 9593 9604 9605
f 9595 9606 9604
f 9600 9589 9594
f 9596 9590 9601
f 9592 9597 9608
f 9598 9596 9607
f 9597 9599 9610
f 9521 9598 9609
f 9599 9522 9524
f 9079 9523 9611
f 9524 9463 9462
f 9601 9600 9613
f 9615 9602 9603
f 9604 9617 9618
f 9606 9619 9617
f 9613 9600 9605
f 9607 9601 9614
f 9603 9608 9621
f 9609 9607 9620
f 9608 9610 9623
f 9523 9609 9622
f 9610 9524 9612
f 9081 9611 9624
f 9612 9462 9461
f 9614 9613 9626
f 9628 9615 9616
f 9617 9630 9631
f 9619 9632 9630
f 9626 9613 9618
f 9620 9614 9627
f 9616 9621 9634
f 9622 9620 9633
f 9621 9623 9636
f 9611 9622 9635
f 9623 9612 9625
f 9083 9624 9637
f 9625 9461 9460
f 9627 9626 9639
f 9641 9628 9629
f 9630 9643 9644
f 9632 9645 9643
f 9639 9626 9631
f 9633 9627 9640
f 9629 9634 9647
f 9635 9633 9646
f 9634 9636 9649
f 9624 9635 9648
f 9636 9625 9638
f 9085 9637 9650
f 9638 9460 9459
f 9640 9639 9652
f 9654 9641 9642
f 9643 9656 9657
f 9645 9658 9656
f 9652 9639 9644
f 9646 9640 9653
f 9642 9647 9660
f 9648 9646 9659
f 9647 9649 9662
f 9637 9648 9661
f 9649 9638 9651
f 9087 9650 9663
f 9651 9459 9458
f 9653 9652 9665
f 9667 9654 9655
f 9656 9669 9670
f 9658 9671 9669
f 9665 9652 9657
f 9659 9653 9666
f 9655 9660 9673
f 9661 9659 9672
f 9660 9662 9675
f 9650 9661 9674
f 9662 9651 9664
f 9088 9089 9676
f 9348 9390 9678
f 9390 9426 9679
f 9426 9088 9677
f 9089 9663 9680
f 9666 9665 9681
f 9671 9683 9684
f 9681 9665 9670
f 9672 9666 9682
f 9674 9672 9686
f 9663 9674 9687
f 9669 9684 9685
f 9688 9667 9668
f 9673 9690 9689
f 9675 9691 9690
f 9664 9692 9691
f 9458 9693 9692
f 9440 9694 9693
f 9410 9695 9694
f 9368 9696 9695
f 9696 9368 9326
f 9693 9694 9115
f 9692 9693 9114
f 9691 9692 9145
f 9690 9691 9149
f 9689 9690 9245
f 9688 9689 9244
f 9683 9240 9030
f 9684 9030 9029
f 9037 9681 9685
f 9682 9681 9037
f 9686 9682 9035
f 9687 9686 9034
f 9680 9687 8925
f 9676 9680 8921
f 9677 9676 8899
f 8238 9528 9094
f 9532 8172 8170
f 9528 9536 9093
f 9540 9532 9303
f 8897 8900 9697
f 8900 8922 9699
f 8922 8926 9700
f 9031 9701 9702
f 9033 9036 9703
f 9703 9036 9038
f 8926 9033 9704
f 9705 9038 9032
f 9113 9112 9706
f 9144 9113 9707
f 9148 9144 9708
f 9241 9710 9701
f 9243 9242 9711
f 9246 9243 9712
f 9242 9148 9709
f 9696 9539 9538
f 9695 9696 9714
f 9694 9695 9715
f 9679 9677 8898
f 9678 9679 9716
f 9535 9678 9717
f 9714 9538 9537
f 9715 9714 9718
f 9115 9715 9719
f 9716 8898 8897
f 9717 9716 9720
f 9533 9717 9721
f 9718 9537 9540
f 9719 9718 9722
f 9112 9719 9723
f 9720 8897 9698
f 9721 9720 9724
f 9534 9721 9725
f 9697 9699 9726
f 9708 9707 9728
f 9698 9697 9727
f 9707 9706 9731
f 9722 9540 9302
f 9723 9722 9732
f 9706 9723 9733
f 9724 9698 9730
f 9725 9724 9734
f 9536 9725 9735
f 9727 9726 9736
f 9729 9728 9738
f 9730 9727 9737
f 9728 9731 9741
f 9732 9302 9742
f 9733 9732 9743
f 9731 9733 9744
f 9734 9730 9740
f 9735 9734 9745
f 9093 9735 9746
f 9737 9736 9748
f 9738 9741 9750
f 9743 9742 9268
f 9744 9743 9752
f 9741 9744 9753
f 9745 9740 9754
f 9746 9745 9755
f 9746 9756 9059
f 9737 9749 9754
f 9056 9059 9756
f 9064 9056 9757
f 9065 9064 9758
f 8882 9065 9759
f 8883 8882 9760
f 8927 8883 9761
f 8933 8931 8927
f 9752 9268 9267
f 9267 9276 9764
f 9276 9275 9765
f 9275 9101 9766
f 9101 9100 9767
f 9100 9150 9768
f 9150 9155 9156
f 9699 9700 9769
f 9701 9770 9771
f 9704 9703 9772
f 9772 9703 9705
f 9700 9704 9773
f 9774 9705 9702
f 9709 9708 9729
f 9710 9776 9770
f 9712 9711 9777
f 9713 9712 9778
f 9711 9709 9775
f 9726 9769 9780
f 9770 9781 9782
f 9773 9772 9783
f 9783 9772 9774
f 9769 9773 9784
f 9785 9774 9771
f 9775 9729 9739
f 9776 9787 9781
f 9778 9777 9788
f 9779 9778 9789
f 9777 9775 9786
f 9736 9780 9791
f 9781 9792 9793
f 9784 9783 9794
f 9794 9783 9785
f 9780 9784 9795
f 9796 9785 9782
f 9738 9751 9797
f 9739 9797 9798
f 9787 9799 9792
f 9788 9800 9801
f 9790 9789 9801
f 9786 9798 9800
f 9753 9752 9763
f 9750 9753 9803
f 9751 9750 9804
f 9797 9751 9805
f 9798 9797 9806
f 9800 9798 9807
f 9801 9800 9808
f 9802 9801 9809
f 9799 9811 9812
f 9792 9812 9813
f 9814 9796 9793
f 9794 9796 9814
f 9795 9794 9815
f 9791 9795 9816
f 9748 9791 9817
f 9749 9748 9818
f 9754 9749 9819
f 9755 9754 9820
f 9756 9755 9821
f 9803 9763 9764
f 9804 9803 9822
f 9805 9804 9823
f 9806 9805 9824
f 9807 9806 9825
f 9808 9807 9826
f 9809 9808 9827
f 9810 9809 9828
f 9811 9830 9831
f 9812 9831 9832
f 9833 9814 9813
f 9815 9814 9833
f 9816 9815 9834
f 9817 9816 9835
f 9818 9817 9836
f 9819 9818 9837
f 9820 9819 9838
f 9821 9820 9839
f 9757 9821 9840
f 9822 9764 9765
f 9823 9822 9841
f 9824 9823 9842
f 9825 9824 9843
f 9826 9825 9844
f 9827 9826 9845
f 9828 9827 9846
f 9829 9828 9847
f 9830 9849 9850
f 9831 9850 9851
f 9852 9833 9832
f 9834 9833 9852
f 9835 9834 9853
f 9836 9835 9854
f 9837 9836 9855
f 9838 9837 9856
f 9839 9838 9857
f 9840 9839 9858
f 9758 9840 9859
f 9841 9765 9766
f 9842 9841 9860
f 9843 9842 9861
f 9844 9843 9862
f 9845 9844 9863
f 9846 9845 9864
f 9847 9846 9865
f 9848 9847 9866
f 9849 9868 9869
f 9850 9869 9870
f 9871 9852 9851
f 9853 9852 9871
f 9854 9853 9872
f 9855 9854 9873
f 9856 9855 9874
f 9857 9856 9875
f 9858 9857 9876
f 9859 9858 9877
f 9759 9859 9878
f 9860 9766 9767
f 9861 9860 9879
f 9862 9861 9880
f 9863 9862 9881
f 9864 9863 9882
f 9865 9864 9883
f 9866 9865 9884
f 9867 9866 9885
f 9868 9887 9888
f 9869 9888 9889
f 9890 9871 9870
f 9872 9871 9890
f 9873 9872 9891
f 9874 9873 9892
f 9875 9874 9893
f 9876 9875 9894
f 9877 9876 9895
f 9878 9877 9896
f 9760 9878 9897
f 9879 9767 9768
f 9880 9879 9898
f 9881 9880 9899
f 9882 9881 9900
f 9883 9882 9901
f 9884 9883 9902
f 9885 9884 9903
f 9886 9885 9904
f 9887 9906 9907
f 9888 9907 9908
f 9909 9890 9889
f 9891 9890 9909
f 9892 9891 9910
f 9893 9892 9911
f 9894 9893 9912
f 9895 9894 9913
f 9896 9895 9914
f 9897 9896 9915
f 9761 9897 9916
f 9898 9768 9156
f 9899 9898 9159
f 9900 9899 9161
f 9901 9900 9168
f 9902 9901 9118
f 9903 9902 9117
f 9904 9903 9147
f 9905 9904 9238
f 9906 9248 9022
f 9907 9022 9021
f 9026 9909 9908
f 9910 9909 9026
f 9911 9910 9028
f 9912 9911 8924
f 9913 9912 8904
f 9914 9913 8903
f 9915 9914 8948
f 9916 9915 8938
f 9762 9916 8934
f 9268 9742 9170
f 9747 9059 9058
f 9742 9302 9171
f 9093 9747 8951
f 8198 8197 9286
f 9325 8213 8212
f 8199 8198 9917
f 8212 8211 9920
f 8200 8199 9919
f 8211 8210 9922
f 8201 8200 9921
f 8210 8209 9924
f 8206 8205 9925
f 8202 8201 9923
f 8209 8208 9928
f 8203 8202 9927
f 8208 8207 9930
f 9930 8207 8206
f 9931 8204 8203
f 8205 8204 9931
f 9917 9286 9932
f 9933 9325 9918
f 9919 9917 9422
f 9918 9920 9438
f 9921 9919 9424
f 9920 9922 9455
f 9923 9921 9453
f 9922 9924 9456
f 9926 9925 9935
f 9927 9923 9934
f 9924 9928 9937
f 9929 9927 9470
f 9928 9930 9938
f 9936 9938 9930
f 9473 9939 9931
f 9925 9931 9939
f 9286 9285 9346
f 9324 9325 9933
f 9422 9932 9346
f 9409 9367 9933
f 9496 9542 9503
f 9485 9487 9496
f 9474 9476 9487
f 9439 9454 9476
f 9438 9455 9454
f 9175 9174 9179
f 9174 9190 9188
f 9190 9216 9217
f 9216 9220 9221
f 9220 9225 9226
f 9225 9224 9227
f 9224 9232 9233
f 9232 9249 9236
f 9249 9248 9237
f 9248 9906 9905
f 9906 9887 9886
f 9887 9868 9867
f 9868 9849 9848
f 9849 9830 9829
f 9830 9811 9810
f 9811 9799 9802
f 9799 9787 9790
f 9787 9776 9779
f 9776 9710 9713
f 9710 9241 9246
f 9241 9240 9247
f 9240 9683 9688
f 9683 9671 9667
f 9671 9658 9654
f 9658 9645 9641
f 9645 9632 9628
f 9632 9619 9615
f 9619 9606 9602
f 9606 9595 9591
f 9595 9584 9580
f 9584 9569 9560
f 9569 9568 9561
f 9508 9502 9940
f 9493 9942 9940
f 9484 9943 9942
f 9471 9944 9943
f 9934 9944 9471
f 9457 9456 9937
f 9477 9457 9945
f 9488 9477 9946
f 9497 9488 9947
f 9948 9949 9541
f 9453 9452 9944
f 9943 9944 9452
f 9942 9943 9478
f 9940 9942 9489
f 9941 9940 9498
f 9950 9951 9952
f 9954 9955 9951
f 9956 9957 9955
f 9958 9959 9957
f 9948 9499 9505
f 9947 9490 9499
f 9946 9479 9490
f 9945 9480 9479
f 9937 9938 9480
f 9482 9481 9958
f 9491 9482 9956
f 9500 9491 9954
f 9506 9500 9950
f 9957 9959 9472
f 9955 9957 9483
f 9951 9955 9492
f 9952 9951 9501
f 9405 9503 9960
f 9504 9384 9383
f 9404 9960 9509
f 9961 9383 9382
f 9544 9509 9960
f 9511 9547 9963
f 9962 9960 9503
f 9961 9963 9543
f 9941 9543 9963
f 9542 9541 9965
f 9550 9544 9962
f 9547 9553 9964
f 9541 9949 9966
f 9508 9941 9964
f 9965 9966 9968
f 9967 9964 9553
f 9550 9968 9970
f 9969 9553 9552
f 9551 9970 9972
f 9971 9552 9555
f 9554 9972 9974
f 9973 9555 9469
f 9068 9974 9976
f 9975 9469 9468
f 9069 9976 9515
f 9977 9468 9467
f 9506 9953 9978
f 9953 9952 9980
f 9952 9507 9981
f 9505 9506 9979
f 9980 9981 9983
f 9978 9980 9984
f 9979 9978 9985
f 9982 9979 9986
f 9505 9982 9966
f 9981 9507 9508
f 9562 9561 9988
f 9990 9988 9561
f 9991 9990 9568
f 9992 9991 9565
f 9993 9992 9564
f 9994 9995 9996
f 9998 9994 9997
f 10000 9998 9999
f 10002 10000 10001
f 10004 10005 10006
f 10008 10004 10007
f 10010 10008 10009
f 10012 10010 10011
f 9556 9559 10014
f 9559 9570 10015
f 9572 9562 9989
f 9570 9574 10017
f 9576 9572 10016
f 9574 9515 9976
f 9517 9576 10018
f 9968 9966 9982
f 9967 9969 9983
f 10008 10019 10020
f 10010 10021 10019
f 10004 10020 10022
f 10012 10023 10021
f 10024 10025 10000
f 10025 10026 9998
f 10026 10027 9994
f 10027 10028 9995
f 10013 10011 10025
f 10011 10009 10026
f 10009 10007 10027
f 10007 10006 10028
f 10021 10023 9987
f 10019 10021 9986
f 10020 10019 9985
f 10022 10020 9984
f 10024 10002 10003
f 9995 10028 10030
f 10029 10031 10013
f 10032 10030 10028
f 10031 10033 10012
f 10034 10032 10006
f 10018 10016 10032
f 10016 9989 10030
f 10030 9989 9988
f 9997 9996 9988
f 9999 9997 9990
f 10001 9999 9991
f 10003 10001 9992
f 10003 9993 10014
f 10014 10015 10031
f 10015 10017 10033
f 10033 10017 9976
f 10018 10034 9975
f 10034 10005 9973
f 10012 10033 9974
f 9987 10023 9970
f 10022 9983 9969
f 10023 10012 9972
f 10005 10022 9971
f 9472 9959 9939
f 9481 9480 9938
f 9935 9939 9959
f 9936 9935 9958
f 10035 10036 9143
f 10037 9300 7899
f 10038 6265 6266
f 10039 10040 6390
f 9253 10041 10035
f 6196 10042 10043
f 6197 10043 10044
f 6205 10044 10045
f 10046 10047 9123
f 9128 10048 10049
f 10050 10051 6282
f 10052 10053 9127
f 10054 10048 9128
f 10055 10056 6311
f 6311 10056 10057
f 6386 10058 10059
f 6231 10045 10060
f 6256 10060 10061
f 6785 6789 10062
f 6786 10062 10042
f 6893 8692 9143
f 6374 6373 10063
f 10065 10041 9253
f 10066 10065 9255
f 10067 10068 9258
f 10068 10066 9257
f 9263 9262 10069
f 9274 10071 10072
f 10049 10069 9262
f 6282 10051 10055
f 10057 10063 6373
f 9127 10053 10054
f 10064 10058 6386
f 10072 10052 9126
f 9261 9263 10070
f 6281 6257 10061
f 10047 10071 9274
f 6383 10059 10039
f 10040 10038 6350
f 10037 10046 9122
f 10062 6789 6893
f 10042 10062 10036
f 10043 10042 10035
f 10044 10043 10041
f 10045 10044 10065
f 10060 10045 10066
f 10061 10060 10068
f 10050 10061 10067
f 10069 10051 10050
f 10055 10051 10069
f 10049 10048 10056
f 10057 10056 10048
f 10054 10053 10063
f 10064 10063 10053
f 10072 10058 10064
f 10059 10058 10072
f 10039 10059 10071
f 10047 10046 10040
f 10046 10037 10038
f 7898 6265 10038
f 10073 9039 8920
f 10075 7625 7628
f 7625 10075 10076
f 10077 10078 10079
f 9040 9039 10073
f 10082 10083 10081
f 10083 10084 10085
f 10084 10086 10087
f 10080 8907 8906
f 8913 8930 10088
f 10090 10091 10092
f 10094 8911 8910
f 10096 8914 8913
f 10088 10097 10098
f 10098 10099 10096
f 10100 10101 10102
f 10086 10104 10105
f 10104 10106 10107
f 7518 10108 10074
f 10108 10082 10073
f 7519 10074 8920
f 10109 10110 10094
f 10085 9043 9040
f 10087 9045 9043
f 10107 9048 9047
f 10105 9047 9045
f 9051 10091 10090
f 9063 9062 10103
f 10088 8930 9052
f 10093 10097 10088
f 10096 10099 10109
f 8910 8914 10096
f 10103 10094 10110
f 10103 9062 8911
f 9048 10107 10091
f 10106 10092 10091
f 10077 8906 9063
f 10101 10078 10077
f 10080 10079 10076
f 10075 9090 8907
f 7512 7513 10108
f 7513 6923 10082
f 6923 6926 10083
f 6926 6932 10084
f 6932 6955 10086
f 6955 6975 10104
f 6975 6978 10106
f 6998 10092 10106
f 10093 10092 6998
f 7001 7027 10097
f 10098 10097 7027
f 7030 7058 10099
f 10109 10099 7058
f 7091 10110 10109
f 10100 10110 7091
f 7103 7102 10101
f 7102 7108 10078
f 10079 10078 7108
f 10076 10079 7107
f 7616 10076 7068
f 10111 10112 10113
f 10115 10116 10112
f 10112 10111 10118
f 10119 10120 10121
f 10122 10121 10123
f 10116 10125 10113
f 10126 10121 10120
f 10128 10129 10130
f 10130 10132 10133
f 10134 10135 10136
f 10138 10139 10140
f 10114 10113 10142
f 10125 10144 10142
f 10145 10146 10147
f 10146 10149 10150
f 10149 10151 10152
f 10130 10153 10154
f 10153 10130 10129
f 10149 10146 10156
f 10151 10149 10157
f 10159 10160 10161
f 10160 10159 10163
f 10165 10166 10167
f 10168 10167 10169
f 10160 10164 10171
f 10173 10174 10166
f 10174 10176 10167
f 10176 10177 10169
f 10178 10179 10180
f 10182 10183 10124
f 10184 10185 10182
f 10132 10186 10187
f 10188 10189 10190
f 10191 10192 10193
f 10195 10196 10197
f 10199 10173 10175
f 10153 10159 10162
f 10163 10159 10153
f 10201 10202 10203
f 10204 10205 10206
f 10208 10209 10210
f 10212 10115 10117
f 10214 10215 10216
f 10218 10214 10217
f 10220 10221 10222
f 10224 10225 10226
f 10221 10228 10229
f 10230 10145 10148
f 10214 10218 10232
f 10221 10220 10234
f 10228 10221 10235
f 10146 10145 10237
f 10233 10232 10238
f 10235 10234 10240
f 10236 10235 10241
f 10156 10237 10243
f 10238 10244 10137
f 10240 10141 10140
f 10241 10140 10245
f 10165 10243 10175
f 10246 10136 10141
f 10234 10247 10246
f 10220 10215 10247
f 10215 10220 10223
f 10135 10138 10141
f 10202 10208 10211
f 10194 10193 10203
f 10215 10214 10233
f 10247 10233 10239
f 10239 10137 10136
f 10192 10191 10249
f 10251 10252 10192
f 10253 10218 10219
f 10232 10255 10256
f 10256 10257 10244
f 10250 10249 10258
f 10250 10259 10260
f 10253 10254 10261
f 10257 10256 10263
f 10262 10261 10265
f 10264 10263 10267
f 10264 10268 10269
f 10266 10265 10271
f 10268 10267 10273
f 10275 10269 10268
f 10272 10271 10276
f 10274 10273 10278
f 10280 10275 10274
f 10276 10281 10282
f 10279 10278 10283
f 10280 10279 10284
f 10117 10118 10286
f 10248 10203 10211
f 10287 10211 10210
f 10288 10210 10289
f 10209 10291 10289
f 10139 10292 10245
f 10206 10293 10294
f 10252 10201 10193
f 10145 10230 10295
f 10237 10295 10296
f 10243 10296 10200
f 10297 10298 10293
f 10205 10299 10297
f 10225 10300 10301
f 10196 10302 10303
f 10300 10225 10304
f 10305 10304 10306
f 10307 10306 10197
f 10259 10258 10308
f 10282 10281 10310
f 10283 10312 10313
f 10313 10314 10285
f 10315 10316 10317
f 10311 10310 10319
f 10218 10253 10255
f 10307 10303 10200
f 10305 10307 10296
f 10300 10305 10295
f 10300 10230 10231
f 10298 10297 10213
f 10316 10315 10183
f 10185 10321 10316
f 10186 10178 10181
f 10189 10322 10323
f 10186 10132 10154
f 10324 10154 10162
f 10325 10162 10161
f 10172 10188 10161
f 10126 10184 10123
f 10299 10212 10213
f 10302 10199 10200
f 10309 10308 10326
f 10327 10326 10328
f 10292 10330 10331
f 10332 10242 10245
f 10333 10236 10242
f 10236 10333 10334
f 10228 10334 10335
f 10291 10336 10337
f 10338 10290 10289
f 10339 10195 10198
f 10341 10224 10227
f 10343 10204 10207
f 10207 10294 10345
f 10306 10346 10198
f 10304 10347 10346
f 10225 10224 10347
f 10178 10186 10324
f 10348 10324 10325
f 10349 10325 10190
f 10156 10165 10168
f 10321 10350 10317
f 10349 10323 10351
f 10353 10348 10349
f 10179 10178 10348
f 10354 10355 10356
f 10358 10354 10357
f 10360 10358 10359
f 10362 10360 10361
f 10362 10363 10364
f 10366 10367 10368
f 10370 10369 10368
f 10224 10341 10372
f 10347 10372 10373
f 10346 10373 10340
f 10345 10338 10337
f 10336 10343 10344
f 10334 10341 10342
f 10333 10372 10341
f 10372 10333 10332
f 10373 10332 10331
f 10330 10339 10340
f 10111 8254 8256
f 10118 8256 8289
f 10298 10286 8289
f 10298 8341 8304
f 10293 8304 8303
f 10294 8303 8510
f 8504 10338 10345
f 8298 10290 10338
f 10288 10290 8298
f 10287 10288 8295
f 10248 10287 8292
f 10194 10248 8276
f 10191 10194 8264
f 10249 10191 8263
f 10261 10254 10251
f 10265 10261 10260
f 10271 10265 10374
f 10276 10271 10375
f 10281 10276 10376
f 10310 10281 10377
f 10319 10310 10378
f 8540 10370 10371
f 10315 10318 8401
f 10315 8400 8271
f 10183 8271 8262
f 10122 10124 8262
f 10119 10122 8259
f 10114 10143 8267
f 10111 10114 8253
f 10329 10328 10380
f 10381 10380 10382
f 10383 10382 10384
f 10385 10384 8941
f 10352 10351 10354
f 10353 10352 10358
f 10179 10353 10360
f 10179 10362 10365
f 10317 10350 10366
f 10370 10318 10317
f 8401 10318 10370
f 10259 10309 10374
f 10309 10327 10375
f 10327 10329 10376
f 10329 10381 10377
f 10381 10383 10378
f 10383 10385 10379
f 10386 10277 10387
f 10387 10389 10390
f 10277 10282 10391
f 10391 10392 10389
f 10282 10311 10393
f 10311 10320 10394
f 10393 10395 10392
f 10394 10396 10395
f 8956 8955 10396
f 10320 10319 8958
f 10319 10379 8961
f 10385 8940 8961
f 10320 8957 8956
f 10157 10168 10170
f 10397 10398 10266
f 10398 10399 10262
f 10399 10255 10253
f 10254 10219 10252
f 10219 10217 10201
f 10217 10216 10202
f 10216 10223 10208
f 10223 10222 10209
f 10222 10229 10291
f 10229 10335 10336
f 10335 10342 10343
f 10342 10227 10204
f 10227 10226 10205
f 10226 10301 10299
f 10301 10231 10212
f 10231 10148 10115
f 10148 10147 10116
f 10147 10150 10125
f 10150 10152 10144
f 10126 10127 10128
f 10131 10133 10184
f 10133 10187 10185
f 10187 10181 10321
f 10181 10180 10350
f 10366 10350 10180
f 10365 10364 10367
f 10386 10397 10272
f 10119 8258 8267
f 10120 10119 10143
f 10144 10127 10120
f 10152 10128 10127
f 10151 10129 10128
f 10155 10129 10151
f 10163 10155 10158
f 10164 10163 10170
f 10177 10171 10164
f 10323 10322 10400
f 10400 10355 10354
f 10390 10312 10283
f 10278 10386 10388
f 10273 10397 10386
f 10273 10267 10398
f 10267 10263 10399
f 10263 10256 10255
f 10258 10249 8281
f 10308 10258 8549
f 10326 10308 8548
f 10328 10326 8554
f 10380 10328 8555
f 10382 10380 8551
f 10384 10382 8550
f 8941 10384 8552
f 10275 10280 10401
f 10401 10280 10285
f 10314 10404 10403
f 10269 10275 10402
f 10402 10401 10406
f 10408 10406 10401
f 10404 10409 10408
f 10134 10410 10411
f 10411 10410 10412
f 10137 10244 10414
f 10244 10257 10415
f 10134 10414 10416
f 10414 10415 10270
f 10410 10416 10405
f 10264 10270 10415
f 10269 10405 10416
f 10412 10405 10402
f 10412 10407 10417
f 10407 10406 10418
f 10419 10418 10406
f 10409 10420 10419
f 10421 10422 10423
f 10425 10426 10424
f 10424 10426 10428
f 10429 10430 10431
f 10431 10433 10434
f 10427 10424 10423
f 10436 10437 10438
f 10440 10439 10438
f 10442 10443 10444
f 10446 10447 10448
f 10422 10450 10451
f 10435 10423 10451
f 10453 10429 10432
f 10455 10456 10457
f 10459 10455 10458
f 10461 10459 10460
f 10439 10440 10463
f 10459 10465 10466
f 10461 10467 10465
f 10468 10436 10439
f 10469 10470 10471
f 10473 10474 10475
f 10474 10477 10478
f 10479 10480 10469
f 10481 10482 10479
f 10483 10484 10476
f 10485 10476 10475
f 10486 10475 10478
f 10488 10489 10490
f 10492 10434 10433
f 10494 10434 10492
f 10496 10440 10441
f 10498 10471 10499
f 10501 10502 10503
f 10505 10506 10507
f 10509 10510 10484
f 10464 10463 10470
f 10480 10468 10464
f 10511 10503 10512
f 10514 10515 10516
f 10518 10519 10520
f 10522 10523 10426
f 10524 10525 10526
f 10525 10528 10529
f 10530 10531 10532
f 10534 10535 10536
f 10538 10530 10533
f 10456 10540 10541
f 10525 10542 10543
f 10530 10544 10545
f 10538 10546 10544
f 10455 10466 10547
f 10542 10548 10549
f 10544 10550 10551
f 10546 10552 10550
f 10466 10473 10553
f 10549 10548 10443
f 10551 10550 10448
f 10550 10552 10555
f 10473 10476 10484
f 10556 10551 10447
f 10545 10551 10556
f 10531 10545 10557
f 10531 10524 10527
f 10445 10444 10447
f 10513 10512 10519
f 10502 10558 10512
f 10524 10557 10542
f 10557 10556 10548
f 10548 10556 10444
f 10504 10559 10560
f 10561 10559 10504
f 10528 10563 10564
f 10543 10549 10565
f 10565 10549 10554
f 10559 10568 10569
f 10559 10561 10570
f 10571 10564 10563
f 10567 10573 10574
f 10575 10571 10572
f 10573 10577 10578
f 10573 10579 10580
f 10581 10575 10576
f 10577 10583 10584
f 10585 10583 10577
f 10586 10581 10582
f 10583 10588 10589
f 10590 10588 10583
f 10591 10586 10587
f 10426 10523 10593
f 10558 10594 10519
f 10594 10595 10520
f 10595 10596 10597
f 10521 10520 10597
f 10449 10448 10555
f 10516 10515 10600
f 10562 10504 10503
f 10456 10547 10602
f 10547 10553 10603
f 10553 10484 10510
f 10604 10516 10601
f 10517 10516 10604
f 10607 10534 10537
f 10508 10507 10609
f 10607 10611 10612
f 10611 10613 10614
f 10613 10609 10507
f 10568 10615 10616
f 10617 10591 10592
f 10619 10620 10621
f 10623 10617 10618
f 10625 10626 10313
f 10626 10627 10314
f 10528 10543 10566
f 10613 10603 10510
f 10611 10602 10603
f 10607 10540 10602
f 10540 10607 10608
f 10605 10593 10523
f 10622 10492 10493
f 10495 10492 10622
f 10489 10496 10497
f 10500 10499 10629
f 10496 10631 10463
f 10631 10632 10470
f 10632 10499 10471
f 10481 10472 10471
f 10454 10432 10434
f 10606 10604 10523
f 10610 10609 10510
f 10615 10633 10634
f 10633 10635 10636
f 10599 10555 10637
f 10639 10637 10555
f 10640 10639 10552
f 10546 10538 10641
f 10641 10538 10539
f 10598 10597 10643
f 10645 10643 10597
f 10646 10647 10506
f 10535 10648 10649
f 10650 10651 10515
f 10515 10651 10652
f 10614 10507 10506
f 10612 10614 10653
f 10534 10612 10654
f 10489 10655 10631
f 10655 10656 10632
f 10656 10629 10499
f 10466 10465 10474
f 10628 10622 10621
f 10656 10658 10659
f 10660 10658 10656
f 10488 10660 10655
f 10661 10357 10356
f 10663 10359 10357
f 10664 10361 10359
f 10665 10363 10361
f 10364 10363 10665
f 10667 10668 10368
f 10669 10371 10368
f 10535 10654 10670
f 10654 10653 10671
f 10653 10506 10647
f 10652 10651 10643
f 10644 10643 10651
f 10648 10641 10642
f 10640 10641 10648
f 10670 10671 10639
f 10671 10647 10637
f 10638 10637 10647
f 10421 10428 8578
f 10428 10593 8612
f 10605 8664 8612
f 10605 10601 8626
f 10601 10600 8627
f 10600 10652 8832
f 8827 8832 10652
f 8621 8827 10645
f 10595 8618 8621
f 10594 8615 8618
f 10558 8599 8615
f 10502 8586 8599
f 10501 8587 8586
f 10560 8604 8587
f 10571 10570 10561
f 10575 10672 10570
f 10581 10673 10672
f 10586 10674 10673
f 10591 10675 10674
f 10617 10676 10675
f 10623 10677 10676
f 8853 8541 10371
f 10619 8723 8722
f 10619 10493 8594
f 10493 10433 8585
f 10431 8583 8585
f 8580 8583 10431
f 10422 8576 8590
f 10421 8577 8576
f 10635 10678 10679
f 10678 10680 10681
f 10680 10682 10683
f 10682 9163 9166
f 10658 10663 10661
f 10660 10664 10663
f 10488 10665 10664
f 10665 10488 10491
f 10621 10668 10667
f 10669 10668 10621
f 8722 8853 10669
f 10568 10570 10672
f 10615 10672 10673
f 10633 10673 10674
f 10635 10674 10675
f 10678 10675 10676
f 10680 10676 10677
f 10684 10685 10390
f 10686 10684 10389
f 10687 10686 10392
f 10688 10687 10395
f 9175 10688 10396
f 9177 10623 10624
f 10623 9177 9181
f 10682 10677 9181
f 10465 10467 10477
f 10689 10582 10576
f 10690 10576 10572
f 10691 10572 10563
f 10564 10561 10562
f 10529 10562 10511
f 10526 10511 10513
f 10527 10513 10518
f 10532 10518 10521
f 10533 10521 10598
f 10539 10598 10644
f 10642 10644 10650
f 10649 10650 10514
f 10536 10514 10517
f 10537 10517 10606
f 10608 10606 10522
f 10541 10522 10425
f 10457 10425 10427
f 10458 10427 10435
f 10460 10435 10452
f 10438 10437 10453
f 10438 10454 10494
f 10441 10494 10495
f 10497 10495 10628
f 10490 10628 10657
f 10667 10666 10491
f 10666 10667 10367
f 10692 10587 10582
f 10430 10450 8590
f 10429 10451 10450
f 10452 10451 10429
f 10462 10452 10453
f 10436 10461 10462
f 10468 10467 10461
f 10480 10477 10467
f 10479 10478 10477
f 10487 10478 10479
f 10629 10659 10693
f 10693 10659 10661
f 10685 10625 10312
f 10584 10589 10692
f 10584 10689 10690
f 10578 10690 10691
f 10574 10691 10566
f 10569 8860 8604
f 10616 8859 8860
f 10634 8865 8859
f 10636 8866 8865
f 10679 8861 8866
f 10681 8862 8861
f 10683 8863 8862
f 9166 8864 8863
f 10585 10694 10695
f 10627 10696 10404
f 10580 10697 10694
f 10694 10698 10699
f 10696 10700 10409
f 10442 10445 10701
f 10701 10703 10704
f 10443 10442 10705
f 10554 10705 10706
f 10442 10702 10707
f 10705 10707 10579
f 10702 10704 10697
f 10573 10567 10706
f 10580 10579 10707
f 10704 10698 10694
f 10704 10703 10708
f 10698 10708 10709
f 10700 10710 10420
f 10709 10710 10700
f 10699 10700 10696
f 10696 10627 10590
f 10627 10626 10588
f 10626 10625 10589
f 10625 10685 10692
f 10685 10684 10587
f 10684 10686 10592
f 10686 10687 10618
f 10687 10688 10624
f 10688 9175 9178
f 3 4 1
f 5 6 3
f 9 10 7
f 13 14 11
f 12 16 15
f 14 18 17
f 14 13 19
f 23 24 21
f 26 23 22
f 29 30 27
f 18 14 20
f 34 35 32
f 30 37 36
f 40 41 38
f 44 45 42
f 45 47 46
f 48 49 46
f 52 53 50
f 54 55 44
f 55 57 56
f 41 40 58
f 61 52 51
f 60 51 62
f 51 50 64
f 67 68 65
f 70 66 65
f 47 45 69
f 45 44 56
f 71 70 69
f 57 72 71
f 74 70 71
f 72 75 73
f 76 77 62
f 78 63 62
f 76 80 79
f 82 67 66
f 63 78 83
f 86 87 84
f 83 88 85
f 87 60 63
f 87 89 61
f 78 91 90
f 92 88 83
f 93 89 87
f 96 97 94
f 100 101 98
f 104 105 102
f 107 100 99
f 110 111 108
f 111 113 112
f 113 115 114
f 115 117 116
f 119 120 118
f 119 122 121
f 101 118 123
f 105 96 95
f 13 15 124
f 127 128 125
f 131 132 129
f 135 136 133
f 138 131 130
f 128 140 139
f 128 127 141
f 86 85 143
f 93 86 142
f 146 147 144
f 149 146 145
f 151 149 148
f 154 155 152
f 157 152 155
f 153 159 158
f 85 88 160
f 143 160 161
f 160 163 162
f 161 162 164
f 140 161 165
f 167 138 137
f 169 167 166
f 88 92 163
f 81 66 70
f 78 77 79
f 171 151 150
f 128 142 143
f 174 175 172
f 178 179 176
f 181 178 177
f 184 185 182
f 185 187 186
f 190 191 188
f 193 190 189
f 191 135 134
f 196 197 194
f 198 199 194
f 200 201 116
f 204 205 202
f 208 209 206
f 212 213 210
f 216 217 214
f 220 221 218
f 224 225 222
f 228 229 226
f 232 233 230
f 235 157 156
f 234 225 224
f 213 232 231
f 233 237 236
f 240 241 238
f 187 174 173
f 242 243 185
f 174 245 244
f 245 174 187
f 185 243 246
f 249 250 247
f 250 249 251
f 251 254 253
f 256 207 206
f 257 258 228
f 261 262 259
f 262 264 263
f 267 268 265
f 271 272 269
f 270 269 266
f 268 267 273
f 276 274 273
f 279 280 277
f 272 271 281
f 285 286 283
f 281 285 284
f 289 290 287
f 293 294 291
f 294 293 295
f 299 300 297
f 301 302 298
f 305 306 303
f 293 308 307
f 301 310 309
f 310 312 311
f 315 316 313
f 319 320 317
f 321 322 318
f 325 308 323
f 308 325 326
f 327 328 322
f 320 330 329
f 333 334 331
f 335 336 328
f 321 317 329
f 340 341 338
f 341 340 342
f 333 332 344
f 346 347 345
f 348 349 336
f 327 321 337
f 330 352 351
f 353 337 329
f 356 357 354
f 357 340 339
f 340 357 358
f 357 356 359
f 362 363 360
f 364 365 349
f 335 327 350
f 367 350 337
f 348 335 366
f 369 364 348
f 370 366 350
f 371 368 366
f 372 373 358
f 376 377 374
f 380 381 378
f 380 383 382
f 377 385 384
f 388 389 386
f 392 393 390
f 395 388 387
f 396 397 392
f 387 386 398
f 402 403 400
f 406 407 404
f 405 409 408
f 412 413 410
f 401 415 414
f 394 387 399
f 419 420 417
f 423 424 421
f 427 428 425
f 431 432 429
f 432 431 404
f 417 434 433
f 420 436 435
f 439 440 437
f 442 427 426
f 444 421 424
f 447 448 445
f 451 452 449
f 435 453 434
f 438 455 454
f 456 457 440
f 460 461 458
f 464 465 462
f 466 467 464
f 461 469 468
f 472 473 470
f 471 470 447
f 474 456 439
f 477 478 475
f 479 480 475
f 481 482 457
f 485 486 483
f 489 490 487
f 465 489 488
f 484 460 459
f 493 494 491
f 497 498 495
f 500 479 478
f 501 499 478
f 502 481 456
f 505 506 503
f 503 477 476
f 509 510 507
f 513 514 511
f 517 518 515
f 518 517 473
f 519 520 499
f 506 522 521
f 521 501 477
f 525 526 523
f 529 530 527
f 533 534 531
f 510 533 532
f 528 513 512
f 516 515 535
f 539 540 537
f 2 542 541
f 543 544 494
f 452 412 411
f 545 519 501
f 521 522 546
f 547 548 526
f 551 552 549
f 549 525 524
f 555 556 553
f 536 535 557
f 559 542 2
f 560 561 548
f 552 563 562
f 562 547 525
f 566 567 564
f 570 571 568
f 534 571 570
f 567 527 530
f 574 575 572
f 576 577 554
f 562 563 578
f 579 560 547
f 582 583 580
f 582 552 551
f 585 566 565
f 568 587 586
f 590 591 588
f 594 595 592
f 175 244 596
f 175 590 589
f 244 598 597
f 601 602 599
f 605 606 603
f 607 563 552
f 607 582 581
f 610 581 580
f 612 585 584
f 615 616 613
f 619 620 617
f 586 587 621
f 590 596 623
f 596 597 624
f 625 626 600
f 627 628 604
f 631 632 629
f 633 578 563
f 633 607 608
f 635 608 581
f 610 609 636
f 640 641 638
f 614 643 642
f 646 647 644
f 650 651 648
f 617 653 652
f 656 657 654
f 660 661 658
f 664 665 662
f 668 669 666
f 670 671 630
f 673 631 630
f 608 635 674
f 635 610 637
f 677 640 639
f 678 679 639
f 682 683 680
f 686 687 684
f 690 691 688
f 694 695 692
f 698 699 696
f 700 701 658
f 702 703 662
f 706 707 704
f 710 711 708
f 671 712 672
f 714 673 672
f 674 635 675
f 717 677 676
f 679 718 676
f 719 720 683
f 723 724 721
f 727 728 725
f 730 688 691
f 695 732 731
f 734 730 729
f 732 736 735
f 737 738 711
f 740 706 705
f 711 742 741
f 712 743 713
f 676 718 744
f 745 746 720
f 724 748 747
f 728 750 749
f 752 728 727
f 754 752 751
f 738 755 742
f 757 740 739
f 741 742 758
f 749 750 760
f 747 748 762
f 764 750 728
f 765 764 752
f 755 766 758
f 768 451 450
f 769 760 750
f 770 769 764
f 771 772 492
f 775 776 773
f 779 780 777
f 778 777 781
f 783 784 782
f 786 784 783
f 787 788 246
f 789 245 246
f 789 598 244
f 790 791 130
f 791 792 137
f 792 793 166
f 793 794 168
f 797 798 795
f 381 382 10
f 381 9 799
f 391 390 58
f 396 391 40
f 406 408 54
f 407 406 43
f 432 46 49
f 42 46 432
f 800 801 264
f 802 800 262
f 221 804 803
f 304 303 289
f 287 290 283
f 773 806 805
f 806 808 807
f 24 362 361
f 811 812 809
f 815 816 813
f 400 403 809
f 819 820 817
f 821 822 820
f 436 420 820
f 420 419 817
f 823 824 453
f 435 436 825
f 825 436 822
f 827 826 822
f 830 831 828
f 833 830 829
f 810 835 834
f 818 837 836
f 838 821 819
f 839 827 821
f 841 833 832
f 446 445 53
f 61 471 446
f 61 89 472
f 93 518 472
f 518 93 141
f 141 127 535
f 535 127 126
f 556 790 129
f 132 576 553
f 780 779 575
f 136 594 593
f 844 845 842
f 843 842 846
f 848 849 847
f 842 850 543
f 851 852 849
f 853 854 852
f 855 369 368
f 776 775 17
f 804 857 856
f 857 859 858
f 857 804 860
f 863 222 306
f 225 303 306
f 225 234 289
f 234 156 290
f 156 155 283
f 155 154 284
f 864 859 857
f 158 865 272
f 282 284 154
f 266 269 299
f 267 266 298
f 302 309 273
f 309 311 275
f 308 293 292
f 314 313 277
f 299 865 866
f 272 865 299
f 869 870 867
f 774 869 868
f 16 12 867
f 12 11 868
f 868 11 17
f 37 872 776
f 870 873 871
f 389 874 815
f 876 376 375
f 874 877 816
f 880 881 878
f 878 881 882
f 805 807 883
f 873 870 881
f 881 870 869
f 774 805 882
f 886 887 884
f 889 886 885
f 891 889 888
f 894 895 892
f 896 897 887
f 898 896 886
f 899 898 889
f 850 900 544
f 872 901 773
f 816 903 902
f 877 904 903
f 772 853 851
f 380 906 905
f 906 380 379
f 392 424 423
f 397 443 424
f 467 409 405
f 465 464 405
f 431 489 465
f 430 490 489
f 509 448 447
f 909 894 893
f 470 533 510
f 911 909 908
f 473 534 533
f 914 915 912
f 517 571 534
f 885 884 915
f 571 517 516
f 536 587 568
f 917 914 913
f 587 536 558
f 888 885 914
f 620 555 554
f 919 917 916
f 577 653 617
f 572 651 650
f 595 699 698
f 591 695 694
f 498 921 920
f 921 923 922
f 591 623 732
f 732 623 624
f 925 841 840
f 838 927 926
f 837 929 928
f 493 492 851
f 848 846 543
f 927 838 836
f 363 931 930
f 901 932 806
f 932 933 808
f 934 935 903
f 933 937 936
f 940 941 938
f 943 940 939
f 411 410 944
f 450 449 921
f 946 876 875
f 449 411 923
f 937 946 945
f 947 948 15
f 300 866 948
f 106 950 949
f 949 950 951
f 948 866 953
f 15 948 954
f 103 956 955
f 957 958 955
f 959 960 331
f 316 315 960
f 341 962 961
f 962 325 324
f 962 341 343
f 325 962 963
f 965 326 963
f 966 967 353
f 843 847 968
f 967 968 367
f 847 849 969
f 968 969 370
f 849 852 970
f 969 970 371
f 970 971 855
f 854 971 970
f 372 359 374
f 947 972 297
f 16 871 972
f 871 873 973
f 297 972 973
f 974 973 873
f 310 301 973
f 975 974 880
f 312 310 974
f 951 977 976
f 352 978 966
f 17 18 27
f 27 18 31
f 121 150 148
f 120 148 145
f 145 144 123
f 170 150 121
f 94 97 33
f 936 945 347
f 375 356 355
f 356 375 374
f 980 981 253
f 982 983 369
f 983 984 364
f 987 988 985
f 991 992 989
f 992 991 986
f 988 987 993
f 995 996 898
f 996 997 896
f 997 998 897
f 1001 1002 999
f 1004 983 982
f 1005 1006 996
f 1006 1007 997
f 1007 1008 998
f 1002 1010 1009
f 1011 984 983
f 992 1006 1005
f 1006 992 985
f 1014 1015 1012
f 1017 1015 1014
f 1019 1017 1016
f 1022 1023 1020
f 1026 1027 1024
f 1028 1029 1027
f 1032 1033 1030
f 1035 1031 1030
f 745 719 1036
f 719 682 1038
f 682 681 1039
f 1041 646 645
f 648 651 1042
f 651 572 1044
f 572 575 1045
f 575 779 1046
f 779 778 1047
f 778 782 1048
f 782 784 1049
f 784 786 1050
f 744 718 720
f 718 679 683
f 679 678 680
f 647 642 643
f 653 650 649
f 573 650 653
f 577 576 574
f 576 132 780
f 132 131 777
f 777 131 138
f 167 783 781
f 785 783 167
f 971 1051 982
f 1000 892 895
f 1051 1052 1003
f 276 275 280
f 275 311 314
f 312 315 314
f 312 975 960
f 975 879 331
f 332 331 879
f 332 878 883
f 807 346 344
f 808 936 346
f 875 355 347
f 355 354 345
f 339 333 345
f 339 338 334
f 338 961 959
f 324 316 959
f 324 323 313
f 323 292 277
f 278 277 292
f 90 91 1053
f 1057 1058 1055
f 1061 1062 1059
f 1060 1059 1063
f 1061 1066 1065
f 1056 1055 1062
f 1069 1070 1067
f 164 162 1069
f 169 168 1071
f 1075 1076 1073
f 1078 1072 1071
f 193 192 1073
f 184 183 1079
f 1082 1083 1081
f 1084 1082 1070
f 1085 1086 1082
f 1089 1090 1087
f 1070 1081 1091
f 1093 1078 1077
f 1095 1075 1074
f 1098 1099 1096
f 1102 1103 1100
f 1106 1107 1104
f 1110 1111 1108
f 1113 1110 1109
f 1087 1116 1114
f 1088 1087 1115
f 162 163 1084
f 163 92 1085
f 1120 1121 1118
f 1118 1123 1122
f 1121 1125 1124
f 1126 1123 1118
f 1129 1130 1127
f 1133 1134 1131
f 1137 1138 1135
f 1140 1133 1132
f 1143 1144 1141
f 1135 1138 1143
f 1151 1152 1149
f 1151 1153 1066
f 1159 1160 1127
f 1161 1162 1129
f 1165 1166 1163
f 1169 1170 1164
f 1173 1174 1171
f 1177 1178 1175
f 1180 1178 1177
f 1061 1060 1152
f 1066 1153 1181
f 1183 1057 1056
f 1152 1060 1064
f 1186 1187 1184
f 1122 1123 1188
f 1187 1191 1190
f 1194 1195 1192
f 1197 1194 1193
f 1200 1201 1198
f 1203 1201 1200
f 1191 1113 1112
f 1204 1119 1122
f 1116 1122 1189
f 1123 1126 1205
f 1212 1200 1199
f 1213 1202 1200
f 1216 1217 1214
f 1217 1219 1218
f 1224 1225 1222
f 1228 1229 1226
f 1180 1231 1230
f 1227 1233 1232
f 1228 1232 1234
f 1238 1239 1236
f 1242 1243 1240
f 1246 1247 1244
f 1248 1249 1247
f 92 90 1054
f 1090 1204 1116
f 1251 1106 1105
f 1201 1253 1252
f 1254 1255 1103
f 1258 1259 1256
f 1103 1255 1260
f 1259 1262 1261
f 1263 1264 1258
f 1219 1258 1257
f 1264 1265 1259
f 1259 1265 1266
f 1268 1099 1098
f 1253 1201 1203
f 1253 1103 1102
f 1195 1251 1250
f 1271 1230 1269
f 1178 1230 1271
f 1273 1238 1237
f 1229 1228 1235
f 1099 1080 1079
f 1139 1132 1135
f 1132 1131 1136
f 1276 1277 1133
f 1277 1278 1134
f 1282 1283 1280
f 1170 1169 1159
f 1128 1127 1277
f 1127 1160 1278
f 1141 1285 1139
f 1219 1217 1287
f 1289 1290 1288
f 1289 1173 1172
f 1217 1216 1292
f 1295 1296 1293
f 1273 1275 1235
f 1234 1239 1238
f 1243 1242 1245
f 1243 1298 1297
f 1298 1300 1299
f 1300 1302 1301
f 1302 1304 1303
f 1307 1308 1305
f 1310 248 247
f 1222 1225 1311
f 1173 1288 1311
f 1308 1310 1309
f 786 785 1312
f 1312 1315 1314
f 1317 1314 1315
f 1320 1321 1318
f 1323 1321 1320
f 1322 1325 1324
f 1326 1327 1324
f 1329 1327 1326
f 1215 1214 1202
f 1214 1218 1203
f 1218 1257 1254
f 1257 1256 1255
f 1255 1256 1261
f 1332 1333 1268
f 168 794 1334
f 1334 1335 1077
f 1335 1336 1092
f 1337 1338 1109
f 1338 1339 1112
f 1339 1340 1190
f 1340 1341 1184
f 1341 1342 1185
f 1345 1346 1180
f 1347 1348 1346
f 1349 1350 1346
f 1346 1350 1231
f 1352 1273 1272
f 1352 1353 1275
f 1269 1230 1231
f 1050 786 1313
f 1313 1314 1356
f 1314 1317 1357
f 1318 1321 1358
f 1321 1323 1360
f 1323 1324 1361
f 1324 1327 1362
f 1327 1329 1363
f 785 169 1072
f 1072 1078 1315
f 1316 1315 1078
f 1110 1320 1319
f 1322 1320 1110
f 1113 1191 1325
f 1191 1187 1326
f 1328 1326 1187
f 1065 1181 1367
f 1083 1089 1088
f 1081 1088 1117
f 1336 1337 1108
f 1111 1093 1092
f 1111 1319 1316
f 1319 1318 1317
f 1317 1318 1359
f 1107 1095 1094
f 1101 1100 1098
f 1098 1100 1260
f 1260 1261 1332
f 1262 1296 1332
f 1262 1266 1293
f 1304 1307 1306
f 1086 1368 1083
f 1368 1369 1089
f 1370 1120 1119
f 1371 1370 1204
f 1369 1371 1090
f 67 82 1372
f 1374 68 67
f 1375 48 68
f 1376 49 48
f 1377 429 49
f 1378 430 429
f 490 430 1378
f 1380 487 490
f 1382 483 486
f 1384 506 505
f 1385 522 506
f 1386 546 522
f 1389 1390 1387
f 1392 1121 1120
f 48 47 65
f 1393 1394 1392
f 1396 1393 1391
f 1370 1395 1391
f 1398 1396 1395
f 1371 1397 1395
f 561 1386 1385
f 1385 1384 526
f 1384 1383 523
f 514 1382 1381
f 1379 509 508
f 448 509 1379
f 1378 1377 445
f 1377 1376 53
f 1376 1375 50
f 50 1375 1374
f 1373 76 64
f 80 76 1373
f 1397 1371 1369
f 1400 1399 1369
f 1401 1402 1399
f 1402 1398 1397
f 1086 1403 1400
f 1404 1401 1400
f 1226 1229 1275
f 1350 1349 1354
f 386 815 814
f 320 319 1405
f 1407 330 320
f 296 295 1408
f 1410 1408 295
f 1413 1414 1411
f 1417 1418 1415
f 352 330 1407
f 965 1410 307
f 1418 1421 1420
f 1423 1014 1013
f 1424 1016 1014
f 1425 1018 1016
f 1427 1022 1021
f 1429 1026 1025
f 1429 1430 1028
f 1419 1431 978
f 1434 1435 1432
f 923 944 1436
f 1428 1427 1433
f 1427 1426 1437
f 413 1439 1438
f 944 1430 1429
f 845 1440 850
f 1440 1441 900
f 410 1438 1430
f 1030 1033 1438
f 828 831 1413
f 854 1442 1051
f 1442 1443 1052
f 1422 1445 1444
f 1447 1448 1446
f 1449 1447 1420
f 1445 1451 1450
f 1452 1453 1448
f 1454 1452 1447
f 1455 1456 1435
f 1451 1458 1457
f 1459 1460 1453
f 1461 1459 1452
f 1433 1437 1462
f 1434 1462 1463
f 1464 1465 1456
f 1458 1467 1466
f 1468 1469 1460
f 1470 1468 1459
f 1455 1463 1471
f 1472 1473 1465
f 853 1474 1442
f 1474 1475 1443
f 772 1476 1474
f 1476 1477 1475
f 910 1479 1478
f 912 1481 1480
f 1482 916 913
f 767 450 498
f 1464 1471 1483
f 1485 768 767
f 1487 497 496
f 1488 1476 772
f 497 1487 1484
f 1489 1490 1473
f 1483 1491 1489
f 1488 1492 1477
f 1495 1496 1493
f 1498 1493 1496
f 1496 1495 1499
f 1497 1496 1500
f 540 1503 1502
f 1506 1507 1504
f 1504 1507 1508
f 1510 1511 1507
f 1508 1507 1511
f 1487 1495 1494
f 1495 1487 1486
f 1489 1506 1505
f 1491 1510 1506
f 1513 1514 1511
f 1515 1513 1510
f 1491 1483 1516
f 1517 1516 1483
f 1518 1517 1471
f 1519 1518 1463
f 1520 1519 1462
f 1425 1520 1437
f 1514 1521 1512
f 1467 1458 1460
f 1458 1451 1453
f 1451 1445 1448
f 1445 1422 1446
f 1512 6 5
f 5 541 1509
f 1503 1497 1501
f 482 1523 1522
f 1522 1524 440
f 1524 1525 437
f 428 1527 1526
f 1529 423 422
f 393 423 1529
f 1530 1531 390
f 1531 1532 58
f 1143 1138 1149
f 1138 1137 1150
f 1523 1534 1533
f 1535 1524 1522
f 1536 1525 1524
f 1538 1526 1527
f 907 1529 1528
f 1530 1529 907
f 379 378 1531
f 378 799 1532
f 1064 1063 1144
f 1540 1485 1484
f 1541 1542 1493
f 1545 1546 1543
f 1548 1545 1544
f 1497 1503 1543
f 1544 1543 1503
f 540 539 1547
f 1521 1549 6
f 1550 1551 1
f 1551 1552 559
f 1554 539 538
f 539 1554 1555
f 1556 1548 1547
f 1482 1557 918
f 890 888 917
f 1543 1546 1541
f 1558 1222 1288
f 1222 1558 1559
f 1560 1561 1247
f 1247 1561 1562
f 1563 1564 1561
f 1562 1565 1300
f 1298 1243 1244
f 1567 943 942
f 1569 1567 1566
f 1571 1569 1568
f 1053 1404 1403
f 1085 1054 1403
f 1558 1573 1572
f 1573 197 196
f 1576 1577 1574
f 1578 1579 1573
f 1579 198 197
f 1580 1581 199
f 73 75 1582
f 1582 1394 1393
f 91 79 1584
f 1585 1583 1393
f 1586 1585 1396
f 1587 1586 1398
f 1588 1589 1401
f 1589 1587 1402
f 1584 1588 1404
f 74 73 1583
f 81 74 1585
f 82 81 1586
f 80 1372 1589
f 1372 82 1587
f 79 80 1588
f 1592 1593 1590
f 1593 1595 1594
f 1595 1597 1596
f 1600 1601 1598
f 1602 1603 1593
f 1603 1604 1595
f 1607 1608 1605
f 1609 1610 1599
f 980 1612 1611
f 1613 1614 703
f 1615 1616 738
f 1617 1618 766
f 1619 1620 701
f 1616 1617 755
f 1607 1622 1621
f 1623 1624 1622
f 1597 1601 1600
f 1626 1609 1598
f 1623 1607 1606
f 1604 1628 1597
f 1601 1629 1625
f 122 1630 979
f 1632 1633 1631
f 1634 119 101
f 122 1635 1632
f 119 1634 1635
f 1550 4 1636
f 1639 787 243
f 1642 1643 1640
f 1644 1645 1641
f 1646 1647 905
f 1650 1651 1648
f 1645 1644 1652
f 1646 906 907
f 1537 1650 1649
f 1645 1653 1536
f 1641 1645 1535
f 1534 1642 1641
f 1581 1580 1654
f 1658 1659 1656
f 1662 1663 1660
f 1663 1569 1571
f 1665 1659 1658
f 1668 1669 1666
f 1659 1671 1670
f 1672 1673 1663
f 1673 1567 1569
f 1674 1671 1659
f 1669 1674 1665
f 1675 1676 1669
f 1677 1678 1670
f 1679 1680 1673
f 1680 943 1567
f 1681 1677 1671
f 1676 1681 1674
f 1676 1675 1682
f 1678 1677 1684
f 1687 1680 1679
f 943 1680 1687
f 1677 1681 1688
f 1681 1676 1683
f 1689 1690 1683
f 1691 1692 1685
f 1693 1694 1687
f 1694 941 940
f 1695 1691 1684
f 1690 1695 1688
f 1698 1699 1696
f 1580 1698 1697
f 1666 1665 1664
f 1667 1666 1700
f 1668 1667 1702
f 1704 1703 1702
f 1675 1668 1703
f 1706 1705 1703
f 1682 1675 1705
f 1705 1706 1285
f 238 1709 1708
f 1709 1295 1294
f 1128 1276 1704
f 1276 1140 1706
f 1706 1140 1139
f 1696 1699 1710
f 1712 1162 1161
f 1710 1283 1282
f 1667 1701 1712
f 1689 1682 1707
f 1141 1713 1707
f 1715 1689 1713
f 1144 1714 1713
f 1063 1716 1714
f 1717 1715 1714
f 1719 1717 1716
f 1059 1718 1716
f 1721 1719 1718
f 1062 1720 1718
f 1723 1721 1720
f 1055 1722 1720
f 1724 1725 1695
f 1725 1726 1691
f 1726 1727 1692
f 1728 1729 1694
f 1729 1576 941
f 1576 1575 938
f 34 33 144
f 97 123 144
f 96 98 123
f 96 105 99
f 106 99 105
f 104 955 950
f 958 951 950
f 958 1730 977
f 237 111 110
f 237 233 113
f 115 113 233
f 117 115 232
f 117 213 212
f 205 217 216
f 207 256 229
f 258 208 207
f 1576 1729 1732
f 1732 1729 1728
f 1727 1726 1734
f 1726 1725 1736
f 1738 23 26
f 1740 1738 1737
f 1743 1744 1741
f 7 1743 1742
f 1747 1723 1722
f 1058 1746 1722
f 500 499 520
f 41 1750 1749
f 1749 1750 1751
f 59 1753 1750
f 1754 1751 1750
f 8 7 1745
f 1725 1724 1756
f 1757 24 23
f 1758 1757 1738
f 1743 1760 1759
f 10 1760 1743
f 1761 362 24
f 1762 1761 1757
f 1763 1764 1759
f 382 1763 1760
f 1765 363 362
f 1766 1765 1761
f 1767 1768 1764
f 383 1767 1763
f 1769 1770 1765
f 1767 1772 1771
f 905 1772 1767
f 1771 1772 1773
f 1647 1773 1772
f 1776 1770 1769
f 1779 1780 1777
f 1782 1779 1778
f 1783 1784 1782
f 1644 1784 1783
f 1785 1786 1780
f 1787 1785 1779
f 1784 1788 1787
f 1640 1788 1784
f 1789 1790 1786
f 1791 1789 1785
f 1787 1788 1792
f 1643 1792 1788
f 1715 1724 1690
f 931 935 934
f 1777 1780 928
f 1786 927 928
f 927 1786 1790
f 1794 925 924
f 756 739 741
f 739 705 708
f 705 704 709
f 655 654 660
f 663 667 666
f 1796 797 796
f 796 1798 1797
f 1797 1798 1268
f 976 977 110
f 110 977 1730
f 237 1731 1799
f 1800 1799 1731
f 1730 958 957
f 1802 1794 1793
f 1804 1802 1801
f 1805 1806 1804
f 1808 1806 1805
f 1810 1808 1807
f 1811 1812 1810
f 1814 1812 1811
f 1816 1814 1813
f 1817 1818 1816
f 1819 1820 1818
f 1823 1824 1821
f 1826 1824 1823
f 1829 1830 1827
f 1833 1834 1831
f 1834 1830 1829
f 1835 1836 1833
f 1837 1838 1836
f 1841 1842 1839
f 1845 1846 1843
f 1847 1848 1841
f 1851 1852 1849
f 1855 1856 1853
f 1858 1856 1855
f 1860 1858 1857
f 1861 1862 1845
f 1846 1848 1847
f 1864 1826 1825
f 1867 1868 1865
f 1827 1867 1866
f 1871 1872 1869
f 1868 1871 1870
f 1869 1872 1864
f 1874 171 170
f 979 1875 1873
f 1629 1601 1597
f 1876 1877 673
f 1877 1878 631
f 1878 1879 632
f 1880 1881 602
f 1570 1568 171
f 1568 1566 151
f 1566 942 149
f 942 939 146
f 939 938 147
f 938 1575 34
f 34 1575 1574
f 25 22 30
f 22 21 37
f 21 361 872
f 361 360 901
f 360 930 932
f 932 930 934
f 937 933 934
f 946 937 904
f 876 946 877
f 874 389 376
f 376 389 388
f 377 388 395
f 1029 1028 1033
f 1028 1430 1438
f 1882 1883 241
f 1630 1631 1875
f 1162 1282 1281
f 1162 1712 1711
f 1701 1696 1711
f 1701 1700 1697
f 1700 1664 1654
f 1664 1658 1655
f 1658 1657 1884
f 1661 1660 1885
f 1660 1571 1887
f 1571 1570 1888
f 1888 1570 1874
f 1873 1890 1889
f 1873 1875 1891
f 1631 1892 1891
f 1894 1895 1893
f 1895 1897 1896
f 1896 1897 1898
f 1902 1903 1900
f 1906 1907 1904
f 1908 1909 1904
f 1892 1631 1633
f 1164 1170 1281
f 1910 1165 1164
f 1170 1130 1129
f 1579 1698 1580
f 1578 1699 1698
f 1699 1578 1911
f 1911 1912 1283
f 1283 1912 1910
f 1578 1558 1290
f 1914 981 1611
f 981 1914 1915
f 252 253 1915
f 1882 240 250
f 240 239 247
f 239 1708 1309
f 1708 1294 1305
f 1294 1293 1306
f 1293 1266 1303
f 1266 1265 1301
f 1299 1301 1265
f 1297 1299 1264
f 1263 1287 1240
f 1287 1292 1241
f 1916 1917 1272
f 1917 1918 1351
f 1920 1271 1270
f 1920 1921 1175
f 1172 1171 1388
f 1387 1390 1291
f 1165 1910 1291
f 1910 1912 1289
f 1912 1911 1290
f 1390 1389 1166
f 1924 1925 343
f 373 1924 342
f 1925 964 963
f 1928 1929 1926
f 1929 1931 1930
f 1930 1931 1035
f 1431 1928 1927
f 844 843 967
f 1080 1099 1268
f 242 184 1080
f 180 177 787
f 176 788 787
f 743 712 740
f 712 671 706
f 671 670 707
f 626 625 657
f 627 669 668
f 798 181 180
f 1639 242 1932
f 180 1639 1933
f 1268 1798 1933
f 1798 796 795
f 1004 999 1009
f 1003 1000 999
f 1052 892 1000
f 1443 893 892
f 1475 908 893
f 1477 910 908
f 910 1477 1492
f 1540 1494 1493
f 1481 912 911
f 912 915 909
f 915 884 894
f 884 887 895
f 887 897 1001
f 897 998 1002
f 998 1008 1010
f 1414 1417 1416
f 1012 1015 453
f 1015 1017 434
f 1017 1019 433
f 1020 1023 414
f 1027 394 416
f 1027 1029 395
f 395 1029 1032
f 1032 1031 384
f 1035 372 384
f 1931 373 372
f 1931 1929 1924
f 1929 1928 1925
f 1928 1431 964
f 1419 965 964
f 1407 1410 965
f 1406 1408 1410
f 1409 1408 1406
f 1467 1935 1934
f 1936 1937 1469
f 1938 1936 1468
f 1937 1935 1467
f 1936 1940 1939
f 1938 1941 1940
f 1942 1943 1940
f 1943 1944 1939
f 1947 1948 1945
f 1950 1947 1946
f 1951 1952 1946
f 1953 1954 1952
f 1954 1956 1955
f 1549 1957 3
f 988 1008 1007
f 988 994 1010
f 984 1958 365
f 984 1011 1959
f 1959 1960 994
f 1960 1009 1010
f 1011 1009 1960
f 1638 1208 1124
f 1181 1182 1366
f 1153 1154 1182
f 1145 1154 1153
f 1145 1151 1150
f 1137 1147 1146
f 1137 1136 1148
f 1131 1155 1148
f 1134 1156 1155
f 1278 1279 1156
f 1278 1160 1157
f 1158 1157 1160
f 1159 1169 1284
f 1166 1168 1167
f 1389 1922 1168
f 1388 1923 1922
f 1171 1174 1177
f 1174 1311 1179
f 1225 1345 1179
f 1345 1225 1224
f 1248 1246 1232
f 1232 1246 1245
f 1245 1242 1239
f 1242 1241 1236
f 1241 1292 1274
f 1216 1221 1274
f 1221 1216 1215
f 1213 1209 1220
f 1209 1213 1212
f 1211 1286 1210
f 1329 1330 1364
f 1330 1329 1328
f 1331 1328 1186
f 1185 1343 1365
f 1342 1344 1343
f 1126 1207 1206
f 1124 1208 1207
f 1923 1388 1171
f 1923 1176 1175
f 1916 1237 1236
f 1957 1636 4
f 1963 1964 1961
f 1966 1963 1962
f 1969 1970 1967
f 1968 1972 1971
f 1972 1974 1973
f 1961 1956 1954
f 1962 1954 1953
f 1976 1973 1974
f 1975 1978 1977
f 1947 1950 1944
f 1948 1947 1943
f 1979 1980 1967
f 1979 1982 1981
f 1934 1935 1981
f 1952 1955 1949
f 1937 1939 1981
f 1981 1939 1944
f 1967 1980 1944
f 1950 1949 1968
f 1955 1972 1968
f 1956 1974 1972
f 1956 1961 1975
f 1964 1978 1975
f 1163 1167 1284
f 1983 1984 1367
f 1984 1985 1183
f 1985 1986 1057
f 1986 1987 1058
f 1987 1988 1746
f 1989 1747 1746
f 72 57 1749
f 57 55 38
f 55 54 39
f 54 408 396
f 408 409 397
f 409 467 443
f 443 467 466
f 469 442 441
f 479 454 455
f 500 474 454
f 1748 502 474
f 1821 1820 1819
f 259 263 1990
f 260 259 1991
f 1994 220 219
f 223 1997 1995
f 224 223 1996
f 235 224 1998
f 157 235 1999
f 152 157 2000
f 153 152 2001
f 159 153 2002
f 866 159 2003
f 159 866 865
f 1528 422 2004
f 1539 1528 2005
f 2006 2007 1646
f 2007 2008 1647
f 813 902 835
f 814 813 810
f 398 814 809
f 398 403 402
f 416 399 402
f 1024 416 414
f 1025 1024 1023
f 1428 1025 1022
f 1619 700 703
f 700 661 662
f 662 661 660
f 660 654 667
f 657 668 667
f 628 668 657
f 628 625 599
f 605 604 599
f 1881 2009 605
f 731 735 2010
f 692 731 2011
f 693 692 2012
f 696 2015 2014
f 2016 2017 648
f 649 648 2017
f 652 649 2018
f 652 2019 2020
f 2020 2021 619
f 2022 2023 586
f 569 586 2023
f 2024 2025 570
f 531 570 2025
f 532 531 2026
f 507 532 2027
f 508 507 2028
f 1380 508 2029
f 2030 2031 487
f 487 2031 2032
f 462 488 2032
f 463 462 2033
f 2034 2035 466
f 466 2035 2036
f 2036 2037 421
f 422 421 2037
f 418 433 415
f 433 1019 1020
f 1020 1019 1018
f 1426 1021 1018
f 1429 1428 1432
f 1432 1435 922
f 1435 1456 920
f 1456 1465 495
f 1465 1473 496
f 1473 1490 1486
f 1490 1505 1499
f 1505 1504 1500
f 1500 1504 1509
f 1509 541 1502
f 1502 541 542
f 542 559 538
f 559 1552 1553
f 1615 737 701
f 737 710 658
f 658 710 709
f 709 704 655
f 707 656 655
f 707 670 626
f 626 670 629
f 601 600 629
f 1879 1880 601
f 753 751 730
f 751 727 688
f 688 727 726
f 684 723 722
f 1039 681 646
f 681 680 647
f 680 678 642
f 642 678 638
f 638 641 616
f 636 609 585
f 609 580 566
f 580 583 567
f 583 551 527
f 527 551 550
f 550 524 513
f 524 523 514
f 523 1383 1382
f 1383 505 483
f 483 505 504
f 504 476 460
f 476 475 461
f 475 480 469
f 480 455 442
f 455 438 427
f 438 437 428
f 437 1525 1527
f 1537 1527 1525
f 1536 1653 1650
f 1653 1652 1651
f 1652 1783 2038
f 2038 1783 1781
f 1781 1778 2040
f 1778 1777 2041
f 1777 929 2042
f 2042 929 837
f 811 834 837
f 818 817 812
f 817 419 400
f 400 419 418
f 840 832 2043
f 924 840 2044
f 1793 924 2045
f 1801 1793 2046
f 1803 1801 2047
f 2048 2049 1805
f 1807 1805 2049
f 1809 1807 2050
f 2051 2052 1811
f 1813 1811 2052
f 1815 1813 2053
f 2054 2055 1817
f 2055 2056 1819
f 1822 1819 2056
f 2057 2058 1823
f 1825 1823 2058
f 1863 1825 2059
f 2060 2061 1869
f 1870 1869 2061
f 1865 1870 2062
f 1866 1865 2063
f 1828 1866 2064
f 2065 2066 1829
f 1831 1829 2066
f 1832 1831 2067
f 2068 2069 1835
f 1835 2069 2070
f 1840 1839 2071
f 2072 2073 1847
f 1843 1847 2073
f 1844 1843 2074
f 1844 2075 2076
f 2077 2078 1851
f 2079 2080 1855
f 1857 1855 2080
f 1859 1857 2081
f 1976 1977 2083
f 2084 2085 1973
f 1973 2085 2086
f 1969 1971 2086
f 2087 2088 1970
f 2088 2089 1979
f 2089 2090 1982
f 2090 2091 1934
f 1934 2091 2092
f 1466 2092 2093
f 1457 2093 2094
f 1450 2094 2095
f 1444 2095 1424
f 1415 1420 1446
f 1416 1415 2096
f 1416 2097 2098
f 1412 1411 2098
f 2099 2100 828
f 829 828 2100
f 832 829 2101
f 1424 2095 1520
f 2095 2094 1519
f 2094 2093 1518
f 2093 2092 1517
f 2092 2091 1516
f 1515 1516 2091
f 2090 2089 1513
f 2089 2088 1514
f 2088 2087 1521
f 2087 2086 1549
f 2086 2085 1957
f 2085 2084 1636
f 1636 2084 2083
f 2102 2103 766
f 2103 2104 758
f 758 2104 2105
f 2105 2106 756
f 2107 757 756
f 2107 2108 743
f 743 2108 2109
f 714 713 2109
f 2111 1876 714
f 2082 2081 769
f 2081 2080 760
f 760 2080 2079
f 762 2078 2077
f 2076 2075 745
f 2075 2074 746
f 2074 2073 744
f 744 2073 2072
f 2072 2071 717
f 2070 2069 674
f 674 2069 2068
f 2068 2067 633
f 2067 2066 578
f 578 2066 2065
f 2065 2064 560
f 2064 2063 561
f 2063 2062 1386
f 2062 2061 546
f 546 2061 2060
f 2060 2059 519
f 2059 2058 520
f 520 2058 2057
f 2057 2056 502
f 2056 2055 481
f 2055 2054 482
f 2054 2053 1523
f 2053 2052 1534
f 2052 2051 1642
f 2051 2050 1643
f 2050 2049 1792
f 1792 2049 2048
f 2048 2047 1789
f 2047 2046 1790
f 1790 2046 2045
f 839 926 2045
f 2044 2043 827
f 2043 2101 826
f 2101 2100 825
f 825 2100 2099
f 2099 2098 824
f 2098 2097 1012
f 1012 2097 2096
f 1422 1013 2096
f 1854 1853 1852
f 1851 2078 2079
f 761 2079 2078
f 762 748 749
f 725 749 748
f 726 725 724
f 689 726 723
f 689 684 687
f 2015 696 693
f 696 699 694
f 588 694 699
f 589 588 595
f 589 594 136
f 173 172 136
f 173 135 191
f 182 186 191
f 183 182 190
f 183 193 1076
f 1096 1079 1076
f 1097 1096 1075
f 1095 1107 1101
f 1107 1106 1102
f 1252 1102 1106
f 1198 1252 1251
f 1199 1198 1195
f 1211 1199 1194
f 1197 2112 1286
f 1205 1206 1344
f 1188 1205 1342
f 1189 1188 1341
f 1114 1189 1340
f 1115 1114 1339
f 1117 1115 1338
f 1091 1117 1337
f 1067 1091 1336
f 1068 1067 1335
f 794 164 1068
f 165 164 794
f 139 165 793
f 125 139 792
f 126 125 791
f 557 126 790
f 558 557 556
f 621 558 555
f 622 621 620
f 619 2021 2022
f 616 612 611
f 616 641 636
f 637 636 641
f 675 637 640
f 715 675 677
f 717 2071 2070
f 2070 2071 1839
f 1839 1842 1838
f 1362 1363 1196
f 1361 1362 1193
f 1360 1361 1192
f 1358 1360 1250
f 1359 1358 1105
f 1357 1359 1104
f 1356 1357 1094
f 1355 1356 1074
f 192 1050 1355
f 1049 1050 192
f 1048 1049 189
f 1047 1048 188
f 1046 1047 134
f 1045 1046 133
f 1044 1045 593
f 1042 1044 592
f 1043 1042 698
f 697 2014 2016
f 685 1041 1040
f 685 722 1039
f 1038 1039 722
f 1036 1038 721
f 1037 1036 747
f 763 2077 2076
f 2076 2077 1850
f 1850 1849 1862
f 1364 2113 1196
f 1196 2113 2112
f 1296 1295 1333
f 1709 1797 1333
f 241 1796 1795
f 1709 238 1795
f 2114 2115 179
f 2116 2114 178
f 2117 2116 181
f 2118 2117 798
f 2119 2118 797
f 1883 2119 1796
f 2120 2121 2114
f 2120 2116 2117
f 2123 2122 2117
f 2124 2123 2118
f 2125 2124 2119
f 2128 2129 2126
f 2128 2127 2130
f 2133 2131 2130
f 2135 2133 2132
f 2129 2128 2136
f 2136 2128 2131
f 2131 2133 2139
f 2133 2135 2140
f 2124 2125 2141
f 2143 2144 2142
f 2147 2148 2145
f 2140 2135 2147
f 2148 2147 2149
f 2135 2134 2149
f 2127 2126 2121
f 2127 2120 2122
f 2132 2130 2122
f 2134 2132 2123
f 2134 2124 2142
f 2142 2144 2150
f 2151 2115 2114
f 2152 2151 2121
f 2153 2152 2126
f 179 2155 2154
f 2154 789 788
f 2115 2151 2155
f 2156 2153 2129
f 2155 2158 2157
f 2157 598 789
f 2151 2152 2158
f 2158 2160 2159
f 2159 597 598
f 2152 2153 2160
f 2160 2162 2161
f 2161 624 597
f 2153 2156 2162
f 2165 2166 2163
f 754 753 1881
f 765 754 1880
f 770 765 1879
f 1860 1859 1876
f 1859 2082 1877
f 2082 770 1878
f 2009 734 733
f 735 736 2168
f 2010 735 2164
f 753 734 2009
f 1914 1913 2143
f 2141 2125 1915
f 1882 1915 2125
f 624 2161 2168
f 2169 2170 2156
f 2162 2171 2168
f 2169 2137 2136
f 2174 2146 2145
f 2146 2174 2175
f 2176 2139 2140
f 2172 2136 2138
f 2177 2138 2139
f 2156 2170 2171
f 2178 2179 2174
f 2179 2180 2175
f 2176 2175 2180
f 2177 2176 2181
f 2183 2172 2177
f 2183 2184 2169
f 2184 2185 2170
f 2185 2165 2171
f 2171 2165 2164
f 2186 2187 2179
f 2187 2188 2180
f 2181 2180 2188
f 2182 2181 2189
f 2191 2183 2182
f 2191 2192 2184
f 2192 2193 2185
f 2193 2166 2165
f 2009 2167 606
f 1561 1564 1565
f 1565 2194 1302
f 1564 2195 2194
f 1563 2196 2195
f 2195 1592 1591
f 1602 1592 2195
f 1304 1302 2194
f 1591 1590 1307
f 1590 1594 1308
f 1310 1308 1594
f 248 1310 1596
f 1600 1599 249
f 860 804 862
f 804 221 863
f 221 220 1997
f 1997 220 1994
f 214 217 2198
f 217 205 2200
f 2200 205 204
f 2203 1903 1902
f 1626 1627 1606
f 1609 1606 1605
f 2197 862 306
f 863 1997 223
f 2199 2198 212
f 212 2198 2200
f 2200 2201 201
f 1898 2203 2202
f 1599 1610 251
f 1610 1605 254
f 1605 1608 980
f 1608 1621 1612
f 1770 931 363
f 1770 1776 935
f 2204 2205 935
f 902 903 935
f 2206 2207 2205
f 835 902 2205
f 2041 2042 2207
f 2042 834 835
f 1649 1648 2008
f 1649 2007 2006
f 2006 2005 1526
f 1526 2005 2004
f 425 2004 2037
f 441 426 2037
f 468 441 2036
f 468 2035 2034
f 459 458 2034
f 485 459 2033
f 2032 2031 486
f 1381 486 2031
f 1381 2030 2029
f 512 511 2029
f 529 512 2028
f 2027 2026 530
f 564 530 2026
f 564 2025 2024
f 565 2024 2023
f 584 2023 2022
f 611 2022 2021
f 613 2021 2020
f 2020 2019 643
f 643 2019 2018
f 645 644 2018
f 645 2017 2016
f 1040 2016 2014
f 2014 2015 687
f 687 2015 2013
f 2013 2012 691
f 729 691 2012
f 733 729 2011
f 733 2010 2163
f 2163 2166 606
f 2166 2193 603
f 2193 2192 627
f 2192 2191 669
f 669 2191 2190
f 666 2190 2189
f 2189 2188 665
f 2188 2187 702
f 2187 2186 1613
f 2206 2208 2040
f 2208 2209 2039
f 2209 2210 2038
f 2210 1648 1651
f 1884 1657 1661
f 1657 1656 1662
f 1656 1670 1672
f 1670 1678 1679
f 1679 1678 1685
f 1685 1692 1693
f 1692 1727 1728
f 1728 1727 1735
f 1744 1740 1739
f 1744 1759 1758
f 1759 1764 1762
f 1764 1768 1766
f 1768 1771 1769
f 1775 1769 1771
f 2211 1773 1647
f 1648 2210 2211
f 2212 1774 1773
f 2210 2209 2212
f 2213 2212 2209
f 2206 2204 2213
f 2212 2213 1775
f 2213 2204 1776
f 1753 2215 2214
f 59 2216 2215
f 58 1532 2216
f 1532 799 2217
f 799 9 8
f 1736 1756 1755
f 1734 1736 1745
f 1735 1734 1742
f 1733 1735 1741
f 1739 1737 1732
f 1577 1732 1737
f 26 25 1574
f 1574 25 29
f 29 28 32
f 28 31 94
f 95 94 31
f 102 95 20
f 103 102 19
f 124 954 956
f 954 953 957
f 1800 957 953
f 2003 2002 1799
f 1799 2002 2001
f 230 236 2001
f 231 230 2000
f 210 231 1999
f 210 1998 1996
f 1996 1995 2199
f 1995 1994 214
f 215 214 1994
f 227 226 1992
f 1991 1990 257
f 1715 1717 1756
f 2218 2217 8
f 2219 1756 1717
f 2218 1755 1756
f 1556 1557 1482
f 1482 1480 1545
f 1480 1481 1546
f 1546 1481 1478
f 1478 1479 1542
f 1479 1492 1540
f 1485 1540 1492
f 1488 771 768
f 771 491 451
f 491 494 452
f 494 544 412
f 544 900 413
f 900 1441 1439
f 1602 2196 196
f 1572 196 2196
f 1559 1572 1563
f 1559 1560 1249
f 1249 1248 1224
f 1224 1248 1233
f 1233 1227 1348
f 1227 1226 1349
f 1349 1226 1353
f 1353 1352 1269
f 1269 1352 1351
f 1270 1351 1918
f 1638 1125 1984
f 1125 1121 1985
f 1121 1392 1986
f 1392 1394 1987
f 1394 1582 1988
f 75 1989 1988
f 72 1752 1989
f 1752 1751 1747
f 1751 1754 1723
f 1754 2214 1721
f 2215 2216 2217
f 2214 2215 2218
f 1719 1721 2214
f 844 966 978
f 845 844 1927
f 1440 845 1926
f 1441 1440 1930
f 1439 1441 1034
f 2222 2223 2220
f 2225 2223 2222
f 2228 2229 2226
f 2232 2233 2230
f 2233 2232 2234
f 2231 2230 2236
f 2231 2239 2238
f 2242 2243 2240
f 2244 2245 2243
f 2248 2249 2246
f 2237 2250 2239
f 2253 2254 2251
f 2256 2248 2247
f 2259 2260 2257
f 2263 2264 2261
f 2262 2261 2265
f 2268 2266 2265
f 2271 2272 2269
f 2274 2264 2263
f 2273 2263 2275
f 2258 2278 2277
f 2279 2280 2272
f 2280 2282 2281
f 2272 2281 2283
f 2286 2287 2284
f 2288 2289 2284
f 2266 2284 2289
f 2262 2289 2275
f 2290 2275 2289
f 2276 2275 2290
f 2292 2293 2290
f 2291 2290 2293
f 2296 2283 2281
f 2297 2295 2281
f 2296 2295 2298
f 2300 2301 2287
f 2282 2303 2302
f 2305 2306 2303
f 2302 2303 2306
f 2304 2303 2282
f 2304 2280 2279
f 2297 2302 2309
f 2311 2309 2302
f 2312 2305 2304
f 2315 2316 2313
f 2319 2320 2317
f 2323 2324 2321
f 2325 2326 2320
f 2329 2330 2327
f 2328 2327 2331
f 2332 2331 2333
f 2334 2333 2335
f 2339 2318 2337
f 2339 2338 2340
f 2318 2317 2342
f 2322 2321 2316
f 2232 2238 2343
f 2346 2347 2344
f 2350 2351 2348
f 2354 2355 2352
f 2356 2357 2351
f 2345 2344 2358
f 2345 2361 2360
f 2305 2361 2362
f 2312 2360 2361
f 2365 2366 2363
f 2366 2368 2367
f 2368 2370 2369
f 2373 2374 2371
f 2375 2376 2372
f 2374 2373 2377
f 2306 2362 2379
f 2362 2359 2380
f 2379 2380 2381
f 2380 2384 2383
f 2359 2358 2384
f 2385 2386 2357
f 2387 2388 2386
f 2307 2379 2382
f 2301 2292 2288
f 2297 2310 2298
f 2370 2390 2389
f 2345 2359 2362
f 2393 2394 2391
f 2397 2398 2395
f 2396 2395 2399
f 2403 2404 2401
f 2405 2406 2404
f 2402 2401 2355
f 2409 2410 2407
f 2413 2414 2411
f 2416 2412 2411
f 2418 2336 2335
f 2421 2422 2419
f 208 2424 2423
f 2427 2428 2425
f 2431 2432 2429
f 2435 2436 2433
f 2439 2440 2437
f 2443 2444 2441
f 2447 2448 2445
f 2449 2450 2376
f 2450 2449 2439
f 2426 2425 2448
f 2446 2445 2451
f 2455 2456 2453
f 2458 2409 2408
f 2400 2399 2394
f 2460 2397 2396
f 2393 2392 2461
f 2462 2463 2400
f 2396 2400 2463
f 2466 2467 2464
f 2467 2466 2468
f 2469 2468 2470
f 2472 2473 2423
f 257 2444 2443
f 2476 2477 2474
f 2475 2474 263
f 2480 2481 2478
f 2484 2485 2482
f 2485 2478 2481
f 2479 2487 2486
f 2488 2489 2486
f 2492 2493 2490
f 2483 2495 2494
f 2498 2499 2496
f 2494 2495 2499
f 2502 2503 2500
f 2506 2507 2504
f 2505 2509 2508
f 2512 2513 2510
f 2515 2510 2513
f 2518 2519 2516
f 2506 2508 2520
f 2515 2514 2522
f 2523 2522 2524
f 2528 2529 2526
f 2532 2533 2530
f 2535 2530 2533
f 2537 2538 2536
f 2521 2520 2539
f 2541 2535 2534
f 2531 2530 2542
f 2546 2547 2544
f 2549 2541 2540
f 2535 2550 2542
f 2553 2554 2551
f 2552 2556 2555
f 2546 2558 2557
f 2560 2557 2558
f 2562 2549 2548
f 2541 2563 2550
f 2543 2542 2564
f 2566 2564 2542
f 2569 2570 2567
f 2568 2567 2554
f 2553 2555 2571
f 2568 2571 2572
f 2575 2576 2573
f 2578 2562 2561
f 2549 2579 2563
f 2580 2566 2550
f 2562 2581 2579
f 2582 2581 2562
f 2583 2580 2563
f 2584 2583 2579
f 2586 2572 2571
f 2589 2590 2587
f 2593 2594 2591
f 2593 2592 2595
f 2598 2589 2588
f 2601 2602 2599
f 2605 2606 2603
f 2607 2608 2602
f 2610 2606 2605
f 2602 2612 2611
f 2615 2616 2613
f 2619 2620 2617
f 2620 2619 2621
f 2625 2626 2623
f 2616 2615 2627
f 2608 2629 2612
f 2632 2633 2630
f 2636 2637 2634
f 2640 2641 2638
f 2644 2645 2642
f 2643 2618 2617
f 2630 2633 2646
f 2631 2630 2648
f 2652 2653 2650
f 2654 2655 2641
f 2656 2657 2635
f 2660 2661 2658
f 2664 2665 2662
f 2648 2630 2647
f 2653 2652 2667
f 2670 2652 2651
f 2673 2674 2671
f 2677 2678 2675
f 2680 2678 2677
f 2672 2671 2681
f 2685 2686 2683
f 2686 2661 2660
f 2687 2667 2652
f 2690 2691 2688
f 2693 2689 2688
f 2695 2670 2669
f 2698 2699 2696
f 2702 2703 2700
f 2676 2675 2703
f 2699 2698 2674
f 2706 2707 2704
f 2710 2711 2708
f 2712 2713 2689
f 2714 2690 2689
f 2715 2687 2670
f 2718 2719 2716
f 2716 2719 2691
f 2722 2723 2720
f 2726 2727 2724
f 2730 2731 2728
f 2729 2685 2684
f 2733 2714 2713
f 2717 2716 2734
f 2734 2716 2690
f 2738 2739 2736
f 2742 2743 2740
f 2746 2747 2744
f 2721 2720 2747
f 2743 2742 2727
f 2731 2749 2748
f 2752 2753 2750
f 2223 2225 2754
f 2757 2706 2705
f 2626 2664 2663
f 2758 2734 2714
f 2734 2758 2759
f 2761 2738 2737
f 2764 2765 2762
f 2762 2765 2739
f 2768 2769 2766
f 2749 2771 2770
f 2772 2220 2223
f 2774 2761 2760
f 2763 2762 2775
f 2775 2762 2738
f 2779 2780 2777
f 2783 2784 2781
f 2745 2744 2783
f 2778 2777 2741
f 2787 2788 2785
f 2790 2766 2769
f 2775 2792 2791
f 2792 2775 2761
f 2795 2796 2793
f 2795 2794 2764
f 2797 2798 2780
f 2781 2784 2799
f 2803 2804 2801
f 2807 2808 2805
f 2392 2803 2809
f 2392 2391 2804
f 2461 2809 2810
f 2814 2815 2812
f 2818 2819 2816
f 2820 2795 2763
f 2820 2821 2796
f 2822 2823 2793
f 2824 2825 2798
f 2828 2829 2826
f 2832 2833 2830
f 2799 2835 2834
f 2803 2802 2836
f 2809 2836 2837
f 2839 2813 2812
f 2841 2817 2816
f 2844 2845 2842
f 2846 2820 2776
f 2846 2847 2821
f 2848 2822 2796
f 2822 2850 2849
f 2853 2854 2851
f 2829 2828 2855
f 2859 2860 2857
f 2863 2864 2861
f 2830 2833 2865
f 2869 2870 2867
f 2873 2874 2871
f 2877 2878 2875
f 2881 2882 2879
f 2884 2843 2842
f 2845 2886 2885
f 2821 2847 2887
f 2848 2888 2850
f 2889 2890 2854
f 2892 2851 2854
f 2895 2896 2893
f 2899 2900 2897
f 2903 2904 2901
f 2907 2908 2905
f 2911 2912 2909
f 2913 2914 2872
f 2915 2916 2876
f 2919 2920 2917
f 2923 2924 2921
f 2883 2842 2885
f 2886 2927 2926
f 2887 2928 2888
f 2929 2930 2890
f 2891 2854 2890
f 2933 2895 2894
f 2936 2937 2934
f 2940 2941 2938
f 2942 2943 2902
f 2906 2905 2944
f 2946 2947 2943
f 2945 2944 2948
f 2950 2951 2923
f 2920 2953 2952
f 2922 2921 2954
f 2925 2885 2926
f 2890 2930 2957
f 2959 2933 2932
f 2935 2934 2960
f 2939 2938 2962
f 2964 2965 2940
f 2966 2967 2965
f 2968 2950 2922
f 2953 2970 2969
f 2954 2972 2971
f 2962 2974 2973
f 2960 2976 2975
f 2977 2964 2939
f 2978 2966 2964
f 2979 2968 2955
f 2665 2981 2980
f 2982 2977 2963
f 2983 2978 2977
f 2985 2704 2707
f 2988 2989 2986
f 2992 2993 2990
f 2993 2995 2994
f 2997 2994 2995
f 2998 2999 2997
f 3001 2459 2463
f 3002 3000 2463
f 3002 2462 2461
f 3004 2348 2351
f 3003 2351 2357
f 3005 2357 2386
f 3006 2386 2388
f 3010 3011 3008
f 2592 2228 2227
f 2592 2591 3012
f 2606 2259 2277
f 2610 2260 2259
f 2619 2264 2274
f 2618 2261 2264
f 2643 2642 2267
f 2261 2618 2643
f 3013 2475 264
f 3014 2476 2475
f 3016 2435 2434
f 2519 2503 2502
f 2500 2497 2496
f 2986 2989 3017
f 3018 3017 3019
f 2241 2240 2576
f 3023 3024 3021
f 3027 3028 3025
f 2613 3022 3021
f 3031 3032 3029
f 3034 3031 3030
f 2649 3033 3030
f 2631 3030 3029
f 3036 2648 2666
f 2648 3036 3037
f 3037 3038 3033
f 3039 3034 3033
f 3042 3043 3040
f 3044 3045 3043
f 3024 3023 3046
f 3032 3031 3048
f 3050 3048 3031
f 3051 3050 3034
f 3052 3053 3045
f 2661 2271 2270
f 2279 2271 2661
f 2279 2686 2685
f 2312 2308 2685
f 2729 2728 2360
f 2360 2728 2748
f 2748 2770 2347
f 2767 2766 2348
f 2349 2348 2766
f 2991 2787 2786
f 2353 2352 2808
f 3056 3057 3054
f 3057 3059 3058
f 3061 3058 3059
f 3054 3058 2757
f 3064 3061 3060
f 3066 3064 3063
f 3067 2584 2581
f 2987 2255 2236
f 3069 3016 3015
f 859 3069 3068
f 3069 3071 3070
f 3072 3073 2517
f 2438 2437 2517
f 2438 2516 2502
f 2450 2502 2501
f 2376 2501 2496
f 2372 2496 2499
f 864 3071 3069
f 2377 2495 2483
f 2495 2377 2373
f 2481 2513 2512
f 2480 2514 2513
f 2514 2480 2486
f 2522 2486 2489
f 2521 2536 2507
f 2529 2491 2490
f 2512 2511 3075
f 2483 2482 2512
f 3078 3079 3076
f 2989 2988 3079
f 2235 3080 3076
f 2233 3076 3079
f 3079 2988 2236
f 3081 2256 2255
f 3077 3076 3080
f 2600 2599 3027
f 2590 3085 3084
f 3083 3027 3026
f 3089 3090 3087
f 3087 3092 3091
f 3017 3091 3092
f 3082 3089 3088
f 3088 3091 3078
f 2989 3078 3091
f 3095 3096 3093
f 3097 3098 3096
f 891 890 3098
f 3101 3102 3099
f 3104 3095 3094
f 3105 3097 3095
f 899 891 3097
f 3062 2757 2756
f 3107 3081 2987
f 3026 3025 3108
f 3086 3026 3109
f 2984 2707 3064
f 2593 2596 3111
f 3112 3113 2594
f 2605 2604 2636
f 2609 2605 2635
f 2679 2677 2620
f 2676 2617 2620
f 2644 2617 2676
f 2645 2644 2702
f 2722 2721 2660
f 3114 3115 3102
f 2683 2660 2721
f 3116 3117 3115
f 2684 2683 2746
f 3120 3121 3118
f 2730 2684 2745
f 3096 3120 3119
f 2782 2781 2731
f 2749 2731 2781
f 3122 3123 3121
f 2800 2834 2771
f 3098 3122 3120
f 2831 2830 2769
f 919 918 3123
f 2789 2769 2830
f 2785 2788 2863
f 2806 2805 2911
f 2802 2801 2907
f 2709 2708 3124
f 3125 3124 3126
f 2802 2906 2945
f 2945 2949 2837
f 3128 3129 3053
f 3050 3051 3130
f 3049 3048 3132
f 2706 3061 3064
f 3061 2706 2757
f 3131 3132 3048
f 2574 2573 3134
f 3136 3107 2986
f 3137 3136 3018
f 3139 3110 3109
f 3141 3137 3020
f 3144 3145 3142
f 3146 3147 3145
f 2623 3127 3148
f 2662 2709 3125
f 3085 3150 3149
f 2663 3125 3127
f 3150 3141 3140
f 3152 2235 2234
f 2511 3152 3151
f 2326 2325 3153
f 3153 3156 3155
f 3151 3158 3157
f 2234 2343 3158
f 2324 2323 3159
f 3162 3160 3159
f 3164 2545 2544
f 2527 3164 3163
f 2552 2551 3165
f 3166 3165 2538
f 3166 3167 2556
f 2537 2539 3167
f 3168 3169 3167
f 3171 2564 2566
f 3057 3170 3172
f 3170 2566 2580
f 3059 3172 3173
f 3172 2580 2583
f 3060 3173 3174
f 3173 2583 2584
f 3174 2584 3067
f 3065 3063 3174
f 2586 2597 2588
f 3152 2511 2510
f 2235 3152 3176
f 3080 3176 3177
f 2510 2515 3177
f 3178 3089 3082
f 2523 3178 3177
f 3179 3090 3089
f 2525 3179 3178
f 3155 3156 3180
f 2565 2564 3171
f 2236 2255 2247
f 2247 2246 2250
f 2340 2338 2367
f 2338 2337 2363
f 2363 2337 2342
f 2389 3183 2340
f 2313 2252 2251
f 3140 2560 2559
f 2587 3084 2570
f 2569 2572 2588
f 3184 3185 2471
f 3187 3067 2582
f 3186 2582 2578
f 3191 3192 3189
f 3194 990 989
f 3193 3189 3192
f 3190 3196 3195
f 995 899 3105
f 3197 3105 3104
f 3198 3104 3103
f 3202 3203 3200
f 3204 3205 3187
f 1005 995 3197
f 3206 3197 3198
f 3207 3198 3199
f 3201 3200 3209
f 3211 3204 3186
f 3193 989 1005
f 3206 3207 3189
f 3214 3215 3212
f 3216 3217 3214
f 3218 3219 3217
f 3222 3223 3220
f 3226 3227 3224
f 3229 3226 3225
f 3232 3233 3230
f 3234 3235 3231
f 2959 3237 3236
f 2933 3236 3238
f 2895 3238 3239
f 3240 3241 2860
f 2861 3243 3242
f 2862 3242 3244
f 2785 3244 3245
f 2786 3245 3246
f 2992 3246 3247
f 2993 3247 3248
f 2995 3248 3249
f 2996 3249 3250
f 2957 2958 2932
f 2931 2932 2894
f 2891 2894 2893
f 2858 2857 2856
f 2866 2865 2864
f 2788 2789 2866
f 2789 2788 2787
f 2790 2787 2991
f 2349 2991 2990
f 2990 2994 2356
f 2385 2356 2994
f 2999 2387 2385
f 3175 3067 3187
f 3203 3202 3100
f 3251 3187 3205
f 2488 2492 2491
f 2489 2491 2529
f 2525 2524 2529
f 2525 2528 3163
f 3179 3163 2544
f 2547 3087 3090
f 2547 2557 3092
f 3019 3092 2557
f 3020 3019 2560
f 3084 3149 2559
f 2570 2559 2558
f 2554 2567 2558
f 2554 2546 2545
f 2551 2545 3164
f 2538 3165 3164
f 2538 2527 2526
f 2536 2526 2490
f 2493 2504 2507
f 2310 2309 3253
f 3257 3258 3255
f 3261 3262 3259
f 3262 3264 3263
f 3261 3258 3265
f 3258 3261 3260
f 3269 3270 3267
f 2381 2383 3270
f 2388 2387 3271
f 3275 3276 3273
f 3277 3278 3272
f 2406 2405 3274
f 2398 2397 3279
f 3283 3268 3281
f 3284 3269 3268
f 3286 3284 3283
f 3289 3290 3287
f 3268 3267 3291
f 3292 3293 3278
f 3294 3295 3276
f 3298 3299 3296
f 3302 3303 3300
f 3306 3307 3304
f 3310 3311 3308
f 3312 3313 3311
f 3287 3316 3314
f 3290 3317 3316
f 2382 2381 3269
f 2311 2382 3284
f 3320 3321 3318
f 3318 3321 3322
f 3319 3318 3324
f 3326 3324 3318
f 3329 3330 3327
f 3333 3334 3331
f 3337 3338 3335
f 3339 3340 3334
f 3343 3344 3341
f 3335 3344 3343
f 3351 3352 3349
f 3351 3350 3266
f 3360 3328 3327
f 3362 3330 3329
f 3365 3366 3363
f 3370 3363 3366
f 3373 3374 3371
f 3377 3378 3375
f 3379 3380 3377
f 3261 3266 3350
f 3266 3265 3381
f 3383 3265 3258
f 3350 3349 3264
f 3386 3387 3384
f 3322 3389 3388
f 3385 3384 3390
f 3394 3395 3392
f 3396 3397 3395
f 3400 3401 3398
f 3402 3403 3400
f 3391 3390 3313
f 3404 3315 3322
f 3315 3314 3389
f 3323 3388 3405
f 3411 3412 3401
f 3413 3411 3400
f 3416 3417 3414
f 3415 3414 3418
f 3424 3425 3422
f 3428 3429 3426
f 3379 3376 3430
f 3429 3428 3432
f 3432 3428 3434
f 3438 3439 3436
f 3442 3443 3440
f 3446 3447 3444
f 3449 3447 3446
f 2309 2311 3286
f 3288 3287 3315
f 3450 3451 3307
f 3399 3398 3452
f 3455 3453 3301
f 3458 3459 3456
f 3301 3300 3460
f 3457 3456 3461
f 3464 3419 3458
f 3419 3418 3459
f 3463 3458 3457
f 3457 3462 3466
f 3467 3468 3298
f 3453 3455 3402
f 3453 3452 3302
f 3393 3392 3451
f 3470 3471 3469
f 3376 3375 3470
f 3472 3473 3439
f 3428 3427 3475
f 3297 3296 3280
f 3340 3344 3335
f 3334 3335 3338
f 3477 3339 3333
f 3476 3333 3332
f 3482 3483 3480
f 3369 3328 3360
f 3330 3477 3476
f 3327 3476 3478
f 3341 3344 3340
f 3419 3464 3487
f 3490 3373 3488
f 3490 3491 3374
f 3415 3487 3492
f 3495 3496 3493
f 3472 3438 3434
f 3435 3434 3438
f 3441 3445 3444
f 3441 3440 3497
f 3498 3497 3499
f 3500 3499 3501
f 3502 3501 3503
f 3507 3508 3505
f 3509 3510 2465
f 3423 3422 3488
f 3373 3372 3511
f 3506 3505 3510
f 2999 2998 3512
f 3513 3512 3514
f 3516 3517 3515
f 3520 3521 3518
f 3522 3523 3520
f 3523 3522 3524
f 3527 3525 3524
f 3528 3529 3527
f 3417 3413 3403
f 3414 3403 3402
f 3418 3402 3455
f 3459 3455 3454
f 3454 3460 3461
f 3533 3468 3467
f 3007 2388 3272
f 3534 3272 3278
f 3535 3278 3293
f 3538 3308 3311
f 3537 3311 3313
f 3539 3313 3390
f 3540 3390 3384
f 3541 3384 3387
f 3545 3546 3380
f 3548 3546 3545
f 3550 3547 3545
f 3549 3545 3379
f 3551 3552 3473
f 3551 3472 3475
f 3469 3554 3431
f 2998 3250 3555
f 3512 3555 3556
f 3514 3556 3557
f 3518 3559 3558
f 3519 3558 3560
f 3522 3560 3561
f 3524 3561 3562
f 3526 3562 3563
f 2387 2999 3513
f 3271 3513 3515
f 3517 3292 3277
f 3310 3309 3521
f 3523 3312 3310
f 3312 3523 3525
f 3391 3525 3527
f 3529 3386 3385
f 3265 3383 3567
f 3282 3281 3290
f 3281 3291 3317
f 3536 3293 3308
f 3309 3308 3293
f 3309 3292 3517
f 3521 3517 3516
f 3516 3557 3559
f 3305 3304 3295
f 3303 3299 3298
f 3298 3468 3460
f 3460 3468 3533
f 3462 3461 3533
f 3462 3494 3493
f 3504 3503 3508
f 3285 3283 3282
f 3568 3282 3289
f 3570 3404 3321
f 3571 3288 3404
f 3569 3289 3288
f 2286 3573 3572
f 3574 3573 2286
f 3575 3574 2285
f 3576 3575 2268
f 3577 3576 2267
f 3578 3577 2642
f 2701 3579 3578
f 3580 3579 2701
f 3581 3582 2697
f 3583 3584 2718
f 3585 3583 2717
f 3586 3585 2735
f 3589 3590 3587
f 3591 3592 3320
f 2268 2285 2284
f 3594 3592 3591
f 3595 3596 3592
f 3570 3320 3592
f 3597 3598 3596
f 3571 3570 3596
f 2773 2760 3585
f 3585 2760 2737
f 3583 2737 2736
f 2725 2724 3582
f 3579 3580 2723
f 2659 3578 3579
f 3578 2659 2658
f 3577 2658 2270
f 3576 2270 2269
f 2269 2283 3574
f 3573 3574 2283
f 2299 3572 3573
f 3598 3599 3569
f 3600 3568 3569
f 3602 3600 3599
f 3601 3599 3598
f 3285 3568 3600
f 3604 3603 3600
f 3427 3426 3553
f 3550 3549 3431
f 2599 2611 3028
f 2531 3606 3605
f 3607 3606 2531
f 2509 3609 3608
f 3610 2520 2508
f 3613 3614 3611
f 3617 3618 3615
f 2565 3619 3607
f 3168 2539 2520
f 3616 3615 3620
f 3622 3623 3215
f 3624 3622 3214
f 3625 3624 3217
f 3626 3627 3223
f 3628 3629 3227
f 3628 3226 3229
f 3619 2565 3182
f 3634 3635 3632
f 3127 3126 3636
f 3629 3632 3635
f 3626 3635 3637
f 3639 2625 2624
f 3148 3636 3628
f 3055 3054 3062
f 3640 3062 3106
f 2624 3148 3630
f 3638 3232 3231
f 3040 3614 3613
f 3065 3175 3251
f 3642 3251 3252
f 3623 3622 3644
f 3648 3620 3646
f 3649 3621 3620
f 3645 3644 3650
f 3653 3648 3647
f 3654 3649 3648
f 3656 3634 3633
f 3651 3650 3657
f 3660 3653 3652
f 3661 3654 3653
f 3635 3634 3662
f 3634 3656 3663
f 3665 3656 3655
f 3658 3657 3666
f 3669 3660 3659
f 3670 3661 3660
f 3656 3665 3671
f 3673 3665 3664
f 3066 3065 3642
f 3674 3642 3643
f 2984 3066 3674
f 3676 3674 3675
f 3117 3116 3678
f 3118 3121 3680
f 3682 3680 3121
f 2980 2710 2709
f 3665 3673 3683
f 2981 3685 3684
f 3686 3687 2711
f 3688 2985 2984
f 2710 2980 3684
f 3690 3673 3672
f 3683 3673 3690
f 3688 3676 3677
f 3695 3696 3693
f 3697 3698 3694
f 3694 3700 3699
f 3698 3701 3700
f 2751 2750 3702
f 3706 3707 3704
f 3704 3709 3708
f 3711 3706 3705
f 3708 3712 3710
f 3686 3684 3696
f 3695 3699 3687
f 3690 3689 3707
f 3691 3690 3706
f 3714 3711 3710
f 3715 3691 3711
f 3691 3715 3716
f 3717 3671 3683
f 3718 3663 3671
f 3719 3662 3663
f 3720 3637 3662
f 3625 3627 3637
f 3713 3710 3712
f 3667 3668 3659
f 3658 3659 3652
f 3651 3652 3647
f 3645 3647 3646
f 3712 3708 2225
f 2225 3708 3709
f 3703 3702 3701
f 2694 2669 3722
f 3722 2669 2651
f 3724 2651 2650
f 2639 2638 3726
f 3728 3729 2637
f 2604 3730 3728
f 3730 2604 2603
f 3731 2603 2277
f 3343 3264 3349
f 3336 3349 3352
f 3723 3722 3733
f 3735 3733 3722
f 3736 3735 3724
f 3737 3738 3727
f 3113 3739 3729
f 3730 2594 3113
f 2594 3730 3731
f 2591 3731 3732
f 3264 3343 3342
f 3685 3740 3696
f 3741 3742 3697
f 3745 3746 3743
f 3746 3748 3747
f 3698 3697 3744
f 3743 2751 3703
f 2751 3743 3747
f 3721 3712 2224
f 1550 2221 2220
f 1551 2220 2772
f 1554 1553 2753
f 2752 3747 1555
f 3747 3748 1556
f 3682 3123 918
f 890 919 3122
f 3697 3742 3745
f 3422 3750 3489
f 3422 3425 3751
f 3753 3448 3446
f 3752 3446 3445
f 3756 3753 3752
f 3754 3498 3500
f 3498 3754 3445
f 3758 3759 3147
f 3760 3761 3759
f 3762 3763 3761
f 3254 3253 3603
f 3286 3285 3603
f 3750 3751 3764
f 3765 3764 2413
f 3768 3769 3766
f 3771 3750 3765
f 3770 3765 2412
f 3773 2416 2415
f 2294 2293 3774
f 3775 3774 3594
f 2298 2310 3254
f 3777 3595 3594
f 3778 3597 3595
f 3779 3601 3597
f 3781 3604 3602
f 3780 3602 3601
f 3776 3254 3604
f 2293 2292 3777
f 2292 2301 3778
f 2301 2300 3779
f 3572 2299 3781
f 2300 3572 3780
f 2299 2298 3776
f 3784 3785 3782
f 3787 3784 3783
f 3789 3787 3786
f 3792 3793 3790
f 3795 3785 3784
f 3794 3784 3787
f 3799 3800 3797
f 3801 3802 3791
f 3185 3184 1611
f 1613 2916 2915
f 1615 2951 2950
f 1617 2968 2979
f 1619 2914 2913
f 1616 2950 2968
f 1622 3800 3799
f 3803 3800 1622
f 3792 3789 3788
f 3802 3805 3804
f 3800 3803 3806
f 3796 3787 3789
f 3808 3792 3791
f 2341 2340 3183
f 3812 3809 3810
f 3813 2319 2318
f 2341 3809 3812
f 2339 2341 3814
f 1550 1637 3815
f 3817 2460 2459
f 3820 3821 3818
f 3823 3818 3821
f 3825 3112 3111
f 3828 3829 3826
f 3822 3831 3830
f 3825 3739 3113
f 3738 3737 3829
f 3822 3735 3736
f 3821 3733 3735
f 3734 3733 3821
f 3772 3833 3832
f 3836 3837 3834
f 3840 3841 3838
f 3839 3838 3762
f 3842 3843 3836
f 3846 3847 3844
f 3835 3834 3848
f 3851 3840 3839
f 3850 3839 3760
f 3852 3842 3835
f 3845 3844 3842
f 3854 3846 3845
f 3856 3849 3848
f 3858 3851 3850
f 3857 3850 3758
f 3859 3852 3849
f 3853 3845 3852
f 3853 3861 3860
f 3855 3863 3862
f 3864 3865 3858
f 3146 3144 3864
f 3856 3862 3866
f 3859 3866 3861
f 3868 3860 3861
f 3870 3862 3863
f 3872 3865 3864
f 3871 3864 3144
f 3873 3866 3862
f 3867 3861 3866
f 3876 3877 3874
f 3773 3832 3877
f 3844 3878 3843
f 3847 3879 3878
f 3847 3846 3880
f 3882 3362 3881
f 3846 3854 3883
f 3884 3882 3880
f 3854 3860 3885
f 3883 3885 3485
f 2454 2453 3886
f 3887 3886 3496
f 3330 3362 3882
f 3477 3882 3884
f 3884 3485 3340
f 3875 3874 3888
f 3890 3881 3362
f 3889 3888 3482
f 3879 3847 3881
f 3860 3868 3891
f 3341 3485 3885
f 3868 3893 3892
f 3342 3341 3891
f 3263 3342 3892
f 3893 3895 3894
f 3895 3897 3896
f 3259 3263 3894
f 3897 3899 3898
f 3260 3259 3896
f 3899 3901 3900
f 3255 3260 3898
f 3903 3867 3873
f 3902 3873 3870
f 3904 3870 3869
f 3907 3872 3871
f 3906 3871 3143
f 3768 3143 3142
f 2365 2364 2251
f 2314 2251 2364
f 2315 2314 2342
f 2315 2317 2320
f 2326 2323 2322
f 2323 2326 3154
f 3161 3159 3154
f 3161 3155 3181
f 2452 3909 2329
f 2452 2328 2332
f 2334 2447 2446
f 2336 2426 2447
f 2336 2418 2427
f 2430 2421 2420
f 2424 2443 2442
f 258 2443 2424
f 3768 3767 3910
f 3910 3911 3907
f 3905 3913 3912
f 3904 3912 3914
f 3915 3916 2244
f 3917 3918 3916
f 3921 3922 3919
f 2226 3923 3922
f 3901 3925 3924
f 3256 3255 3900
f 2712 3926 2732
f 2258 2257 3927
f 3927 3930 3929
f 2278 2258 3928
f 3932 3931 3928
f 2229 3933 3923
f 3902 3914 3934
f 3935 3915 2242
f 3936 3917 3915
f 3921 3920 3937
f 2227 2226 3921
f 3939 3935 2241
f 3940 3936 3935
f 3942 3938 3937
f 2595 2227 3938
f 3943 3939 2575
f 3944 3940 3939
f 3946 3942 3941
f 2596 2595 3942
f 3948 3944 3943
f 3946 3945 3949
f 3111 2596 3946
f 3949 3952 3951
f 3824 3111 3950
f 3953 3954 3948
f 3957 3958 3955
f 3959 3960 3958
f 3962 3960 3959
f 3823 3830 3962
f 3964 3957 3956
f 3965 3959 3957
f 3961 3959 3965
f 3818 3823 3961
f 3968 3964 3963
f 3969 3965 3964
f 3965 3969 3970
f 3819 3818 3966
f 3893 3868 3867
f 3135 3134 3139
f 3955 3133 3132
f 3963 3956 3132
f 3131 3130 3967
f 3971 3972 3129
f 2969 2972 2954
f 2952 2954 2921
f 2917 2921 2924
f 2867 2874 2873
f 2878 2877 2880
f 3011 3974 3973
f 3008 3973 3975
f 3975 3532 3467
f 3180 2330 2329
f 2329 3909 3908
f 2452 2451 3977
f 3978 3908 3909
f 3908 3978 3162
f 3979 3980 3972
f 3981 3982 3980
f 3984 3982 3981
f 3985 3986 3984
f 3987 3988 3986
f 3990 3988 3987
f 3991 3992 3990
f 3993 3994 3992
f 3996 3994 3993
f 3998 3996 3995
f 4001 4002 3999
f 4003 4004 4001
f 4007 4008 4005
f 4011 4012 4009
f 4010 4009 4007
f 4014 4012 4011
f 4016 4014 4013
f 4019 4020 4017
f 4023 4024 4021
f 4026 4020 4019
f 4029 4030 4027
f 4033 4034 4031
f 4035 4036 4033
f 4037 4038 4036
f 4040 4024 4023
f 4022 4021 4026
f 4041 4042 4004
f 4045 4046 4043
f 4005 4008 4046
f 4049 4050 4047
f 4044 4043 4050
f 4047 4042 4041
f 2390 4052 4051
f 3183 2389 4051
f 3808 3807 3789
f 4054 4055 2927
f 4056 4054 2886
f 4057 4056 2845
f 4058 4059 2815
f 3763 4052 2390
f 3761 2390 2370
f 3759 2370 2368
f 3147 2368 2366
f 3145 2366 2365
f 3142 2365 2254
f 2254 2253 3766
f 2245 2249 2248
f 2243 2248 2256
f 2240 2256 3081
f 2576 3081 3107
f 2573 3107 3136
f 3136 3137 3139
f 3141 3110 3139
f 3150 3086 3110
f 3085 3083 3086
f 3083 3085 2590
f 2590 2589 2601
f 2589 2598 2607
f 3228 3233 3232
f 3229 3232 3638
f 4060 4061 2456
f 3809 3183 4053
f 3361 3329 3483
f 3361 3482 3888
f 3874 3879 3890
f 3879 3874 3877
f 3878 3877 3832
f 3843 3832 3833
f 3836 3833 4062
f 3841 4064 4063
f 3838 4063 4065
f 3762 4065 4066
f 4066 4067 4052
f 4067 4068 4051
f 4051 4068 4069
f 3810 4053 4069
f 4070 4073 4071
f 4071 4073 4074
f 4074 4077 4076
f 4080 4081 4078
f 4084 4085 4082
f 1908 4083 4082
f 4070 4072 3811
f 3366 3480 3483
f 4086 3480 3366
f 3369 3483 3329
f 3770 2416 3773
f 3771 3770 3876
f 3771 3875 3889
f 4087 3889 3481
f 3481 3480 4086
f 3750 3771 4087
f 4089 1913 1611
f 4089 3184 2470
f 2468 4061 4090
f 2468 2466 2456
f 2466 2465 2453
f 2453 2465 3510
f 3886 3510 3505
f 3496 3505 3508
f 3493 3508 3503
f 3466 3503 3501
f 3499 3463 3465
f 3497 3464 3463
f 3464 3497 3440
f 3487 3440 3443
f 4092 3439 3473
f 4091 3473 3552
f 4094 4095 3471
f 4094 3470 3375
f 3374 3587 3590
f 3587 3374 3491
f 3365 3588 3491
f 4086 3491 3490
f 4088 3490 3489
f 3588 3365 3364
f 4100 2555 2556
f 2585 2571 2555
f 4099 2556 3167
f 4103 4104 4101
f 4102 4101 4105
f 4105 3235 3234
f 3631 3182 4104
f 3056 3171 3170
f 3279 4107 3467
f 2397 2460 4107
f 2407 3817 3001
f 2457 2408 3001
f 2956 2970 2953
f 2925 2953 2920
f 2883 2920 2919
f 2838 2870 2869
f 2841 2840 2882
f 2410 3010 3009
f 2460 3817 4108
f 3817 2407 3009
f 3467 4107 4108
f 3976 4108 3009
f 3204 3211 3209
f 3205 3204 3200
f 3252 3205 3203
f 3643 3252 3099
f 3675 3643 3102
f 3677 3675 3115
f 3117 3679 3692
f 3741 3693 3696
f 3681 3678 3116
f 3118 3116 3114
f 3119 3114 3101
f 3093 3101 3100
f 3094 3100 3202
f 3103 3202 3201
f 3199 3201 3210
f 3612 3611 3618
f 3212 3035 2666
f 3213 2666 2647
f 3216 2647 2646
f 3220 2628 2627
f 3225 3224 2629
f 3225 2608 2607
f 2607 2598 3233
f 2598 2597 3230
f 3234 3230 2597
f 4106 3234 2586
f 4106 2585 4100
f 4102 4100 4099
f 4103 4099 3169
f 3619 3631 3169
f 3607 3619 3168
f 3606 3607 3610
f 3609 3605 3606
f 3667 3666 4109
f 4112 3669 3668
f 4113 3670 3669
f 4111 3668 3667
f 4112 4111 4114
f 4113 4112 4115
f 4118 4116 4115
f 4117 4115 4114
f 4122 4123 4120
f 4124 4125 4123
f 4127 4120 4123
f 4129 4127 4126
f 4128 4126 4130
f 3749 2224 2222
f 3190 3189 3207
f 3190 3208 3210
f 3188 2578 2577
f 3188 4133 4134
f 4134 3195 3196
f 4135 3196 3210
f 3211 4134 4135
f 3816 3325 3324
f 3381 3567 3566
f 3353 3381 3382
f 3345 3351 3353
f 3345 3346 3352
f 3337 3352 3346
f 3337 3347 3348
f 3331 3338 3348
f 3332 3331 3356
f 3478 3332 3355
f 3478 3479 3357
f 3358 3360 3359
f 3360 3358 3484
f 3364 3363 3368
f 3589 3364 3367
f 3590 3589 4097
f 3371 3378 3377
f 3372 3377 3380
f 3546 3423 3511
f 3546 3548 3424
f 3449 3433 3432
f 3447 3432 3435
f 3444 3435 3437
f 3442 3437 3436
f 3443 3436 3474
f 3416 3492 3474
f 3421 3420 3417
f 3413 3417 3420
f 3409 3410 3411
f 3412 3411 3410
f 3528 3563 3564
f 3530 3531 3529
f 3531 3565 3386
f 3387 3386 3565
f 3542 3387 3544
f 3326 3405 3407
f 3324 3326 3406
f 4098 3378 3371
f 4098 4096 3375
f 4092 3474 3436
f 4132 2222 2221
f 1963 4137 4136
f 1966 4138 4137
f 4141 4142 4139
f 4142 4141 4143
f 4144 4143 4145
f 4136 4137 4128
f 4137 4138 4129
f 4147 4148 4146
f 4148 4147 1977
f 4122 4117 4119
f 4121 4118 4117
f 4150 4140 4139
f 4150 4149 4151
f 4109 4152 4151
f 4126 4123 4125
f 4111 4110 4151
f 4151 4149 4119
f 4139 4124 4119
f 4124 4139 4142
f 4130 4125 4142
f 4131 4130 4144
f 4131 4146 4148
f 1964 4136 4148
f 3363 3370 3484
f 4153 3566 3567
f 4154 3567 3383
f 4155 3383 3257
f 4156 3257 3256
f 4157 3256 3924
f 3925 4159 4158
f 2291 3930 3927
f 2276 3927 2257
f 2273 2257 2260
f 2274 2260 2610
f 2621 2610 2609
f 2622 2609 2657
f 2657 2656 2680
f 2682 2681 2655
f 2693 2692 2668
f 2712 2693 2667
f 3926 2712 2687
f 3999 4002 3998
f 2474 4160 1990
f 2477 4161 4160
f 2436 4163 4162
f 2440 4166 4164
f 2439 4167 4166
f 2449 4168 4167
f 2375 4169 4168
f 2371 4170 4169
f 2374 4171 4170
f 2378 4172 4171
f 3075 3157 4172
f 2378 2377 3074
f 3729 4174 4173
f 3739 4175 4174
f 4175 3739 3825
f 4176 3825 3824
f 3025 3024 3047
f 3028 3021 3024
f 2611 2614 3021
f 2611 2612 2615
f 2629 2627 2615
f 3224 3221 2627
f 3227 3222 3221
f 3629 3626 3222
f 1619 1614 2915
f 2915 2875 2872
f 2875 2878 2873
f 2873 2878 2879
f 2882 2869 2868
f 2840 2839 2869
f 2840 2816 2813
f 2814 2813 2816
f 4178 4058 2814
f 2944 4180 4179
f 2905 4181 4180
f 2908 4182 4181
f 2909 2912 4183
f 4186 3243 2861
f 2864 4187 4185
f 2865 4188 4187
f 2865 2833 4189
f 4189 2833 2832
f 4192 2835 2799
f 2784 4193 4191
f 4193 2784 2783
f 2744 4195 4194
f 2747 4196 4195
f 2720 4197 4196
f 2723 4198 4197
f 3580 4199 4198
f 4199 3580 2700
f 2700 2703 4201
f 2675 4202 4201
f 2678 4203 4202
f 4203 2678 2680
f 2680 2656 4205
f 4205 2656 2634
f 2637 4173 4206
f 2633 2616 2628
f 2646 2628 3220
f 3220 3223 3219
f 3627 3625 3219
f 3628 3636 3632
f 3632 3636 3126
f 3633 3126 3124
f 3655 3124 2708
f 3664 2708 2711
f 3672 2711 3687
f 3689 3687 3699
f 3707 3699 3700
f 3700 3701 3709
f 3709 3701 3702
f 3702 2750 2755
f 2755 2750 2753
f 2772 2753 1553
f 1615 1620 2913
f 2913 2871 2923
f 2871 2874 2924
f 2924 2874 2867
f 2870 2919 2918
f 2919 2870 2838
f 2838 2812 2843
f 2844 2843 2812
f 4059 4057 2844
f 2967 2946 2942
f 2965 2942 2901
f 2901 2904 2941
f 2897 2900 2937
f 3239 3240 2859
f 2896 2859 2858
f 2893 2858 2855
f 2855 2828 2851
f 2851 2828 2827
f 2849 2824 2797
f 2823 2797 2779
f 2793 2779 2778
f 2794 2778 2740
f 2740 2743 2765
f 2765 2743 2726
f 2739 2726 2725
f 2736 2725 3581
f 3584 3581 2696
f 2696 2699 2719
f 2719 2699 2673
f 2691 2673 2672
f 2688 2672 2682
f 2692 2682 2654
f 2668 2654 2640
f 2653 2640 2639
f 2650 2639 3727
f 3738 3736 3725
f 3736 3738 3828
f 3831 3828 3827
f 3830 3827 4207
f 4207 4208 3960
f 3960 4208 4209
f 3958 4209 4210
f 3955 4210 4211
f 4211 3046 3049
f 3023 3032 3049
f 3032 3023 3022
f 3029 3022 2613
f 2613 2616 2633
f 3053 4213 4212
f 3129 4214 4213
f 3972 4215 4214
f 3980 4216 4215
f 3982 4217 4216
f 4217 3982 3984
f 3986 4219 4218
f 3988 4220 4219
f 4220 3988 3990
f 3992 4222 4221
f 3994 4223 4222
f 4223 3994 3996
f 4224 3996 3998
f 4002 4226 4225
f 4226 4002 4001
f 4004 4228 4227
f 4042 4229 4228
f 4229 4042 4047
f 4050 4231 4230
f 4043 4232 4231
f 4046 4233 4232
f 4008 4234 4233
f 4234 4008 4007
f 4009 4236 4235
f 4012 4237 4236
f 4237 4012 4014
f 4014 4016 4239
f 4020 4241 4240
f 4241 4020 4026
f 4021 4243 4242
f 4024 4244 4243
f 4024 4040 4245
f 4247 4030 4029
f 4249 4034 4033
f 4036 4250 4248
f 4038 4251 4250
f 4147 4252 2083
f 4252 4147 4145
f 4145 4143 4254
f 4141 4255 4254
f 4255 4141 4140
f 4256 4140 4150
f 4257 4150 4152
f 4258 4152 4109
f 4109 3666 4260
f 3666 3657 4261
f 3657 3650 4262
f 3650 3644 4263
f 3644 3622 3624
f 3615 4264 3646
f 3618 4265 4264
f 3618 3611 4266
f 3614 4267 4266
f 4267 3614 3040
f 3043 4269 4268
f 3045 4212 4269
f 3624 3625 3720
f 4263 3720 3719
f 4262 3719 3718
f 4261 3718 3717
f 4260 3717 3716
f 3715 4258 4259
f 4258 3715 3714
f 4257 3714 3713
f 4256 3713 3721
f 4255 3721 3749
f 4254 3749 4132
f 4253 4132 3815
f 3815 1637 2083
f 2102 1618 2979
f 2979 2971 4271
f 2971 2972 4272
f 4272 2972 2969
f 2970 4274 4273
f 4274 2970 2956
f 2956 2926 4276
f 4277 4276 2926
f 4055 4278 4277
f 4251 2983 2982
f 4250 2982 2973
f 2973 2974 4249
f 2975 2976 4247
f 4245 3237 2959
f 4244 2959 2958
f 4243 2958 2957
f 2957 2930 4241
f 4241 2930 2929
f 4239 2928 2887
f 2887 2847 4237
f 4237 2847 2846
f 4236 2846 2791
f 2791 2792 4234
f 4234 2792 2774
f 4233 2774 2773
f 4232 2773 3586
f 4231 3586 2759
f 2759 2758 4229
f 4229 2758 2733
f 4228 2733 2732
f 2732 3926 4226
f 4226 3926 2715
f 4225 2715 2695
f 4224 2695 2694
f 4223 2694 3723
f 4222 3723 3734
f 4221 3734 3820
f 4220 3820 3819
f 4219 3819 3970
f 3970 3969 4217
f 4217 3969 3968
f 4216 3968 3967
f 3967 3130 4214
f 3051 4213 4214
f 4213 3051 3039
f 4212 3039 3038
f 4269 3038 3037
f 3037 3036 4267
f 4267 3036 3035
f 4266 3035 3212
f 3212 3215 4264
f 3623 3646 4264
f 4034 4029 4028
f 4029 4034 4249
f 2974 2975 4246
f 2975 2974 2962
f 2938 2935 2961
f 2941 2936 2935
f 2904 2897 2936
f 2904 2903 2898
f 4184 4182 2908
f 2909 2908 2907
f 2801 2806 2910
f 2804 2807 2806
f 2804 2391 2353
f 2394 2354 2353
f 2394 2399 2402
f 2395 2403 2402
f 2398 2405 2403
f 2405 2398 3280
f 3296 3275 3274
f 3299 3294 3275
f 3294 3299 3303
f 3305 3303 3302
f 3452 3450 3306
f 3398 3393 3450
f 3401 3394 3393
f 3412 3396 3394
f 3396 3412 3486
f 3405 3542 3543
f 3388 3541 3542
f 3389 3540 3541
f 3314 3539 3540
f 3316 3537 3539
f 3317 3538 3537
f 3291 3536 3538
f 3267 3535 3536
f 3270 3534 3535
f 2383 3007 3534
f 2384 3006 3007
f 2358 3005 3006
f 2344 3003 3005
f 2347 3004 3003
f 2770 2767 3004
f 2771 2768 2767
f 2834 2831 2768
f 2835 2832 2831
f 2832 2835 4192
f 2827 2826 2825
f 2827 2824 2849
f 2850 2853 2852
f 2888 2889 2853
f 2928 2929 2889
f 2929 2928 4239
f 4239 4016 4017
f 4017 4016 4015
f 3562 3395 3397
f 3561 3392 3395
f 3560 3451 3392
f 3558 3307 3451
f 3559 3304 3307
f 3557 3295 3304
f 3556 3276 3295
f 3555 3273 3276
f 3250 2406 3273
f 3249 2404 2406
f 3248 2401 2404
f 3247 2355 2401
f 3246 2352 2355
f 3245 2808 2352
f 3244 2805 2808
f 3242 2911 2805
f 3243 2912 2911
f 2912 3243 4186
f 2900 2899 3241
f 2900 3240 3239
f 3238 2934 2937
f 3236 2960 2934
f 3237 2976 2960
f 2976 3237 4245
f 4245 4040 4030
f 4030 4040 4039
f 3564 3563 3397
f 3397 3396 4279
f 3494 3533 3532
f 3887 3495 3532
f 3973 3974 2455
f 3887 3975 3973
f 4281 4282 2409
f 4282 4283 2410
f 4283 4284 3010
f 4284 4285 3011
f 4285 4286 3974
f 4286 4060 2455
f 4288 4283 4282
f 4283 4288 4289
f 4290 4285 4284
f 4291 4286 4285
f 4292 4060 4286
f 4295 4296 4293
f 4296 4295 4297
f 4299 4300 4298
f 4301 4302 4300
f 4294 4304 4303
f 4295 4303 4305
f 4297 4305 4306
f 4299 4306 4307
f 4292 4291 4308
f 2143 4309 4308
f 4310 4311 2145
f 4301 4307 4311
f 2148 2150 4312
f 4302 4301 4310
f 4296 4288 4287
f 4288 4296 4298
f 4300 4290 4289
f 4302 4291 4290
f 4291 4302 4312
f 4308 4312 2150
f 4313 4287 4282
f 4314 4293 4287
f 4315 4294 4293
f 4316 4317 2458
f 4316 2457 3000
f 4317 4313 4281
f 4318 4304 4294
f 4319 4320 4317
f 4319 4316 3002
f 4320 4314 4313
f 4321 4322 4320
f 4321 4319 2811
f 4322 4315 4314
f 4323 4324 4322
f 4323 4321 2810
f 4324 4318 4315
f 2966 4059 4058
f 2978 4057 4059
f 2983 4056 4057
f 4037 4278 4055
f 4038 4055 4054
f 4251 4054 4056
f 4178 4325 2947
f 2948 4327 4326
f 4179 4328 4327
f 2967 4058 4178
f 4089 4309 2143
f 4089 4090 4292
f 4061 4060 4292
f 2837 2949 4326
f 4330 4304 4318
f 4323 4326 4331
f 4330 4332 4303
f 4333 2173 2145
f 4334 4333 4311
f 4335 4334 4307
f 4303 4332 4336
f 4336 4335 4306
f 4331 4329 4318
f 2178 2173 4333
f 4334 4338 4337
f 4335 4339 4338
f 4336 4340 4339
f 4332 4341 4340
f 4341 4332 4330
f 4342 4330 4329
f 4331 4344 4343
f 2186 2178 4337
f 4338 4346 4345
f 4339 4347 4346
f 4340 4348 4347
f 4341 4349 4348
f 4349 4341 4342
f 4350 4342 4343
f 4344 4352 4351
f 4326 4327 4344
f 4325 4178 2819
f 4327 4328 4352
f 3755 3752 3754
f 3757 3500 3502
f 4354 3755 3757
f 3756 3755 4354
f 3785 4354 4353
f 3795 4355 4354
f 3504 3782 4353
f 3782 3504 3507
f 3783 3507 3506
f 3509 3788 3786
f 2464 3793 3788
f 3070 4356 3073
f 3016 3073 3072
f 2435 3072 4165
f 4165 4164 4163
f 2429 4358 4357
f 2430 4357 4359
f 4359 4360 2422
f 4361 4362 4081
f 3805 3802 3797
f 3797 3802 3801
f 4356 2518 2517
f 3072 2437 2440
f 4358 2428 2427
f 2427 2418 4359
f 4359 2418 2417
f 4076 4077 4362
f 2464 2467 3790
f 2467 2469 3801
f 3801 2469 2471
f 2471 3185 3799
f 3799 3185 1612
f 3947 3943 2574
f 3947 3135 3138
f 4364 3953 3138
f 3108 4363 3138
f 4366 4364 4363
f 3047 4365 4363
f 4210 4366 4365
f 4211 4365 3047
f 3829 4176 4177
f 3829 3737 4175
f 4175 3737 3726
f 3726 2638 4173
f 2638 2641 4206
f 2655 4205 4206
f 2681 4204 4205
f 2681 2671 4203
f 2674 4202 4203
f 2698 4201 4202
f 4201 2698 2697
f 3582 4199 4200
f 3582 2724 4198
f 2727 4197 4198
f 2742 4196 4197
f 4196 2742 2741
f 2777 4194 4195
f 2777 2780 4193
f 2780 2798 4191
f 2798 2825 4192
f 2825 2826 4190
f 2826 2829 4189
f 4189 2829 2856
f 2856 2857 4187
f 2860 4185 4187
f 2860 3241 4186
f 3241 2899 4183
f 4183 2899 2898
f 2898 2903 4182
f 4182 2903 2902
f 2943 4180 4181
f 2947 4179 4180
f 2947 4325 4328
f 4325 2818 4352
f 2818 2817 4351
f 4351 2817 2841
f 4350 2841 2881
f 4349 2881 2880
f 2880 2877 4347
f 4347 2877 2876
f 2876 2916 4345
f 4345 2916 1613
f 4366 4210 4209
f 4367 4209 4208
f 4368 4208 4207
f 4369 4207 3827
f 4062 4064 3841
f 3837 3841 3840
f 3834 3840 3851
f 3848 3851 3858
f 3858 3865 3863
f 3863 3865 3872
f 3869 3872 3907
f 3907 3911 3913
f 3920 3919 3918
f 3920 3917 3936
f 3937 3936 3940
f 3941 3940 3944
f 3945 3944 3948
f 3954 3952 3949
f 4370 4177 3824
f 3826 4177 4370
f 4371 4370 3951
f 4369 4370 4371
f 4372 4367 4368
f 4366 4367 4372
f 4371 3952 3954
f 4372 3954 3953
f 3931 3932 4373
f 2278 3931 4374
f 2277 2278 4375
f 3732 4375 4376
f 3012 4376 2229
f 3914 3923 3933
f 3912 3922 3923
f 3913 3919 3922
f 3911 3918 3919
f 3918 3911 3910
f 3767 2244 3916
f 2244 3767 3766
f 3766 2253 2249
f 2253 2252 2246
f 2246 2252 2313
f 2316 2239 2250
f 2321 2238 2239
f 2324 2343 2238
f 2343 2324 3160
f 3158 3160 3162
f 3978 4172 3157
f 4172 3978 3977
f 3977 2451 4170
f 2445 4169 4170
f 2448 4168 4169
f 2425 4167 4168
f 2425 2428 4166
f 4166 2428 4358
f 4164 4358 2429
f 2432 4162 4163
f 2444 4160 4161
f 4160 2444 257
f 3893 3903 3934
f 4377 3933 2229
f 4378 3897 3895
f 4377 4378 3934
f 1556 3748 3682
f 3682 3748 3746
f 3680 3746 3745
f 3745 3742 3678
f 3678 3742 3741
f 3679 3741 3740
f 3685 3688 3692
f 3688 3685 2981
f 2985 2981 2665
f 2704 2665 2664
f 2705 2664 2626
f 2756 2626 2625
f 3106 2625 3639
f 3795 2414 2413
f 3764 3756 4355
f 3751 3753 3756
f 3751 3425 3448
f 3448 3425 3424
f 3424 3548 3433
f 3433 3548 3547
f 3429 3547 3550
f 3426 3550 3554
f 3553 3554 3469
f 3469 3471 3552
f 3471 4095 4093
f 3816 4153 4154
f 3325 4154 4155
f 3319 4155 4156
f 3591 4156 4157
f 3593 4157 4158
f 4159 2294 3775
f 2291 2294 4159
f 3930 4159 3925
f 3929 3925 3901
f 3932 3901 3899
f 4374 4377 4376
f 4373 4378 4377
f 3897 4378 4373
f 3056 4104 3182
f 3055 4101 4104
f 3640 4105 4101
f 3641 3235 4105
f 3639 3231 3235
f 4379 1603 1602
f 3794 4380 2414
f 4381 4379 195
f 4380 4382 2411
f 4383 4381 194
f 4382 4384 2415
f 4385 4383 199
f 4384 4386 3772
f 1655 1884 4385
f 4062 3833 3772
f 4379 4387 1604
f 4388 4380 3794
f 4381 4389 4387
f 4390 4382 4380
f 4383 4391 4389
f 4392 4384 4382
f 4385 4393 4391
f 4394 4386 4384
f 1884 1886 4393
f 4064 4062 4386
f 4395 4396 1887
f 4397 4393 1886
f 4396 4397 1885
f 4398 4395 1888
f 1890 4399 4398
f 4067 4401 4400
f 4402 4403 4066
f 4394 4404 4063
f 4404 4402 4065
f 4403 4401 4067
f 4405 4406 4396
f 4407 4408 4403
f 4409 4391 4393
f 4406 4409 4397
f 4392 4410 4404
f 4410 4407 4402
f 4411 4412 4406
f 4413 4414 4408
f 4415 4389 4391
f 4412 4415 4409
f 4390 4416 4410
f 4416 4413 4407
f 4417 4418 4412
f 4419 4420 4414
f 4421 4387 4389
f 4418 4421 4415
f 4388 4422 4416
f 4422 4419 4413
f 1625 1629 4418
f 3808 3804 4420
f 1628 1604 4387
f 1629 1628 4421
f 3796 3807 4422
f 3807 3808 4419
f 4423 4405 4395
f 4408 4424 4401
f 4425 4411 4405
f 4414 4426 4424
f 4427 4417 4411
f 4420 4428 4426
f 4429 1625 4417
f 3804 4430 4428
f 4399 4431 4423
f 4401 4424 4432
f 4426 4433 4432
f 4434 4425 4423
f 4427 4436 4435
f 4438 4428 4430
f 4425 4434 4436
f 4433 4426 4428
f 4439 4440 2202
f 4441 4442 4081
f 4440 4443 1899
f 4444 4441 4362
f 4433 4438 4441
f 4438 4437 4442
f 4435 4436 4440
f 4436 4434 4443
f 4445 4444 4077
f 4443 4446 1896
f 4446 4447 1893
f 4448 4445 4074
f 4447 1891 1892
f 4069 4448 4073
f 4431 4399 4447
f 4400 4432 4445
f 4432 4433 4444
f 4434 4431 4446
f 4399 1890 1891
f 4068 4400 4448
f 4451 4452 4449
f 4454 4451 4450
f 4452 4456 4455
f 4458 4454 4453
f 3806 3803 4454
f 3803 1624 4451
f 1624 1623 4452
f 1623 1627 4456
f 4459 4456 1627
f 4458 4460 3805
f 1625 4429 4459
f 3805 4460 4430
f 4461 4437 4430
f 4435 4462 4459
f 4449 4455 4463
f 4450 4449 4464
f 4453 4450 4465
f 4457 4453 4466
f 4464 4463 1905
f 4465 4464 1904
f 4466 4465 1909
f 4467 4466 4082
f 4462 4468 4463
f 4469 4461 4457
f 4459 4462 4455
f 4461 4460 4458
f 4079 4078 4085
f 2420 2419 2473
f 2431 2420 2472
f 2442 2441 2432
f 2441 4161 4162
f 2433 4162 4161
f 2434 2433 2477
f 3015 2434 2476
f 3015 3014 3013
f 858 3068 3013
f 858 801 800
f 803 856 800
f 803 802 261
f 218 261 260
f 219 260 1992
f 1992 226 215
f 226 229 216
f 216 229 256
f 202 256 255
f 1900 1906 1905
f 1901 1905 4463
f 4085 4078 4469
f 4468 4439 1902
f 4442 4469 4078
f 4462 4435 4439
f 4437 4461 4469
f 108 4471 4470
f 4472 4473 100
f 4476 4477 4474
f 4474 4480 4478
f 4477 4481 4480
f 4484 4485 4482
f 4488 4489 4486
f 4489 4491 4490
f 4492 4493 4484
f 4496 4497 4494
f 4500 4501 4498
f 4497 4503 4502
f 4506 4507 4504
f 4510 4511 4508
f 4513 4501 4500
f 4514 4515 116
f 4517 4518 204
f 4521 4522 4519
f 4518 4517 4523
f 4522 4526 4525
f 4528 4521 4520
f 4530 4522 4521
f 4529 4521 4528
f 4516 204 203
f 4534 4535 4515
f 4534 4537 4536
f 4536 4537 4538
f 4539 4538 4540
f 4543 4541 4540
f 4546 4547 4544
f 4511 4546 4545
f 4508 4511 4548
f 4522 4530 4550
f 4552 4506 4505
f 4555 4556 4553
f 4557 4558 4543
f 4491 4471 4559
f 4546 4511 4510
f 4547 4546 4560
f 4562 4563 4500
f 4564 4512 4500
f 4565 4566 4505
f 4567 4551 4505
f 4553 4569 4568
f 4554 4568 4570
f 4573 255 206
f 209 4574 4572
f 4575 4555 4554
f 952 4577 4576
f 949 4576 4472
f 4580 4581 4578
f 4578 4581 4582
f 4586 4587 4584
f 4585 4584 4588
f 4592 4593 4590
f 4593 4595 4594
f 4598 4599 4596
f 4601 4598 4597
f 4577 952 976
f 4582 4604 4603
f 4595 4606 4605
f 4607 4608 4587
f 4599 4610 4609
f 4587 4612 4611
f 4613 4612 4587
f 4611 4614 4588
f 4615 4533 4515
f 4487 4486 4543
f 4486 4490 4541
f 4490 4559 4539
f 4559 112 4536
f 4471 108 112
f 112 114 4535
f 114 116 4515
f 4618 4619 4616
f 4620 4621 4524
f 4526 4623 4622
f 4624 4625 4534
f 4625 4626 4537
f 4626 4627 4538
f 4627 4628 4540
f 4628 4629 4542
f 4630 4631 4544
f 4629 4632 4557
f 4633 4630 4547
f 4634 4624 4533
f 4623 4526 4550
f 4481 4637 4636
f 4638 4639 4627
f 4640 4641 4625
f 4641 4638 4626
f 4637 4643 4642
f 4644 4645 4619
f 4646 4647 4632
f 4644 4618 4648
f 4628 4650 4646
f 4627 4639 4650
f 4651 4652 4621
f 4623 4654 4653
f 4655 4656 4631
f 4657 4655 4630
f 4658 4654 4623
f 4659 4640 4624
f 4654 4661 4660
f 4662 4663 4641
f 4663 4664 4638
f 4665 4666 4652
f 4667 4662 4640
f 4643 4669 4668
f 4670 4671 4645
f 4672 4673 4647
f 4670 4644 4649
f 4675 4676 4656
f 4677 4675 4655
f 4678 4661 4654
f 4669 4680 4679
f 4681 4682 4662
f 4683 4684 4673
f 4686 4670 4674
f 4687 4671 4670
f 4688 4689 4682
f 4691 4692 4683
f 4692 4693 4684
f 4695 4686 4685
f 4695 4696 4687
f 4680 4698 4697
f 4698 4700 4699
f 4701 4702 4696
f 4703 4704 4693
f 4703 4692 4691
f 4701 4695 4694
f 4708 4689 4688
f 4709 4710 4702
f 4709 4701 4706
f 4700 4713 4712
f 4714 4715 4704
f 4716 4714 4703
f 4718 4708 4707
f 4719 4720 4710
f 4721 4722 4715
f 4723 4721 4714
f 4725 4718 4717
f 4713 4727 4726
f 4719 4709 4711
f 4730 4725 4724
f 4731 4732 4721
f 4732 4733 4722
f 4735 4719 4728
f 4735 4736 4720
f 4727 4738 4737
f 4664 4739 4639
f 4739 4740 4650
f 4740 4672 4646
f 4690 4683 4672
f 4682 4741 4663
f 4741 4742 4664
f 4742 4743 4739
f 4743 4690 4740
f 4743 4744 4691
f 4744 4745 4705
f 4745 4746 4716
f 4746 4747 4723
f 4747 4748 4731
f 4747 4750 4749
f 4746 4751 4750
f 4745 4752 4751
f 4744 4753 4752
f 4753 4744 4743
f 4750 4755 4754
f 4751 4756 4755
f 4752 4757 4756
f 4753 4758 4757
f 4742 4741 4758
f 4682 4689 4758
f 4689 4708 4757
f 4708 4718 4756
f 4718 4725 4755
f 4725 4730 4754
f 1894 4760 4759
f 4762 1898 1897
f 4764 1908 1907
f 1907 1906 4765
f 1900 1903 4766
f 4605 4604 4582
f 4594 4582 4581
f 4581 4580 4591
f 1897 1895 4759
f 4768 4760 1894
f 4769 4768 1633
f 4770 1634 100
f 1635 4771 4769
f 1634 4770 4771
f 4773 4770 4473
f 4774 4772 4473
f 4773 4775 4771
f 4775 4776 4769
f 4776 4777 4768
f 4777 4778 4760
f 4576 4779 4774
f 4577 4780 4779
f 4602 4781 4780
f 4471 4491 4782
f 4491 4489 4783
f 4784 4785 4775
f 4784 4773 4772
f 4787 4786 4772
f 4779 4788 4787
f 4780 4789 4788
f 4781 4790 4789
f 4785 4791 4776
f 4791 4792 4777
f 4792 4592 4778
f 4794 4595 4593
f 4792 4793 4593
f 4794 4795 4606
f 4797 4794 4793
f 4791 4796 4793
f 4797 4798 4795
f 4489 4488 4799
f 4790 4801 4800
f 4789 4800 4802
f 4802 4786 4787
f 4803 4804 4558
f 4617 4805 4804
f 4804 4806 4487
f 4805 4807 4806
f 4806 4808 4488
f 4807 4809 4808
f 4808 4810 4799
f 4811 4812 4800
f 4812 4813 4802
f 4813 4784 4786
f 4809 4814 4810
f 4815 4816 4812
f 4813 4817 4785
f 4785 4817 4796
f 4817 4813 4812
f 4816 4797 4796
f 4815 4798 4797
f 4820 4821 4818
f 4823 4821 4820
f 4825 4823 4822
f 4809 4825 4824
f 4826 4827 4823
f 4807 4826 4825
f 4485 4476 4475
f 4503 4510 4509
f 4565 4504 4512
f 4507 4513 4512
f 4828 4829 4827
f 4805 4828 4826
f 4476 4485 4823
f 4477 4476 4827
f 4818 4821 4484
f 4485 4484 4821
f 4830 4831 4499
f 4831 4832 4562
f 4833 4834 4496
f 4836 4837 4492
f 4837 4838 4493
f 4838 4819 4818
f 4617 4803 4648
f 4828 4805 4617
f 4616 4619 4839
f 4619 4645 4841
f 4645 4671 4842
f 4671 4687 4843
f 4687 4696 4844
f 4696 4702 4845
f 4702 4710 4846
f 4710 4720 4847
f 4720 4736 4848
f 4829 4828 4616
f 4840 4839 4637
f 4839 4841 4643
f 4841 4842 4669
f 4842 4843 4680
f 4843 4844 4698
f 4844 4845 4700
f 4845 4846 4713
f 4846 4847 4727
f 4847 4848 4738
f 4477 4829 4840
f 4649 4648 4632
f 4673 4684 4685
f 4684 4693 4694
f 4693 4704 4706
f 4704 4715 4711
f 4715 4722 4728
f 4722 4733 4734
f 4648 4803 4557
f 4849 4850 4730
f 4851 4852 4848
f 4852 4853 4738
f 4738 4853 4854
f 4851 4736 4735
f 4855 4856 4732
f 4857 4855 4749
f 4858 4733 4732
f 4733 4858 4851
f 4748 4749 4855
f 4850 4857 4754
f 4858 4859 4852
f 4859 4860 4853
f 4853 4860 4861
f 4856 4862 4859
f 4862 4863 4860
f 4864 4861 4860
f 4863 4862 4857
f 4855 4857 4862
f 4849 4864 4863
f 4608 4831 4830
f 4608 4607 4832
f 4609 4610 4834
f 4865 4603 4837
f 4603 4604 4838
f 4604 4605 4819
f 4605 4606 4820
f 4822 4820 4606
f 4824 4822 4795
f 4814 4824 4798
f 4815 4811 4810
f 4810 4811 4801
f 4799 4801 4790
f 4783 4790 4781
f 4782 4781 4602
f 109 4470 4602
f 4675 4867 4866
f 4868 4869 4661
f 4661 4869 4870
f 4872 4666 4665
f 4873 4874 4869
f 4869 4874 4875
f 4876 4877 4872
f 4878 4867 4675
f 4879 4880 4867
f 4881 4882 4880
f 4883 4884 4882
f 4867 4880 4885
f 4880 4882 4886
f 4887 4888 4874
f 4874 4888 4889
f 4890 4891 4877
f 4884 4892 4886
f 4893 4894 4888
f 4888 4894 4895
f 4896 4897 4891
f 4898 4899 4884
f 4899 4900 4892
f 4901 4902 4894
f 4894 4902 4903
f 4904 4905 4897
f 4906 4907 4899
f 4908 4909 4905
f 4902 4911 4910
f 4912 4911 4902
f 4899 4907 4913
f 4906 4914 4913
f 4915 4916 4911
f 4910 4908 4904
f 4903 4904 4896
f 4895 4896 4890
f 4889 4890 4876
f 4875 4876 4871
f 4870 4871 4665
f 4660 4665 4651
f 4653 4651 4620
f 4622 4620 4523
f 4519 4525 4523
f 4520 4519 4517
f 4527 4520 4516
f 4571 4570 4573
f 4574 4575 4571
f 4916 4917 4910
f 4910 4917 4909
f 4915 4912 4913
f 4912 4901 4900
f 4901 4893 4892
f 4893 4887 4886
f 4887 4873 4885
f 4873 4868 4866
f 4868 4678 4676
f 4678 4658 4656
f 4658 4635 4631
f 4635 4550 4544
f 4550 4530 4545
f 4530 4529 4548
f 4548 4529 4531
f 4569 4553 4551
f 4553 4556 4552
f 4673 4674 4649
f 4918 4778 4592
f 4918 4591 4580
f 4579 4920 4919
f 4922 4601 4600
f 4924 4589 4588
f 4614 4925 4923
f 4759 4760 4778
f 4761 4759 4918
f 4761 4919 4920
f 4767 4766 4922
f 4763 4765 4924
f 4925 4764 4763
f 4926 2201 204
f 4518 4524 4927
f 4524 4621 4928
f 4621 4652 4929
f 4652 4666 4930
f 4666 4872 4931
f 4872 4877 4932
f 4877 4891 4933
f 4891 4897 4934
f 4935 4934 4897
f 4905 4909 4936
f 4937 4936 4909
f 4938 4937 4917
f 4939 4938 4916
f 4939 4915 4914
f 4940 4914 4906
f 4941 4906 4898
f 4942 4898 4883
f 4943 4883 4881
f 4944 4881 4879
f 4945 4879 4878
f 4946 4878 4677
f 4947 4677 4657
f 4948 4657 4633
f 4633 4561 4478
f 4479 4478 4561
f 4950 4479 4560
f 4950 4510 4503
f 4951 4503 4497
f 4496 4835 4952
f 4496 4834 4836
f 4834 4610 4865
f 4865 4610 4599
f 4953 4599 4598
f 4954 4598 4601
f 4956 4955 4601
f 4922 4766 4957
f 4766 1903 2203
f 2201 4926 4514
f 4926 4927 4615
f 4927 4928 4634
f 4928 4929 4659
f 4929 4930 4667
f 4930 4931 4681
f 4931 4932 4688
f 4932 4933 4707
f 4933 4934 4717
f 4934 4935 4724
f 4935 4936 4729
f 4936 4937 4849
f 4849 4937 4938
f 4864 4938 4939
f 4861 4939 4940
f 4854 4940 4941
f 4737 4941 4942
f 4726 4942 4943
f 4712 4943 4944
f 4699 4944 4945
f 4697 4945 4946
f 4679 4946 4947
f 4668 4947 4948
f 4642 4948 4949
f 4636 4949 4478
f 4479 4950 4475
f 4475 4950 4951
f 4951 4952 4483
f 4952 4835 4492
f 4603 4865 4953
f 4583 4953 4954
f 4954 4955 4579
f 4955 4956 4920
f 4920 4956 4957
f 4957 2203 1898
f 2327 2330 4958
f 4961 2325 2319
f 4964 4965 4962
f 4962 4968 4966
f 4963 4962 4967
f 4972 4973 4970
f 4976 4977 4974
f 4975 4974 4978
f 4980 4981 4973
f 4984 4985 4982
f 4501 4987 4986
f 4989 4985 4984
f 4506 4991 4990
f 4994 4995 4992
f 4513 4996 4987
f 4998 2417 2335
f 5000 5001 2422
f 5004 5005 5002
f 4999 5007 5006
f 5003 5002 5008
f 5010 5011 5005
f 5012 5013 5004
f 5004 5013 5014
f 2422 5001 5015
f 5017 5018 4997
f 5017 5016 5019
f 5019 5022 5021
f 5022 5024 5023
f 5025 5026 5023
f 5029 5030 5027
f 4994 5031 5030
f 4993 5032 5031
f 5003 5009 5033
f 4552 5034 4991
f 4555 5036 5035
f 5038 5026 5025
f 4979 4978 5039
f 5029 5040 4995
f 5028 5041 5040
f 4986 4987 5042
f 5044 5042 4987
f 5046 4990 4991
f 5047 5045 4991
f 5035 5036 5048
f 5036 5051 5050
f 5052 5053 2423
f 209 2423 5053
f 4575 5051 5036
f 3156 3153 5054
f 3153 2325 4961
f 5058 5059 5056
f 5056 5061 5060
f 5064 5065 5062
f 5065 5067 5066
f 5070 5071 5068
f 5073 5070 5069
f 5076 5077 5074
f 5077 5079 5078
f 5055 5080 3180
f 5060 5061 5081
f 5083 5084 5073
f 5086 5064 5063
f 5088 5076 5075
f 5063 5062 4611
f 4613 5085 5063
f 4611 5062 5066
f 5089 4998 4997
f 4977 5037 5025
f 4974 5025 5024
f 4978 5024 5022
f 5039 5022 5019
f 4959 5039 2331
f 2331 5019 5016
f 2333 5016 4997
f 5092 5093 5090
f 5095 5006 5007
f 5009 5008 5096
f 5099 5018 5017
f 5098 5017 5020
f 5100 5020 5021
f 5101 5021 5023
f 5102 5023 5026
f 5105 5028 5027
f 5103 5026 5038
f 5107 5041 5028
f 5108 5089 5018
f 5097 5109 5033
f 4969 4967 5110
f 5113 5100 5101
f 5115 5099 5098
f 5114 5098 5100
f 5111 5110 5116
f 5119 5092 5091
f 5121 5103 5106
f 5119 5123 5122
f 5102 5103 5121
f 5101 5102 5124
f 5126 5095 5094
f 5097 5096 5127
f 5130 5105 5104
f 5131 5107 5105
f 5132 5109 5097
f 5133 5108 5099
f 5128 5127 5134
f 5137 5115 5114
f 5136 5114 5113
f 5140 5126 5125
f 5141 5133 5115
f 5117 5116 5142
f 5145 5119 5118
f 5147 5121 5120
f 5145 5148 5123
f 5150 5130 5129
f 5151 5131 5130
f 5152 5132 5128
f 5143 5142 5153
f 5156 5141 5137
f 5158 5147 5146
f 5159 5160 5148
f 5161 5159 5145
f 5163 5156 5155
f 5165 5166 5158
f 5164 5158 5157
f 5168 5169 5160
f 5168 5159 5161
f 5154 5153 5171
f 5172 5171 5173
f 5176 5168 5170
f 5178 5164 5167
f 5178 5179 5165
f 5176 5180 5169
f 5181 5182 5163
f 5184 5176 5175
f 5184 5185 5180
f 5174 5173 5186
f 5189 5178 5177
f 5190 5179 5178
f 5191 5192 5182
f 5194 5184 5183
f 5196 5189 5188
f 5197 5190 5189
f 5198 5199 5192
f 5187 5186 5200
f 5194 5202 5185
f 5203 5204 5199
f 5206 5197 5196
f 5205 5196 5195
f 5208 5209 5202
f 5208 5194 5193
f 5201 5200 5211
f 5138 5113 5112
f 5213 5112 5124
f 5214 5124 5121
f 5166 5214 5147
f 5155 5137 5136
f 5215 5136 5138
f 5216 5138 5213
f 5217 5213 5214
f 5217 5166 5165
f 5218 5165 5179
f 5219 5179 5190
f 5220 5190 5197
f 5221 5197 5206
f 5221 5222 5223
f 5220 5221 5224
f 5219 5220 5225
f 5218 5219 5226
f 5227 5216 5217
f 5224 5223 5228
f 5225 5224 5229
f 5226 5225 5230
f 5227 5226 5231
f 5216 5227 5232
f 5155 5215 5232
f 5162 5232 5231
f 5181 5231 5230
f 5191 5230 5229
f 5198 5229 5228
f 5234 4072 4071
f 5235 5236 4075
f 4764 5237 4083
f 4083 5237 5238
f 4079 5240 5239
f 5083 5072 5060
f 5072 5069 5057
f 5057 5069 5068
f 4075 5236 5233
f 5241 3811 4072
f 5242 3812 3811
f 5243 4960 2319
f 3814 3812 5242
f 3813 3814 5244
f 5245 5246 4960
f 5247 4961 4960
f 5245 5243 5244
f 5248 5244 5242
f 5249 5242 5241
f 5250 5241 5234
f 5054 4961 5247
f 5055 5054 5252
f 5080 5055 5253
f 4959 4958 5255
f 4979 5255 5256
f 5258 5245 5248
f 5258 5259 5246
f 5260 5247 5246
f 5252 5247 5260
f 5253 5252 5261
f 5254 5253 5262
f 5257 5248 5249
f 5264 5249 5250
f 5265 5250 5251
f 5266 5267 5070
f 5265 5071 5070
f 5266 5073 5084
f 5269 5270 5267
f 5264 5265 5267
f 5269 5266 5268
f 4975 5256 5272
f 5263 5262 5273
f 5262 5261 5275
f 5275 5261 5260
f 5277 5038 5037
f 5093 5277 5276
f 5276 5037 4977
f 5278 5276 5279
f 5279 4977 4976
f 5280 5279 5281
f 5281 4976 5272
f 5285 5274 5273
f 5284 5273 5275
f 5286 5275 5259
f 5282 5281 5283
f 5289 5285 5284
f 5286 5258 5257
f 5257 5264 5270
f 5290 5288 5284
f 5288 5290 5270
f 5289 5288 5269
f 5293 5294 5291
f 5295 5296 5294
f 5297 5298 5296
f 5282 5287 5298
f 5300 5297 5295
f 5280 5282 5297
f 4971 4970 4965
f 4995 4989 4988
f 5046 5044 4996
f 4507 4990 4996
f 5302 5300 5299
f 5278 5280 5300
f 4964 5299 5295
f 4963 5301 5299
f 4980 4972 5293
f 4971 5295 5293
f 4830 4498 4986
f 5303 4986 5043
f 5306 4983 4982
f 5308 5309 4981
f 5307 4981 4980
f 5310 4980 5292
f 5093 5092 5122
f 5302 5090 5093
f 5090 5312 5311
f 5091 5311 5313
f 5118 5313 5314
f 5144 5314 5315
f 5161 5315 5316
f 5170 5316 5317
f 5175 5317 5318
f 5183 5318 5319
f 5193 5319 5320
f 5301 5312 5090
f 5312 4969 5111
f 5311 5111 5117
f 5313 5117 5143
f 5314 5143 5154
f 5315 5154 5172
f 5316 5172 5174
f 5317 5174 5187
f 5318 5187 5201
f 5319 5201 5212
f 4963 4969 5312
f 5123 5120 5106
f 5146 5148 5160
f 5157 5160 5169
f 5167 5169 5180
f 5177 5180 5185
f 5188 5185 5202
f 5195 5202 5209
f 5122 5106 5038
f 5322 5204 5203
f 5324 5210 5320
f 5323 5320 5212
f 5212 5211 5326
f 5324 5209 5208
f 5328 5206 5205
f 5329 5228 5223
f 5330 5327 5205
f 5207 5209 5324
f 5222 5206 5328
f 5321 5203 5228
f 5330 5324 5323
f 5331 5323 5325
f 5325 5326 5333
f 5327 5330 5331
f 5334 5331 5332
f 5336 5335 5332
f 5335 5321 5329
f 5328 5327 5334
f 5322 5321 5335
f 5085 4613 4830
f 5085 5303 5304
f 5087 5306 5305
f 5337 5308 5307
f 5081 5307 5310
f 5082 5310 5291
f 5291 5294 5084
f 5296 5268 5084
f 5298 5271 5268
f 5287 5289 5271
f 5289 5287 5283
f 5283 5272 5274
f 5272 5256 5263
f 5256 5255 5254
f 5255 4958 5080
f 2330 3180 5080
f 5150 5149 5338
f 5341 5152 5135
f 5135 5134 5342
f 5343 5344 5140
f 5346 5341 5340
f 5340 5342 5347
f 5349 5344 5343
f 5350 5151 5150
f 5352 5350 5339
f 5354 5352 5351
f 5356 5354 5353
f 5339 5338 5357
f 5351 5357 5358
f 5360 5346 5345
f 5345 5347 5361
f 5363 5349 5348
f 5355 5353 5358
f 5366 5360 5359
f 5359 5361 5367
f 5369 5363 5362
f 5371 5356 5355
f 5370 5355 5364
f 5374 5366 5365
f 5365 5367 5375
f 5377 5369 5368
f 5379 5371 5370
f 5381 5377 5376
f 5373 5375 5382
f 5384 5374 5373
f 5370 5372 5385
f 5379 5378 5385
f 5388 5384 5383
f 5382 5375 5377
f 5375 5367 5369
f 5367 5361 5363
f 5361 5347 5349
f 5347 5342 5344
f 5342 5134 5140
f 5134 5127 5126
f 5127 5096 5095
f 5096 5008 5006
f 5002 5000 5006
f 5005 5001 5000
f 5011 5015 5001
f 5051 5053 5052
f 4574 5053 5051
f 5387 5383 5382
f 5382 5381 5380
f 5388 5386 5385
f 5384 5385 5372
f 5374 5372 5364
f 5366 5364 5358
f 5360 5358 5357
f 5346 5357 5338
f 5341 5338 5149
f 5152 5149 5129
f 5132 5129 5104
f 5109 5104 5027
f 5033 5027 5030
f 5012 5030 5031
f 5013 5031 5032
f 5049 5047 5034
f 5035 5034 4552
f 5146 5120 5123
f 5071 5251 5390
f 5390 5391 5058
f 5059 5058 5391
f 5079 5394 5393
f 5395 5396 5066
f 4614 5066 5396
f 5251 5234 5233
f 5236 5391 5390
f 5236 5235 5392
f 5240 5393 5394
f 5237 5396 5395
f 4925 5396 5237
f 5397 4999 2422
f 4999 5397 5398
f 5007 5398 5399
f 5094 5399 5400
f 5125 5400 5401
f 5139 5401 5402
f 5343 5402 5403
f 5348 5403 5404
f 5362 5404 5405
f 5406 5376 5368
f 5376 5406 5407
f 5408 5389 5380
f 5409 5387 5389
f 5410 5388 5387
f 5410 5411 5386
f 5411 5412 5379
f 5412 5413 5371
f 5413 5414 5356
f 5414 5415 5354
f 5415 5416 5352
f 5416 5417 5350
f 5417 5418 5151
f 5418 5419 5131
f 5419 5420 5107
f 5107 5420 4966
f 4968 5040 5041
f 5421 4995 5040
f 5421 5422 4989
f 5422 5423 4985
f 5423 5309 4982
f 4982 5309 5308
f 5305 5308 5337
f 5337 5424 5076
f 5424 5425 5077
f 5425 5426 5079
f 5427 5394 5079
f 5394 5427 5428
f 5239 5428 4361
f 4360 2417 4998
f 5397 4998 5089
f 5398 5089 5108
f 5399 5108 5133
f 5400 5133 5141
f 5401 5141 5156
f 5402 5156 5163
f 5403 5163 5182
f 5404 5182 5192
f 5405 5192 5199
f 5406 5199 5204
f 5407 5204 5322
f 5322 5336 5409
f 5336 5333 5410
f 5333 5326 5411
f 5326 5211 5412
f 5211 5200 5413
f 5200 5186 5414
f 5186 5173 5415
f 5173 5171 5416
f 5171 5153 5417
f 5153 5142 5418
f 5142 5116 5419
f 5116 5110 5420
f 5110 4967 4966
f 4968 4962 4965
f 4965 4970 5422
f 5422 4970 4973
f 4973 4981 5309
f 5081 5061 5424
f 5061 5056 5425
f 5425 5056 5059
f 5426 5059 5392
f 5392 5235 5428
f 5428 5235 4076
f 4084 5238 5240
f 5238 5395 5393
f 5393 5395 5067
f 5074 5078 5067
f 5075 5074 5065
f 5087 5075 5064
f 5086 5304 5306
f 5304 5043 4983
f 5043 5042 4984
f 4988 4984 5042
f 4992 4988 5044
f 4993 4992 5046
f 5045 5047 5032
f 5014 5032 5047
f 5014 5049 5048
f 5048 5050 5011
f 5050 5052 5015
f 5015 5052 2473
f 4532 203 255
f 4573 4570 4527
f 4570 4568 4528
f 4531 4528 4568
f 4531 4569 4567
f 4567 4566 4508
f 4508 4566 4565
f 4509 4565 4564
f 4502 4564 4563
f 4494 4563 4562
f 4562 4832 4833
f 4832 4607 4609
f 4609 4607 4586
f 4596 4586 4585
f 4597 4585 4589
f 4921 4600 4589
f 4924 4765 4767
f 4765 1906 1900
f 5431 5432 5429
f 5429 5434 5433
f 5437 5438 5435
f 5439 5440 5437
f 5439 5436 5430
f 5436 5435 5431
f 5434 5442 5441
f 5432 5444 5443
f 5445 5434 5429
f 5447 5445 5443
f 5444 5448 5446
f 5449 5450 5432
f 5451 5452 5440
f 5451 5439 5433
f 5438 5454 5453
f 5435 5453 5449
f 5442 5456 5455
f 5457 5442 5434
f 5458 5457 5445
f 5461 5462 5459
f 5463 5464 5460
f 5450 5465 5444
f 5465 5466 5448
f 5467 5468 5450
f 5470 5438 5437
f 5437 5440 5471
f 5472 5473 5452
f 5472 5451 5441
f 5454 5475 5474
f 5453 5474 5467
f 5456 5477 5476
f 5478 5456 5442
f 5479 5478 5457
f 5480 5481 5464
f 5483 5463 5459
f 5462 5484 5482
f 5485 5486 5462
f 5468 5487 5465
f 5487 5488 5466
f 5489 5490 5468
f 5493 5494 5491
f 5495 5496 5492
f 5471 5495 5491
f 5494 5470 5469
f 5440 5452 5497
f 5498 5454 5438
f 5500 5473 5472
f 5499 5472 5455
f 5475 5502 5501
f 5474 5501 5489
f 5477 5504 5503
f 5477 5456 5478
f 5506 5505 5478
f 5507 5508 5481
f 5509 5480 5463
f 5510 5511 5483
f 5512 5510 5482
f 5486 5513 5484
f 5514 5515 5486
f 5490 5516 5487
f 5516 5517 5488
f 5518 5519 5496
f 5497 5518 5495
f 5520 5521 5494
f 5521 5498 5470
f 5452 5473 5522
f 5523 5475 5454
f 5525 5500 5499
f 5524 5499 5476
f 5477 5505 5526
f 5506 5527 5526
f 5507 5529 5528
f 5530 5507 5480
f 5511 5531 5509
f 5511 5510 5532
f 5510 5512 5534
f 5535 5512 5484
f 5515 5536 5513
f 5490 5489 265
f 5539 5540 5537
f 5541 5542 5538
f 5543 5544 5519
f 5522 5543 5518
f 5545 5546 5521
f 5546 5523 5498
f 5473 5500 5547
f 5548 5502 5475
f 5501 5502 271
f 5489 5501 270
f 5529 5550 5549
f 5530 5551 5529
f 5531 5552 5530
f 5531 5511 5533
f 5534 5555 5554
f 5556 5533 5532
f 5559 5560 5557
f 5562 5559 5558
f 5512 5535 5563
f 5564 5535 5513
f 5516 5490 268
f 5517 5516 274
f 5567 5568 5565
f 5570 5567 5566
f 5571 5572 5542
f 5573 5574 5540
f 5576 5544 5543
f 5547 5575 5543
f 5577 5578 5546
f 5578 5548 5523
f 5500 5525 5579
f 5551 5580 5550
f 5552 5581 5551
f 5552 5531 5553
f 5583 5553 5533
f 5560 5585 5584
f 5563 5586 5555
f 5588 5562 5561
f 5535 5564 5589
f 5569 5591 5590
f 5568 5593 5592
f 5594 5595 5572
f 5596 5597 5574
f 5598 5599 5576
f 5547 5579 5598
f 271 5502 5548
f 5581 5600 5580
f 5581 5552 5582
f 5602 5582 5553
f 5585 5604 5603
f 5589 5605 5586
f 5607 5588 5587
f 5610 5611 5608
f 5612 5613 5610
f 5591 5615 5614
f 5593 5617 5616
f 5594 5619 5618
f 5620 5621 5597
f 5578 5577 286
f 5548 5578 285
f 5600 5581 5601
f 5601 5582 5602
f 5604 5625 5624
f 5559 5562 5626
f 5560 5559 5627
f 5629 5630 5628
f 5626 5631 5629
f 5632 5633 5611
f 5610 5613 5634
f 5635 5636 5613
f 5611 5638 5637
f 5640 5614 5615
f 5617 5642 5641
f 5619 5644 5643
f 5622 5601 5623
f 5625 5647 5646
f 5585 5560 5628
f 5630 5649 5648
f 5650 5651 5630
f 5631 5652 5650
f 5562 5588 5653
f 5653 5654 5631
f 5636 5655 5634
f 5633 5656 5638
f 5657 5658 5636
f 5638 5660 5659
f 5639 5662 5661
f 5621 5620 288
f 5604 5585 5648
f 5649 5664 5663
f 5651 5665 5649
f 5666 5667 5651
f 5652 5668 5666
f 5654 5669 5652
f 5588 5607 5670
f 5670 5671 5654
f 5636 5658 5672
f 5656 5673 5660
f 5675 5658 5657
f 5660 5677 5676
f 304 5641 5642
f 5625 5604 5663
f 5664 5679 5678
f 5665 5680 5664
f 5667 5681 5665
f 5682 5683 5667
f 5668 5684 5682
f 5669 5685 5668
f 5671 5686 5669
f 5607 5688 5687
f 5687 5689 5671
f 5690 5672 5658
f 5673 5691 5677
f 5693 5675 5674
f 5647 5625 5678
f 5679 5695 5694
f 5680 5696 5679
f 5681 5697 5680
f 5683 5698 5681
f 5699 5700 5683
f 5701 5699 5682
f 5685 5702 5684
f 5686 5703 5685
f 5689 5704 5686
f 5696 5705 5695
f 5697 5706 5696
f 5698 5707 5697
f 5700 5708 5698
f 5709 5701 5684
f 5703 5710 5702
f 5704 5711 5703
f 5691 864 861
f 5706 5712 5705
f 5707 5713 5706
f 5708 5714 5707
f 5699 5716 5715
f 5717 5709 5702
f 5711 5718 5710
f 5713 5719 5712
f 5714 5720 5713
f 5700 5715 5721
f 5724 5725 5722
f 5728 5729 5726
f 5701 5730 5716
f 5731 5717 5710
f 5720 5732 5719
f 5708 5721 5733
f 5734 5735 5725
f 5737 5728 5727
f 5726 5739 5738
f 5723 5722 5740
f 5729 5743 5742
f 5709 5744 5730
f 5745 5746 5732
f 5733 5745 5720
f 5747 5748 5735
f 5750 5737 5736
f 5727 5738 5751
f 5752 5753 5738
f 5742 5754 5739
f 5741 5740 5755
f 5743 5758 5757
f 5717 5759 5744
f 5761 5748 5747
f 5763 5761 5760
f 5766 5767 5764
f 5767 5750 5749
f 5736 5751 5768
f 5753 5769 5751
f 5757 5770 5754
f 5756 5755 5771
f 5758 5774 5773
f 5731 5775 5759
f 5776 5777 5765
f 5768 5776 5764
f 5769 5778 5768
f 5779 5780 5754
f 5773 5781 5770
f 5772 5771 5782
f 5774 5785 5784
f 5776 5768 5778
f 5787 5779 5770
f 5784 5788 5781
f 5789 5787 5781
f 861 860 5676
f 5618 5643 5662
f 5595 5618 5639
f 5615 5591 5572
f 5591 5569 5542
f 5569 5566 5538
f 5565 5539 5538
f 5592 5573 5539
f 5616 5596 5573
f 5641 5620 5596
f 5620 5641 304
f 5576 5599 5644
f 5544 5576 5619
f 5594 5571 5519
f 5571 5541 5496
f 5541 5537 5492
f 5540 5493 5492
f 5574 5520 5493
f 5597 5545 5520
f 5621 5577 5545
f 5577 5621 287
f 5687 5688 319
f 5689 5687 318
f 5704 5689 322
f 5711 5704 328
f 5718 5711 336
f 5788 5784 986
f 5789 5788 991
f 5790 5690 5675
f 5528 5549 5527
f 5508 5528 5506
f 5479 5458 5481
f 5458 5447 5464
f 5447 5446 5460
f 5448 5461 5460
f 5466 5485 5461
f 5488 5514 5485
f 5517 5791 5514
f 276 279 5791
f 5777 5776 5786
f 5791 5793 5515
f 5794 5793 278
f 5794 5536 5515
f 5606 5795 5688
f 5797 294 296
f 5797 5564 5536
f 5796 5798 5605
f 5564 5797 5796
f 5797 5794 291
f 5798 5796 296
f 5688 5795 1405
f 5754 5780 5752
f 5785 987 986
f 1959 993 5783
f 365 1958 5775
f 5731 5718 349
f 278 5793 5791
f 5746 5745 5761
f 5745 5733 5748
f 5733 5721 5735
f 5721 5715 5725
f 5715 5716 5722
f 5716 5730 5740
f 5730 5744 5755
f 5744 5759 5771
f 5759 5775 5782
f 1958 1959 5782
f 993 987 5785
f 5785 5774 5772
f 5774 5758 5756
f 5758 5743 5741
f 5743 5729 5723
f 5729 5728 5724
f 5728 5737 5734
f 5737 5750 5747
f 5750 5767 5760
f 5767 5766 5762
f 5795 5798 1409
f 5795 5606 5605
f 5606 5587 5586
f 5587 5561 5555
f 5561 5558 5554
f 5557 5556 5554
f 5584 5583 5556
f 5603 5602 5583
f 5623 5602 5603
f 5623 5624 5646
f 5800 5799 5692
f 5801 5800 5674
f 5657 5635 5802
f 5635 5612 5803
f 5612 5609 5804
f 5609 5608 5805
f 5608 5637 5806
f 5637 5659 5807
f 5659 5676 5808
f 5808 5676 860
f 5661 5799 5800
f 5640 5800 5801
f 5614 5801 5802
f 5590 5802 5803
f 5570 5803 5804
f 5804 5805 5568
f 5805 5806 5593
f 5806 5807 5617
f 5807 5808 5642
f 5808 2197 305
f 5811 5812 5809
f 5809 5812 5813
f 5817 5818 5815
f 5820 5818 5817
f 5820 5813 5812
f 5818 5812 5811
f 5814 5813 5821
f 5810 5809 5823
f 5825 5823 5809
f 5826 5827 5823
f 5824 5823 5827
f 5830 5811 5810
f 5832 5820 5819
f 5832 5821 5813
f 5816 5815 5833
f 5815 5811 5830
f 5822 5821 5835
f 5837 5825 5814
f 5838 5826 5825
f 5841 5842 5839
f 5844 5839 5842
f 5829 5810 5824
f 5845 5824 5828
f 5848 5830 5829
f 5849 5850 5817
f 5817 5850 5851
f 5853 5832 5831
f 5853 5835 5821
f 5834 5833 5854
f 5833 5830 5848
f 5836 5835 5856
f 5858 5837 5822
f 5859 5838 5837
f 5861 5844 5843
f 5862 5863 5839
f 5840 5839 5863
f 5866 5841 5840
f 5847 5829 5845
f 5867 5845 5846
f 5870 5848 5847
f 5873 5874 5871
f 5876 5871 5874
f 5851 5850 5871
f 5872 5871 5850
f 5819 5851 5877
f 5878 5849 5816
f 5879 5880 5853
f 5880 5856 5835
f 5855 5854 5881
f 5854 5848 5870
f 5857 5856 5883
f 5857 5885 5858
f 5886 5859 5858
f 5888 5861 5860
f 5889 5862 5844
f 5891 5863 5862
f 5892 5864 5863
f 5865 5840 5864
f 5895 5866 5865
f 5869 5847 5867
f 5896 5867 5868
f 5899 5876 5875
f 5877 5851 5876
f 5901 5873 5872
f 5900 5872 5849
f 5831 5877 5902
f 5903 5878 5834
f 5904 5905 5880
f 5905 5883 5856
f 5857 5884 5906
f 5886 5885 5906
f 5888 5887 5908
f 5910 5889 5861
f 5890 5862 5889
f 5890 5913 5912
f 5891 5912 5914
f 5915 5893 5864
f 5894 5865 5893
f 5869 2479 2478
f 5919 5920 5917
f 5922 5917 5920
f 5924 5899 5898
f 5902 5877 5899
f 5926 5901 5900
f 5925 5900 5878
f 5852 5902 5927
f 5928 5903 5855
f 5881 2485 2484
f 5870 2478 2485
f 5909 5908 5929
f 5910 5888 5909
f 5911 5889 5910
f 5911 5933 5913
f 5914 5912 5934
f 5936 5934 5912
f 5939 5940 5937
f 5941 5942 5940
f 5892 5914 5943
f 5944 5916 5893
f 5896 2487 2479
f 5897 2488 2487
f 5947 5948 5945
f 5949 5950 5948
f 5952 5922 5921
f 5954 5919 5918
f 5955 5956 5924
f 5927 5902 5924
f 5958 5926 5925
f 5957 5925 5903
f 5879 5927 5959
f 5931 5909 5930
f 5932 5910 5931
f 5932 5962 5933
f 5963 5936 5913
f 5938 5937 5964
f 5943 5914 5935
f 5967 5968 5942
f 5915 5943 5969
f 5950 5949 5970
f 5946 5945 5972
f 5975 5952 5951
f 5977 5954 5953
f 5979 5956 5955
f 5927 5956 5979
f 2484 2494 5928
f 5961 5931 5960
f 5961 5981 5962
f 5982 5963 5933
f 5965 5964 5983
f 5969 5943 5966
f 5986 5987 5968
f 5990 5991 5988
f 5993 5991 5990
f 5971 5970 5994
f 5973 5972 5996
f 5975 5974 5998
f 6001 5977 5976
f 5957 2498 2497
f 5928 2494 2498
f 5980 6002 5981
f 5981 6003 5982
f 5984 5983 6004
f 5939 6007 6006
f 5938 6008 6007
f 6010 6007 6008
f 6006 6007 6010
f 5632 5990 5989
f 5990 5632 5634
f 6013 5993 5992
f 5989 5988 6014
f 6016 6017 5995
f 5997 5996 6018
f 5999 5998 6020
f 6002 6022 6003
f 6005 6004 6024
f 5965 6025 6008
f 6009 6008 6025
f 6028 6010 6009
f 6011 6010 6028
f 5941 6006 6030
f 6030 6006 6011
f 6012 5992 5634
f 5633 5989 6015
f 6033 6013 6012
f 6015 6014 6034
f 6017 6016 6036
f 6000 2500 2503
f 5984 6038 6025
f 6026 6025 6038
f 6027 6009 6026
f 6042 6028 6027
f 6029 6028 6042
f 6031 6011 6029
f 5967 6030 6045
f 6045 6030 6031
f 6012 5655 5672
f 5656 6015 6035
f 6047 6048 6033
f 6035 6034 6049
f 2519 2518 6019
f 6005 6051 6038
f 6039 6038 6051
f 6040 6026 6039
f 6041 6027 6040
f 6056 6042 6041
f 6043 6042 6056
f 6044 6029 6043
f 6046 6031 6044
f 5986 6045 6060
f 6060 6045 6046
f 5690 6047 6032
f 5673 6035 6050
f 6063 6064 6048
f 6023 6065 6051
f 6052 6051 6065
f 6053 6039 6052
f 6054 6040 6053
f 6055 6041 6054
f 6071 6056 6055
f 6072 6057 6056
f 6058 6043 6057
f 6059 6044 6058
f 6062 6046 6059
f 6067 6052 6066
f 6068 6053 6067
f 6069 6054 6068
f 6070 6055 6069
f 6080 6073 6057
f 6074 6058 6073
f 6075 6059 6074
f 5691 6050 3071
f 6077 6067 6076
f 6078 6068 6077
f 6079 6069 6078
f 6071 6070 6086
f 6088 6081 6073
f 6082 6074 6081
f 6084 6077 6083
f 6085 6078 6084
f 6070 6079 6092
f 6095 6096 6093
f 6099 6100 6097
f 6072 6071 6087
f 6102 6089 6081
f 6091 6084 6090
f 6079 6085 6104
f 6106 6095 6094
f 6107 6108 6100
f 6097 6100 6109
f 6096 6112 6111
f 6098 6097 6113
f 6080 6072 6101
f 6117 6091 6103
f 6104 6085 6091
f 6119 6106 6105
f 6120 6121 6108
f 6100 6108 6122
f 5752 6110 6109
f 6113 6097 6110
f 6112 6125 6124
f 6114 6113 6126
f 6088 6080 6115
f 6129 6130 6119
f 6131 6132 6130
f 6135 6136 6133
f 6134 6133 6121
f 6108 6121 6137
f 5753 6109 6122
f 6126 6113 6123
f 6125 6140 6139
f 6127 6126 6141
f 6102 6088 6128
f 6145 6133 6136
f 6137 6121 6133
f 5769 6122 6137
f 5779 6138 6123
f 6141 6126 6138
f 6140 6148 6147
f 6142 6141 6149
f 6145 5786 5778
f 5787 6146 6138
f 6149 6141 6146
f 5789 6151 6146
f 3071 6050 6049
f 5998 6017 6037
f 5974 5995 6017
f 5995 5974 5951
f 5971 5951 5921
f 5950 5921 5920
f 5945 5948 5920
f 5972 5945 5919
f 5996 5972 5954
f 6018 5996 5977
f 6001 2503 2519
f 5955 5999 6021
f 5923 5975 5999
f 5975 5923 5898
f 5952 5898 5875
f 5922 5875 5874
f 5918 5917 5874
f 5953 5918 5873
f 5976 5953 5901
f 6000 5976 5926
f 5958 2497 2500
f 6060 2533 2532
f 6062 2534 2533
f 6075 2540 2534
f 6082 2548 2540
f 6089 2561 2548
f 6151 3194 3192
f 5789 990 3194
f 5790 6063 6047
f 5908 5886 5907
f 5887 5859 5886
f 5859 5887 5860
f 5838 5860 5843
f 5826 5843 5842
f 5828 5827 5842
f 5846 5828 5841
f 5868 5846 5866
f 5897 5868 5895
f 2488 5897 6152
f 6144 5792 5786
f 6152 5895 5894
f 6154 2504 2493
f 6154 6153 5894
f 5987 5986 6061
f 6156 6157 2509
f 6156 6154 5916
f 6157 5969 5985
f 5944 5969 6157
f 6156 2505 2504
f 6158 3609 2509
f 6061 2532 3605
f 6123 6110 5752
f 6150 6149 3192
f 4134 6147 6148
f 2577 6102 6143
f 6102 2577 2561
f 2493 2492 6152
f 6116 6131 6129
f 6117 6129 6118
f 6104 6118 6105
f 6092 6105 6094
f 6086 6094 6093
f 6087 6093 6111
f 6101 6111 6124
f 6115 6124 6139
f 6128 6139 6147
f 4133 6143 6147
f 3195 6148 6150
f 6150 6148 6140
f 6142 6140 6125
f 6127 6125 6112
f 6114 6112 6096
f 6098 6096 6095
f 6099 6095 6106
f 6107 6106 6119
f 6120 6119 6130
f 6134 6130 6132
f 6155 3605 3609
f 6155 6158 5985
f 5987 5985 5966
f 5968 5966 5935
f 5942 5935 5934
f 5937 5940 5934
f 5964 5937 5936
f 5983 5964 5963
f 6003 6004 5983
f 6003 6022 6024
f 6160 6048 6064
f 6161 6033 6048
f 6033 6161 6162
f 6013 6162 6163
f 5993 6163 6164
f 5991 6164 6165
f 5988 6165 6166
f 6014 6166 6167
f 6034 6167 6168
f 6168 4356 3070
f 6036 6016 6160
f 6016 5994 6161
f 5994 5970 6162
f 5970 5949 6163
f 5949 5947 6164
f 6164 5947 5946
f 6165 5946 5973
f 6166 5973 5997
f 6167 5997 6019
f 6168 6019 2518
f 6171 6172 6169
f 6173 6174 6172
f 6169 6172 6175
f 6178 6169 6176
f 6175 6172 6174
f 6176 6175 6180
f 6177 6176 6181
f 6180 6175 6179
f 6185 6181 6180
f 6187 6185 6184
f 6189 6177 6182
f 6190 6182 6181
f 6191 6190 6185
f 6186 6184 6192
f 6180 6183 6192
f 6194 6188 6182
f 6195 6194 6190
f 6198 6199 6196
f 6202 6203 6200
f 6197 6205 6204
f 6206 6207 6199
f 6210 6207 6208
f 6213 6214 6211
f 6217 6218 6215
f 6221 6222 6219
f 6225 6226 6223
f 6201 6200 6227
f 6228 6227 6229
f 6232 6204 6205
f 6206 6198 6204
f 6208 6207 6206
f 6237 6238 6235
f 6209 6208 6238
f 6212 6211 6239
f 6243 6244 6241
f 6247 6248 6245
f 6250 6221 6220
f 6251 6252 6226
f 6252 6251 6253
f 6233 6204 6232
f 6258 6259 6256
f 6234 6206 6233
f 6235 6238 6261
f 6261 6238 6208
f 6235 6240 6239
f 6264 6213 6212
f 6246 6266 6265
f 6269 6270 6267
f 6268 6267 6271
f 6275 6276 6273
f 6276 6272 6277
f 6278 6279 6259
f 6260 6233 6255
f 6283 6284 6281
f 6262 6261 6285
f 6261 6234 6260
f 6287 6263 6212
f 6287 6240 6235
f 6289 6243 6242
f 6264 6263 6290
f 6294 6295 6292
f 6296 6297 6270
f 6300 6301 6298
f 6269 6268 6298
f 6272 6276 6298
f 6299 6298 6276
f 6302 6303 6254
f 6305 6279 6278
f 6306 6307 6284
f 6286 6285 6308
f 6285 6260 6280
f 6312 6313 6310
f 6314 6290 6263
f 6287 6262 6286
f 6289 6288 6315
f 6291 6290 6317
f 6320 6266 6246
f 6319 6323 6321
f 6293 6292 6324
f 6326 6327 6301
f 6327 6296 6269
f 6328 6329 6275
f 6330 6331 6307
f 6334 6335 6332
f 6332 6335 6305
f 6336 6337 6313
f 6311 6339 6338
f 6340 6317 6290
f 6314 6286 6309
f 6316 6315 6341
f 6345 6346 6343
f 6347 6348 6344
f 6349 6350 6266
f 6320 6319 6322
f 6322 6321 6352
f 6356 6357 6354
f 6325 6324 6357
f 6360 6361 6358
f 6300 6299 6360
f 6275 6329 6360
f 6364 6365 6362
f 6332 6367 6366
f 6369 6337 6336
f 6338 6370 6336
f 6373 6374 6371
f 6376 6346 6345
f 6376 6375 6334
f 6378 6348 6347
f 6379 6380 6378
f 6382 6343 6346
f 6385 6386 6383
f 6389 6390 6387
f 6349 6320 6351
f 6392 6351 6322
f 6395 6396 6393
f 6353 6352 6396
f 6359 6358 6397
f 6398 6326 6300
f 6401 6402 6399
f 6363 6362 6403
f 6405 6406 6401
f 6409 6410 6407
f 6407 6410 6369
f 6336 6370 6411
f 6372 6371 6412
f 6381 6346 6376
f 6414 6376 6333
f 6417 6418 6415
f 6420 6418 6417
f 6422 6377 6347
f 6425 6426 6423
f 6427 6428 6425
f 6430 6385 6384
f 6431 6432 6388
f 6433 6391 6351
f 6434 6435 6395
f 6435 6392 6353
f 6438 6439 6436
f 6355 6354 6438
f 6358 6441 6440
f 6442 6443 6406
f 6446 6447 6444
f 6407 6449 6448
f 6368 6411 6449
f 6413 6412 6450
f 6452 6453 6409
f 6423 6426 6453
f 6455 6456 6379
f 6457 6416 6456
f 6460 6461 6458
f 6464 6465 6462
f 6467 6428 6427
f 6468 6469 6467
f 6423 6471 6470
f 6473 6430 6429
f 6432 6431 6474
f 6476 6477 6435
f 6477 6433 6392
f 6480 6481 6478
f 6394 6393 6480
f 6436 6439 6482
f 6486 6487 6484
f 6490 6491 6488
f 6444 6493 6492
f 6496 6497 6494
f 6451 6450 6497
f 6498 6471 6423
f 6408 6448 6498
f 6469 6468 6463
f 6500 6464 6463
f 6503 6504 6501
f 6507 6508 6505
f 6508 6473 6472
f 6511 6512 6509
f 6475 6474 6512
f 6479 6478 6513
f 6514 6434 6394
f 6481 6516 6515
f 6519 6520 6517
f 6523 6524 6521
f 6527 6528 6525
f 6495 6494 6529
f 6499 6463 6468
f 6534 6535 6532
f 6538 6539 6536
f 6514 6513 6540
f 6541 6476 6434
f 6478 6515 6542
f 6518 6517 6543
f 6523 6546 6545
f 6524 6548 6547
f 6533 6532 6549
f 6553 6554 6551
f 6556 6552 6551
f 6555 6507 6506
f 6559 6560 6557
f 6510 6509 6558
f 6513 6542 6561
f 6544 6543 6562
f 6566 6567 6564
f 6565 6548 6524
f 6548 6569 6568
f 6572 6573 6570
f 6576 6577 6574
f 6578 6579 6560
f 6582 6583 6580
f 6564 6569 6548
f 6586 6587 6584
f 6571 6570 6588
f 6587 6586 6590
f 6400 6399 6592
f 6596 6597 6594
f 6600 6365 6598
f 6362 6365 6600
f 6403 6362 6601
f 6405 6400 6593
f 6442 6405 6603
f 6605 6606 6595
f 6415 6607 6456
f 6460 6459 6608
f 6419 6417 6416
f 6487 6489 6488
f 6520 6522 6521
f 6611 6440 6441
f 6483 6482 6486
f 6516 6519 6518
f 6515 6518 6544
f 6242 6241 6214
f 6288 6242 6213
f 6288 6264 6291
f 6318 6341 6315
f 6343 6382 6421
f 6504 6503 6539
f 6553 6575 6574
f 6542 6544 6563
f 6581 6580 6579
f 6612 6613 6244
f 6614 6612 6243
f 6316 6615 6614
f 6615 6316 6342
f 6377 6422 6454
f 6466 6617 6531
f 6537 6536 6550
f 6547 6543 6517
f 6543 6547 6568
f 6576 6589 6588
f 6585 6584 6583
f 6529 6502 6501
f 6170 6169 6178
f 6272 6271 6619
f 6259 6232 6231
f 6279 6255 6232
f 6280 6255 6279
f 6335 6308 6280
f 6308 6335 6334
f 6375 6340 6309
f 6375 6345 6317
f 6318 6317 6345
f 6344 6348 6341
f 6341 6348 6378
f 6378 6380 6616
f 6622 6623 6620
f 6249 6623 6622
f 6441 6358 6361
f 6610 6441 6624
f 6626 6627 6625
f 6491 6490 6628
f 6329 6630 6361
f 6630 6626 6624
f 6632 6627 6626
f 6328 6633 6630
f 6630 6633 6631
f 6636 6637 6634
f 6607 6639 6638
f 6640 6641 6613
f 6641 6640 6642
f 6645 6642 6640
f 6646 6647 6645
f 6639 6649 6648
f 6652 6653 6650
f 6653 6652 6654
f 6656 6657 6655
f 6660 6661 6658
f 6659 6658 6662
f 6663 6662 6664
f 6666 6667 6665
f 6668 6669 6667
f 6672 6673 6670
f 6674 6675 6673
f 6678 6679 6676
f 6680 6681 6677
f 6684 6685 6682
f 6686 6687 6591
f 6644 6640 6612
f 6657 6656 6661
f 6649 6647 6646
f 6644 6614 6615
f 6456 6638 6380
f 6638 6648 6616
f 6615 6616 6648
f 6688 6689 6613
f 6688 6641 6643
f 6693 6694 6691
f 6696 6691 6694
f 6698 6696 6695
f 6700 6698 6697
f 6702 6699 6697
f 6701 6704 6703
f 6705 6706 6704
f 6705 6708 6707
f 6710 6707 6708
f 6693 6709 6708
f 6695 6694 6708
f 6701 6697 6695
f 6224 6712 6711
f 6225 6711 6713
f 6251 6713 6714
f 6253 6714 6715
f 6597 6596 6716
f 6718 6719 6717
f 6720 6721 6719
f 6703 6700 6699
f 6693 6692 6710
f 6723 6689 6688
f 6722 6688 6690
f 6727 6728 6725
f 6692 6691 6729
f 6731 6729 6691
f 6731 6696 6698
f 6732 6698 6700
f 6733 6700 6703
f 6704 6735 6734
f 6706 6736 6735
f 6706 6707 6737
f 6738 6737 6707
f 6710 6692 6730
f 6734 6637 6739
f 6621 6732 6733
f 6734 6740 6634
f 6735 6741 6740
f 6736 6742 6741
f 6736 6737 6743
f 6738 6744 6743
f 6620 6731 6732
f 6219 6223 6226
f 6220 6226 6252
f 6623 6249 6252
f 6623 6254 6303
f 6303 6729 6731
f 6730 6729 6303
f 6651 6650 6728
f 6721 6720 6745
f 6747 6748 6746
f 6748 6747 6749
f 6753 6754 6751
f 6750 6749 6203
f 6757 6758 6755
f 6739 6759 6622
f 6759 6739 6637
f 6250 6622 6759
f 6599 6760 6759
f 6600 6759 6636
f 6601 6636 6635
f 6744 6738 6730
f 6302 6715 6761
f 6215 6295 6294
f 6245 6323 6319
f 6763 6179 6174
f 6764 6762 6174
f 6765 6766 6762
f 6767 6768 6766
f 6769 6770 6768
f 6763 6762 6766
f 6772 6771 6766
f 6772 6768 6770
f 6774 6775 6771
f 6774 6772 6773
f 6777 6778 6775
f 6777 6774 6776
f 6210 6777 6779
f 6781 6782 6770
f 6783 6773 6770
f 6784 6776 6773
f 6785 6779 6776
f 6786 6780 6779
f 6787 6783 6782
f 6788 6784 6783
f 6789 6785 6784
f 6187 6791 6790
f 6191 6790 6792
f 6756 6755 6793
f 6794 6793 6795
f 6798 6796 6795
f 6195 6797 6795
f 6793 6188 6194
f 6755 6189 6188
f 6754 6800 6799
f 6802 6757 6756
f 6801 6756 6794
f 6803 6794 6796
f 6804 6796 6798
f 6195 6792 6723
f 6230 6229 6726
f 6722 6798 6797
f 6724 6805 6798
f 6806 6791 6187
f 6807 6806 6186
f 6808 6183 6179
f 6193 6192 6809
f 6809 6192 6183
f 6811 6807 6193
f 6775 6808 6763
f 6810 6809 6812
f 6812 6809 6808
f 6814 6811 6810
f 6236 6239 6815
f 6817 6812 6775
f 6813 6812 6817
f 6236 6816 6817
f 6815 6814 6813
f 6239 6211 6814
f 6811 6814 6211
f 6241 6807 6811
f 6244 6806 6807
f 6613 6791 6806
f 6689 6790 6791
f 6723 6792 6790
f 6237 6817 6778
f 6210 6209 6778
f 6780 6199 6207
f 6786 6196 6199
f 6818 6819 6800
f 6802 6819 6818
f 6820 6818 6754
f 6757 6818 6820
f 6758 6820 6821
f 6753 6823 6821
f 6823 6753 6752
f 6755 6758 6822
f 6189 6755 6825
f 6826 6178 6177
f 6618 6178 6826
f 6827 6826 6825
f 6828 6825 6822
f 6829 6822 6821
f 6830 6821 6823
f 6831 6823 6824
f 6424 6470 6833
f 6427 6833 6617
f 6313 6283 6282
f 6337 6306 6283
f 6306 6337 6369
f 6410 6834 6330
f 6834 6410 6409
f 6453 6836 6835
f 6453 6426 6837
f 6837 6426 6425
f 6428 6839 6838
f 6839 6428 6467
f 6469 6841 6840
f 6841 6469 6462
f 6462 6465 6458
f 6679 6678 6675
f 6443 6447 6446
f 6593 6364 6363
f 6603 6363 6404
f 6669 6668 6671
f 6608 6420 6419
f 6609 6419 6457
f 6460 6457 6455
f 6461 6455 6454
f 6454 6422 6840
f 6840 6422 6421
f 6421 6382 6838
f 6838 6382 6381
f 6837 6381 6414
f 6836 6414 6366
f 6366 6367 6834
f 6492 6493 6525
f 6681 6680 6683
f 6535 6500 6499
f 6532 6499 6531
f 6531 6617 6537
f 6833 6538 6537
f 6470 6504 6538
f 6470 6471 6501
f 6501 6471 6498
f 6498 6448 6495
f 6448 6449 6496
f 6449 6411 6451
f 6411 6370 6413
f 6413 6370 6338
f 6338 6339 6373
f 6566 6527 6526
f 6685 6684 6687
f 6573 6534 6533
f 6570 6533 6550
f 6550 6536 6577
f 6539 6574 6577
f 6503 6554 6574
f 6554 6503 6502
f 6551 6502 6529
f 6529 6494 6507
f 6497 6508 6507
f 6497 6450 6473
f 6412 6430 6473
f 6371 6385 6430
f 6374 6386 6385
f 6284 6258 6257
f 6307 6278 6258
f 6331 6304 6278
f 6331 6367 6332
f 6330 6834 6367
f 6598 6365 6364
f 6606 6605 6843
f 6364 6593 6592
f 6844 6843 6845
f 6847 6848 6846
f 6848 6847 6849
f 6401 6406 6446
f 6852 6566 6565
f 6853 6527 6566
f 6854 6528 6527
f 6856 6445 6492
f 6854 6855 6492
f 6856 6851 6446
f 6857 6858 6850
f 6851 6859 6402
f 6628 6490 6627
f 6627 6490 6489
f 6625 6489 6487
f 6610 6487 6486
f 6486 6482 6440
f 6439 6397 6440
f 6397 6439 6438
f 6438 6354 6326
f 6354 6357 6327
f 6357 6324 6296
f 6324 6292 6297
f 6295 6860 6297
f 6860 6295 6215
f 6218 6862 6861
f 6859 6851 6856
f 6858 6857 6864
f 6629 6546 6523
f 6491 6523 6522
f 6488 6522 6520
f 6484 6520 6519
f 6485 6519 6516
f 6483 6516 6481
f 6436 6481 6480
f 6480 6393 6355
f 6393 6396 6356
f 6396 6352 6325
f 6352 6321 6293
f 6323 6294 6293
f 6294 6323 6245
f 6216 6245 6248
f 6866 6867 6865
f 6855 6868 6863
f 6869 6870 6867
f 6854 6871 6868
f 6383 6389 6388
f 6432 6429 6384
f 6429 6432 6475
f 6472 6475 6511
f 6505 6511 6510
f 6506 6510 6557
f 6557 6560 6552
f 6579 6553 6552
f 6579 6580 6575
f 6583 6576 6575
f 6583 6584 6589
f 6587 6571 6589
f 6571 6587 6591
f 6687 6573 6572
f 6684 6534 6573
f 6534 6684 6683
f 6680 6500 6535
f 6500 6680 6676
f 6676 6679 6465
f 6465 6679 6674
f 6458 6674 6672
f 6459 6672 6671
f 6668 6420 6608
f 6420 6668 6666
f 6418 6666 6664
f 6664 6662 6607
f 6658 6639 6607
f 6661 6649 6639
f 6661 6656 6647
f 6647 6656 6654
f 6654 6652 6642
f 6642 6652 6651
f 6643 6651 6727
f 6690 6727 6726
f 6726 6229 6805
f 6229 6227 6804
f 6227 6200 6803
f 6203 6801 6803
f 6749 6802 6801
f 6749 6747 6819
f 6819 6747 6745
f 6745 6720 6799
f 6799 6720 6718
f 6872 6718 6716
f 6596 6619 6873
f 6619 6596 6595
f 6595 6606 6273
f 6273 6606 6844
f 6274 6844 6846
f 6848 6633 6328
f 6633 6848 6850
f 6858 6632 6631
f 6632 6858 6865
f 6867 6629 6628
f 6870 6546 6629
f 6545 6546 6870
f 6871 6869 6866
f 6868 6866 6864
f 6857 6859 6863
f 6859 6857 6849
f 6847 6399 6402
f 6399 6847 6845
f 6843 6842 6592
f 6605 6598 6842
f 6598 6605 6594
f 6594 6597 6760
f 6760 6597 6717
f 6719 6221 6250
f 6719 6721 6222
f 6222 6721 6746
f 6746 6748 6223
f 6223 6748 6750
f 6224 6750 6202
f 6712 6202 6201
f 6711 6201 6228
f 6713 6228 6230
f 6714 6230 6725
f 6725 6728 6761
f 6728 6650 6744
f 6650 6653 6743
f 6743 6653 6655
f 6657 6741 6742
f 6741 6657 6660
f 6740 6660 6659
f 6634 6659 6663
f 6635 6663 6665
f 6667 6403 6602
f 6667 6669 6404
f 6404 6669 6670
f 6673 6442 6604
f 6673 6675 6443
f 6678 6447 6443
f 6447 6678 6677
f 6677 6681 6493
f 6493 6681 6682
f 6682 6685 6526
f 6526 6685 6686
f 6567 6686 6590
f 6590 6586 6569
f 6569 6586 6585
f 6568 6585 6582
f 6562 6582 6581
f 6563 6581 6578
f 6561 6578 6559
f 6540 6559 6558
f 6558 6509 6476
f 6509 6512 6477
f 6512 6474 6433
f 6474 6431 6391
f 6391 6431 6387
f 6387 6390 6350
f 6852 6870 6869
f 6853 6869 6871
f 6872 6874 6751
f 6873 6875 6874
f 6619 6271 6875
f 6874 6876 6752
f 6875 6877 6876
f 6271 6267 6877
f 6878 6879 6877
f 6270 6880 6878
f 6297 6860 6880
f 6881 6880 6860
f 6882 6878 6880
f 6883 6879 6878
f 6884 6885 6879
f 6876 6877 6879
f 6824 6752 6876
f 6832 6824 6885
f 3987 3985 6831
f 3985 3983 6830
f 3983 3981 6829
f 3981 3979 6828
f 3979 3971 6827
f 3971 3128 6618
f 3128 3052 6170
f 3052 3044 6171
f 3044 3042 6173
f 3042 6886 6764
f 6886 6887 6765
f 6887 6888 6767
f 6888 6889 6769
f 6889 6890 6781
f 6890 6891 6787
f 6891 6892 6788
f 6892 6893 6789
f 6862 6894 6881
f 6894 6895 6882
f 6895 3991 6883
f 3991 3989 6884
f 3989 3987 6832
f 833 841 6896
f 830 833 6897
f 6901 6902 6899
f 6903 6904 6902
f 6899 6906 6905
f 6902 6908 6907
f 6904 6909 6908
f 6907 6910 6906
f 6911 6912 6907
f 6913 6914 6912
f 6915 6916 6909
f 6917 6911 6908
f 6918 6913 6911
f 6914 6920 6919
f 6907 6912 6919
f 6921 6917 6909
f 6922 6918 6917
f 6925 6926 6923
f 6929 6930 6927
f 6926 6925 6931
f 6934 6925 6924
f 6936 6937 6935
f 6940 6941 6938
f 6944 6945 6942
f 6948 6949 6946
f 6930 6951 6950
f 6951 6953 6952
f 6954 6955 6932
f 6934 6956 6931
f 6935 6957 6934
f 6960 6961 6958
f 6937 6960 6959
f 6941 6963 6962
f 6966 6967 6964
f 6968 6969 6945
f 6971 6948 6947
f 6970 6973 6972
f 6956 6974 6954
f 6977 6978 6975
f 6957 6979 6956
f 6958 6981 6980
f 6980 6957 6935
f 6958 6961 6962
f 6982 6983 6941
f 6986 6987 6984
f 6987 6989 6988
f 6992 6993 6990
f 6991 6990 6994
f 6996 6977 6976
f 6979 6997 6974
f 7000 7001 6998
f 6981 7003 7002
f 6980 7002 6979
f 7004 6963 6941
f 7004 6981 6958
f 7005 7006 6967
f 6982 7008 7007
f 7011 7012 7009
f 7014 6986 6985
f 7017 7018 7015
f 6986 7016 7015
f 6989 6987 7015
f 7018 6992 6991
f 7020 6972 6973
f 7021 7022 6996
f 7024 7000 6999
f 7003 7026 7025
f 7002 7025 6997
f 7029 7030 7027
f 7031 7004 6983
f 7004 7031 7003
f 7005 7033 7032
f 7008 7035 7034
f 7038 7039 7036
f 7039 7042 7040
f 7012 7044 7043
f 7046 7017 7016
f 7045 7016 6986
f 7048 6993 6992
f 7050 7024 7023
f 7053 7054 7051
f 7051 7022 7021
f 7056 7029 7028
f 7030 7029 7057
f 7059 7031 7007
f 7031 7059 7026
f 7033 7061 7060
f 7064 7065 7062
f 7067 7062 7065
f 7069 7038 7037
f 7038 7070 7042
f 7042 7072 7071
f 7075 7076 7073
f 7044 7075 7074
f 7079 7080 7077
f 7017 7080 7079
f 6992 7018 7079
f 7083 7084 7081
f 7051 7054 7085
f 7087 7088 7056
f 7057 7029 7056
f 7092 7093 7090
f 7094 7095 7064
f 7094 7054 7053
f 7096 7097 7067
f 7099 7097 7096
f 7100 7101 7063
f 7104 7105 7102
f 7108 7109 7106
f 7069 7110 7070
f 7111 7072 7042
f 7114 7115 7112
f 7072 7114 7113
f 7080 7117 7116
f 7117 7080 7017
f 7120 7121 7118
f 7084 7123 7122
f 7125 7121 7120
f 7128 7129 7126
f 7126 7088 7087
f 7056 7088 7130
f 7093 7132 7131
f 7101 7133 7094
f 7133 7085 7054
f 7136 7137 7134
f 7138 7139 7136
f 7140 7141 7067
f 7144 7145 7142
f 7147 7145 7144
f 7148 7149 7105
f 7151 7106 7109
f 7152 7111 7070
f 7154 7115 7114
f 7153 7114 7072
f 7157 7158 7155
f 7076 7158 7157
f 7077 7116 7159
f 7162 7125 7124
f 7165 7166 7163
f 7126 7129 7167
f 7088 7126 7168
f 7132 7170 7169
f 7172 7129 7128
f 7142 7172 7171
f 7174 7175 7099
f 7176 7174 7173
f 7179 7180 7177
f 7183 7184 7181
f 7185 7186 7147
f 7188 7186 7185
f 7142 7145 7189
f 7191 7192 7149
f 7150 7194 7193
f 7196 7154 7153
f 7195 7153 7111
f 7199 7200 7197
f 7115 7200 7199
f 7155 7202 7201
f 7205 7206 7203
f 7209 7210 7207
f 7163 7166 7211
f 7215 7216 7213
f 7170 7215 7214
f 7217 7172 7142
f 7129 7172 7217
f 7187 7181 7184
f 7218 7219 7184
f 7222 7223 7220
f 7226 7227 7224
f 7225 7224 7192
f 7230 7231 7228
f 7194 7230 7229
f 7200 7233 7232
f 7233 7200 7115
f 7198 7197 7234
f 7238 7239 7236
f 7242 7243 7240
f 7246 7247 7244
f 7216 7249 7248
f 7219 7250 7188
f 7253 7254 7251
f 7257 7258 7255
f 7233 7260 7259
f 7260 7233 7154
f 7197 7232 7261
f 7239 7263 7262
f 7242 7241 7264
f 7241 7240 7266
f 7254 7269 7268
f 7272 7273 7270
f 7274 7275 7270
f 7275 7274 7227
f 7278 7279 7276
f 7231 7276 7279
f 7232 7259 7280
f 7263 7282 7281
f 7285 7286 7283
f 7286 7264 7241
f 7267 7266 7287
f 7291 7292 7289
f 7295 7296 7293
f 7298 7278 7277
f 7301 7302 7299
f 7283 7286 7267
f 7305 7306 7303
f 7292 7308 7307
f 7304 7310 7309
f 7121 7312 7311
f 7315 7316 7313
f 7318 7319 7317
f 7081 7320 7318
f 7122 7321 7320
f 7125 7322 7312
f 7162 7323 7322
f 7325 7313 7316
f 7134 7137 7173
f 7179 7328 7327
f 7139 7176 7137
f 7204 7203 7207
f 7237 7236 7240
f 7329 7330 7160
f 7202 7206 7205
f 7235 7234 7239
f 7234 7261 7263
f 6967 6940 6939
f 7006 6982 6940
f 7006 7032 7008
f 7035 7008 7032
f 7062 7067 7141
f 7221 7257 7256
f 7272 7271 7293
f 7261 7280 7282
f 7302 7298 7297
f 7332 6966 6965
f 7333 7005 6966
f 7033 7005 7333
f 7334 7335 7061
f 7097 7099 7175
f 7186 7188 7250
f 7258 7268 7269
f 7266 7240 7236
f 7262 7281 7287
f 7295 7294 7307
f 7306 7301 7300
f 7248 7249 7220
f 841 925 7337
f 6989 6994 7338
f 6976 6975 6955
f 6995 6976 6954
f 6997 7021 6995
f 7052 7021 6997
f 7025 7026 7053
f 7095 7053 7026
f 7095 7059 7034
f 7035 7065 7064
f 7065 7035 7060
f 7060 7061 7096
f 7096 7061 7335
f 7341 7342 7339
f 6969 6968 7341
f 7160 7343 7078
f 7330 7344 7343
f 7346 7343 7344
f 7208 7348 7347
f 7047 7079 7078
f 7349 7078 7343
f 7350 7351 7346
f 7048 7047 7349
f 7349 7346 7351
f 7355 7356 7353
f 7326 7173 7357
f 7360 7332 7331
f 7359 7362 7361
f 7363 7364 7360
f 7366 7364 7363
f 7358 7357 7367
f 7371 7372 7369
f 7370 7374 7373
f 7376 7373 7374
f 7379 7380 7377
f 7380 7382 7381
f 7382 7384 7383
f 7386 7383 7384
f 7388 7386 7385
f 7391 7392 7389
f 7394 7391 7390
f 7397 7398 7395
f 7400 7395 7398
f 7403 7404 7401
f 7406 7309 7310
f 7364 7333 7332
f 7375 7379 7378
f 7368 7367 7366
f 7364 7366 7334
f 7173 7099 7098
f 7357 7098 7335
f 7334 7366 7367
f 7408 7359 7331
f 7408 7409 7362
f 7412 7413 7410
f 7414 7415 7411
f 7416 7417 7415
f 7418 7419 7417
f 7420 7421 7417
f 7421 7420 7422
f 7425 7421 7423
f 7425 7424 7426
f 7428 7429 7427
f 7412 7411 7427
f 7415 7425 7427
f 7421 7425 7415
f 6949 6948 7430
f 6948 6971 7432
f 6971 6972 7433
f 6972 7020 7434
f 7314 7436 7435
f 7438 7435 7436
f 7440 7438 7437
f 7422 7420 7419
f 7412 7429 7428
f 7441 7442 7408
f 7442 7443 7409
f 7446 7447 7444
f 7413 7449 7448
f 7450 7414 7410
f 7450 7451 7416
f 7451 7452 7418
f 7452 7453 7422
f 7423 7422 7453
f 7424 7423 7454
f 7424 7455 7456
f 7457 7428 7426
f 7428 7457 7449
f 7453 7452 7458
f 7342 7458 7452
f 7453 7354 7353
f 7454 7453 7459
f 7455 7454 7460
f 7455 7461 7462
f 7457 7456 7462
f 7339 7342 7451
f 6942 6945 6947
f 6945 6969 6970
f 7340 6973 6970
f 7340 7339 7019
f 7019 7339 7450
f 7449 7020 7019
f 7372 7446 7445
f 7439 7465 7464
f 7467 7464 7465
f 7466 7469 7468
f 7472 7473 7470
f 7469 6929 6928
f 7476 7477 7474
f 7458 7342 7341
f 7478 7355 7354
f 6968 7479 7478
f 7319 7318 7478
f 7318 7320 7355
f 7320 7321 7356
f 7463 7480 7449
f 7020 7449 7480
f 7481 7482 7011
f 7483 7036 7039
f 7484 7485 6905
f 7487 830 6898
f 7489 7487 7486
f 7491 7489 7488
f 7493 7491 7490
f 7484 7495 7494
f 7496 7497 7494
f 7496 7499 7498
f 7501 7496 7495
f 7501 7502 7499
f 7504 7501 7500
f 7504 7505 7502
f 6936 7506 7505
f 7508 7493 7492
f 7509 7510 7498
f 7511 7509 7499
f 7512 7511 7502
f 7513 7512 7505
f 7515 7508 7507
f 7517 7515 7514
f 7519 7517 7516
f 6913 6918 7520
f 6918 6922 7522
f 7477 7524 7523
f 7524 7526 7525
f 7527 7528 7525
f 6922 6921 7525
f 7523 7525 6921
f 7474 7523 6916
f 7471 7470 7529
f 7531 7532 7477
f 7532 7533 7524
f 7533 7534 7526
f 7534 7535 7527
f 6922 7528 7441
f 6953 7444 7447
f 7442 7441 7528
f 7443 7442 7527
f 7536 6914 6913
f 7537 6920 6914
f 7538 7484 6906
f 6920 7540 7539
f 7539 7538 6910
f 7541 7540 6920
f 7500 7495 7484
f 7540 7543 7542
f 7542 7500 7538
f 7544 7543 7540
f 6961 7546 7545
f 7547 7503 7500
f 7543 7546 7547
f 6961 6960 7547
f 7545 7546 7543
f 6962 7545 7544
f 7541 6939 6938
f 6964 6939 7541
f 6965 6964 7537
f 7331 6965 7536
f 7407 7331 7521
f 7441 7407 7520
f 6960 6937 7503
f 6936 7504 7503
f 7506 6936 6933
f 7513 7506 6924
f 7549 7471 7530
f 7531 7476 7549
f 7550 7472 7471
f 7476 7475 7550
f 7475 7552 7551
f 7472 7550 7551
f 7553 7554 7473
f 7474 7555 7552
f 6915 7556 7555
f 7556 6915 6904
f 925 1794 7557
f 1794 1802 7558
f 1802 1804 7559
f 1804 1806 7560
f 1806 1808 7561
f 1808 1810 7562
f 7145 7147 7563
f 7147 7186 7336
f 7028 7027 7001
f 7055 7028 7000
f 7024 7050 7087
f 7127 7087 7050
f 7564 7565 7128
f 7171 7128 7565
f 7171 7566 7567
f 7567 7568 7144
f 7146 7144 7568
f 7569 7570 7185
f 7187 7185 7570
f 7571 7178 7181
f 7181 7178 7177
f 7396 7394 7393
f 7161 7124 7165
f 7312 7322 7084
f 7322 7323 7123
f 7387 7389 7392
f 7327 7328 7139
f 7328 7179 7176
f 7179 7178 7174
f 7178 7571 7175
f 7175 7571 7570
f 7570 7569 7141
f 7141 7569 7568
f 7568 7567 7101
f 7567 7566 7133
f 7566 7565 7085
f 7085 7565 7564
f 7211 7245 7244
f 7399 7401 7404
f 7252 7251 7219
f 7251 7268 7250
f 7250 7268 7258
f 7563 7336 7258
f 7189 7563 7257
f 7189 7221 7220
f 7220 7249 7217
f 7217 7249 7216
f 7167 7216 7215
f 7168 7215 7170
f 7130 7170 7132
f 7132 7093 7057
f 7057 7093 7092
f 7285 7284 7247
f 7402 7406 7405
f 7290 7289 7254
f 7289 7307 7269
f 7269 7307 7294
f 7256 7255 7294
f 7222 7256 7293
f 7271 7270 7223
f 7270 7275 7248
f 7248 7275 7226
f 7214 7213 7226
f 7214 7225 7191
f 7131 7169 7191
f 7090 7131 7148
f 7091 7090 7104
f 6999 6998 6978
f 7023 6999 6977
f 7049 7023 6996
f 7049 7022 7051
f 7050 7049 7086
f 7317 7572 7083
f 7324 7574 7573
f 7083 7572 7311
f 7574 7576 7575
f 7578 7575 7576
f 7577 7580 7579
f 7120 7581 7165
f 7582 7264 7286
f 7583 7582 7285
f 7584 7583 7246
f 7585 7586 7211
f 7584 7245 7211
f 7585 7166 7165
f 7588 7579 7580
f 7581 7120 7119
f 7347 7350 7345
f 7345 7344 7210
f 7344 7330 7204
f 7330 7329 7205
f 7205 7329 7159
f 7156 7201 7159
f 7116 7117 7157
f 7157 7117 7046
f 7073 7046 7045
f 7074 7045 7014
f 7043 7014 7013
f 7010 7009 7013
f 7590 7591 7481
f 7589 7592 7585
f 7587 7594 7593
f 7348 7208 7242
f 7208 7207 7243
f 7207 7203 7237
f 7203 7206 7238
f 7206 7202 7235
f 7202 7155 7198
f 7155 7158 7199
f 7199 7158 7076
f 7112 7076 7075
f 7113 7075 7044
f 7071 7044 7012
f 7041 7040 7012
f 7011 7482 7483
f 7596 7593 7594
f 7586 7585 7592
f 7599 7596 7595
f 7584 7586 7597
f 7102 7105 7109
f 7150 7109 7105
f 7149 7192 7194
f 7192 7224 7230
f 7224 7227 7231
f 7227 7274 7276
f 7276 7274 7273
f 7297 7277 7273
f 7297 7272 7296
f 7300 7299 7296
f 7300 7295 7308
f 7304 7303 7308
f 7292 7291 7310
f 7405 7310 7291
f 7403 7405 7290
f 7253 7252 7404
f 7400 7404 7252
f 7218 7183 7395
f 7395 7183 7182
f 7182 7177 7394
f 7177 7180 7391
f 7180 7327 7392
f 7388 7392 7327
f 7138 7135 7386
f 7135 7134 7383
f 7383 7134 7326
f 7377 7381 7326
f 7378 7377 7358
f 7378 7368 7365
f 7365 7363 7373
f 7373 7363 7361
f 7361 7362 7372
f 7362 7409 7446
f 7409 7443 7447
f 7447 7443 7535
f 6952 7535 7534
f 6950 7534 7533
f 6928 6927 7533
f 7468 6928 7532
f 7468 7531 7548
f 7548 7530 7464
f 7464 7530 7529
f 7529 7601 7438
f 7601 7602 7435
f 7315 7435 7602
f 7338 6994 7316
f 7316 6994 6990
f 6990 6993 7574
f 6993 7048 7576
f 7577 7576 7048
f 7352 7351 7580
f 7587 7580 7351
f 7350 7347 7594
f 7595 7594 7347
f 7598 7595 7348
f 7264 7582 7598
f 7600 7597 7596
f 7597 7592 7593
f 7588 7593 7592
f 7589 7119 7579
f 7578 7579 7119
f 7118 7311 7575
f 7573 7575 7311
f 7325 7573 7572
f 7317 7319 7313
f 7313 7319 7479
f 7479 6968 7436
f 7437 7436 6968
f 7437 6944 6943
f 6943 6942 7465
f 7465 6942 6946
f 6946 6949 7469
f 6949 7431 6929
f 7431 7430 6930
f 7430 7432 6951
f 7432 7433 6953
f 7433 7434 7444
f 7444 7434 7480
f 7445 7480 7463
f 7369 7463 7462
f 7462 7461 7374
f 7375 7374 7461
f 7460 7459 7379
f 7459 7353 7380
f 7353 7356 7382
f 7356 7321 7384
f 7385 7384 7321
f 7385 7122 7123
f 7123 7323 7389
f 7390 7389 7323
f 7390 7162 7161
f 7397 7393 7161
f 7164 7163 7398
f 7398 7163 7212
f 7212 7244 7401
f 7401 7244 7247
f 7247 7284 7406
f 7284 7283 7309
f 7309 7283 7288
f 7288 7287 7306
f 7287 7281 7301
f 7281 7282 7302
f 7282 7280 7298
f 7280 7259 7278
f 7259 7260 7279
f 7279 7260 7196
f 7228 7196 7195
f 7229 7195 7152
f 7193 7152 7110
f 7110 7069 7106
f 7106 7069 7068
f 7582 7583 7599
f 7583 7584 7600
f 7603 7601 7529
f 7604 7602 7601
f 6988 7338 7602
f 7605 7603 7470
f 7606 7604 7603
f 6984 6988 7604
f 7607 7608 6984
f 7609 6985 6984
f 7590 7013 6985
f 7609 7610 7591
f 7608 7611 7610
f 7607 7612 7611
f 7613 7614 7612
f 7606 7605 7613
f 7473 7554 7613
f 7554 7562 7614
f 7561 7562 7554
f 7560 7561 7553
f 7559 7560 7551
f 7558 7559 7552
f 7557 7558 7555
f 7337 7557 7556
f 6896 7337 6903
f 6897 6896 6901
f 6898 6897 6900
f 7486 6898 6905
f 7488 7486 7485
f 7490 7488 7494
f 7492 7490 7497
f 7507 7492 7498
f 7514 7507 7510
f 7516 7514 7509
f 7518 7516 7511
f 7037 7036 7615
f 7615 7036 7483
f 7483 7482 7618
f 7618 7482 7481
f 7619 7481 7591
f 7621 7620 7591
f 7622 7621 7610
f 1814 7622 7611
f 1812 1814 7612
f 1810 1812 7614
f 7623 7624 7618
f 7627 7628 7625
f 7629 7626 7615
f 7616 7615 7626
f 7630 7631 7624
f 7634 7635 7632
f 7636 7637 7633
f 7640 7641 7638
f 7642 7643 7641
f 7644 7645 7643
f 7646 7647 7645
f 7648 7649 7639
f 7652 7653 7650
f 7656 7657 7654
f 7657 7659 7658
f 7659 7652 7651
f 7656 7655 7660
f 7664 7665 7662
f 7665 7667 7666
f 7670 7671 7668
f 7674 7675 7672
f 7678 7679 7676
f 7681 7676 7679
f 7683 7681 7680
f 7686 7687 7684
f 7688 7689 7685
f 7692 7693 7690
f 7690 7695 7694
f 7695 7697 7696
f 7698 7699 7696
f 7700 7701 7699
f 7667 7703 7702
f 7670 7702 7703
f 7653 7705 7704
f 7705 7707 7706
f 7710 7711 7708
f 7713 7710 7709
f 1816 1818 7713
f 7627 7626 7629
f 7715 7716 7627
f 7717 7718 7631
f 7719 7720 7711
f 7721 7719 7710
f 1818 1820 7721
f 7724 7725 7722
f 7728 7729 7726
f 7732 7733 7730
f 7735 7732 7731
f 7734 1821 1824
f 7738 7739 7736
f 7742 7743 7740
f 7743 7745 7744
f 7745 7747 7746
f 7707 7749 7748
f 7747 7751 7750
f 7749 7753 7752
f 7751 7736 7739
f 7754 7755 7687
f 7756 7757 7635
f 7692 7689 7688
f 7648 7637 7636
f 1821 7734 7721
f 7734 7731 7719
f 7731 7730 7720
f 7727 7726 7718
f 7723 7722 7716
f 7759 7738 7737
f 7752 1872 1871
f 7748 1871 1868
f 7706 1868 1867
f 1867 1827 7650
f 1827 1830 7651
f 7651 1830 1834
f 1834 1833 7654
f 1833 1836 7655
f 7660 7655 1836
f 7665 7664 1842
f 7667 7665 1841
f 1848 1846 7703
f 7703 1846 1845
f 7668 7671 1845
f 7675 7674 1849
f 1856 7679 7678
f 1856 1858 7680
f 1858 1860 7682
f 7634 7761 7760
f 7761 7634 7633
f 7637 7763 7762
f 7763 7637 7648
f 7764 7648 7638
f 7766 7765 7638
f 7643 7767 7766
f 7645 7768 7767
f 7645 7647 7769
f 7770 7771 7681
f 7771 7772 7676
f 7677 7676 7772
f 7673 7672 7774
f 7777 7670 7669
f 7777 7778 7702
f 7666 7702 7778
f 7662 7666 7779
f 7663 7662 7780
f 7783 7656 7661
f 7783 7784 7657
f 7784 7785 7659
f 7785 7786 7652
f 7786 7787 7653
f 7787 7788 7705
f 7788 7789 7707
f 7789 7790 7749
f 7790 7791 7753
f 7794 7795 7792
f 7795 7797 7796
f 7799 7796 7797
f 7802 7803 7800
f 7806 7807 7804
f 7807 7809 7808
f 7811 7808 7809
f 7813 7811 7810
f 7815 7813 7812
f 7818 7819 7816
f 7819 7821 7820
f 7821 7823 7822
f 7823 7825 7824
f 7825 7827 7826
f 7827 7829 7828
f 7829 7831 7830
f 7831 7833 7832
f 7833 7835 7834
f 1864 1872 7752
f 7838 7834 7835
f 7840 7753 7791
f 7836 7752 7753
f 7735 1824 1826
f 7841 7842 7732
f 7842 7843 7733
f 7728 7845 7844
f 7838 7837 7844
f 7840 7839 7843
f 7836 7840 7842
f 7841 1826 1864
f 7757 2111 2110
f 7635 2110 2109
f 2108 7636 7632
f 7636 2108 2107
f 7649 2107 2106
f 2106 2105 7640
f 2105 2104 7642
f 2104 2103 7644
f 2103 2102 7646
f 7798 7800 7803
f 7774 7672 7677
f 7672 7675 7678
f 7678 7675 1852
f 1842 7664 7660
f 7660 7664 7663
f 7661 7663 7781
f 7817 7815 7814
f 1849 7674 7668
f 7668 7674 7673
f 7669 7673 7775
f 7805 7802 7801
f 7683 7682 7757
f 7682 1860 2111
f 7770 7683 7756
f 7754 7794 7793
f 7741 7847 7846
f 7847 7849 7848
f 7852 7853 7850
f 7855 7851 7850
f 7858 7859 7856
f 7861 7857 7856
f 7863 7861 7860
f 7864 7865 7863
f 7867 7865 7864
f 7853 7852 7868
f 7872 7873 7870
f 7873 7875 7874
f 7875 7877 7876
f 7880 7881 7878
f 7884 7885 7882
f 7885 7887 7886
f 7887 7889 7888
f 7889 7891 7890
f 7891 7893 7892
f 7896 7897 7894
f 7897 7848 7849
f 7858 7855 7854
f 7877 7880 7879
f 7893 7896 7895
f 7868 7872 7871
f 7708 7623 7619
f 7708 7711 7630
f 7711 7720 7717
f 7720 7730 7727
f 7730 7733 7728
f 7733 7843 7845
f 7843 7839 7838
f 7839 7791 7834
f 7832 7834 7791
f 7830 7832 7790
f 7828 7830 7789
f 7826 7828 7788
f 7826 7787 7786
f 7822 7824 7786
f 7822 7785 7784
f 7820 7784 7783
f 7816 7783 7782
f 7782 7781 7815
f 7781 7780 7813
f 7780 7779 7811
f 7779 7778 7808
f 7804 7808 7778
f 7804 7777 7776
f 7776 7775 7802
f 7775 7774 7803
f 7803 7774 7773
f 7773 7772 7796
f 7792 7796 7772
f 7793 7792 7771
f 7793 7770 7760
f 7760 7761 7687
f 7761 7762 7684
f 7762 7763 7688
f 7693 7688 7763
f 7693 7764 7765
f 7765 7766 7695
f 7766 7767 7697
f 7767 7768 7698
f 7768 7769 7700
f 7617 7618 7624
f 7714 7629 7624
f 7631 7718 7715
f 7718 7726 7723
f 7726 7729 7724
f 7729 7844 7759
f 7844 7837 7738
f 7837 7835 7739
f 7739 7835 7833
f 7750 7833 7831
f 7744 7746 7831
f 7740 7744 7829
f 7741 7740 7827
f 7825 7823 7847
f 7823 7821 7849
f 7894 7849 7821
f 7895 7894 7819
f 7892 7895 7818
f 7890 7892 7814
f 7888 7890 7812
f 7886 7888 7810
f 7882 7886 7809
f 7883 7882 7807
f 7878 7883 7806
f 7879 7878 7801
f 7876 7879 7800
f 7874 7876 7798
f 7870 7874 7797
f 7871 7870 7795
f 7869 7871 7794
f 7754 7686 7853
f 7686 7685 7850
f 7854 7850 7685
f 7859 7854 7689
f 7859 7692 7691
f 7860 7856 7691
f 7862 7860 7694
f 7696 7699 7864
f 7866 7864 7699
f 7900 7901 7898
f 7904 7905 7902
f 7908 7909 7906
f 7911 7907 7906
f 7914 7915 7912
f 7917 7914 7913
f 7918 7919 7917
f 7646 7919 7918
f 7920 7921 7912
f 7924 7925 7922
f 7928 7929 7926
f 7927 7926 7930
f 7931 7930 7925
f 7928 7933 7932
f 7936 7937 7934
f 7935 7934 7938
f 7942 7943 7940
f 7946 7947 7944
f 7950 7951 7948
f 7952 7953 7949
f 7954 7955 7953
f 7958 7959 7956
f 7961 7957 7956
f 7964 7965 7962
f 7963 7962 7966
f 7967 7966 7968
f 7970 7971 7969
f 7700 7971 7970
f 7939 7938 7972
f 7942 7941 7973
f 7923 7922 7974
f 7975 7974 7976
f 7980 7981 7978
f 7982 7983 7981
f 3993 7983 7982
f 7900 7985 7984
f 7987 7985 7900
f 7989 7904 7903
f 7991 7980 7979
f 7992 7982 7980
f 3995 7982 7992
f 7995 7996 7993
f 7999 8000 7997
f 8003 8004 8001
f 8005 8006 8004
f 8006 8005 4000
f 8009 8010 8007
f 8013 8014 8011
f 8012 8011 8015
f 8016 8015 8017
f 7977 7976 8019
f 8018 8017 8021
f 8020 8019 8023
f 8022 8021 8009
f 8025 8026 7959
f 8027 8028 7909
f 7965 7964 7961
f 7921 7920 7911
f 3999 3997 7992
f 8006 7992 7991
f 8004 7991 7990
f 8000 7989 7988
f 7996 7987 7986
f 8010 8030 8029
f 8023 8019 4049
f 8019 7976 4044
f 7976 7974 4045
f 4045 7974 7922
f 4005 7922 7925
f 7925 7930 4010
f 4010 7930 7926
f 4011 7926 7929
f 7932 4015 4013
f 7935 4019 4018
f 7939 4025 4019
f 4025 7939 7973
f 7973 7941 4023
f 7940 4039 4023
f 7945 4028 4027
f 4032 4031 7950
f 4032 7949 7953
f 4035 7953 7955
f 8028 8032 8031
f 7909 8031 8033
f 7910 7906 8033
f 8034 8035 7921
f 7921 8035 8036
f 8037 7913 7912
f 7916 7913 8037
f 8038 8039 7918
f 7918 8039 7769
f 8041 7954 7952
f 8040 7952 7948
f 7951 8043 8042
f 7947 8045 8044
f 8046 8047 7943
f 8046 7942 7972
f 7938 8049 8048
f 7934 8050 8049
f 7937 8051 8050
f 8052 8053 7933
f 8052 7928 7927
f 8054 7927 7931
f 8055 7931 7924
f 8056 7924 7923
f 8057 7923 7975
f 8058 7975 7977
f 8059 7977 8020
f 8060 8020 8024
f 8064 8065 8062
f 8063 8062 8066
f 8068 8069 8067
f 8072 8073 8070
f 8076 8077 8074
f 8075 8074 8078
f 8080 8081 8079
f 8082 8083 8081
f 8084 8085 8083
f 8088 8089 8086
f 8087 8086 8090
f 8091 8090 8092
f 8093 8092 8094
f 8095 8094 8096
f 8097 8096 8098
f 8099 8098 8100
f 8101 8100 8102
f 8103 8102 8104
f 4041 8106 8023
f 8107 8108 8105
f 8109 8110 8061
f 8106 8109 8024
f 8005 8111 4003
f 8111 8005 8003
f 8112 8003 8002
f 7999 7998 8114
f 8107 8115 8114
f 8109 8112 8113
f 8106 8111 8112
f 8111 8106 4041
f 4278 8027 7908
f 4277 7908 7907
f 4275 4276 7907
f 7911 7920 4274
f 4274 7920 7915
f 4273 7915 7914
f 4272 7914 7917
f 7919 4270 4271
f 4270 7919 7646
f 8069 8068 8071
f 8044 8043 7951
f 7944 7951 7950
f 7950 4031 4028
f 4018 4015 7932
f 7932 7933 7937
f 7933 8053 8051
f 8089 8088 8085
f 4027 4039 7940
f 7940 7943 7947
f 7943 8047 8045
f 8077 8076 8073
f 7954 8028 8027
f 7955 8027 4278
f 8041 8032 8028
f 8026 8025 8065
f 8117 8014 8013
f 8119 8117 8116
f 8122 8123 8120
f 8124 8125 8121
f 8128 8129 8126
f 8130 8131 8128
f 8132 8133 8131
f 8134 8135 8133
f 7867 7866 8135
f 8138 8139 8136
f 8137 8136 8140
f 8141 8140 8142
f 8146 8147 8144
f 8150 8151 8148
f 8149 8148 8152
f 8153 8152 8154
f 8155 8154 8156
f 8157 8156 8158
f 8162 8163 8160
f 8161 8160 8119
f 8164 8165 8123
f 8126 8129 8125
f 8143 8142 8147
f 8159 8158 8163
f 8165 8164 8139
f 7978 7905 7904
f 7979 7904 7989
f 7990 7989 8000
f 8001 8000 7999
f 8002 7999 8115
f 8113 8115 8107
f 8110 8107 8104
f 8102 8060 8061
f 8100 8059 8060
f 8098 8058 8059
f 8096 8057 8058
f 8096 8094 8056
f 8092 8055 8056
f 8092 8090 8054
f 8090 8086 8052
f 8086 8089 8053
f 8053 8089 8084
f 8051 8084 8082
f 8050 8082 8080
f 8049 8080 8078
f 8074 8046 8048
f 8074 8077 8047
f 8047 8077 8072
f 8045 8072 8071
f 8071 8068 8043
f 8043 8068 8066
f 8062 8040 8042
f 8065 8041 8040
f 8065 8025 8032
f 8025 7958 8031
f 7958 7957 8033
f 8033 7957 7961
f 7964 8035 8034
f 8035 7964 7963
f 8036 7963 7967
f 8037 7967 7969
f 7969 7971 8039
f 8039 7971 7700
f 7985 7903 7902
f 7903 7985 7987
f 7988 7987 7996
f 7997 7996 7995
f 7998 7995 8030
f 8114 8030 8010
f 8108 8010 8009
f 8009 8021 8103
f 8021 8017 8101
f 8015 8099 8101
f 8011 8097 8099
f 8014 8095 8097
f 8095 8014 8117
f 8093 8117 8119
f 8160 8087 8091
f 8163 8088 8087
f 8158 8085 8088
f 8156 8083 8085
f 8154 8081 8083
f 8152 8079 8081
f 8148 8075 8079
f 8151 8076 8075
f 8144 8073 8076
f 8147 8070 8073
f 8142 8069 8070
f 8140 8067 8069
f 8136 8063 8067
f 8139 8064 8063
f 8164 8026 8064
f 8164 8122 7959
f 8122 8121 7956
f 8125 7960 7956
f 8129 7965 7960
f 7965 8129 8128
f 8131 7966 7962
f 8133 7968 7966
f 8133 8135 7970
f 7866 7701 7970
f 7883 7878 7881
f 8145 8144 8151
f 7627 7716 8166
f 7986 7900 7899
f 8169 7722 7725
f 7993 8171 8170
f 8166 7716 7722
f 7986 8167 8171
f 8007 8029 8172
f 8008 8007 8173
f 8174 8175 8022
f 8175 8176 8018
f 8176 8177 8016
f 8177 8178 8012
f 8178 8179 8013
f 8116 8013 8179
f 8118 8116 8180
f 8181 8182 8161
f 8182 8183 8162
f 8183 8184 8159
f 8184 8185 8157
f 8185 8186 8155
f 8186 8187 8153
f 8187 8188 8149
f 8188 8189 8150
f 8189 8190 8145
f 8190 8191 8146
f 8191 8192 8143
f 8192 8193 8141
f 8193 8194 8137
f 8194 8195 8138
f 8195 8196 8165
f 8196 8197 8123
f 8197 8198 8120
f 8198 8199 8124
f 8199 8200 8126
f 8126 8200 8201
f 8201 8202 8130
f 8202 8203 8132
f 8203 8204 8134
f 8204 8205 7867
f 8205 8206 7865
f 8206 8207 7863
f 8207 8208 7861
f 8208 8209 7857
f 8209 8210 7858
f 8210 8211 7855
f 8211 8212 7851
f 8212 8213 7852
f 8213 8214 7868
f 8214 8215 7872
f 8215 8216 7873
f 8216 8217 7875
f 8217 8218 7877
f 8218 8219 7880
f 8219 8220 7881
f 7881 8220 8221
f 8221 8222 7885
f 8222 8223 7887
f 8223 8224 7889
f 8224 8225 7891
f 8225 8226 7893
f 8226 8227 7896
f 8227 8228 7897
f 8228 8229 7848
f 7848 8229 8230
f 7846 8230 8231
f 8231 8232 7743
f 8232 8233 7745
f 8233 8234 7747
f 8234 8235 7751
f 8235 8236 7736
f 7736 8236 8237
f 7737 8237 8238
f 7995 7994 8029
f 7725 7724 7759
f 8168 7725 7758
f 7994 8170 8172
f 6265 7898 7901
f 7901 7984 6248
f 6248 7984 7902
f 7902 7905 6218
f 7905 7978 6862
f 7621 7709 7708
f 7981 6894 6862
f 7622 7712 7709
f 7983 6895 6894
f 1814 1816 7712
f 3993 3991 6895
f 8241 8242 8239
f 8245 8246 8243
f 8248 8245 8244
f 8251 8252 8249
f 8251 8254 8253
f 8256 8254 8251
f 8259 8260 8257
f 8259 8262 8261
f 8263 8264 8242
f 8252 8266 8265
f 8253 8267 8266
f 8261 8270 8268
f 8262 8271 8270
f 8246 8273 8272
f 8242 8275 8274
f 8264 8276 8275
f 8278 8248 8247
f 8279 8280 8241
f 8281 8263 8241
f 8284 8285 8282
f 8287 8288 8255
f 8289 8256 8255
f 8275 8291 8290
f 8276 8292 8291
f 8291 8294 8293
f 8292 8295 8294
f 8294 8297 8296
f 8295 8298 8297
f 8301 8302 8299
f 8303 8304 8302
f 8307 8308 8305
f 8309 8310 8308
f 8311 8312 8310
f 8313 8314 8312
f 8307 8306 8315
f 8309 8307 8316
f 8311 8309 8317
f 8313 8311 8318
f 8322 8323 8320
f 8324 8325 8323
f 8326 8327 8325
f 8328 8329 8327
f 8321 8331 8330
f 8322 8330 8332
f 8324 8332 8333
f 1470 1461 8312
f 1461 1454 8310
f 1454 1449 8308
f 1449 1421 8305
f 8335 8243 8272
f 8336 8244 8243
f 8338 8277 8247
f 8337 8247 8244
f 8302 8340 8339
f 8304 8341 8340
f 8320 8323 8335
f 8323 8325 8336
f 8325 8327 8337
f 8327 8329 8338
f 7487 8342 831
f 8343 8342 7487
f 831 8342 8344
f 8342 8343 8345
f 1413 8344 8346
f 8344 8345 8347
f 8348 8349 1418
f 8351 8349 8348
f 8349 8305 1421
f 8351 8306 8305
f 7491 8352 8343
f 8353 8352 7491
f 8343 8352 8354
f 8352 8353 8355
f 8345 8354 8356
f 8357 8358 8351
f 8358 8315 8306
f 8354 8355 8359
f 8360 8361 8358
f 8361 8362 8315
f 7508 8363 8353
f 8353 8363 8364
f 8365 8366 8361
f 8366 8328 8362
f 7515 8367 8363
f 8368 8367 7515
f 8369 8368 7517
f 8372 8373 8370
f 8284 8372 8371
f 8285 8284 8374
f 8376 8377 8373
f 8283 8376 8372
f 8378 8379 8377
f 8380 8378 8376
f 8383 8384 8381
f 8381 8338 8329
f 8384 8386 8385
f 8385 8277 8338
f 8387 8388 8385
f 8388 8278 8277
f 8387 8390 8389
f 8389 8279 8278
f 8391 8392 8379
f 8393 8391 8378
f 8390 8395 8394
f 8389 8394 8280
f 8282 8396 8380
f 8397 8393 8380
f 8319 8318 8330
f 8318 8317 8332
f 8317 8316 8333
f 8328 8366 8382
f 8366 8365 8383
f 8363 8367 8371
f 8367 8368 8374
f 8368 8369 8375
f 8400 8401 8398
f 8341 8289 8288
f 8359 8360 8357
f 8356 8357 8350
f 8347 8350 8348
f 8346 8348 1417
f 8271 8400 8399
f 8273 8403 8402
f 8404 8405 8314
f 8406 8407 8321
f 8407 8408 8331
f 8405 1938 1470
f 8402 8409 8334
f 8409 8406 8320
f 8408 8410 8319
f 8404 8313 8319
f 8403 8412 8411
f 8404 8414 8413
f 8406 8416 8415
f 8407 8415 8417
f 8405 8413 1941
f 8402 8411 8418
f 8409 8418 8416
f 8417 8419 8410
f 8414 8404 8410
f 8421 8390 8387
f 8422 8423 8384
f 8423 8424 8386
f 8424 8420 8387
f 8365 8425 8422
f 8425 8365 8360
f 8427 8421 8420
f 8428 8429 8423
f 8429 8430 8424
f 8430 8426 8420
f 8425 8364 8428
f 8355 8364 8425
f 8379 8392 8427
f 8370 8373 8429
f 8373 8377 8430
f 8377 8379 8426
f 8364 8363 8370
f 8431 8432 8392
f 8433 8431 8391
f 8434 8433 8393
f 8435 8395 8390
f 8436 8435 8421
f 8432 8436 8427
f 8439 8440 8437
f 8440 8442 8441
f 8441 8444 8443
f 8443 8444 8445
f 8442 8448 8447
f 8447 8449 8444
f 8444 8449 8450
f 8448 8452 8451
f 8451 8453 8449
f 8449 8453 8454
f 8452 8456 8455
f 8455 8457 8453
f 8453 8457 8458
f 8461 8462 8459
f 8463 8464 8461
f 8466 8457 8455
f 8458 8457 8466
f 8468 8469 8467
f 8467 8470 8466
f 8466 8470 8460
f 8471 8472 8470
f 8472 8463 8460
f 8469 8473 8471
f 8474 8475 8462
f 8476 8474 8461
f 8477 8478 8417
f 8478 8479 8419
f 8480 8414 8419
f 8480 8481 8413
f 8481 1942 1941
f 8484 8485 8482
f 8487 8484 8483
f 8488 8489 8487
f 8491 8489 8488
f 1948 8491 8490
f 8492 8493 8488
f 8493 8494 8490
f 8496 8483 8482
f 8496 8492 8486
f 8494 1951 1945
f 8497 8498 8492
f 8498 8499 8493
f 8499 8500 8494
f 8500 1953 1951
f 8501 8502 8443
f 8502 8438 8437
f 8298 8504 8503
f 8412 8506 8505
f 8505 8507 8418
f 8507 8508 8416
f 8477 8415 8416
f 8510 8303 8301
f 8512 8439 8438
f 8438 8502 8513
f 8502 8501 8514
f 8501 8482 8485
f 8446 8495 8482
f 8445 8515 8495
f 8515 8497 8496
f 8450 8516 8515
f 8517 8516 8450
f 8458 8518 8517
f 8459 8462 8518
f 8520 1966 1965
f 1953 8500 8519
f 8519 8522 8521
f 8500 8499 8522
f 8523 8524 8521
f 8522 8499 8498
f 8498 8497 8525
f 8523 8525 8526
f 8516 8517 8527
f 8517 8518 8529
f 8462 8475 8529
f 8527 8531 8530
f 8529 8532 8531
f 8530 8531 8533
f 8531 8532 8535
f 8475 8536 8532
f 8535 8532 8536
f 8540 8541 8538
f 8544 8545 8542
f 8544 8537 8536
f 8491 1948 1942
f 8489 8491 8481
f 8489 8480 8479
f 8484 8487 8479
f 8478 8477 8485
f 8508 8514 8485
f 8507 8513 8514
f 8505 8511 8513
f 8506 8512 8511
f 8547 8503 8509
f 8504 8510 8509
f 8394 8395 8548
f 8550 8551 8432
f 8552 8550 8431
f 8553 8552 8433
f 8554 8548 8395
f 8555 8554 8435
f 8436 8432 8551
f 8549 8281 8280
f 8468 8465 8455
f 8401 8540 8539
f 8542 8545 8474
f 8536 8475 8474
f 8528 8530 8525
f 8530 8534 8526
f 8516 8528 8497
f 8265 8266 8257
f 8267 8258 8257
f 8543 8542 8557
f 8542 8476 8559
f 8476 8464 8560
f 8464 8463 8268
f 8463 8472 8269
f 8472 8471 8561
f 8473 8556 8561
f 8473 8469 8265
f 8469 8468 8249
f 8468 8456 8250
f 8456 8452 8286
f 8452 8448 8287
f 8448 8442 8339
f 8442 8440 8299
f 8440 8439 8300
f 8439 8512 8546
f 8512 8506 8547
f 8506 8412 8296
f 8412 8403 8293
f 8403 8273 8290
f 8273 8246 8274
f 8246 8245 8239
f 8245 8248 8240
f 8248 8278 8279
f 8250 8286 8255
f 8288 8287 8339
f 8300 8546 8509
f 8503 8547 8296
f 8558 8557 8539
f 8539 8557 8559
f 8559 8560 8399
f 8399 8560 8268
f 8269 8561 8260
f 8561 8556 8257
f 8362 8328 8326
f 8315 8362 8333
f 8564 8565 8562
f 8568 8569 8566
f 8569 8571 8570
f 8574 8575 8572
f 8574 8573 8576
f 8578 8579 8574
f 8582 8583 8580
f 8583 8582 8584
f 8587 8564 8563
f 8573 8572 8588
f 8576 8573 8589
f 8584 8593 8591
f 8585 8584 8592
f 8596 8568 8567
f 8563 8562 8597
f 8586 8563 8598
f 8571 8601 8600
f 8603 8565 8564
f 8604 8602 8564
f 8607 8608 8605
f 8610 8611 8579
f 8612 8609 8579
f 8598 8597 8613
f 8599 8598 8614
f 8614 8613 8616
f 8615 8614 8617
f 8617 8616 8619
f 8618 8617 8620
f 8624 8625 8622
f 8627 8624 8623
f 8630 8631 8628
f 8633 8630 8629
f 8635 8633 8632
f 8637 8635 8634
f 8630 8639 8638
f 8633 8640 8639
f 8635 8641 8640
f 8637 8642 8641
f 8645 8646 8643
f 8648 8645 8644
f 8650 8648 8647
f 8652 8650 8649
f 8646 8645 8653
f 8645 8648 8655
f 8648 8650 8656
f 3670 8636 8634
f 3661 8634 8632
f 3654 8632 8629
f 3649 8629 8628
f 8657 8658 8595
f 8659 8657 8567
f 8660 8661 8570
f 8661 8659 8566
f 8623 8622 8662
f 8626 8623 8663
f 8643 8658 8657
f 8644 8657 8659
f 8647 8659 8661
f 8649 8661 8660
f 6886 3042 3041
f 8666 6887 6886
f 3041 3613 8667
f 8665 8667 8668
f 3613 3612 8669
f 8667 8669 8670
f 8672 3617 3616
f 8673 8674 8672
f 8671 3616 3621
f 8673 8671 8628
f 6888 6887 8666
f 8676 6889 6888
f 8666 8668 8677
f 8675 8677 8678
f 8668 8670 8679
f 8681 8674 8673
f 8680 8673 8631
f 8677 8679 8682
f 8684 8681 8680
f 8683 8680 8638
f 6890 6889 8676
f 8676 8678 8687
f 8689 8684 8683
f 8688 8683 8685
f 6891 6890 8686
f 8691 6892 6891
f 8692 6893 6892
f 8695 8696 8693
f 8607 8697 8696
f 8606 8698 8697
f 8700 8695 8694
f 8608 8607 8695
f 8701 8702 8700
f 8702 8703 8608
f 8706 8707 8704
f 8704 8707 8651
f 8705 8704 8708
f 8708 8704 8660
f 8710 8711 8709
f 8601 8710 8708
f 8711 8710 8712
f 8712 8710 8601
f 8715 8702 8701
f 8716 8703 8702
f 8713 8712 8717
f 8712 8603 8602
f 8608 8703 8719
f 8720 8719 8703
f 8642 8654 8653
f 8641 8653 8655
f 8640 8655 8656
f 8652 8651 8707
f 8688 8707 8706
f 8686 8693 8696
f 8690 8696 8697
f 8691 8697 8698
f 8723 8724 8721
f 8664 8663 8609
f 8682 8679 8681
f 8679 8670 8674
f 8670 8669 8672
f 8669 3612 3617
f 8594 8592 8724
f 8726 8637 8636
f 8728 8643 8646
f 8727 8646 8654
f 8725 8636 3670
f 8731 8595 8658
f 8730 8658 8643
f 8729 8654 8642
f 8726 8732 8642
f 8726 8725 8733
f 8728 8727 8735
f 8727 8729 8737
f 8725 4113 4116
f 8731 8730 8738
f 8730 8728 8736
f 8737 8729 8732
f 8734 8740 8732
f 8741 8742 8711
f 8744 8706 8705
f 8743 8705 8709
f 8711 8742 8745
f 8689 8706 8744
f 8746 8682 8684
f 8747 8748 8742
f 8750 8744 8743
f 8749 8743 8745
f 8742 8748 8751
f 8746 8744 8750
f 8678 8682 8746
f 8701 8748 8747
f 8693 8750 8749
f 8694 8749 8751
f 8751 8748 8701
f 8687 8750 8693
f 8753 8715 8714
f 8754 8716 8715
f 8755 8720 8716
f 8756 8741 8713
f 8757 8747 8741
f 8752 8714 8747
f 8758 8596 8595
f 8759 8758 8731
f 8762 8763 8760
f 8766 8761 8764
f 8764 8768 8767
f 8769 8762 8761
f 8771 8766 8765
f 8765 8767 8772
f 8773 8769 8766
f 8775 8771 8770
f 8770 8772 8776
f 8777 8773 8771
f 8779 8775 8774
f 8774 8776 8780
f 8781 8777 8775
f 8784 8785 8782
f 8787 8785 8784
f 8788 8789 8779
f 8780 8782 8788
f 8791 8789 8788
f 8788 8782 8785
f 8792 8793 8789
f 8795 8791 8790
f 8794 8790 8785
f 8795 8796 8792
f 8798 8784 8783
f 8799 8786 8784
f 8801 8735 8737
f 8800 8737 8740
f 8803 8802 8740
f 8803 8734 8733
f 8804 8733 4116
f 8807 8808 8805
f 8809 8810 8808
f 8812 8810 8809
f 8813 8814 8812
f 4121 4120 8814
f 8816 8810 8812
f 8815 8812 8814
f 8818 8819 8805
f 8818 8808 8810
f 8817 8814 4120
f 8821 8818 8816
f 8820 8816 8815
f 8822 8815 8817
f 8823 8817 4127
f 8825 8768 8764
f 8824 8764 8761
f 8621 8620 8826
f 8829 8759 8739
f 8828 8739 8738
f 8830 8738 8736
f 8801 8831 8736
f 8832 8833 8624
f 8763 8835 8834
f 8760 8834 8836
f 8824 8836 8837
f 8825 8837 8806
f 8768 8825 8805
f 8767 8768 8819
f 8838 8819 8818
f 8772 8767 8838
f 8840 8776 8772
f 8780 8776 8840
f 8782 8780 8841
f 8520 8842 4138
f 4129 4138 8842
f 8842 8520 8521
f 8823 8842 8843
f 8844 8843 8521
f 8843 8844 8820
f 8820 8844 8845
f 8844 8524 8526
f 8839 8847 8846
f 8840 8846 8848
f 8783 8841 8848
f 8846 8847 8849
f 8848 8846 8850
f 8849 8534 8533
f 8850 8533 8535
f 8797 8848 8851
f 8535 8537 8852
f 8853 8854 8538
f 8544 8543 8855
f 8544 8856 8852
f 8813 8804 4118
f 8811 8803 8804
f 8811 8809 8802
f 8807 8800 8802
f 8800 8807 8806
f 8831 8801 8806
f 8830 8831 8837
f 8828 8830 8836
f 8835 8829 8828
f 8857 8858 8833
f 8827 8826 8833
f 8717 8860 8859
f 8862 8753 8752
f 8863 8754 8753
f 8864 8755 8754
f 8865 8756 8718
f 8866 8757 8756
f 8757 8866 8861
f 8860 8717 8602
f 8781 8779 8789
f 8722 8721 8854
f 8855 8799 8798
f 8852 8856 8798
f 8847 8821 8845
f 8849 8845 8526
f 8839 8838 8821
f 8588 8867 8581
f 8590 8589 8581
f 8543 8558 8868
f 8855 8868 8869
f 8799 8869 8870
f 8786 8870 8591
f 8787 8591 8593
f 8794 8593 8871
f 8871 8867 8796
f 8796 8867 8588
f 8792 8588 8572
f 8793 8572 8575
f 8781 8575 8611
f 8777 8611 8610
f 8773 8610 8662
f 8769 8662 8622
f 8762 8622 8625
f 8763 8625 8858
f 8835 8858 8857
f 8829 8857 8619
f 8759 8619 8616
f 8758 8616 8613
f 8596 8613 8597
f 8568 8597 8562
f 8569 8562 8565
f 8571 8565 8603
f 8575 8574 8579
f 8609 8663 8662
f 8625 8624 8833
f 8826 8620 8619
f 8558 8538 8854
f 8854 8721 8869
f 8869 8721 8724
f 8724 8592 8591
f 8593 8584 8582
f 8582 8581 8867
f 8685 8656 8650
f 8638 8639 8656
f 8874 8875 8872
f 8878 8879 8876
f 8882 8883 8880
f 8885 8874 8873
f 8887 8885 8884
f 8890 8891 8888
f 8892 8893 8890
f 8894 8895 8892
f 8896 8894 8889
f 8899 8900 8897
f 8903 8904 8901
f 8907 8908 8905
f 8911 8912 8909
f 8915 8916 8913
f 8285 8917 8872
f 8875 8396 8282
f 8917 8285 8375
f 8919 8397 8396
f 8369 8920 8918
f 8921 8922 8900
f 8904 8924 8923
f 8925 8926 8922
f 8880 8883 8927
f 8913 8916 8929
f 8932 8878 8877
f 8935 8936 8933
f 8934 8938 8937
f 8932 8931 8933
f 8939 8434 8397
f 8942 8943 8940
f 8946 8947 8944
f 8949 8937 8938
f 8950 8553 8434
f 8908 8952 8951
f 8953 8954 8909
f 8881 8880 8916
f 8916 8880 8928
f 8956 8947 8946
f 8959 8960 8957
f 8962 8959 8958
f 8962 8961 8940
f 8947 8956 8957
f 8874 8963 8919
f 8963 8964 8939
f 8965 8966 8943
f 8964 8967 8950
f 8968 8969 8960
f 8970 8968 8959
f 8970 8962 8943
f 8944 8947 8960
f 8971 8972 8894
f 8972 8973 8895
f 8974 8975 8885
f 8975 8963 8874
f 8976 8977 8972
f 8977 8978 8973
f 8979 8980 8975
f 8980 8964 8963
f 8981 8982 8977
f 8982 8983 8978
f 8984 8985 8980
f 8985 8967 8964
f 8988 8989 8986
f 8989 8991 8990
f 8994 8995 8992
f 8992 8995 8966
f 8945 8944 8996
f 8996 8944 8969
f 8968 8999 8998
f 8968 8970 9000
f 8997 8996 9001
f 9001 8996 8998
f 8999 9004 9003
f 8999 9000 9005
f 9008 9009 9006
f 9006 9009 9010
f 9012 9013 9011
f 9012 9015 9014
f 9007 9006 9016
f 9016 9006 9011
f 9013 9019 9018
f 9013 9014 9020
f 9023 9024 9021
f 9021 9024 9025
f 9027 9028 9026
f 8924 9028 9027
f 9020 9014 8989
f 9014 9015 8991
f 9005 9000 8995
f 9000 8970 8966
f 9031 9032 9029
f 9035 9036 9033
f 9037 9038 9036
f 9034 9033 8926
f 9029 9032 9038
f 8892 8895 8887
f 8973 8974 8887
f 8973 8978 8979
f 8983 8984 8979
f 8990 8991 8994
f 9015 9005 8994
f 9004 9005 9015
f 9012 9010 9003
f 9009 9001 9003
f 9001 9009 9008
f 9041 9042 9039
f 9042 8918 8920
f 9044 9041 9040
f 9046 9044 9043
f 9049 9050 9047
f 9050 9046 9045
f 9051 9052 8876
f 9053 9054 9042
f 9054 8917 8918
f 9055 9053 9041
f 8893 9055 9044
f 8891 8890 9050
f 8890 8893 9046
f 9053 9055 8886
f 8893 8892 8886
f 8884 8873 9054
f 9054 8873 8872
f 9058 9059 9056
f 9058 9057 9060
f 9061 9060 9062
f 9065 8954 8953
f 8553 8950 8942
f 8950 8967 8965
f 8967 8985 8992
f 8985 8984 8993
f 8984 8983 8990
f 8983 8982 8986
f 8982 8981 8987
f 8949 8948 8903
f 9068 9069 9066
f 9069 9071 9070
f 9071 9073 9072
f 9073 9075 9074
f 9075 9077 9076
f 9077 9079 9078
f 9079 9081 9080
f 9081 9083 9082
f 9083 9085 9084
f 9085 9087 9086
f 9087 9089 9088
f 8927 8931 8877
f 8928 8877 8876
f 8929 8876 9052
f 8910 8909 8915
f 8909 8954 8881
f 8954 9065 8882
f 9062 9060 8912
f 9060 9057 8953
f 9064 8953 9057
f 9016 9024 9023
f 9024 9016 9018
f 9018 9019 9027
f 8923 9027 9019
f 8923 9020 8988
f 8901 8988 8987
f 8987 8981 8949
f 8981 8976 8937
f 8937 8976 8971
f 8971 8896 8936
f 8888 8932 8936
f 8888 8891 8878
f 8891 9049 8879
f 9049 9048 9051
f 8905 8951 9058
f 8906 8905 9061
f 9090 9091 8908
f 9091 9092 8952
f 9092 9094 9093
f 9097 9098 9095
f 9101 9102 9099
f 9105 9106 9103
f 9108 9106 9105
f 9109 9110 9106
f 9110 9111 9103
f 9114 9115 9112
f 9118 9119 9116
f 9122 9123 9120
f 9126 9127 9124
f 9130 9131 9128
f 9134 9135 9132
f 9135 9137 9136
f 9137 9139 9138
f 8606 8605 9133
f 8719 9134 9133
f 9140 9141 8698
f 9142 9134 8719
f 8692 8698 9141
f 9145 9114 9113
f 9117 9116 9146
f 9149 9145 9144
f 9099 9151 9150
f 9128 9153 9152
f 9154 9155 9098
f 9158 9159 9156
f 9159 9158 9160
f 9155 9154 9157
f 9162 9142 8720
f 9165 9166 9163
f 9167 9168 9161
f 9169 9162 8755
f 9121 9120 9170
f 9173 9125 9124
f 9102 9130 9129
f 9129 9152 9151
f 8955 8946 9174
f 9178 9179 9176
f 9180 9181 9177
f 9180 9164 9163
f 9135 9134 9142
f 9182 9142 9162
f 9185 9165 9164
f 9183 9162 9169
f 9179 9188 9187
f 9189 9180 9176
f 9189 9184 9164
f 8946 8945 9190
f 9192 9111 9110
f 9191 9110 9109
f 9195 9139 9137
f 9194 9137 9135
f 9197 9192 9191
f 9196 9191 9193
f 9200 9195 9194
f 9199 9194 9182
f 9202 9197 9196
f 9201 9196 9198
f 9205 9200 9199
f 9204 9199 9183
f 9208 9209 9206
f 9207 9206 9210
f 9214 9215 9212
f 9212 9185 9184
f 8945 8997 9216
f 9217 9218 9187
f 9187 9218 9219
f 8997 9002 9220
f 9221 9222 9218
f 9218 9222 9223
f 9008 9007 9224
f 9228 9229 9226
f 9229 9228 9230
f 9007 9017 9232
f 9233 9234 9228
f 9228 9234 9235
f 9238 9239 9236
f 9147 9146 9239
f 9235 9208 9207
f 9230 9207 9211
f 9223 9214 9213
f 9219 9213 9184
f 9031 9030 9240
f 9244 9245 9242
f 9246 9247 9244
f 9245 9149 9148
f 9023 9022 9248
f 9138 9139 9109
f 9193 9109 9139
f 9193 9195 9200
f 9203 9198 9200
f 9210 9215 9214
f 9231 9211 9214
f 9222 9229 9231
f 9222 9221 9226
f 9002 9008 9225
f 9252 9253 9250
f 9251 9250 9143
f 9254 9255 9253
f 9256 9257 9255
f 9260 9261 9258
f 9259 9258 9257
f 9263 9096 9095
f 9265 9252 9251
f 9264 9251 9141
f 9266 9254 9252
f 9107 9256 9254
f 9104 9260 9259
f 9105 9259 9256
f 9265 9136 9138
f 9107 9266 9138
f 9136 9265 9264
f 9264 9140 9133
f 9269 9270 9267
f 9269 9272 9271
f 9272 9274 9273
f 9275 9276 9173
f 8864 9166 9165
f 9169 9165 9185
f 9186 9185 9212
f 9204 9212 9215
f 9205 9215 9210
f 9203 9210 9206
f 9201 9206 9209
f 9167 9119 9118
f 9278 8189 8188
f 8190 8189 9278
f 9280 8191 8190
f 8192 8191 9280
f 9282 8193 8192
f 8194 8193 9282
f 9284 8195 8194
f 9285 8196 8195
f 9286 8197 8196
f 9287 9277 8188
f 9288 9287 8187
f 9289 9288 8186
f 9290 9289 8185
f 9291 9290 8184
f 9292 9291 8183
f 9293 9292 8182
f 9294 9293 8181
f 9295 9294 8180
f 9296 9295 8179
f 9297 9296 8178
f 9298 9297 8177
f 9150 9151 9098
f 9151 9152 9095
f 9152 9153 9262
f 9127 9131 9130
f 9124 9130 9102
f 9172 9102 9101
f 9273 9126 9125
f 9271 9125 9173
f 9276 9267 9270
f 9017 9023 9249
f 9236 9239 9234
f 9146 9235 9234
f 9146 9116 9208
f 9116 9119 9209
f 9209 9119 9167
f 9202 9167 9160
f 9160 9158 9192
f 9192 9158 9157
f 9157 9154 9103
f 9103 9154 9097
f 9104 9097 9096
f 9260 9096 9263
f 9120 9272 9269
f 9123 9274 9272
f 9300 9122 9121
f 9299 9121 9171
f 9301 9171 9302
f 7628 8166 9091
f 8167 7899 9300
f 9092 8169 8168
f 8171 9301 9303
f 9091 8166 8169
f 8167 9299 9301
f 9305 8234 8233
f 9304 8233 8232
f 9306 8232 8231
f 9307 8231 8230
f 9308 8230 8229
f 9309 8229 8228
f 9310 8228 8227
f 9311 8227 8226
f 9312 8226 8225
f 9313 8225 8224
f 9314 8224 8223
f 9315 8223 8222
f 9317 9316 8222
f 8221 8220 9318
f 9319 9318 8220
f 8219 8218 9320
f 9321 9320 8218
f 8217 8216 9322
f 9323 9322 8216
f 9324 9323 8215
f 8213 9325 9324
f 9326 9327 9297
f 9327 9328 9296
f 9328 9329 9295
f 9329 9330 9294
f 9330 9331 9293
f 9331 9332 9292
f 9332 9333 9291
f 9333 9334 9290
f 9334 9335 9289
f 9335 9336 9288
f 9336 9337 9287
f 9337 9338 9277
f 9338 9339 9278
f 9279 9278 9339
f 9340 9341 9280
f 9281 9280 9341
f 9342 9343 9282
f 9283 9282 9343
f 9344 9345 9284
f 9345 9346 9285
f 9347 9348 9305
f 9349 9347 9304
f 9350 9349 9306
f 9351 9350 9307
f 9352 9351 9308
f 9353 9352 9309
f 9354 9353 9310
f 9355 9354 9311
f 9356 9355 9312
f 9357 9356 9313
f 9358 9357 9314
f 9359 9358 9315
f 9360 9359 9316
f 9317 9318 9361
f 9362 9361 9318
f 9319 9320 9363
f 9364 9363 9320
f 9321 9322 9365
f 9366 9365 9322
f 9367 9366 9323
f 9368 9369 9327
f 9369 9370 9328
f 9370 9371 9329
f 9371 9372 9330
f 9372 9373 9331
f 9373 9374 9332
f 9374 9375 9333
f 9375 9376 9334
f 9376 9377 9335
f 9377 9378 9336
f 9378 9379 9337
f 9379 9380 9338
f 9380 9381 9339
f 9381 9382 9340
f 9382 9383 9341
f 9383 9384 9342
f 9384 9385 9343
f 9385 9386 9344
f 9386 9387 9345
f 9387 9388 9346
f 9389 9390 9348
f 9391 9389 9347
f 9392 9391 9349
f 9393 9392 9350
f 9394 9393 9351
f 9395 9394 9352
f 9396 9395 9353
f 9397 9396 9354
f 9398 9397 9355
f 9399 9398 9356
f 9400 9399 9357
f 9401 9400 9358
f 9402 9401 9359
f 9403 9402 9360
f 9404 9403 9361
f 9405 9404 9362
f 9406 9405 9363
f 9407 9406 9364
f 9408 9407 9365
f 9409 9408 9366
f 9410 9411 9369
f 9411 9412 9370
f 9412 9413 9371
f 9413 9414 9372
f 9414 9415 9373
f 9415 9416 9374
f 9416 9417 9375
f 9417 9418 9376
f 9418 9419 9377
f 9419 9420 9378
f 9420 9421 9379
f 9423 9424 9422
f 9425 9426 9390
f 9427 9425 9389
f 9428 9427 9391
f 9429 9428 9392
f 9430 9429 9393
f 9431 9430 9394
f 9432 9431 9395
f 9433 9432 9396
f 9434 9433 9397
f 9435 9434 9398
f 9436 9435 9399
f 9438 9439 9409
f 9440 9441 9411
f 9441 9442 9412
f 9442 9443 9413
f 9443 9444 9414
f 9444 9445 9415
f 9445 9446 9416
f 9446 9447 9417
f 9447 9448 9418
f 9448 9449 9419
f 9449 9450 9420
f 9450 9451 9421
f 9452 9453 9424
f 9086 9088 9426
f 9084 9086 9425
f 9082 9084 9427
f 9080 9082 9428
f 9078 9080 9429
f 9076 9078 9430
f 9074 9076 9431
f 9072 9074 9432
f 9070 9072 9433
f 9066 9070 9434
f 9067 9066 9435
f 9456 9457 9454
f 9458 9459 9441
f 9459 9460 9442
f 9460 9461 9443
f 9461 9462 9444
f 9462 9463 9445
f 9463 9464 9446
f 9464 9465 9447
f 9465 9466 9448
f 9466 9467 9449
f 9467 9468 9450
f 9468 9469 9451
f 9472 9473 9470
f 9474 9408 9409
f 9387 9475 9423
f 9457 9477 9476
f 9423 9475 9478
f 9481 9482 9479
f 9471 9484 9483
f 9485 9407 9408
f 9386 9486 9475
f 9477 9488 9487
f 9475 9486 9489
f 9482 9491 9490
f 9484 9493 9492
f 9494 9406 9407
f 9385 9495 9486
f 9488 9497 9496
f 9486 9495 9498
f 9491 9500 9499
f 9493 9502 9501
f 9503 9405 9406
f 9384 9504 9495
f 9500 9506 9505
f 9502 9508 9507
f 9510 9402 9403
f 9381 9512 9511
f 9513 9401 9402
f 9380 9514 9512
f 9436 9400 9401
f 9379 9421 9514
f 9516 9073 9071
f 9466 9518 9517
f 9519 9075 9073
f 9465 9520 9518
f 9521 9077 9075
f 9464 9522 9520
f 9523 9079 9077
f 9463 9524 9522
f 9525 9526 8237
f 9305 9527 8235
f 9527 9525 8236
f 9526 9528 8238
f 9529 9530 8174
f 9531 9298 8176
f 9530 9531 8175
f 9532 9529 8173
f 9533 9534 9526
f 9348 9535 9527
f 9535 9533 9525
f 9534 9536 9528
f 9537 9538 9530
f 9539 9326 9298
f 9538 9539 9531
f 9540 9537 9529
f 9542 9496 9497
f 9495 9504 9543
f 9544 9545 9510
f 9546 9547 9511
f 9545 9548 9513
f 9549 9546 9512
f 9548 9067 9436
f 9451 9549 9514
f 9550 9551 9545
f 9552 9553 9547
f 9551 9554 9548
f 9555 9552 9546
f 9554 9068 9067
f 9469 9555 9549
f 9558 9559 9556
f 9562 9563 9560
f 9566 9567 9564
f 9569 9566 9565
f 9564 9567 9557
f 9558 9571 9570
f 9573 9563 9562
f 9571 9575 9574
f 9577 9573 9572
f 9575 9516 9515
f 9518 9577 9576
f 9578 9579 9558
f 9563 9581 9580
f 9583 9567 9566
f 9582 9566 9569
f 9567 9583 9578
f 9579 9585 9571
f 9586 9581 9563
f 9585 9587 9575
f 9588 9586 9573
f 9587 9519 9516
f 9520 9588 9577
f 9589 9590 9579
f 9581 9592 9591
f 9594 9583 9582
f 9593 9582 9584
f 9583 9594 9589
f 9590 9596 9585
f 9597 9592 9581
f 9596 9598 9587
f 9599 9597 9586
f 9598 9521 9519
f 9522 9599 9588
f 9600 9601 9590
f 9592 9603 9602
f 9605 9594 9593
f 9604 9593 9595
f 9594 9605 9600
f 9601 9607 9596
f 9608 9603 9592
f 9607 9609 9598
f 9610 9608 9597
f 9609 9523 9521
f 9524 9610 9599
f 9611 9081 9079
f 9462 9612 9524
f 9613 9614 9601
f 9603 9616 9615
f 9618 9605 9604
f 9617 9604 9606
f 9605 9618 9613
f 9614 9620 9607
f 9621 9616 9603
f 9620 9622 9609
f 9623 9621 9608
f 9622 9611 9523
f 9612 9623 9610
f 9624 9083 9081
f 9461 9625 9612
f 9626 9627 9614
f 9616 9629 9628
f 9631 9618 9617
f 9630 9617 9619
f 9618 9631 9626
f 9627 9633 9620
f 9634 9629 9616
f 9633 9635 9622
f 9636 9634 9621
f 9635 9624 9611
f 9625 9636 9623
f 9637 9085 9083
f 9460 9638 9625
f 9639 9640 9627
f 9629 9642 9641
f 9644 9631 9630
f 9643 9630 9632
f 9631 9644 9639
f 9640 9646 9633
f 9647 9642 9629
f 9646 9648 9635
f 9649 9647 9634
f 9648 9637 9624
f 9638 9649 9636
f 9650 9087 9085
f 9459 9651 9638
f 9652 9653 9640
f 9642 9655 9654
f 9657 9644 9643
f 9656 9643 9645
f 9644 9657 9652
f 9653 9659 9646
f 9660 9655 9642
f 9659 9661 9648
f 9662 9660 9647
f 9661 9650 9637
f 9651 9662 9649
f 9663 9089 9087
f 9458 9664 9651
f 9665 9666 9653
f 9655 9668 9667
f 9670 9657 9656
f 9669 9656 9658
f 9657 9670 9665
f 9666 9672 9659
f 9673 9668 9655
f 9672 9674 9661
f 9675 9673 9660
f 9674 9663 9650
f 9664 9675 9662
f 9676 9677 9088
f 9678 9535 9348
f 9679 9678 9390
f 9677 9679 9426
f 9680 9676 9089
f 9681 9682 9666
f 9684 9669 9671
f 9670 9685 9681
f 9682 9686 9672
f 9686 9687 9674
f 9687 9680 9663
f 9685 9670 9669
f 9668 9689 9688
f 9689 9668 9673
f 9690 9673 9675
f 9691 9675 9664
f 9692 9664 9458
f 9693 9458 9440
f 9694 9440 9410
f 9695 9410 9368
f 9326 9539 9696
f 9115 9114 9693
f 9114 9145 9692
f 9145 9149 9691
f 9149 9245 9690
f 9245 9244 9689
f 9244 9247 9688
f 9030 9684 9683
f 9029 9685 9684
f 9685 9029 9037
f 9037 9035 9682
f 9035 9034 9686
f 9034 8925 9687
f 8925 8921 9680
f 8921 8899 9676
f 8899 8898 9677
f 9094 8168 8238
f 8170 9303 9532
f 9093 9094 9528
f 9303 9302 9540
f 9697 9698 8897
f 9699 9697 8900
f 9700 9699 8922
f 9702 9032 9031
f 9703 9704 9033
f 9038 9705 9703
f 9704 9700 8926
f 9032 9702 9705
f 9706 9707 9113
f 9707 9708 9144
f 9708 9709 9148
f 9701 9031 9241
f 9711 9712 9243
f 9712 9713 9246
f 9709 9711 9242
f 9538 9714 9696
f 9714 9715 9695
f 9715 9115 9694
f 8898 9716 9679
f 9716 9717 9678
f 9717 9533 9535
f 9537 9718 9714
f 9718 9719 9715
f 9719 9112 9115
f 8897 9720 9716
f 9720 9721 9717
f 9721 9534 9533
f 9540 9722 9718
f 9722 9723 9719
f 9723 9706 9112
f 9698 9724 9720
f 9724 9725 9721
f 9725 9536 9534
f 9726 9727 9697
f 9728 9729 9708
f 9727 9730 9698
f 9731 9728 9707
f 9302 9732 9722
f 9732 9733 9723
f 9733 9731 9706
f 9730 9734 9724
f 9734 9735 9725
f 9735 9093 9536
f 9736 9737 9727
f 9738 9739 9729
f 9737 9740 9730
f 9741 9738 9728
f 9742 9743 9732
f 9743 9744 9733
f 9744 9741 9731
f 9740 9745 9734
f 9745 9746 9735
f 9746 9747 9093
f 9748 9749 9737
f 9750 9751 9738
f 9268 9752 9743
f 9752 9753 9744
f 9753 9750 9741
f 9754 9755 9745
f 9755 9756 9746
f 9059 9747 9746
f 9754 9740 9737
f 9756 9757 9056
f 9757 9758 9064
f 9758 9759 9065
f 9759 9760 8882
f 9760 9761 8883
f 9761 9762 8927
f 8927 9762 8933
f 9267 9763 9752
f 9764 9763 9267
f 9765 9764 9276
f 9766 9765 9275
f 9767 9766 9101
f 9768 9767 9100
f 9156 9768 9150
f 9769 9726 9699
f 9771 9702 9701
f 9772 9773 9704
f 9705 9774 9772
f 9773 9769 9700
f 9702 9771 9774
f 9729 9775 9709
f 9770 9701 9710
f 9777 9778 9712
f 9778 9779 9713
f 9775 9777 9711
f 9780 9736 9726
f 9782 9771 9770
f 9783 9784 9773
f 9774 9785 9783
f 9784 9780 9769
f 9771 9782 9785
f 9739 9786 9775
f 9781 9770 9776
f 9788 9789 9778
f 9789 9790 9779
f 9786 9788 9777
f 9791 9748 9736
f 9793 9782 9781
f 9794 9795 9784
f 9785 9796 9794
f 9795 9791 9780
f 9782 9793 9796
f 9797 9739 9738
f 9798 9786 9739
f 9792 9781 9787
f 9801 9789 9788
f 9801 9802 9790
f 9800 9788 9786
f 9763 9803 9753
f 9803 9804 9750
f 9804 9805 9751
f 9805 9806 9797
f 9806 9807 9798
f 9807 9808 9800
f 9808 9809 9801
f 9809 9810 9802
f 9812 9792 9799
f 9813 9793 9792
f 9793 9813 9814
f 9814 9815 9794
f 9815 9816 9795
f 9816 9817 9791
f 9817 9818 9748
f 9818 9819 9749
f 9819 9820 9754
f 9820 9821 9755
f 9821 9757 9756
f 9764 9822 9803
f 9822 9823 9804
f 9823 9824 9805
f 9824 9825 9806
f 9825 9826 9807
f 9826 9827 9808
f 9827 9828 9809
f 9828 9829 9810
f 9831 9812 9811
f 9832 9813 9812
f 9813 9832 9833
f 9833 9834 9815
f 9834 9835 9816
f 9835 9836 9817
f 9836 9837 9818
f 9837 9838 9819
f 9838 9839 9820
f 9839 9840 9821
f 9840 9758 9757
f 9765 9841 9822
f 9841 9842 9823
f 9842 9843 9824
f 9843 9844 9825
f 9844 9845 9826
f 9845 9846 9827
f 9846 9847 9828
f 9847 9848 9829
f 9850 9831 9830
f 9851 9832 9831
f 9832 9851 9852
f 9852 9853 9834
f 9853 9854 9835
f 9854 9855 9836
f 9855 9856 9837
f 9856 9857 9838
f 9857 9858 9839
f 9858 9859 9840
f 9859 9759 9758
f 9766 9860 9841
f 9860 9861 9842
f 9861 9862 9843
f 9862 9863 9844
f 9863 9864 9845
f 9864 9865 9846
f 9865 9866 9847
f 9866 9867 9848
f 9869 9850 9849
f 9870 9851 9850
f 9851 9870 9871
f 9871 9872 9853
f 9872 9873 9854
f 9873 9874 9855
f 9874 9875 9856
f 9875 9876 9857
f 9876 9877 9858
f 9877 9878 9859
f 9878 9760 9759
f 9767 9879 9860
f 9879 9880 9861
f 9880 9881 9862
f 9881 9882 9863
f 9882 9883 9864
f 9883 9884 9865
f 9884 9885 9866
f 9885 9886 9867
f 9888 9869 9868
f 9889 9870 9869
f 9870 9889 9890
f 9890 9891 9872
f 9891 9892 9873
f 9892 9893 9874
f 9893 9894 9875
f 9894 9895 9876
f 9895 9896 9877
f 9896 9897 9878
f 9897 9761 9760
f 9768 9898 9879
f 9898 9899 9880
f 9899 9900 9881
f 9900 9901 9882
f 9901 9902 9883
f 9902 9903 9884
f 9903 9904 9885
f 9904 9905 9886
f 9907 9888 9887
f 9908 9889 9888
f 9889 9908 9909
f 9909 9910 9891
f 9910 9911 9892
f 9911 9912 9893
f 9912 9913 9894
f 9913 9914 9895
f 9914 9915 9896
f 9915 9916 9897
f 9916 9762 9761
f 9156 9159 9898
f 9159 9161 9899
f 9161 9168 9900
f 9168 9118 9901
f 9118 9117 9902
f 9117 9147 9903
f 9147 9238 9904
f 9238 9237 9905
f 9022 9907 9906
f 9021 9908 9907
f 9908 9021 9026
f 9026 9028 9910
f 9028 8924 9911
f 8924 8904 9912
f 8904 8903 9913
f 8903 8948 9914
f 8948 8938 9915
f 8938 8934 9916
f 8934 8933 9762
f 9170 9269 9268
f 9058 8951 9747
f 9171 9170 9742
f 8951 8952 9093
f 9286 9917 8198
f 8212 9918 9325
f 9917 9919 8199
f 9920 9918 8212
f 9919 9921 8200
f 9922 9920 8211
f 9921 9923 8201
f 9924 9922 8210
f 9925 9926 8206
f 9923 9927 8202
f 9928 9924 8209
f 9927 9929 8203
f 9930 9928 8208
f 8206 9926 9930
f 8203 9929 9931
f 9931 9925 8205
f 9932 9422 9917
f 9918 9437 9933
f 9422 9424 9919
f 9438 9437 9918
f 9424 9453 9921
f 9455 9438 9920
f 9453 9934 9923
f 9456 9455 9922
f 9935 9936 9926
f 9934 9470 9927
f 9937 9456 9924
f 9470 9473 9929
f 9938 9937 9928
f 9930 9926 9936
f 9931 9929 9473
f 9939 9935 9925
f 9346 9932 9286
f 9933 9367 9324
f 9346 9388 9422
f 9933 9437 9409
f 9503 9494 9496
f 9496 9494 9485
f 9487 9485 9474
f 9476 9474 9439
f 9454 9439 9438
f 9179 9178 9175
f 9188 9179 9174
f 9217 9188 9190
f 9221 9217 9216
f 9226 9221 9220
f 9227 9226 9225
f 9233 9227 9224
f 9236 9233 9232
f 9237 9236 9249
f 9905 9237 9248
f 9886 9905 9906
f 9867 9886 9887
f 9848 9867 9868
f 9829 9848 9849
f 9810 9829 9830
f 9802 9810 9811
f 9790 9802 9799
f 9779 9790 9787
f 9713 9779 9776
f 9246 9713 9710
f 9247 9246 9241
f 9688 9247 9240
f 9667 9688 9683
f 9654 9667 9671
f 9641 9654 9658
f 9628 9641 9645
f 9615 9628 9632
f 9602 9615 9619
f 9591 9602 9606
f 9580 9591 9595
f 9560 9580 9584
f 9561 9560 9569
f 9940 9941 9508
f 9940 9502 9493
f 9942 9493 9484
f 9943 9484 9471
f 9471 9470 9934
f 9937 9945 9457
f 9945 9946 9477
f 9946 9947 9488
f 9947 9948 9497
f 9541 9497 9948
f 9944 9934 9453
f 9452 9478 9943
f 9478 9489 9942
f 9489 9498 9940
f 9498 9543 9941
f 9952 9953 9950
f 9951 9950 9954
f 9955 9954 9956
f 9957 9956 9958
f 9505 9949 9948
f 9499 9948 9947
f 9490 9947 9946
f 9479 9946 9945
f 9480 9945 9937
f 9958 9956 9482
f 9956 9954 9491
f 9954 9950 9500
f 9950 9953 9506
f 9472 9483 9957
f 9483 9492 9955
f 9492 9501 9951
f 9501 9507 9952
f 9960 9404 9405
f 9383 9961 9504
f 9509 9403 9404
f 9382 9511 9961
f 9960 9962 9544
f 9963 9961 9511
f 9503 9542 9962
f 9543 9504 9961
f 9963 9964 9941
f 9965 9962 9542
f 9962 9965 9550
f 9964 9963 9547
f 9966 9965 9541
f 9964 9967 9508
f 9968 9550 9965
f 9553 9969 9967
f 9970 9551 9550
f 9552 9971 9969
f 9972 9554 9551
f 9555 9973 9971
f 9974 9068 9554
f 9469 9975 9973
f 9976 9069 9068
f 9468 9977 9975
f 9515 9071 9069
f 9467 9517 9977
f 9978 9979 9506
f 9980 9978 9953
f 9981 9980 9952
f 9979 9982 9505
f 9983 9984 9980
f 9984 9985 9978
f 9985 9986 9979
f 9986 9987 9982
f 9966 9949 9505
f 9508 9967 9981
f 9988 9989 9562
f 9561 9568 9990
f 9568 9565 9991
f 9565 9564 9992
f 9564 9556 9993
f 9996 9997 9994
f 9997 9999 9998
f 9999 10001 10000
f 10001 10003 10002
f 10006 10007 10004
f 10007 10009 10008
f 10009 10011 10010
f 10011 10013 10012
f 10014 9993 9556
f 10015 10014 9559
f 9989 10016 9572
f 10017 10015 9570
f 10016 10018 9576
f 9976 10017 9574
f 10018 9977 9517
f 9982 9987 9968
f 9983 9981 9967
f 10020 10004 10008
f 10019 10008 10010
f 10022 10005 10004
f 10021 10010 10012
f 10000 10002 10024
f 9998 10000 10025
f 9994 9998 10026
f 9995 9994 10027
f 10025 10024 10013
f 10026 10025 10011
f 10027 10026 10009
f 10028 10027 10007
f 9987 9986 10021
f 9986 9985 10019
f 9985 9984 10020
f 9984 9983 10022
f 10003 10029 10024
f 10030 9996 9995
f 10013 10024 10029
f 10028 10006 10032
f 10012 10013 10031
f 10006 10005 10034
f 10032 10034 10018
f 10030 10032 10016
f 9988 9996 10030
f 9988 9990 9997
f 9990 9991 9999
f 9991 9992 10001
f 9992 9993 10003
f 10014 10029 10003
f 10031 10029 10014
f 10033 10031 10015
f 9976 9974 10033
f 9975 9977 10018
f 9973 9975 10034
f 9974 9972 10012
f 9970 9968 9987
f 9969 9971 10022
f 9972 9970 10023
f 9971 9973 10005
f 9939 9473 9472
f 9938 9936 9481
f 9959 9958 9935
f 9958 9481 9936
f 9143 9250 10035
f 7899 7898 10037
f 6266 6350 10038
f 6390 6389 10039
f 10035 9250 9253
f 10043 6197 6196
f 10044 6205 6197
f 10045 6231 6205
f 9123 9122 10046
f 10049 9153 9128
f 6282 6281 10050
f 9127 9126 10052
f 9128 9131 10054
f 6311 6310 10055
f 10057 6339 6311
f 10059 6383 6386
f 10060 6256 6231
f 10061 6257 6256
f 10062 6786 6785
f 10042 6196 6786
f 9143 10036 6893
f 10063 10064 6374
f 9253 9255 10065
f 9255 9257 10066
f 9258 9261 10067
f 9257 9258 10068
f 10069 10070 9263
f 10072 9273 9274
f 9262 9153 10049
f 10055 6310 6282
f 6373 6339 10057
f 10054 9131 9127
f 6386 6374 10064
f 9126 9273 10072
f 10070 10067 9261
f 10061 10050 6281
f 9274 9123 10047
f 10039 6389 6383
f 6350 6390 10040
f 9122 9300 10037
f 6893 10036 10062
f 10036 10035 10042
f 10035 10041 10043
f 10041 10065 10044
f 10065 10066 10045
f 10066 10068 10060
f 10068 10067 10061
f 10067 10070 10050
f 10050 10070 10069
f 10069 10049 10055
f 10056 10055 10049
f 10048 10054 10057
f 10063 10057 10054
f 10053 10052 10064
f 10064 10052 10072
f 10072 10071 10059
f 10071 10047 10039
f 10040 10039 10047
f 10038 10040 10046
f 10038 10037 7898
f 8920 10074 10073
f 7628 9090 10075
f 10076 7616 7625
f 10079 10080 10077
f 10073 10081 9040
f 10081 10073 10082
f 10085 10081 10083
f 10087 10085 10084
f 8906 10077 10080
f 10088 10089 8913
f 10092 10093 10090
f 8910 10095 10094
f 8913 10089 10096
f 10098 10089 10088
f 10096 10089 10098
f 10102 10103 10100
f 10105 10087 10086
f 10107 10105 10104
f 10074 7519 7518
f 10073 10074 10108
f 8920 8369 7519
f 10094 10095 10109
f 9040 10081 10085
f 9043 10085 10087
f 9047 10105 10107
f 9045 10087 10105
f 10090 9052 9051
f 10103 10102 9063
f 9052 10090 10088
f 10088 10090 10093
f 10109 10095 10096
f 10096 10095 8910
f 10110 10100 10103
f 8911 10094 10103
f 10091 9051 9048
f 10091 10107 10106
f 9063 10102 10077
f 10077 10102 10101
f 10076 10075 10080
f 8907 10080 10075
f 10108 7518 7512
f 10082 10108 7513
f 10083 10082 6923
f 10084 10083 6926
f 10086 10084 6932
f 10104 10086 6955
f 10106 10104 6975
f 10106 6978 6998
f 6998 7001 10093
f 10097 10093 7001
f 7027 7030 10098
f 10099 10098 7030
f 7058 7092 10109
f 10109 7092 7091
f 7091 7103 10100
f 10101 10100 7103
f 10078 10101 7102
f 7108 7107 10079
f 7107 7068 10076
f 7068 7037 7616
f 10113 10114 10111
f 10112 10117 10115
f 10118 10117 10112
f 10121 10122 10119
f 10123 10124 10122
f 10113 10112 10116
f 10120 10127 10126
f 10130 10131 10128
f 10133 10131 10130
f 10136 10137 10134
f 10140 10141 10138
f 10142 10143 10114
f 10142 10113 10125
f 10147 10148 10145
f 10150 10147 10146
f 10152 10150 10149
f 10154 10132 10130
f 10129 10155 10153
f 10156 10157 10149
f 10157 10158 10151
f 10161 10162 10159
f 10163 10164 10160
f 10167 10168 10165
f 10169 10170 10168
f 10171 10172 10160
f 10166 10175 10173
f 10167 10166 10174
f 10169 10167 10176
f 10180 10181 10178
f 10124 10123 10182
f 10182 10123 10184
f 10187 10133 10132
f 10190 10161 10188
f 10193 10194 10191
f 10197 10198 10195
f 10175 10200 10199
f 10162 10154 10153
f 10153 10155 10163
f 10203 10193 10201
f 10206 10207 10204
f 10210 10211 10208
f 10117 10213 10212
f 10216 10217 10214
f 10217 10219 10218
f 10222 10223 10220
f 10226 10227 10224
f 10229 10222 10221
f 10148 10231 10230
f 10232 10233 10214
f 10234 10235 10221
f 10235 10236 10228
f 10237 10156 10146
f 10238 10239 10233
f 10240 10241 10235
f 10241 10242 10236
f 10243 10165 10156
f 10137 10239 10238
f 10140 10241 10240
f 10245 10242 10241
f 10175 10166 10165
f 10141 10240 10246
f 10246 10240 10234
f 10247 10234 10220
f 10223 10216 10215
f 10141 10136 10135
f 10211 10203 10202
f 10203 10248 10194
f 10233 10247 10215
f 10239 10246 10247
f 10136 10246 10239
f 10249 10250 10192
f 10192 10250 10251
f 10219 10254 10253
f 10256 10238 10232
f 10244 10238 10256
f 10258 10259 10250
f 10260 10251 10250
f 10261 10262 10253
f 10263 10264 10257
f 10265 10266 10262
f 10267 10268 10264
f 10269 10270 10264
f 10271 10272 10266
f 10273 10274 10268
f 10268 10274 10275
f 10276 10277 10272
f 10278 10279 10274
f 10274 10279 10280
f 10282 10277 10276
f 10283 10284 10279
f 10284 10285 10280
f 10286 10213 10117
f 10211 10287 10248
f 10210 10288 10287
f 10289 10290 10288
f 10289 10210 10209
f 10245 10140 10139
f 10294 10207 10206
f 10193 10192 10252
f 10295 10237 10145
f 10296 10243 10237
f 10200 10175 10243
f 10293 10206 10297
f 10297 10206 10205
f 10301 10226 10225
f 10303 10197 10196
f 10304 10305 10300
f 10306 10307 10305
f 10197 10303 10307
f 10308 10309 10259
f 10310 10311 10282
f 10313 10284 10283
f 10285 10284 10313
f 10317 10318 10315
f 10319 10320 10311
f 10255 10232 10218
f 10200 10296 10307
f 10296 10295 10305
f 10295 10230 10300
f 10231 10301 10300
f 10213 10286 10298
f 10183 10182 10316
f 10316 10182 10185
f 10181 10187 10186
f 10323 10190 10189
f 10154 10324 10186
f 10162 10325 10324
f 10161 10190 10325
f 10161 10160 10172
f 10123 10121 10126
f 10213 10297 10299
f 10200 10303 10302
f 10326 10327 10309
f 10328 10329 10327
f 10331 10245 10292
f 10245 10331 10332
f 10242 10332 10333
f 10334 10228 10236
f 10335 10229 10228
f 10337 10289 10291
f 10289 10337 10338
f 10198 10340 10339
f 10227 10342 10341
f 10207 10344 10343
f 10345 10344 10207
f 10198 10197 10306
f 10346 10306 10304
f 10347 10304 10225
f 10324 10348 10178
f 10325 10349 10348
f 10190 10323 10349
f 10168 10157 10156
f 10317 10316 10321
f 10351 10352 10349
f 10349 10352 10353
f 10348 10353 10179
f 10356 10357 10354
f 10357 10359 10358
f 10359 10361 10360
f 10361 10363 10362
f 10364 10365 10362
f 10368 10369 10366
f 10368 10371 10370
f 10372 10347 10224
f 10373 10346 10347
f 10340 10198 10346
f 10337 10344 10345
f 10344 10337 10336
f 10342 10335 10334
f 10341 10334 10333
f 10332 10373 10372
f 10331 10340 10373
f 10340 10331 10330
f 8256 10118 10111
f 8289 10286 10118
f 8289 8341 10298
f 8304 10293 10298
f 8303 10294 10293
f 8510 10345 10294
f 10345 8510 8504
f 10338 8504 8298
f 8298 8295 10288
f 8295 8292 10287
f 8292 8276 10248
f 8276 8264 10194
f 8264 8263 10191
f 8263 8281 10249
f 10251 10260 10261
f 10260 10374 10265
f 10374 10375 10271
f 10375 10376 10276
f 10376 10377 10281
f 10377 10378 10310
f 10378 10379 10319
f 10371 8541 8540
f 8401 8400 10315
f 8271 10183 10315
f 8262 10124 10183
f 8262 8259 10122
f 8259 8258 10119
f 8267 8253 10114
f 8253 8254 10111
f 10380 10381 10329
f 10382 10383 10381
f 10384 10385 10383
f 8941 8940 10385
f 10354 10358 10352
f 10358 10360 10353
f 10360 10362 10179
f 10365 10180 10179
f 10366 10369 10317
f 10317 10369 10370
f 10370 8540 8401
f 10374 10260 10259
f 10375 10374 10309
f 10376 10375 10327
f 10377 10376 10329
f 10378 10377 10381
f 10379 10378 10383
f 10387 10388 10386
f 10390 10388 10387
f 10391 10387 10277
f 10389 10387 10391
f 10393 10391 10282
f 10394 10393 10311
f 10392 10391 10393
f 10395 10393 10394
f 10396 10394 8956
f 8958 8957 10320
f 8961 8958 10319
f 8961 10379 10385
f 8956 10394 10320
f 10170 10158 10157
f 10266 10272 10397
f 10262 10266 10398
f 10253 10262 10399
f 10252 10251 10254
f 10201 10252 10219
f 10202 10201 10217
f 10208 10202 10216
f 10209 10208 10223
f 10291 10209 10222
f 10336 10291 10229
f 10343 10336 10335
f 10204 10343 10342
f 10205 10204 10227
f 10299 10205 10226
f 10212 10299 10301
f 10115 10212 10231
f 10116 10115 10148
f 10125 10116 10147
f 10144 10125 10150
f 10128 10131 10126
f 10184 10126 10131
f 10185 10184 10133
f 10321 10185 10187
f 10350 10321 10181
f 10180 10365 10366
f 10367 10366 10365
f 10272 10277 10386
f 8267 10143 10119
f 10143 10142 10120
f 10120 10142 10144
f 10127 10144 10152
f 10128 10152 10151
f 10151 10158 10155
f 10158 10170 10163
f 10170 10169 10164
f 10164 10169 10177
f 10400 10351 10323
f 10354 10351 10400
f 10283 10388 10390
f 10388 10283 10278
f 10386 10278 10273
f 10398 10397 10273
f 10399 10398 10267
f 10255 10399 10263
f 8281 8549 10258
f 8549 8548 10308
f 8548 8554 10326
f 8554 8555 10328
f 8555 8551 10380
f 8551 8550 10382
f 8550 8552 10384
f 8552 8553 8941
f 10401 10402 10275
f 10285 10403 10401
f 10403 10285 10314
f 10402 10405 10269
f 10406 10407 10402
f 10401 10403 10408
f 10408 10403 10404
f 10411 10135 10134
f 10412 10413 10411
f 10414 10134 10137
f 10415 10414 10244
f 10416 10410 10134
f 10270 10416 10414
f 10405 10412 10410
f 10415 10257 10264
f 10416 10270 10269
f 10402 10407 10412
f 10417 10413 10412
f 10418 10417 10407
f 10406 10408 10419
f 10419 10408 10409
f 10423 10424 10421
f 10424 10427 10425
f 10428 10421 10424
f 10431 10432 10429
f 10434 10432 10431
f 10423 10435 10427
f 10438 10439 10436
f 10438 10441 10440
f 10444 10445 10442
f 10448 10449 10446
f 10451 10423 10422
f 10451 10452 10435
f 10432 10454 10453
f 10457 10458 10455
f 10458 10460 10459
f 10460 10462 10461
f 10463 10464 10439
f 10466 10455 10459
f 10465 10459 10461
f 10439 10464 10468
f 10471 10472 10469
f 10475 10476 10473
f 10478 10475 10474
f 10469 10472 10479
f 10479 10472 10481
f 10476 10485 10483
f 10475 10486 10485
f 10478 10487 10486
f 10490 10491 10488
f 10433 10493 10492
f 10492 10495 10494
f 10441 10497 10496
f 10499 10500 10498
f 10503 10504 10501
f 10507 10508 10505
f 10484 10483 10509
f 10470 10469 10464
f 10464 10469 10480
f 10512 10513 10511
f 10516 10517 10514
f 10520 10521 10518
f 10426 10425 10522
f 10526 10527 10524
f 10529 10526 10525
f 10532 10533 10530
f 10536 10537 10534
f 10533 10539 10538
f 10541 10457 10456
f 10543 10528 10525
f 10545 10531 10530
f 10544 10530 10538
f 10547 10456 10455
f 10549 10543 10542
f 10551 10545 10544
f 10550 10544 10546
f 10553 10547 10466
f 10443 10554 10549
f 10448 10447 10551
f 10555 10448 10550
f 10484 10553 10473
f 10447 10444 10556
f 10556 10557 10545
f 10557 10524 10531
f 10527 10532 10531
f 10447 10446 10445
f 10519 10518 10513
f 10512 10503 10502
f 10542 10525 10524
f 10548 10542 10557
f 10444 10443 10548
f 10560 10501 10504
f 10504 10562 10561
f 10564 10529 10528
f 10565 10566 10543
f 10554 10567 10565
f 10569 10560 10559
f 10570 10568 10559
f 10563 10572 10571
f 10574 10565 10567
f 10572 10576 10575
f 10578 10574 10573
f 10580 10577 10573
f 10576 10582 10581
f 10584 10578 10577
f 10577 10580 10585
f 10582 10587 10586
f 10589 10584 10583
f 10583 10585 10590
f 10587 10592 10591
f 10593 10428 10426
f 10519 10512 10558
f 10520 10519 10594
f 10597 10520 10595
f 10597 10598 10521
f 10555 10599 10449
f 10600 10601 10516
f 10503 10511 10562
f 10602 10540 10456
f 10603 10602 10547
f 10510 10603 10553
f 10601 10605 10604
f 10604 10606 10517
f 10537 10608 10607
f 10609 10610 10508
f 10612 10534 10607
f 10614 10612 10611
f 10507 10614 10613
f 10616 10569 10568
f 10592 10618 10617
f 10621 10622 10619
f 10618 10624 10623
f 10313 10312 10625
f 10314 10313 10626
f 10566 10563 10528
f 10510 10609 10613
f 10603 10613 10611
f 10602 10611 10607
f 10608 10541 10540
f 10523 10604 10605
f 10493 10619 10622
f 10622 10628 10495
f 10497 10490 10489
f 10629 10630 10500
f 10463 10440 10496
f 10470 10463 10631
f 10471 10470 10632
f 10471 10498 10481
f 10434 10494 10454
f 10523 10522 10606
f 10510 10509 10610
f 10634 10616 10615
f 10636 10634 10633
f 10637 10638 10599
f 10555 10552 10639
f 10552 10546 10640
f 10641 10640 10546
f 10539 10642 10641
f 10643 10644 10598
f 10597 10596 10645
f 10506 10505 10646
f 10649 10536 10535
f 10515 10514 10650
f 10652 10600 10515
f 10506 10653 10614
f 10653 10654 10612
f 10654 10535 10534
f 10631 10496 10489
f 10632 10631 10655
f 10499 10632 10656
f 10474 10473 10466
f 10621 10657 10628
f 10659 10629 10656
f 10656 10655 10660
f 10655 10489 10488
f 10356 10662 10661
f 10357 10661 10663
f 10359 10663 10664
f 10361 10664 10665
f 10665 10666 10364
f 10368 10367 10667
f 10368 10668 10669
f 10670 10648 10535
f 10671 10670 10654
f 10647 10671 10653
f 10643 10645 10652
f 10651 10650 10644
f 10642 10649 10648
f 10648 10670 10640
f 10639 10640 10670
f 10637 10639 10671
f 10647 10646 10638
f 8578 8577 10421
f 8612 8578 10428
f 8612 10593 10605
f 8626 8664 10605
f 8627 8626 10601
f 8832 8627 10600
f 10652 10645 8827
f 10645 10596 8621
f 8621 10596 10595
f 8618 10595 10594
f 8615 10594 10558
f 8599 10558 10502
f 8586 10502 10501
f 8587 10501 10560
f 10561 10564 10571
f 10570 10571 10575
f 10672 10575 10581
f 10673 10581 10586
f 10674 10586 10591
f 10675 10591 10617
f 10676 10617 10623
f 10371 10669 8853
f 8722 10620 10619
f 8594 8723 10619
f 8585 8594 10493
f 8585 10433 10431
f 10431 10430 8580
f 8590 10450 10422
f 8576 10422 10421
f 10679 10636 10635
f 10681 10679 10678
f 10683 10681 10680
f 9166 10683 10682
f 10661 10659 10658
f 10663 10658 10660
f 10664 10660 10488
f 10491 10666 10665
f 10667 10657 10621
f 10621 10620 10669
f 10669 10620 8722
f 10672 10615 10568
f 10673 10633 10615
f 10674 10635 10633
f 10675 10678 10635
f 10676 10680 10678
f 10677 10682 10680
f 10390 10389 10684
f 10389 10392 10686
f 10392 10395 10687
f 10395 10396 10688
f 10396 8955 9175
f 10624 9178 9177
f 9181 10677 10623
f 9181 9163 10682
f 10477 10474 10465
f 10576 10690 10689
f 10572 10691 10690
f 10563 10566 10691
f 10562 10529 10564
f 10511 10526 10529
f 10513 10527 10526
f 10518 10532 10527
f 10521 10533 10532
f 10598 10539 10533
f 10644 10642 10539
f 10650 10649 10642
f 10514 10536 10649
f 10517 10537 10536
f 10606 10608 10537
f 10522 10541 10608
f 10425 10457 10541
f 10427 10458 10457
f 10435 10460 10458
f 10452 10462 10460
f 10453 10454 10438
f 10494 10441 10438
f 10495 10497 10441
f 10628 10490 10497
f 10657 10491 10490
f 10491 10657 10667
f 10367 10364 10666
f 10582 10689 10692
f 8590 8580 10430
f 10450 10430 10429
f 10429 10453 10452
f 10453 10437 10462
f 10462 10437 10436
f 10461 10436 10468
f 10467 10468 10480
f 10477 10480 10479
f 10479 10482 10487
f 10693 10630 10629
f 10661 10662 10693
f 10312 10390 10685
f 10692 10689 10584
f 10690 10578 10584
f 10691 10574 10578
f 10566 10565 10574
f 8604 10560 10569
f 8860 10569 10616
f 8859 10616 10634
f 8865 10634 10636
f 8866 10636 10679
f 8861 10679 10681
f 8862 10681 10683
f 8863 10683 9166
f 10695 10590 10585
f 10404 10314 10627
f 10694 10585 10580
f 10699 10695 10694
f 10409 10404 10696
f 10701 10702 10442
f 10704 10702 10701
f 10705 10554 10443
f 10706 10567 10554
f 10707 10705 10442
f 10579 10706 10705
f 10697 10707 10702
f 10706 10579 10573
f 10707 10697 10580
f 10694 10697 10704
f 10708 10698 10704
f 10709 10699 10698
f 10420 10409 10700
f 10700 10699 10709
f 10696 10695 10699
f 10590 10695 10696
f 10588 10590 10627
f 10589 10588 10626
f 10692 10589 10625
f 10587 10692 10685
f 10592 10587 10684
f 10618 10592 10686
f 10624 10618 10687
f 9178 10624 10688

