# https://github.com/mikedh/trimesh
v -0.01578307 -0.06825980 -0.34405920
v -0.02818026 -0.06958715 -0.34454671
v -0.02748920 -0.06169765 -0.34050444
v -0.01547475 -0.05987847 -0.33993395
v -0.03998721 -0.07174365 -0.34448628
v -0.03929921 -0.06356019 -0.34081689
v -0.16225772 -0.19436387 -0.06915026
v -0.16462600 -0.19137550 -0.06175040
v -0.17395950 -0.18372627 -0.06276581
v -0.17205529 -0.18700148 -0.07045880
v -0.11115414 -0.21006026 -0.16984870
v -0.10302987 -0.20983390 -0.17764452
v -0.09939853 -0.21290743 -0.17191106
v -0.10670747 -0.21341117 -0.16382656
v -0.09234345 -0.21404710 -0.17959299
v -0.09590840 -0.21092778 -0.18519232
v -0.11978869 -0.21044315 -0.16127997
v -0.11474020 -0.21395238 -0.15515607
v -0.09543951 -0.21542949 -0.16614687
v -0.10200433 -0.21624565 -0.15806477
v -0.14414366 -0.20534248 -0.13046382
v -0.13654735 -0.20990194 -0.12459004
v -0.14262355 -0.20776652 -0.11412838
v -0.15087075 -0.20274246 -0.11933996
v -0.12873329 -0.21341028 -0.11917679
v -0.13414825 -0.21146509 -0.10939125
v -0.12240790 -0.21386081 -0.14532087
v -0.11634925 -0.21693987 -0.13941947
v -0.12263495 -0.21560912 -0.12922789
v -0.12973917 -0.21258773 -0.13490366
v -0.10955769 -0.21698027 -0.14922830
v -0.11019425 -0.21972480 -0.13382916
v -0.10421029 -0.22198421 -0.12862627
v -0.10876854 -0.22057928 -0.11919134
v -0.11551326 -0.21818881 -0.12400696
v -0.12823591 -0.20993082 -0.15155585
v -0.13634314 -0.20807011 -0.14104015
v -0.17111604 -0.17772667 -0.03258584
v -0.17842021 -0.17087854 -0.03159825
v -0.17776849 -0.17238014 -0.03729714
v -0.17022506 -0.17943140 -0.03781254
v -0.17860422 -0.17014245 -0.01703399
v -0.17868804 -0.16975398 -0.02155723
v -0.17254278 -0.17626076 -0.02345364
v -0.17288925 -0.17633064 -0.01941033
v -0.17847553 -0.17115602 -0.01285644
v -0.17306429 -0.17703722 -0.01561157
v -0.17294960 -0.17822393 -0.01199904
v -0.17812615 -0.17276530 -0.00887072
v -0.17202115 -0.18225715 -0.00521597
v -0.17099820 -0.18544617 -0.00209711
v -0.17532808 -0.18118481 0.00260762
v -0.17665292 -0.17775267 -0.00109067
v -0.17872205 -0.17000513 -0.02642352
v -0.17196855 -0.17673909 -0.02779593
v -0.16675051 -0.18197349 -0.02470639
v -0.16596010 -0.18246012 -0.02858606
v -0.17701749 -0.17447198 -0.04322683
v -0.16924402 -0.18172926 -0.04326362
v -0.16972518 -0.18955537 0.00088183
v -0.17395065 -0.18559627 0.00598322
v -0.16704328 -0.18956319 -0.00607758
v -0.16570626 -0.19314298 -0.00337357
v -0.16775514 -0.18667413 -0.00875184
v -0.16776902 -0.18230752 -0.01785625
v -0.16331137 -0.18693763 -0.01939153
v -0.16400181 -0.18769835 -0.01645663
v -0.16810619 -0.18330681 -0.01474941
v -0.16734010 -0.18184379 -0.02113485
v -0.16267889 -0.18658343 -0.02241013
v -0.16184081 -0.18681775 -0.02571541
v -0.16070572 -0.18745464 -0.02925864
v -0.15737358 -0.19117273 -0.02668023
v -0.15872632 -0.19098991 -0.02364410
v -0.15579885 -0.19173168 -0.02985426
v -0.16424770 -0.19025149 -0.01119183
v -0.16372047 -0.19270582 -0.00908842
v -0.16245719 -0.19589431 -0.00698417
v -0.16094316 -0.19496946 -0.01139973
v -0.16139032 -0.19337158 -0.01326066
v -0.15987560 -0.19120730 -0.02083181
v -0.16069870 -0.19167823 -0.01813974
v -0.16064777 -0.19968957 -0.00493652
v -0.16398159 -0.19748414 -0.00082687
v -0.16199072 -0.20243232 0.00163427
v -0.16598459 -0.19967855 0.00703667
v -0.16803141 -0.19439320 0.00395579
v -0.15846379 -0.20417551 -0.00306447
v -0.17195519 -0.19037318 0.00951202
v -0.15816193 -0.20113990 -0.00884628
v -0.15991199 -0.19760286 -0.01008674
v -0.15582041 -0.20517813 -0.00746781
v -0.16976703 -0.19561796 0.01302149
v -0.10447775 -0.21970663 -0.14331723
v -0.09785195 -0.21870378 -0.15221268
v -0.09345258 -0.22046584 -0.14653759
v -0.09906339 -0.22177939 -0.13772032
v -0.08844266 -0.22223387 -0.14094573
v -0.08395371 -0.22145959 -0.14993882
v -0.07945950 -0.22350592 -0.14343588
v -0.08284026 -0.22433815 -0.13473652
v -0.09155806 -0.21770868 -0.16055210
v -0.08584688 -0.21832419 -0.16833125
v -0.08249997 -0.22011921 -0.16322778
v -0.08776080 -0.21972231 -0.15523440
v -0.08012883 -0.22158371 -0.15866087
v -0.07818829 -0.22284153 -0.15484606
v -0.05471198 -0.22930222 -0.17397728
v -0.05961837 -0.22694716 -0.17293817
v -0.05985853 -0.22785053 -0.17695667
v -0.05446846 -0.23022078 -0.17842459
v -0.04999248 -0.23320282 -0.17391363
v -0.04918917 -0.23300704 -0.17911448
v -0.04449090 -0.23655753 -0.17492146
v -0.04423298 -0.23572622 -0.17952507
v -0.04000729 -0.23880392 -0.17517907
v -0.03967556 -0.23812997 -0.17969156
v -0.08738522 -0.22544125 -0.12666222
v -0.07742055 -0.22697416 -0.12742618
v -0.08176444 -0.22764472 -0.12045747
v -0.07605135 -0.22953921 -0.11430606
v -0.07214919 -0.22999209 -0.12074274
v -0.09320923 -0.22346041 -0.13232234
v -0.08917251 -0.21631575 -0.17391092
v -0.15694268 -0.21604138 0.01580990
v -0.16019170 -0.21270772 0.02238231
v -0.16394397 -0.20698260 0.01962593
v -0.16043033 -0.21065921 0.01330780
v -0.15153352 -0.22347536 0.02658145
v -0.14802285 -0.22611274 0.01947214
v -0.14320629 -0.23056315 0.02086797
v -0.14664679 -0.22819567 0.02811949
v -0.12414928 -0.24497283 0.03007210
v -0.12117309 -0.24602416 0.02322424
v -0.11461570 -0.24947239 0.02303736
v -0.11735509 -0.24877591 0.02973096
v -0.14416731 -0.22774076 0.01278049
v -0.13919322 -0.23188359 0.01415755
v -0.15305281 -0.21803674 0.00926083
v -0.15645984 -0.21284614 0.00696023
v -0.16732981 -0.20130850 0.01637179
v -0.16352320 -0.20518216 0.01017814
v -0.15939178 -0.20758575 0.00431080
v -0.09779923 -0.22325069 -0.12365513
v -0.09180971 -0.22481054 -0.11849232
v -0.09577521 -0.22330173 -0.11039776
v -0.10214197 -0.22201857 -0.11478819
v -0.08579382 -0.22655066 -0.11307907
v -0.08938126 -0.22445804 -0.10583956
v -0.07978881 -0.22799508 -0.10758479
v -0.08320277 -0.22595132 -0.10101298
v -0.05411279 -0.23287188 -0.20129739
v -0.06056739 -0.22962287 -0.20090870
v -0.05919102 -0.22988498 -0.20817319
v -0.05315627 -0.23296803 -0.20791483
v -0.04817903 -0.23559570 -0.20797373
v -0.04857498 -0.23541822 -0.20148684
v -0.06614836 -0.22576254 -0.20830577
v -0.06817115 -0.22534309 -0.19967676
v -0.15565334 -0.20919750 -0.00102859
v -0.15268499 -0.21409287 0.00121184
v -0.14984414 -0.21485008 -0.00397183
v -0.15296505 -0.21013473 -0.00588192
v -0.14623314 -0.21952587 -0.00191652
v -0.14921801 -0.21894858 0.00345106
v -0.14040461 -0.22859176 0.00692129
v -0.13549057 -0.23288859 0.00830520
v -0.13766991 -0.22892901 0.00165502
v -0.13276381 -0.23326581 0.00312322
v -0.07414698 -0.22961581 -0.10220610
v -0.07721988 -0.22707946 -0.09615760
v -0.11081990 -0.25242413 0.02931461
v -0.10804112 -0.25254978 0.02282100
v -0.10155639 -0.25535153 0.02279577
v -0.10441922 -0.25565668 0.02906204
v -0.08110341 -0.26023421 0.01626708
v -0.07874141 -0.25786880 0.01142104
v -0.07278340 -0.26031559 0.01207269
v -0.07522348 -0.26209744 0.01606804
v -0.07564776 -0.25483782 0.00673579
v -0.06915883 -0.25821336 0.00786918
v -0.10251844 -0.25008071 0.01153956
v -0.10019126 -0.24795323 0.00601169
v -0.09426689 -0.24902848 0.00575879
v -0.09645834 -0.25180998 0.01140450
v -0.10506152 -0.25168321 0.01726477
v -0.09877772 -0.25410712 0.01716135
v -0.11797261 -0.24610762 0.01707466
v -0.11487944 -0.24567855 0.01145308
v -0.10881285 -0.24809509 0.01172863
v -0.11166445 -0.24913772 0.01728432
v -0.11212530 -0.24492442 0.00602389
v -0.10617431 -0.24656980 0.00623461
v -0.06427131 -0.22160280 -0.05143989
v -0.06195858 -0.22317434 -0.04761039
v -0.06303988 -0.22269340 -0.04638005
v -0.06527559 -0.22152888 -0.04945264
v -0.06808266 -0.22025151 -0.05223649
v -0.06710860 -0.22019131 -0.05477439
v -0.03541079 -0.24031538 -0.17945083
v -0.03562772 -0.24060055 -0.17479105
v -0.02343046 -0.24520999 -0.17995126
v -0.02280598 -0.24596904 -0.17597683
v -0.02675358 -0.24445896 -0.17375071
v -0.02728186 -0.24412429 -0.17933560
v -0.01720223 -0.24927110 -0.17731714
v -0.01685285 -0.24716629 -0.17995735
v -0.01398422 -0.24800130 -0.17952329
v -0.01452870 -0.25059017 -0.17708139
v -0.04005787 -0.23979934 -0.18974288
v -0.03592485 -0.24190147 -0.18984350
v -0.03572853 -0.24113849 -0.18429739
v -0.04000262 -0.23905840 -0.18436229
v -0.02804256 -0.24514479 -0.18969001
v -0.02423227 -0.24620041 -0.18973757
v -0.02389809 -0.24571370 -0.18452882
v -0.02772536 -0.24477560 -0.18442549
v -0.02253615 -0.24687150 -0.20535229
v -0.02386578 -0.24682239 -0.20020603
v -0.02730193 -0.24588274 -0.20090762
v -0.02590508 -0.24632336 -0.20678109
v -0.03492150 -0.24286132 -0.20803657
v -0.03535047 -0.24250250 -0.20155360
v -0.03957439 -0.24026955 -0.20167486
v -0.03935785 -0.24038398 -0.20825670
v -0.02034781 -0.24615246 -0.18971386
v -0.01668699 -0.24591315 -0.18958514
v -0.01660981 -0.24599858 -0.18466298
v -0.02018740 -0.24589839 -0.18464940
v -0.04952971 -0.23480152 -0.18927059
v -0.04461353 -0.23737742 -0.18959021
v -0.04461079 -0.23667086 -0.18427016
v -0.04933938 -0.23386114 -0.18390827
v -0.04374564 -0.23800486 -0.20819409
v -0.04381668 -0.23775011 -0.20165381
v -0.05496228 -0.23181561 -0.18847123
v -0.05472942 -0.23105103 -0.18301226
v -0.05758324 -0.24164519 -0.01335733
v -0.05324898 -0.23906818 -0.01830712
v -0.04634661 -0.24348415 -0.01736415
v -0.05016951 -0.24613171 -0.01191732
v -0.08832623 -0.25024721 0.00564071
v -0.09065150 -0.25357551 0.01142183
v -0.09794724 -0.25850367 0.02892263
v -0.09546751 -0.25806971 0.02268942
v -0.09301774 -0.25646423 0.01697829
v -0.04949294 -0.23670572 -0.02346364
v -0.04661332 -0.23461902 -0.02921702
v -0.04092877 -0.23870917 -0.02911378
v -0.04330096 -0.24097348 -0.02301543
v -0.03480530 -0.24342981 -0.02911989
v -0.03654766 -0.24536106 -0.02301847
v -0.02905780 -0.24963102 -0.02307304
v -0.02808693 -0.24794514 -0.02897454
v -0.01977548 -0.24751636 -0.17711085
v -0.01998728 -0.24610711 -0.18024753
v -0.01306149 -0.24605287 -0.18939734
v -0.01317807 -0.24628355 -0.18449956
v -0.01701954 -0.24698615 -0.19875525
v -0.02050958 -0.24718567 -0.19947109
v -0.01965239 -0.24678399 -0.20401217
v -0.01618980 -0.24698911 -0.20350061
v -0.01347542 -0.24680154 -0.19809747
v -0.01226078 -0.24750047 -0.20398368
v -0.07662338 -0.21127249 -0.22748572
v -0.08047871 -0.21152069 -0.22197541
v -0.08415712 -0.20664465 -0.22486696
v -0.07964856 -0.20573488 -0.22926116
v -0.07574595 -0.21656552 -0.21933494
v -0.07239456 -0.21654855 -0.22510106
v -0.06752568 -0.22152528 -0.22328796
v -0.06993351 -0.22140257 -0.21691983
v -0.08663971 -0.20226456 -0.22772560
v -0.08182319 -0.20053167 -0.23086336
v -0.08803581 -0.19870479 -0.22989881
v -0.08325130 -0.19669489 -0.23179175
v -0.08967061 -0.19298150 -0.23372555
v -0.08418525 -0.19253868 -0.23415090
v -0.08423640 -0.19449582 -0.23289330
v -0.08957595 -0.19549368 -0.23180716
v -0.06214583 -0.22611409 -0.22227159
v -0.06376059 -0.22614613 -0.21556440
v -0.05244258 -0.23316170 -0.21442023
v -0.05772284 -0.23000674 -0.21488030
v -0.05686846 -0.22997531 -0.22165084
v -0.05200770 -0.23311541 -0.22116815
v -0.04772859 -0.23573492 -0.22131749
v -0.04336269 -0.23795332 -0.22161969
v -0.04377577 -0.23849656 -0.21478665
v -0.04802922 -0.23608107 -0.21447452
v -0.08502008 -0.19054640 -0.23647566
v -0.08946917 -0.19106706 -0.23603087
v -0.08988794 -0.18974888 -0.23888711
v -0.08570442 -0.18991805 -0.23933167
v -0.09054395 -0.18854109 -0.24217206
v -0.08618377 -0.18972664 -0.24224622
v -0.08965741 -0.21047596 -0.20709988
v -0.08482421 -0.21138623 -0.21478414
v -0.07976654 -0.21620660 -0.21147776
v -0.08437140 -0.21509174 -0.20241686
v -0.09381597 -0.20622459 -0.21226255
v -0.08886350 -0.20693833 -0.21890698
v -0.03932110 -0.24093051 -0.21492487
v -0.03848803 -0.23981159 -0.22153324
v -0.03354543 -0.24221134 -0.22145558
v -0.03448273 -0.24349259 -0.21484718
v -0.09534632 -0.18723278 -0.24167916
v -0.09516891 -0.18938249 -0.23816920
v -0.09149867 -0.20313313 -0.22290337
v -0.09642656 -0.20300245 -0.21706366
v -0.09330517 -0.19977876 -0.22631788
v -0.09807284 -0.19990428 -0.22121564
v -0.09489814 -0.19377625 -0.23207799
v -0.09461078 -0.19660222 -0.22934391
v -0.09946855 -0.19666891 -0.22516630
v -0.10014605 -0.19376685 -0.22884545
v -0.08440561 -0.18666642 -0.25958374
v -0.08073575 -0.19036812 -0.25712060
v -0.08341001 -0.18939686 -0.25242544
v -0.08723404 -0.18600871 -0.25436505
v -0.08035122 -0.18787050 -0.26577299
v -0.07695862 -0.19199249 -0.26272737
v -0.09502661 -0.19144968 -0.23500396
v -0.10078073 -0.19089854 -0.23255804
v -0.10093485 -0.18796517 -0.23641644
v -0.10089742 -0.18526893 -0.24073272
v -0.07558239 -0.18934313 -0.27217761
v -0.07205460 -0.19372650 -0.26848687
v -0.08855094 -0.18254277 -0.26209203
v -0.09175689 -0.18242999 -0.25616759
v -0.10910771 -0.19331763 -0.21427211
v -0.11482940 -0.19104753 -0.20823405
v -0.11562506 -0.18754249 -0.21410571
v -0.10994697 -0.19058488 -0.21938207
v -0.07047343 -0.19091423 -0.27835428
v -0.06682657 -0.19564608 -0.27399939
v -0.08451380 -0.18291961 -0.26897224
v -0.11073383 -0.18703463 -0.22472824
v -0.11626779 -0.18392956 -0.22026668
v -0.11651455 -0.18003212 -0.22705996
v -0.11130869 -0.18349817 -0.23063338
v -0.11658537 -0.17622465 -0.23439898
v -0.11153404 -0.18016659 -0.23714583
v -0.12162054 -0.18807402 -0.20149825
v -0.12194645 -0.18405009 -0.20816280
v -0.13078500 -0.18392921 -0.19429071
v -0.13033823 -0.17924697 -0.20170088
v -0.06477985 -0.19232386 -0.28404706
v -0.06117557 -0.19750013 -0.27898804
v -0.07979045 -0.18413356 -0.27619853
v -0.09291997 -0.17812400 -0.26396363
v -0.09639940 -0.17869239 -0.25730205
v -0.08891850 -0.17777089 -0.27146075
v -0.12236309 -0.18004198 -0.21541549
v -0.13001254 -0.17456322 -0.20991207
v -0.12952051 -0.16999091 -0.21858937
v -0.12250852 -0.17577492 -0.22319692
v -0.12197886 -0.17131988 -0.23118438
v -0.12842394 -0.16563792 -0.22758068
v -0.15799601 -0.19287014 -0.14368962
v -0.15147363 -0.19965006 -0.13686687
v -0.15897668 -0.19629782 -0.12501362
v -0.16627806 -0.18781432 -0.13100386
v -0.05917380 -0.19427849 -0.28937023
v -0.05528311 -0.19912733 -0.28323172
v -0.07444452 -0.18555520 -0.28295314
v -0.08369943 -0.17836420 -0.27923272
v -0.06881652 -0.18712504 -0.28926116
v -0.06320091 -0.18908207 -0.29542986
v -0.07827409 -0.17954145 -0.28668362
v -0.07288104 -0.18140383 -0.29391845
v -0.12699692 -0.16161924 -0.23718604
v -0.12103167 -0.16754037 -0.23970229
v -0.13588979 -0.15855184 -0.22400606
v -0.13752608 -0.16308531 -0.21389558
v -0.14592520 -0.15543822 -0.20946006
v -0.14375017 -0.15016575 -0.22021459
v -0.18440291 -0.17136298 -0.05592155
v -0.19222638 -0.16094106 -0.05585250
v -0.19127981 -0.16415146 -0.06415363
v -0.18311910 -0.17463520 -0.06359368
v -0.18126518 -0.17802153 -0.07178075
v -0.18973986 -0.16782253 -0.07306492
v -0.13406503 -0.15396312 -0.23466834
v -0.14113929 -0.14561797 -0.23150703
v -0.16264309 -0.13825463 -0.20027697
v -0.15831809 -0.13378177 -0.21283194
v -0.15133436 -0.14225115 -0.21641627
v -0.15448367 -0.14718904 -0.20465500
v -0.18511331 -0.16564355 -0.04231142
v -0.18545705 -0.16403584 -0.03600366
v -0.19310024 -0.15530120 -0.03422390
v -0.19285945 -0.15644336 -0.04102274
v -0.15353149 -0.12918993 -0.22538017
v -0.14781271 -0.13705522 -0.22837305
v -0.18563812 -0.16307669 -0.02998362
v -0.19285489 -0.15489853 -0.02778463
v -0.16983693 -0.12891021 -0.19676739
v -0.16411881 -0.12570862 -0.20963393
v -0.18090480 -0.11023382 -0.19224945
v -0.17363305 -0.10940506 -0.20679796
v -0.16921516 -0.11784045 -0.20780825
v -0.17558745 -0.11969518 -0.19409829
v -0.19060221 -0.15712417 -0.01071532
v -0.19135552 -0.15591833 -0.01603729
v -0.18530933 -0.16291920 -0.01910382
v -0.18499682 -0.16375119 -0.01420678
v -0.18555211 -0.16265855 -0.02434822
v -0.19213055 -0.15508411 -0.02170382
v -0.12500268 -0.12683648 -0.27755619
v -0.11904241 -0.12497608 -0.28939381
v -0.11310063 -0.13634321 -0.28977962
v -0.11838606 -0.13858641 -0.27841600
v -0.16253956 -0.11467492 -0.22154622
v -0.16563162 -0.10852090 -0.22100399
v -0.15848194 -0.12199454 -0.22302537
v -0.18129430 -0.09174416 -0.20450851
v -0.17739064 -0.10088242 -0.20581908
v -0.18561672 -0.10016384 -0.19079303
v -0.18964606 -0.08970931 -0.18888608
v -0.20410553 -0.13758610 -0.02991193
v -0.20460723 -0.13711357 -0.03752994
v -0.19901618 -0.14674055 -0.03966947
v -0.19861869 -0.14620787 -0.03252791
v -0.21251290 -0.11826412 -0.03273188
v -0.21184300 -0.12011020 -0.02468187
v -0.21465461 -0.11107880 -0.02176081
v -0.21524524 -0.10867953 -0.02979557
v -0.18347354 -0.16690118 -0.00511694
v -0.18810756 -0.16085586 -0.00084955
v -0.18953465 -0.15867106 -0.00565942
v -0.18442108 -0.16505578 -0.00955167
v -0.16817683 -0.10215136 -0.22122111
v -0.17107270 -0.09492217 -0.22021491
v -0.18489300 -0.08166707 -0.20215028
v -0.19271771 -0.07865408 -0.18599399
v -0.21758207 -0.09929345 -0.02715359
v -0.21732800 -0.10170956 -0.01886001
v -0.21940652 -0.09232519 -0.01622225
v -0.21936884 -0.08984792 -0.02503000
v -0.21112478 -0.12194114 -0.01696348
v -0.21401581 -0.11326356 -0.01406088
v -0.19826848 -0.14629779 -0.02583120
v -0.20327038 -0.13833714 -0.02284509
v -0.18104023 -0.17256923 0.00340097
v -0.17949639 -0.17648745 0.00758331
v -0.18325643 -0.17110634 0.01278741
v -0.18510627 -0.16713573 0.00829815
v -0.11244004 -0.12411555 -0.30156284
v -0.10479248 -0.12330671 -0.31295606
v -0.10133483 -0.13478229 -0.31251294
v -0.10758069 -0.13532195 -0.30121815
v -0.17430000 -0.08534513 -0.21857859
v -0.21901054 -0.09494748 -0.00788633
v -0.21663617 -0.10410737 -0.01081333
v -0.22130891 -0.08289199 -0.01371231
v -0.22098349 -0.08026235 -0.02304286
v -0.20862991 -0.12599239 -0.00285122
v -0.20697695 -0.12852580 0.00386887
v -0.21022912 -0.12083231 0.00773515
v -0.21181699 -0.11795830 0.00065859
v -0.19978301 -0.14302087 -0.00381978
v -0.20125283 -0.14101425 -0.00988984
v -0.19706435 -0.14850932 -0.01331580
v -0.19577030 -0.15021168 -0.00758413
v -0.20235504 -0.13947743 -0.01615417
v -0.19780722 -0.14716076 -0.01937319
v -0.21022133 -0.12388710 -0.00971577
v -0.21313989 -0.11552509 -0.00662337
v -0.18138386 -0.17583799 0.01716843
v -0.17759616 -0.18087721 0.01163556
v -0.17560491 -0.18581148 0.01544113
v -0.17895615 -0.18078747 0.02129769
v -0.22123311 -0.08555893 -0.00455877
v -0.21471407 -0.10943590 0.00430005
v -0.21289592 -0.11249545 0.01149897
v -0.21554040 -0.10396479 0.01574218
v -0.21700332 -0.10064605 0.00813709
v -0.21831312 -0.09779482 0.00027844
v -0.21594666 -0.10676579 -0.00313926
v -0.22238739 -0.07272257 -0.01050022
v -0.22197995 -0.06985103 -0.02043907
v -0.20597504 -0.12779639 0.02088826
v -0.20830165 -0.12410479 0.01446510
v -0.20521385 -0.13155785 0.01029071
v -0.20329461 -0.13505112 0.01644974
v -0.19651860 -0.14829997 0.00753135
v -0.19824190 -0.14542492 0.00200021
v -0.19411806 -0.15216491 -0.00204292
v -0.19242527 -0.15456510 0.00324495
v -0.09675435 -0.14526006 -0.31082012
v -0.09206285 -0.15380336 -0.30817877
v -0.09724666 -0.15288739 -0.29772833
v -0.10214171 -0.14515806 -0.29982586
v -0.10850751 -0.10106769 -0.31208662
v -0.09927792 -0.09939945 -0.32277138
v -0.09806784 -0.11073359 -0.32319132
v -0.10699593 -0.11196393 -0.31257394
v -0.21950819 -0.09177871 0.01205026
v -0.22031402 -0.08854038 0.00396012
v -0.21817056 -0.09542011 0.01994943
v -0.22234936 -0.07570141 -0.00104570
v -0.21395644 -0.10796373 0.02292829
v -0.21101963 -0.11614312 0.01848906
v -0.20875187 -0.12030691 0.02527440
v -0.21167204 -0.11255317 0.02987845
v -0.18973253 -0.16001063 0.02288252
v -0.19217257 -0.15556499 0.01791694
v -0.18913721 -0.16161304 0.01305362
v -0.18677131 -0.16571419 0.01781923
v -0.19812738 -0.14330453 0.02778436
v -0.19533879 -0.14827090 0.03308533
v -0.19815003 -0.14223613 0.03841186
v -0.20099558 -0.13697686 0.03295032
v -0.17035705 -0.19655485 0.02259209
v -0.17267607 -0.19123058 0.02875124
v -0.17633220 -0.18604053 0.02508184
v -0.17322934 -0.19101740 0.01907966
v -0.21970287 -0.08645055 0.02415320
v -0.22100308 -0.08261587 0.01600965
v -0.21644856 -0.09965556 0.02751557
v -0.21439157 -0.10462181 0.03482416
v -0.20368576 -0.13025676 0.03811446
v -0.20085195 -0.13590932 0.04389642
v -0.20396182 -0.12940869 0.04948579
v -0.20681769 -0.12333282 0.04325107
v -0.19147498 -0.15376737 0.04847328
v -0.19491579 -0.14786416 0.04355917
v -0.19228939 -0.15364198 0.03812743
v -0.18906594 -0.15933247 0.04296228
v -0.18391602 -0.16999337 0.03218896
v -0.18684551 -0.16480630 0.02764823
v -0.18432892 -0.17037755 0.02246256
v -0.18157748 -0.17535846 0.02685092
v -0.16692893 -0.20231303 0.02597034
v -0.16877212 -0.19668575 0.03220265
v -0.02934255 -0.08866738 -0.35312260
v -0.01654800 -0.08751887 -0.35352847
v -0.01715626 -0.09913808 -0.35662714
v -0.02968316 -0.10035261 -0.35549818
v -0.04114750 -0.08033704 -0.34855097
v -0.02890912 -0.07844994 -0.34903591
v -0.10191062 -0.15321260 -0.28753060
v -0.10707459 -0.14608516 -0.28908155
v -0.21846162 -0.09111192 0.03208927
v -0.21697099 -0.09649252 0.03970645
v -0.20701368 -0.12248651 0.05506718
v -0.20981240 -0.11610664 0.04852404
v -0.20075444 -0.13589461 0.05513800
v -0.19786195 -0.14206265 0.04927458
v -0.19430803 -0.14826095 0.05434201
v -0.19744645 -0.14264260 0.06041645
v -0.15413458 -0.21927187 0.03367501
v -0.15579528 -0.21396693 0.04021035
v -0.16046795 -0.20818816 0.03803972
v -0.15872197 -0.21374397 0.03164159
v -0.16304870 -0.20805871 0.02908581
v -0.16478589 -0.20235334 0.03535549
v -0.01629427 -0.07729683 -0.34889035
v -0.20988521 -0.11527897 0.06086242
v -0.21265607 -0.10859065 0.05412913
v -0.20404523 -0.12943418 0.06110584
v -0.20080759 -0.13666553 0.06669008
v -0.18520733 -0.16493037 0.04745029
v -0.18128506 -0.17073259 0.05145442
v -0.18369368 -0.16586142 0.05745474
v -0.18771015 -0.15977324 0.05317564
v -0.17452376 -0.18568472 0.03451927
v -0.17636115 -0.18042592 0.04007536
v -0.18034134 -0.17519116 0.03630306
v -0.17832298 -0.18048820 0.03083702
v -0.14025821 -0.22983671 0.04379359
v -0.14565267 -0.22472223 0.04311575
v -0.14414275 -0.22921440 0.03644095
v -0.13903175 -0.23408146 0.03710565
v -0.14920848 -0.22440771 0.03533903
v -0.15098614 -0.21959942 0.04196147
v -0.20413151 -0.13017643 0.07303064
v -0.20727806 -0.12262076 0.06718659
v -0.18671066 -0.16113946 0.06369395
v -0.19001276 -0.15626738 0.07017922
v -0.19389249 -0.14940840 0.06536738
v -0.19057078 -0.15459989 0.05913195
v -0.17685457 -0.17636285 0.05511206
v -0.17937417 -0.17187406 0.06125458
v -0.17211925 -0.18568339 0.04359652
v -0.17022843 -0.19094005 0.03792770
v -0.11505505 -0.24912929 0.04348550
v -0.11320581 -0.25135143 0.03655775
v -0.10663680 -0.25502365 0.03615591
v -0.10825119 -0.25304815 0.04302721
v -0.12835951 -0.24020882 0.04420131
v -0.12661595 -0.24305078 0.03732274
v -0.11988480 -0.24725917 0.03694344
v -0.12174568 -0.24476794 0.04385299
v -0.10008728 -0.25819270 0.03571244
v -0.09324299 -0.26142415 0.03477588
v -0.09144561 -0.26134427 0.02829212
v -0.07418942 -0.26197634 0.08114585
v -0.07572207 -0.26062341 0.09066485
v -0.08568222 -0.25623220 0.09237256
v -0.08388250 -0.25767286 0.08330824
v -0.07230751 -0.26626528 0.06365813
v -0.07312880 -0.26414175 0.07211387
v -0.08252223 -0.25980272 0.07453215
v -0.08151602 -0.26210036 0.06620386
v -0.19734650 -0.14388697 0.07188657
v -0.19317632 -0.15091631 0.07674093
v -0.18243191 -0.16752585 0.06773796
v -0.18591029 -0.16312377 0.07446669
v -0.17207443 -0.18207549 0.05841087
v -0.17472067 -0.17795355 0.06462344
v -0.16759475 -0.18823512 0.06150824
v -0.16265668 -0.19419234 0.06404969
v -0.16529602 -0.19039690 0.07045740
v -0.17010650 -0.18429933 0.06775788
v -0.15728114 -0.20845473 0.04620585
v -0.15883280 -0.20329707 0.05200337
v -0.16323352 -0.19710963 0.04965951
v -0.16162182 -0.20233733 0.04382207
v -0.16584534 -0.19643286 0.04105136
v -0.16771693 -0.19124837 0.04687278
v -0.10159200 -0.25678403 0.04249767
v -0.09461421 -0.26056899 0.04139925
v -0.06458674 -0.26554696 0.07886430
v -0.06582596 -0.26414018 0.08885928
v -0.06305568 -0.26953783 0.06108227
v -0.06369935 -0.26763798 0.06959044
v -0.07735967 -0.25959911 0.10044573
v -0.07923095 -0.25885219 0.11074987
v -0.08988509 -0.25425594 0.11169851
v -0.08764517 -0.25515237 0.10180778
v -0.20064343 -0.13778938 0.07853275
v -0.19655120 -0.14521738 0.08363171
v -0.18896806 -0.15807029 0.08126975
v -0.17777754 -0.17385672 0.07122104
v -0.18109951 -0.16966395 0.07812068
v -0.16797084 -0.18651857 0.07718782
v -0.17074272 -0.18237138 0.08438945
v -0.17584679 -0.17606372 0.08147299
v -0.17285941 -0.18029810 0.07440885
v -0.16026276 -0.19661758 0.07261293
v -0.15777341 -0.20061884 0.06609237
v -0.15256169 -0.20708824 0.06786284
v -0.14709038 -0.21345225 0.06930287
v -0.14972516 -0.20991859 0.07604591
v -0.15507971 -0.20320500 0.07450321
v -0.14308754 -0.22125841 0.05649579
v -0.14848688 -0.21533153 0.05534582
v -0.14704181 -0.21998493 0.04929713
v -0.14142636 -0.22541584 0.05014636
v -0.15386068 -0.20937995 0.05385371
v -0.15223738 -0.21428314 0.04795386
v -0.04601754 -0.26970255 0.07473187
v -0.04678267 -0.26856195 0.08538432
v -0.05611642 -0.26663281 0.08698313
v -0.05513404 -0.26810063 0.07661982
v -0.02928942 -0.27060932 0.08246553
v -0.03782891 -0.26998199 0.08390602
v -0.03742290 -0.27085846 0.07265996
v -0.02911915 -0.27143097 0.07100520
v -0.02912526 -0.27209704 0.06007114
v -0.03728633 -0.27180664 0.06207266
v -0.03685036 -0.27316015 0.05247441
v -0.02881587 -0.27344161 0.04997811
v -0.04522148 -0.27262208 0.05529042
v -0.04563299 -0.27112337 0.06454421
v -0.05446932 -0.26993837 0.06699328
v -0.05396961 -0.27172467 0.05808557
v -0.06722069 -0.26331515 0.09912513
v -0.06864145 -0.26223596 0.10967325
v -0.08095142 -0.25722490 0.12121135
v -0.09179156 -0.25259813 0.12183337
v -0.19214752 -0.15258667 0.08832448
v -0.18439586 -0.16508880 0.08524478
v -0.17408074 -0.17816868 0.09187200
v -0.17933370 -0.17174025 0.08880949
v -0.16294083 -0.19270948 0.07947044
v -0.16575124 -0.18872051 0.08679907
v -0.15759273 -0.19910217 0.08149119
v -0.15238355 -0.20605639 0.08318109
v -0.15517032 -0.20197535 0.09077945
v -0.16066428 -0.19521738 0.08892855
v -0.13066093 -0.22924296 0.07864410
v -0.13760042 -0.22326310 0.07819725
v -0.13506739 -0.22628658 0.07097954
v -0.12845917 -0.23219574 0.07119421
v -0.11590038 -0.23958186 0.07873136
v -0.12330086 -0.23447838 0.07872816
v -0.12107053 -0.23716858 0.07111611
v -0.11369492 -0.24201266 0.07098766
v -0.11041931 -0.24708781 0.05647602
v -0.11738558 -0.24259211 0.05681180
v -0.11626185 -0.24592857 0.05006205
v -0.10936219 -0.25016769 0.04967663
v -0.12421248 -0.23769319 0.05703371
v -0.13099912 -0.23263750 0.05719210
v -0.12960062 -0.23643444 0.05066236
v -0.12293060 -0.24125899 0.05037946
v -0.02102444 -0.27157862 0.06940340
v -0.02103650 -0.27092544 0.08088206
v -0.02099197 -0.27344365 0.04767044
v -0.02117608 -0.27241875 0.05812246
v -0.04758399 -0.26801655 0.09652568
v -0.04846999 -0.26693589 0.10771411
v -0.05840846 -0.26494155 0.10855980
v -0.05731843 -0.26622772 0.09776280
v -0.03877969 -0.26812988 0.10709972
v -0.03832082 -0.26898774 0.09528563
v -0.02934877 -0.26931480 0.09432562
v -0.02945784 -0.26876408 0.10668996
v -0.07005182 -0.26068443 0.12039081
v -0.08250975 -0.25493669 0.13194349
v -0.09335777 -0.25002305 0.13238796
v -0.18767007 -0.15998377 0.09256988
v -0.17755057 -0.17365089 0.09962788
v -0.18276756 -0.16699360 0.09637899
v -0.16872061 -0.18454716 0.09441077
v -0.15833966 -0.19803510 0.09859475
v -0.16379039 -0.19122059 0.09659913
v -0.14335048 -0.21657970 0.09357852
v -0.14044499 -0.22006328 0.08569732
v -0.13330511 -0.22619560 0.08647828
v -0.13632202 -0.22317987 0.09466437
v -0.12891791 -0.22932226 0.09513556
v -0.12597002 -0.23192357 0.08679580
v -0.11838546 -0.23722659 0.08693913
v -0.12106473 -0.23480695 0.09533446
v -0.10643178 -0.24709519 0.07061946
v -0.10828513 -0.24464322 0.07847108
v -0.10357189 -0.25181685 0.05613588
v -0.10258605 -0.25443764 0.04923329
v -0.09861057 -0.25188719 0.06971551
v -0.10014397 -0.24943245 0.07776185
v -0.09654106 -0.25690183 0.05514802
v -0.09564597 -0.25894856 0.04812407
v -0.02076475 -0.26966466 0.09307514
v -0.02063348 -0.26908787 0.10606494
v -0.04939824 -0.26545730 0.11901696
v -0.05958868 -0.26346601 0.11953241
v -0.03946000 -0.26681782 0.11864387
v -0.02979175 -0.26773647 0.11861896
v -0.07150703 -0.25861604 0.13126706
v -0.17197973 -0.18013642 0.10227568
v -0.16129437 -0.19387634 0.10661504
v -0.16672917 -0.18683788 0.10455023
v -0.14632176 -0.21291669 0.10195638
v -0.13928339 -0.21986302 0.10314293
v -0.13194269 -0.22650704 0.10389096
v -0.12400981 -0.23243338 0.10421732
v -0.11051397 -0.24239408 0.08672539
v -0.11289032 -0.24012295 0.09517879
v -0.10207343 -0.24726898 0.08606730
v -0.10428324 -0.24542114 0.09465420
v -0.02041770 -0.26784903 0.11864331
v -0.05005205 -0.26318531 0.13011172
v -0.06063290 -0.26111607 0.13058731
v -0.02975048 -0.26584537 0.13105177
v -0.03979540 -0.26497841 0.13043828
v -0.12673555 -0.22979620 0.11335191
v -0.13445613 -0.22314064 0.11285465
v -0.14195463 -0.21627680 0.11191979
v -0.14898590 -0.20900269 0.11044592
v -0.11557528 -0.23803013 0.10410874
v -0.10678829 -0.24390542 0.10362043
v -0.01988187 -0.26613714 0.13118318
v -0.09643946 -0.12235583 -0.32332215
v -0.09450934 -0.13421980 -0.32336735
v -0.11823494 -0.23594816 0.11334979
v -0.10932413 -0.24237643 0.11297198
v -0.09106286 -0.14551373 -0.32156063
v -0.08682616 -0.15488447 -0.31843772
v -0.13732696 -0.19928063 -0.16484204
v -0.12745883 -0.20065082 -0.17433899
v -0.12399129 -0.20587062 -0.16761491
v -0.13342672 -0.20492927 -0.15807870
v -0.13840602 -0.23455119 0.02201459
v -0.13331656 -0.23844019 0.02279704
v -0.13652352 -0.23668725 0.02994863
v -0.14173816 -0.23250082 0.02925072
v -0.13460998 -0.23600378 0.01522439
v -0.12971812 -0.23973021 0.01608882
v -0.13088285 -0.23681102 0.00932848
v -0.12606951 -0.24018677 0.01017371
v -0.12795315 -0.23693957 0.00418985
v -0.12301786 -0.24018705 0.00490959
v -0.08487497 -0.25559159 0.01132420
v -0.08722549 -0.25829963 0.01670671
v -0.08940255 -0.26031220 0.02219492
v -0.15606095 -0.21822652 0.02467655
v -0.15269888 -0.22119339 0.01786093
v -0.14896210 -0.22314413 0.01121643
v -0.14521870 -0.22399658 0.00542856
v -0.14225777 -0.22432823 0.00010279
v -0.07186168 -0.25149132 0.00182819
v -0.06736019 -0.24799459 -0.00335674
v -0.05983690 -0.25245412 -0.00149998
v -0.06474785 -0.25549989 0.00340446
v -0.17534739 -0.18043028 -0.05576120
v -0.01585626 -0.24700039 -0.20748002
v -0.01194187 -0.24737459 -0.20823855
v -0.01870651 -0.24654772 -0.20699176
v -0.02019186 -0.24660640 -0.20929149
v -0.02295638 -0.24670032 -0.21340046
v -0.12946539 -0.19493844 -0.18079091
v -0.13984094 -0.19264672 -0.17183972
v -0.13047468 -0.18916777 -0.18726052
v -0.14090650 -0.18565035 -0.17909772
v -0.18119389 -0.12183323 -0.18055624
v -0.18613939 -0.12382716 -0.16681068
v -0.19204204 -0.11196371 -0.16384970
v -0.18681040 -0.11091592 -0.17791752
v -0.17911340 -0.13613070 -0.17058330
v -0.17463794 -0.13238076 -0.18393277
v -0.16696819 -0.14284937 -0.18824958
v -0.17070219 -0.14770297 -0.17584868
v -0.19187803 -0.09972650 -0.17571841
v -0.19673270 -0.09997458 -0.16101207
v -0.20049814 -0.08775067 -0.15827197
v -0.19607761 -0.08830845 -0.17311071
v -0.20271001 -0.07559425 -0.15495762
v -0.19881772 -0.07653644 -0.16997893
v -0.18709526 -0.07040237 -0.19914389
v -0.17710341 -0.07442339 -0.21586372
v -0.19448338 -0.06680845 -0.18272118
v -0.19970900 -0.06465744 -0.16673484
v -0.20333654 -0.06368181 -0.15143139
v -0.19419545 -0.04268597 -0.17491444
v -0.19867728 -0.04015890 -0.15743827
v -0.19838318 -0.02589229 -0.15087145
v -0.19353811 -0.03001803 -0.17107734
v -0.20210879 -0.04034281 -0.14171834
v -0.20274655 -0.02940640 -0.13532474
v -0.19618473 -0.11312937 -0.14959128
v -0.19102427 -0.12634291 -0.15258523
v -0.20340131 -0.08770636 -0.14402473
v -0.20021216 -0.10027887 -0.14671247
v -0.20539916 -0.07525820 -0.14089845
v -0.20605740 -0.06335856 -0.13730962
v -0.20510101 -0.04121016 -0.12804356
v -0.20605684 -0.03144010 -0.12272631
v -0.10180135 -0.16095146 -0.27620979
v -0.09738082 -0.16660159 -0.27494680
v -0.10186932 -0.16824872 -0.26628487
v -0.10679381 -0.16276129 -0.26731600
v -0.09682984 -0.16000419 -0.28564137
v -0.09225251 -0.16614443 -0.28387639
v -0.09163958 -0.16033544 -0.29535918
v -0.08694846 -0.16678909 -0.29304185
v -0.10677962 -0.15473709 -0.27735510
v -0.08662932 -0.16160418 -0.30527656
v -0.08190998 -0.16857278 -0.30217083
v -0.08183973 -0.16336874 -0.31488711
v -0.07694379 -0.17083341 -0.31083427
v -0.06743466 -0.18350897 -0.30087188
v -0.01627613 -0.24697978 -0.21126569
v -0.01642979 -0.24725820 -0.21566098
v -0.01170358 -0.24743346 -0.21229442
v -0.01105362 -0.24791590 -0.21652861
v -0.02200013 -0.24637173 -0.22081789
v -0.01559532 -0.24765547 -0.22141652
v -0.02921587 -0.24559959 -0.21442460
v -0.03027007 -0.24496302 -0.20754029
v -0.00992678 -0.24802550 -0.22212186
v -0.07347245 -0.22093399 -0.20897263
v -0.07780880 -0.22004035 -0.19745554
v -0.10678952 -0.20616660 -0.18370929
v -0.11491383 -0.20588780 -0.17602608
v -0.11789893 -0.20106507 -0.18239819
v -0.11003732 -0.20203536 -0.19010855
v -0.10007203 -0.20727704 -0.19120340
v -0.14239772 -0.20266842 -0.14762655
v -0.10334258 -0.20354597 -0.19744306
v -0.15775331 -0.15236571 -0.19351104
v -0.13886916 -0.16839369 -0.20459892
v -0.14801302 -0.16118584 -0.19911856
v -0.16065414 -0.15837753 -0.18248150
v -0.11382889 -0.19455586 -0.20235367
v -0.10764017 -0.19669874 -0.20894149
v -0.10582975 -0.20017028 -0.20336252
v -0.11239911 -0.19823895 -0.19637176
v -0.11987004 -0.19648147 -0.18876324
v -0.12104007 -0.19216844 -0.19509972
v -0.04068964 -0.17581125 -0.34481032
v -0.03043920 -0.17329129 -0.34900193
v -0.02876362 -0.18376893 -0.34085825
v -0.03807382 -0.18494934 -0.33677093
v -0.01994144 -0.16860891 -0.35288180
v -0.01905641 -0.18240200 -0.34430107
v -0.00968266 -0.16312424 -0.35639756
v -0.00957289 -0.18095262 -0.34629212
v -0.05410635 -0.18433567 -0.32674359
v -0.05809895 -0.17654349 -0.33369092
v -0.05006221 -0.17690481 -0.33989851
v -0.04670310 -0.18524503 -0.33222699
v -0.02722879 -0.19260345 -0.33093755
v -0.03579595 -0.19250942 -0.32765969
v -0.01840423 -0.19199370 -0.33383151
v -0.00971868 -0.19108768 -0.33564493
v -0.11221085 -0.14777150 -0.27825970
v -0.14742284 -0.19644169 -0.15455304
v -0.18400860 -0.14003107 -0.15651938
v -0.17439050 -0.15344355 -0.16236211
v -0.16332794 -0.16517130 -0.17118991
v -0.19683622 -0.15630494 -0.07364727
v -0.19829839 -0.15285114 -0.06413225
v -0.19914890 -0.14999703 -0.05532048
v -0.06167604 -0.16731671 -0.33985842
v -0.05275295 -0.16649260 -0.34603398
v -0.06459278 -0.15644944 -0.34453817
v -0.05488184 -0.15500827 -0.35034513
v -0.04422958 -0.15232679 -0.35422302
v -0.03250797 -0.14908601 -0.35711663
v -0.03195685 -0.16098912 -0.35436136
v -0.04290687 -0.16449144 -0.35087610
v -0.02069588 -0.14611768 -0.35894166
v -0.02092446 -0.15602208 -0.35726056
v -0.00850832 -0.14503998 -0.35976611
v -0.00932822 -0.15268862 -0.35964248
v -0.11742858 -0.10279720 -0.30076854
v -0.11561538 -0.11303447 -0.30095934
v -0.12617741 -0.10356248 -0.28771974
v -0.12379593 -0.11325564 -0.28812466
v -0.20784446 -0.04210955 -0.11577154
v -0.20907790 -0.03272339 -0.11152749
v -0.20774835 -0.06351147 -0.12393756
v -0.20729358 -0.07521060 -0.12726876
v -0.20540025 -0.08768718 -0.13022415
v -0.20298498 -0.10050720 -0.13280393
v -0.16244766 -0.18359548 -0.15106019
v -0.17250523 -0.17655867 -0.13755281
v -0.15105977 -0.18891069 -0.16198602
v -0.15274269 -0.18096058 -0.17025289
v -0.16473619 -0.17325975 -0.15985754
v -0.17843575 -0.16119184 -0.14519219
v -0.14059841 -0.17943860 -0.18700715
v -0.15199683 -0.17352649 -0.17945425
v -0.10600123 -0.21959356 -0.10624963
v -0.09925054 -0.22100926 -0.10260786
v -0.10244549 -0.21838450 -0.09523796
v -0.10968637 -0.21699913 -0.09831497
v -0.09260893 -0.22217203 -0.09883686
v -0.09546341 -0.21967197 -0.09206144
v -0.13037348 -0.11571344 -0.27590319
v -0.13986729 -0.17395069 -0.19565948
v -0.15009236 -0.16707454 -0.18907524
v -0.09018006 -0.21293130 -0.19356840
v -0.08579691 -0.21606638 -0.18780304
v -0.07495762 -0.22286151 -0.16224254
v -0.07578986 -0.22221273 -0.16587977
v -0.07073942 -0.22343355 -0.17114204
v -0.07035218 -0.22373640 -0.16712993
v -0.07593633 -0.22187920 -0.18786150
v -0.08289535 -0.21856559 -0.18127750
v -0.07766515 -0.22148948 -0.17017726
v -0.08041343 -0.22037903 -0.17535242
v -0.07408217 -0.22318650 -0.18101252
v -0.07210154 -0.22345734 -0.17555440
v -0.10494003 -0.19258002 -0.22426125
v -0.10391224 -0.19558965 -0.21994673
v -0.10602872 -0.18921675 -0.22887125
v -0.10638425 -0.18617174 -0.23391212
v -0.10606541 -0.18321955 -0.23913951
v -0.10511744 -0.18002177 -0.24465555
v -0.10016141 -0.18252738 -0.24553870
v -0.09727465 -0.17319985 -0.26524109
v -0.09313671 -0.17217625 -0.27339630
v -0.08777790 -0.17225432 -0.28184898
v -0.08246695 -0.17316001 -0.29008909
v -0.07718475 -0.17502583 -0.29821785
v -0.07209590 -0.17743305 -0.30608437
v -0.09467171 -0.20885617 -0.19905617
v -0.09804655 -0.20474891 -0.20478021
v -0.10042951 -0.20175038 -0.21015313
v -0.10217233 -0.19899036 -0.21520798
v -0.06526632 -0.22503369 -0.17057624
v -0.06547853 -0.22548645 -0.17457720
v -0.10097177 -0.17437169 -0.25766107
v -0.07059324 -0.23175998 -0.10850078
v -0.02030044 -0.25133704 -0.02895536
v -0.02095661 -0.25294035 -0.02330652
v -0.06218438 -0.18602834 -0.30753382
v -0.05782811 -0.19126620 -0.30128212
v -0.05374146 -0.19634439 -0.29443840
v -0.02327442 -0.20326237 -0.29713794
v -0.02235773 -0.20505077 -0.28822011
v -0.02891292 -0.20451266 -0.28907432
v -0.02968857 -0.20216969 -0.29774528
v -0.00902745 -0.20384782 -0.29672035
v -0.00804450 -0.20591466 -0.28827019
v -0.01545300 -0.20579268 -0.28691160
v -0.01638599 -0.20379281 -0.29619361
v -0.03519048 -0.20350939 -0.28978140
v -0.03566277 -0.20105561 -0.29770108
v -0.00948328 -0.19877089 -0.32374920
v -0.01776473 -0.19916715 -0.32190349
v -0.02591391 -0.19886065 -0.31959134
v -0.03365620 -0.19767647 -0.31744825
v -0.04679898 -0.19474445 -0.31122871
v -0.05035076 -0.19020076 -0.31929625
v -0.04364719 -0.19162434 -0.32386339
v -0.04070751 -0.19608767 -0.31473162
v -0.05657478 -0.18844565 -0.31370776
v -0.05241884 -0.19326185 -0.30656442
v -0.00900611 -0.20308613 -0.31076872
v -0.01685971 -0.20297214 -0.30931456
v -0.02448858 -0.20230324 -0.30798434
v -0.03147301 -0.20085679 -0.30713423
v -0.04340277 -0.19827745 -0.30357889
v -0.03783576 -0.19936793 -0.30582657
v -0.04829815 -0.19757386 -0.29913913
v -0.16576060 -0.07738383 -0.23309899
v -0.15096073 -0.08677206 -0.25318875
v -0.14191809 -0.10735954 -0.26099968
v -0.16240048 -0.08936408 -0.23551733
v -0.14526487 -0.10430133 -0.25772640
v -0.15996182 -0.09774341 -0.23663390
v -0.15091578 -0.09667458 -0.25031613
v -0.15945573 -0.10126634 -0.23544686
v -0.15836568 -0.10570158 -0.23451113
v -0.15106222 -0.10076126 -0.24895712
v -0.15006678 -0.10510688 -0.24837637
v -0.15628637 -0.11009908 -0.23508575
v -0.15326614 -0.11625483 -0.23595026
v -0.14830529 -0.10988065 -0.24897707
v -0.14481817 -0.11649419 -0.25009435
v -0.14902821 -0.12292933 -0.23791496
v -0.14024316 -0.12440101 -0.25209610
v -0.14401280 -0.13115348 -0.24063048
v -0.12792537 -0.14460001 -0.25610166
v -0.13145293 -0.14939216 -0.24537061
v -0.13789033 -0.14073320 -0.24288946
v -0.13433519 -0.13477042 -0.25417905
v -0.12166559 -0.15267923 -0.25738024
v -0.12499732 -0.15693581 -0.24716492
v -0.15253493 -0.20539670 0.10045483
v -0.15525635 -0.20124353 0.10858325
v -0.14956814 -0.20938720 0.09234862
v -0.14681482 -0.21322834 0.08455196
v -0.14136156 -0.21991507 0.07036273
v -0.14394440 -0.21662861 0.07728420
v -0.13580203 -0.23108617 0.05063260
v -0.13724202 -0.22705785 0.05708642
v -0.13466261 -0.23522499 0.04419622
v -0.13306158 -0.23869082 0.03741304
v -0.13062032 -0.24084106 0.03022593
v -0.12754347 -0.24227912 0.02318271
v -0.12405591 -0.24290194 0.01666980
v -0.12067515 -0.24295778 0.01088948
v -0.11777655 -0.24280573 0.00552255
v -0.06683498 -0.18020144 -0.31350510
v -0.06074707 -0.18251127 -0.32032814
v -0.15831502 -0.19869375 -0.01281797
v -0.15639042 -0.20194411 -0.01249055
v -0.14112599 -0.20524018 -0.03915732
v -0.13593726 -0.20791990 -0.03795772
v -0.13856738 -0.20510789 -0.03540647
v -0.14321254 -0.20251068 -0.03577738
v -0.13328867 -0.21075809 -0.04529084
v -0.12769283 -0.21448601 -0.04203629
v -0.13228482 -0.21120815 -0.04025299
v -0.13771346 -0.20803068 -0.04245310
v -0.12736601 -0.21421657 -0.04734078
v -0.12209367 -0.21715480 -0.04425483
v -0.13162594 -0.21083845 -0.03698941
v -0.12791880 -0.21386086 -0.03849464
v -0.14206925 -0.21979095 -0.01177134
v -0.14403273 -0.21986866 -0.00676432
v -0.14774859 -0.21523152 -0.00860730
v -0.14581890 -0.21517029 -0.01331059
v -0.13557060 -0.22893065 -0.00316962
v -0.13067932 -0.23324970 -0.00172166
v -0.10964013 -0.24400230 0.00064824
v -0.10745832 -0.24284722 -0.00447489
v -0.10194594 -0.24391003 -0.00485029
v -0.10388795 -0.24527826 0.00060696
v -0.13363826 -0.22856137 -0.00808411
v -0.12873464 -0.23268622 -0.00651809
v -0.09813502 -0.24617475 0.00024183
v -0.09224593 -0.24662015 -0.00036345
v -0.14411782 -0.21474386 -0.01828631
v -0.14931138 -0.21054796 -0.01489477
v -0.14788708 -0.21032168 -0.01983902
v -0.15101301 -0.21054502 -0.01035796
v -0.15404096 -0.20575201 -0.01175083
v -0.15247687 -0.20581091 -0.01579151
v -0.14076587 -0.21372146 -0.02659355
v -0.14236856 -0.21425003 -0.02260626
v -0.14582326 -0.20963527 -0.02356784
v -0.14397696 -0.20905254 -0.02650675
v -0.14020089 -0.21920426 -0.01683241
v -0.13178149 -0.22787766 -0.01377879
v -0.12711227 -0.23174609 -0.01261313
v -0.10579156 -0.24130648 -0.01084072
v -0.10028388 -0.24214956 -0.01106038
v -0.09632615 -0.24431409 -0.00573447
v -0.09473280 -0.24187042 -0.01239236
v -0.08873236 -0.24083067 -0.01414125
v -0.09020946 -0.24396945 -0.00706636
v -0.08788543 -0.23862377 -0.02044883
v -0.09345044 -0.23960606 -0.01941571
v -0.09273648 -0.23801826 -0.02784905
v -0.08750440 -0.23658763 -0.02841663
v -0.10437073 -0.23960363 -0.01871357
v -0.10325094 -0.23836392 -0.02751766
v -0.09775798 -0.23853573 -0.02759339
v -0.09873072 -0.24001932 -0.01887676
v -0.13028465 -0.22685581 -0.02034719
v -0.12856226 -0.22563991 -0.02743931
v -0.12442049 -0.22883859 -0.02744371
v -0.12592846 -0.23046778 -0.01975835
v -0.12841103 -0.22358691 -0.03238676
v -0.12431325 -0.22674040 -0.03308736
v -0.13642877 -0.21677954 -0.03050125
v -0.13684854 -0.21824705 -0.02695350
v -0.13969153 -0.21249877 -0.02907610
v -0.13855413 -0.21880431 -0.02176563
v -0.13812761 -0.20763488 -0.03048149
v -0.14043667 -0.20683774 -0.02870019
v -0.14427124 -0.20418474 -0.02845397
v -0.14152742 -0.20488562 -0.03017053
v -0.13797638 -0.21134396 -0.02981243
v -0.13556290 -0.21136492 -0.03148384
v -0.13642974 -0.20757542 -0.03204795
v -0.13805341 -0.20623459 -0.03021734
v -0.13398045 -0.21067247 -0.03208100
v -0.08629513 -0.22324594 -0.04419303
v -0.08641145 -0.22232321 -0.04635940
v -0.08258318 -0.22194205 -0.04498988
v -0.08267050 -0.22257196 -0.04326967
v -0.09975680 -0.22349232 -0.04298276
v -0.10050669 -0.22368665 -0.04443593
v -0.09497239 -0.22374796 -0.04467633
v -0.09480482 -0.22356171 -0.04329742
v -0.10683461 -0.22304447 -0.04463576
v -0.10606063 -0.22307049 -0.04297910
v -0.11212958 -0.22138242 -0.04218181
v -0.11270488 -0.22125018 -0.04373630
v -0.10176505 -0.22271526 -0.04719071
v -0.09568002 -0.22288574 -0.04731019
v -0.11175500 -0.21875750 -0.05150084
v -0.10873887 -0.22130493 -0.04762888
v -0.11566566 -0.21957808 -0.04647236
v -0.11972789 -0.21696546 -0.04975865
v -0.12193558 -0.21703123 -0.03806952
v -0.11725664 -0.21912350 -0.03935732
v -0.11195922 -0.22098404 -0.04089343
v -0.10618972 -0.22263268 -0.04183887
v -0.11846466 -0.21925146 -0.04185151
v -0.11755879 -0.21946397 -0.04050633
v -0.12246653 -0.21720349 -0.03900654
v -0.12340411 -0.21660716 -0.04000450
v -0.12669011 -0.21458584 -0.03731264
v -0.12589457 -0.21457383 -0.03642595
v -0.10022751 -0.22307493 -0.04203227
v -0.09494952 -0.22302231 -0.04225952
v -0.08618714 -0.22266154 -0.04162625
v -0.08253117 -0.22213314 -0.04082803
v -0.08260962 -0.22251261 -0.04198867
v -0.08623516 -0.22312283 -0.04269299
v -0.08641183 -0.22073861 -0.04927204
v -0.08212837 -0.22093132 -0.04788153
v -0.07577354 -0.22061315 -0.04069499
v -0.07548202 -0.22097237 -0.04152865
v -0.07223557 -0.22057193 -0.04165161
v -0.07260623 -0.22053330 -0.04092116
v -0.07562259 -0.22055123 -0.03997424
v -0.07270562 -0.22036549 -0.03982090
v -0.07907492 -0.22151389 -0.04109567
v -0.07895341 -0.22160405 -0.04240441
v -0.06746132 -0.22044595 -0.03993958
v -0.06764865 -0.22075358 -0.04069279
v -0.06697309 -0.22105996 -0.04114914
v -0.06646101 -0.22037021 -0.04014923
v -0.06685625 -0.22005030 -0.03904470
v -0.06718609 -0.22013284 -0.03944528
v -0.06637755 -0.22029655 -0.03973508
v -0.06621366 -0.22019739 -0.03928653
v -0.06538685 -0.22030065 -0.03980622
v -0.06560704 -0.22038290 -0.03950326
v -0.12979894 -0.21174603 -0.03575961
v -0.12895727 -0.21187199 -0.03498938
v -0.13454025 -0.20811651 -0.03471023
v -0.12657753 -0.22083641 -0.03510994
v -0.12523006 -0.21917300 -0.03647535
v -0.12202767 -0.22227185 -0.03770664
v -0.12314585 -0.22373295 -0.03662163
v -0.13316202 -0.21504461 -0.03283669
v -0.13555744 -0.21584612 -0.03123052
v -0.12813796 -0.22231142 -0.03350805
v -0.12409152 -0.22508863 -0.03446491
v -0.10153464 -0.23391327 -0.03661492
v -0.10062623 -0.23261767 -0.03895847
v -0.09569644 -0.23240357 -0.03871368
v -0.09574007 -0.23415529 -0.03628679
v -0.10035584 -0.23142082 -0.04031115
v -0.09590157 -0.23120389 -0.03972291
v -0.09067761 -0.23314276 -0.03564348
v -0.09062611 -0.23134336 -0.03815953
v -0.08573605 -0.22942528 -0.03747818
v -0.08523781 -0.23128926 -0.03535860
v -0.08067740 -0.22687285 -0.03676150
v -0.07994734 -0.22909655 -0.03510656
v -0.14252201 -0.20839872 -0.02817032
v -0.13142192 -0.21375534 -0.03366544
v -0.13040457 -0.21249183 -0.03419294
v -0.13337082 -0.20985799 -0.03304552
v -0.13525617 -0.20675536 -0.03240226
v -0.08097505 -0.22471193 -0.03770605
v -0.08582452 -0.22739755 -0.03864858
v -0.09086047 -0.23030911 -0.03936880
v -0.08606323 -0.22850426 -0.03852832
v -0.08107483 -0.22587557 -0.03745064
v -0.07647466 -0.22562510 -0.03593516
v -0.07693692 -0.22415897 -0.03576085
v -0.07268168 -0.22199987 -0.03543264
v -0.07231554 -0.22383234 -0.03534715
v -0.07565135 -0.22766733 -0.03472341
v -0.07191136 -0.22668321 -0.03459144
v -0.07663911 -0.22230223 -0.03630634
v -0.07346256 -0.22031937 -0.03634839
v -0.06498041 -0.22136067 -0.04133985
v -0.06330549 -0.22100291 -0.04045597
v -0.06316768 -0.22069504 -0.03928151
v -0.06433325 -0.22051919 -0.04002965
v -0.06475821 -0.22038110 -0.03935614
v -0.06330613 -0.22034988 -0.03869237
v -0.06376671 -0.22032603 -0.03882085
v -0.06484962 -0.22022371 -0.03927064
v -0.06622999 -0.22017451 -0.03900483
v -0.06580947 -0.22045314 -0.03933191
v -0.06334414 -0.22026525 -0.03840660
v -0.06314140 -0.22051407 -0.03859946
v -0.06459662 -0.22023447 -0.03854445
v -0.06534314 -0.22015373 -0.03893786
v -0.06694121 -0.22058296 -0.03825552
v -0.06729323 -0.21994260 -0.03823739
v -0.06602245 -0.21982360 -0.03848695
v -0.06589514 -0.21993823 -0.03844200
v -0.06554762 -0.22191623 -0.03609503
v -0.06641463 -0.22048527 -0.03614075
v -0.06508843 -0.22057767 -0.03761177
v -0.06440185 -0.22119593 -0.03651286
v -0.06386424 -0.22068058 -0.03727906
v -0.06429208 -0.22052138 -0.03807924
v -0.06318758 -0.22022025 -0.03817421
v -0.06301910 -0.22031973 -0.03809172
v -0.06283482 -0.22062923 -0.03874636
v -0.06255273 -0.22096918 -0.03936333
v -0.10248631 -0.23588780 -0.03427422
v -0.09673430 -0.23588256 -0.03379442
v -0.09158701 -0.23531103 -0.03364515
v -0.08608746 -0.23348822 -0.03375101
v -0.08099212 -0.23117320 -0.03429279
v -0.08236207 -0.23435602 -0.03016746
v -0.07763911 -0.23237906 -0.03140302
v -0.07677318 -0.22925520 -0.03463262
v -0.07340821 -0.22739553 -0.03501451
v -0.07375250 -0.23021625 -0.03266720
v -0.08233883 -0.23671714 -0.02246562
v -0.07704532 -0.23454277 -0.02527499
v -0.07217738 -0.23240895 -0.02788086
v -0.06829394 -0.22484950 -0.03493427
v -0.07012681 -0.22516091 -0.03572632
v -0.07077794 -0.22808469 -0.03415996
v -0.06819531 -0.23024742 -0.03083198
v -0.08239272 -0.23872934 -0.01661833
v -0.08227900 -0.24235561 -0.00896599
v -0.06615972 -0.21997930 -0.03872552
v -0.06712665 -0.22000615 -0.03857928
v -0.06700757 -0.22001541 -0.03874395
v -0.06727344 -0.21989851 -0.03830010
v -0.06613144 -0.21982451 -0.03855736
v -0.07052190 -0.22021539 -0.03747722
v -0.06560185 -0.22007776 -0.03899705
v -0.09062674 -0.22277387 -0.04701030
v -0.09030038 -0.22357084 -0.04447336
v -0.09024682 -0.22339090 -0.04305083
v -0.09028493 -0.22289531 -0.04204070
v -0.07500856 -0.22119649 -0.04297647
v -0.07859744 -0.22156410 -0.04421442
v -0.07815252 -0.22073429 -0.04678805
v -0.07440626 -0.22083107 -0.04514567
v -0.07892853 -0.22094386 -0.03993305
v -0.10356801 -0.22021382 -0.05137701
v -0.09067416 -0.22908249 -0.03945484
v -0.06862186 -0.22239652 -0.03518070
v -0.06617670 -0.22108809 -0.04151534
v -0.06851083 -0.22107154 -0.04272504
v -0.06752833 -0.22101142 -0.04390479
v -0.06914021 -0.22075705 -0.04164637
v -0.06944797 -0.22098885 -0.03594665
v -0.06638688 -0.23077391 -0.02738705
v -0.06357287 -0.23234619 -0.02381307
v -0.06831004 -0.23524419 -0.02000113
v -0.07075708 -0.23340192 -0.02383518
v -0.06593450 -0.22288860 -0.03514490
v -0.06469194 -0.22192390 -0.03608467
v -0.06718746 -0.22333984 -0.03587448
v -0.06564870 -0.22224822 -0.03597385
v -0.06740099 -0.22544294 -0.03527413
v -0.06548598 -0.22306387 -0.03578405
v -0.06476647 -0.22877250 -0.03304013
v -0.06286475 -0.22697260 -0.03522037
v -0.05941791 -0.23011850 -0.02691578
v -0.06267683 -0.22895272 -0.03031396
v -0.06013545 -0.22745370 -0.03309587
v -0.05615819 -0.22827887 -0.03051364
v -0.05487085 -0.23259955 -0.02427212
v -0.05148961 -0.23093714 -0.02941606
v -0.06583037 -0.22053716 -0.04051959
v -0.12561242 -0.23677486 -0.00066883
v -0.12051934 -0.23989683 -0.00014812
v -0.11831641 -0.23910287 -0.00480813
v -0.12366684 -0.23622927 -0.00542058
v -0.12198591 -0.23497710 -0.01162662
v -0.11662886 -0.23778180 -0.01104213
v -0.11583399 -0.23616833 -0.01916861
v -0.12103407 -0.23352646 -0.01937850
v -0.11982098 -0.23193746 -0.02753013
v -0.11479870 -0.23476934 -0.02741060
v -0.11941839 -0.22989353 -0.03424955
v -0.11417796 -0.23252059 -0.03420771
v -0.11357071 -0.23066628 -0.03685022
v -0.11893710 -0.22805828 -0.03579189
v -0.11800568 -0.22697545 -0.03778358
v -0.11254950 -0.22897362 -0.03912221
v -0.11694232 -0.22556480 -0.03853152
v -0.11182105 -0.22792305 -0.04006686
v -0.11086054 -0.22651807 -0.04131532
v -0.11620507 -0.22400306 -0.03933553
v -0.07617796 -0.23608657 -0.02042340
v -0.07428460 -0.23829082 -0.01545656
v -0.14003758 -0.22438036 -0.00480867
v -0.13808763 -0.22413074 -0.00987968
v -0.13608411 -0.22340951 -0.01531881
v -0.13442824 -0.22290490 -0.02101371
v -0.13249010 -0.22233489 -0.02755204
v -0.13225696 -0.22056044 -0.03199868
v -0.13194515 -0.21950110 -0.03280925
v -0.13008833 -0.21800790 -0.03446551
v -0.12866639 -0.21664228 -0.03553826
v -0.12422003 -0.21741777 -0.03729924
v -0.12768276 -0.21454643 -0.03620853
v -0.06468036 -0.22050691 -0.03979930
v -0.06470675 -0.22051279 -0.03955416
v -0.06352104 -0.22062095 -0.03911687
v -0.06335035 -0.22039604 -0.03879763
v -0.06490863 -0.22048455 -0.03945564
v -0.06540848 -0.22051350 -0.03974942
v -0.06723576 -0.21997305 -0.03847842
v -0.06615249 -0.21993786 -0.03864414
v -0.06570691 -0.22022181 -0.03907228
v -0.06574648 -0.22030956 -0.03908621
v -0.11526194 -0.24230501 0.00030826
v -0.11290755 -0.24132649 -0.00437627
v -0.11124504 -0.24000248 -0.01058458
v -0.10915806 -0.23713271 -0.02738179
v -0.11010403 -0.23817975 -0.01861030
v -0.10828566 -0.23457682 -0.03443088
v -0.10682242 -0.23260690 -0.03712995
v -0.10606969 -0.23181422 -0.03983759
v -0.10567095 -0.23050653 -0.04102713
v -0.10511345 -0.22856837 -0.04212119
v -0.12118818 -0.22067673 -0.03874780
v -0.13181395 -0.20991521 -0.03331964
v -0.13293238 -0.20916298 -0.03433220
v -0.15077534 -0.20540438 -0.01997754
v -0.14896868 -0.20487566 -0.02355404
v -0.14626461 -0.20427200 -0.02736010
v -0.14721561 -0.20443937 -0.02614140
v -0.16124979 -0.19232723 -0.01552996
v -0.16435689 -0.18870066 -0.01363265
v -0.16811081 -0.18465628 -0.01164433
v -0.17263363 -0.17988127 -0.00855552
v -0.17762692 -0.17501343 -0.00498594
v -0.18224129 -0.16925002 -0.00079517
v -0.18667084 -0.16373882 0.00378434
v -0.19078708 -0.15775477 0.00823959
v -0.19430258 -0.15160618 0.01279652
v -0.20081161 -0.13885746 0.02228786
v -0.20360052 -0.13211709 0.02711268
v -0.20635670 -0.12505138 0.03188071
v -0.20929469 -0.11768418 0.03666918
v -0.21223928 -0.11014954 0.04182943
v -0.21495426 -0.10227766 0.04708199
v -0.06866167 -0.22057082 -0.04052962
v -0.06872834 -0.22030122 -0.03983411
v -0.07022172 -0.22042042 -0.04024837
v -0.06985271 -0.22056362 -0.04101123
v -0.14693221 -0.20141025 -0.02805347
v -0.14411560 -0.20195846 -0.03028269
v -0.14997516 -0.19838375 -0.02795808
v -0.14748485 -0.19883380 -0.03048932
v -0.14904989 -0.20121727 -0.02654643
v -0.15196570 -0.19815794 -0.02570014
v -0.15017708 -0.20118783 -0.02522837
v -0.15316909 -0.19799698 -0.02407516
v -0.15182534 -0.20142580 -0.02270045
v -0.15350334 -0.20176197 -0.01952398
v -0.15618783 -0.19862168 -0.01842893
v -0.15479058 -0.19827822 -0.02146100
v -0.15504316 -0.20208940 -0.01602205
v -0.15724363 -0.19883448 -0.01558155
v -0.08516213 -0.18931613 -0.24861124
v -0.08940941 -0.18659928 -0.24996713
v -0.09375267 -0.18367136 -0.25060261
v -0.09053932 -0.18728012 -0.24585194
v -0.08594278 -0.18942831 -0.24525021
v -0.09510413 -0.18509887 -0.24579863
v -0.18043479 -0.04952873 -0.20895098
v -0.18807608 -0.04621592 -0.19230644
v -0.18735653 -0.03419809 -0.18945626
v -0.18100113 -0.03720881 -0.20622898
v -0.16122845 -0.05247438 -0.24256976
v -0.17124624 -0.05196293 -0.22625411
v -0.17257555 -0.03999967 -0.22421224
v -0.16359124 -0.04089445 -0.24113309
v -0.09858250 -0.18026521 -0.25098487
v -0.15190227 -0.05152212 -0.25863494
v -0.15497909 -0.04040368 -0.25692285
v -0.14448839 -0.07723678 -0.26503435
v -0.14052507 -0.09073566 -0.26902550
v -0.13926657 -0.09286931 -0.26674163
v -0.14218125 -0.09036785 -0.26328578
v -0.14484823 -0.09082012 -0.26138797
v -0.14629354 -0.09232441 -0.25895483
v -0.14695601 -0.09564219 -0.25765568
v -0.14387158 -0.10431640 -0.25912299
v -0.13706639 -0.11722243 -0.26289210
v -0.10347046 -0.17677296 -0.25076502
v -0.13558493 -0.09825332 -0.27452170
v -0.13571797 -0.09327014 -0.27565809
v -0.12709486 -0.08969015 -0.28936446
v -0.12708321 -0.09599295 -0.28827240
v -0.13400499 -0.10555184 -0.27453853
v -0.13521394 -0.08934742 -0.27729597
v -0.13000413 -0.13048591 -0.26569851
v -0.12338324 -0.14099859 -0.26712686
v -0.11167497 -0.15688929 -0.26767256
v -0.11720123 -0.14985457 -0.26757656
v -0.07168319 -0.17347438 -0.31906068
v -0.06530653 -0.17534501 -0.32663679
v -0.13655986 -0.07340343 -0.27818653
v -0.13884391 -0.06556346 -0.27644408
v -0.14859818 -0.06293882 -0.26092816
v -0.14442224 -0.04646579 -0.27228972
v -0.14140535 -0.05651004 -0.27428557
v -0.14681694 -0.03615593 -0.27075870
v -0.12936085 -0.06450726 -0.29020247
v -0.13115850 -0.05685159 -0.28908558
v -0.13612429 -0.03959218 -0.28539663
v -0.13374897 -0.04869936 -0.28731042
v -0.13776572 -0.03043324 -0.28388803
v -0.11834417 -0.08632178 -0.30195839
v -0.11835551 -0.09399230 -0.30147576
v -0.12114540 -0.05771756 -0.30147191
v -0.12310463 -0.05004956 -0.29982881
v -0.12612547 -0.03379990 -0.29638837
v -0.12491632 -0.04214974 -0.29783669
v -0.12742506 -0.02534196 -0.29523602
v -0.12697552 -0.08419390 -0.29045683
v -0.11853656 -0.07939139 -0.30227392
v -0.10929301 -0.08287800 -0.31278074
v -0.10926179 -0.09121974 -0.31224255
v -0.11118394 -0.05239952 -0.31106659
v -0.11230561 -0.04497643 -0.30893249
v -0.11448650 -0.02942126 -0.30603263
v -0.11335584 -0.03741245 -0.30696382
v -0.11633678 -0.02131790 -0.30581270
v -0.10942794 -0.07514431 -0.31284226
v -0.09982388 -0.07987917 -0.32230919
v -0.09983138 -0.08895449 -0.32245870
v -0.07626580 -0.16532909 -0.32390635
v -0.06952890 -0.16669490 -0.33228356
v -0.08069298 -0.15599603 -0.32813637
v -0.07326644 -0.15671356 -0.33705830
v -0.05552334 -0.14244794 -0.35260160
v -0.06618156 -0.14414765 -0.34743901
v -0.03231436 -0.13727569 -0.35787015
v -0.04442873 -0.13981347 -0.35585250
v -0.02012055 -0.13561188 -0.35886680
v -0.09986251 -0.07161258 -0.32197690
v -0.08760570 -0.12142457 -0.33289986
v -0.08619211 -0.13359649 -0.33294398
v -0.08922332 -0.09780880 -0.33205771
v -0.08855311 -0.10954724 -0.33266883
v -0.08409564 -0.14552464 -0.33138040
v -0.08898422 -0.07756159 -0.33081122
v -0.08918757 -0.08711079 -0.33142478
v -0.08899851 -0.06867558 -0.32998556
v -0.07582574 -0.14510886 -0.34030657
v -0.06654530 -0.11868659 -0.34723144
v -0.07759328 -0.12022659 -0.34093253
v -0.07795345 -0.10800195 -0.34037034
v -0.06635314 -0.10636913 -0.34632460
v -0.05464493 -0.10440685 -0.35042379
v -0.05483320 -0.11698435 -0.35153188
v -0.07800558 -0.09622805 -0.33959971
v -0.06605894 -0.09451541 -0.34507467
v -0.05444810 -0.09237807 -0.34913546
v -0.04195333 -0.09055236 -0.35190243
v -0.04240416 -0.10227230 -0.35348693
v -0.06555537 -0.08383759 -0.34406276
v -0.07763894 -0.08552135 -0.33863714
v -0.07744091 -0.07577738 -0.33747191
v -0.06503521 -0.07457554 -0.34181173
v -0.05249779 -0.07328592 -0.34353139
v -0.05359847 -0.08183987 -0.34726961
v -0.07701293 -0.06713866 -0.33513071
v -0.06438342 -0.06639994 -0.33764709
v -0.05180205 -0.06503773 -0.33957967
v -0.07622016 -0.05922832 -0.33147419
v -0.06374545 -0.05820426 -0.33408341
v -0.08870501 -0.06073888 -0.32791033
v -0.10015890 -0.06344612 -0.32117972
v -0.11028014 -0.06713402 -0.31226848
v -0.11929032 -0.07180273 -0.30173721
v -0.12755708 -0.07782458 -0.29041296
v -0.13516306 -0.08485032 -0.27850409
v -0.05128856 -0.05704086 -0.33649363
v -0.21994156 -0.07820972 -0.03270246
v -0.22073230 -0.06765601 -0.03062644
v -0.21897417 -0.08773546 -0.03444367
v -0.21740273 -0.09737014 -0.03561151
v -0.21274238 -0.11654772 -0.04099290
v -0.21593653 -0.10479697 -0.03744692
v -0.20460058 -0.13743150 -0.04568686
v -0.19931255 -0.14804207 -0.04723152
v -0.19269059 -0.15835443 -0.04817073
v -0.18484544 -0.16820166 -0.04887435
v -0.17629910 -0.17731163 -0.04932453
v -0.21888862 -0.07679958 -0.04312199
v -0.21952237 -0.06608909 -0.04145225
v -0.21789569 -0.08678441 -0.04428102
v -0.21661413 -0.09638247 -0.04468627
v -0.21616799 -0.10134492 -0.04550219
v -0.21335168 -0.11499071 -0.04947214
v -0.20467448 -0.13872638 -0.05428794
v -0.07687399 -0.13274995 -0.34149032
v -0.05524588 -0.12938844 -0.35257254
v -0.06660116 -0.13123980 -0.34816907
v -0.04292729 -0.11470471 -0.35462186
v -0.03040089 -0.11270720 -0.35692295
v -0.03113089 -0.12485798 -0.35750869
v -0.04364433 -0.12691675 -0.35547931
v -0.01797154 -0.11142159 -0.35794435
v -0.01879239 -0.12375800 -0.35855746
v -0.03910031 -0.05573286 -0.33749410
v -0.00382520 -0.05824648 -0.33844971
v -0.00388874 -0.06711864 -0.34304067
v -0.00427748 -0.07651419 -0.34791616
v -0.00427543 -0.08680603 -0.35304181
v -0.00494095 -0.09844859 -0.35682070
v -0.00580683 -0.11092548 -0.35850766
v -0.00683125 -0.12322019 -0.35918027
v -0.00764362 -0.13484986 -0.35965265
v -0.06617439 -0.22129343 -0.04458971
v -0.06403935 -0.22179628 -0.04268890
v -0.06308505 -0.22167760 -0.04024177
v -0.06337533 -0.22051562 -0.03794419
v -0.06436455 -0.22089649 -0.03651482
v -0.06267584 -0.22232695 -0.04179954
v -0.06312786 -0.22041825 -0.03815449
v -0.06493684 -0.22110706 -0.03631846
v -0.08621957 -0.22321627 -0.09487310
v -0.08894361 -0.22073695 -0.08886296
v -0.07998456 -0.22415657 -0.09058698
v -0.08260796 -0.22186262 -0.08514717
v -0.07402400 -0.22568823 -0.08594161
v -0.07655874 -0.22341202 -0.08099524
v -0.06389138 -0.22222368 -0.04482177
v -0.06582090 -0.22140315 -0.04723248
v -0.12090402 -0.21611579 -0.11435623
v -0.11327574 -0.21814685 -0.11010522
v -0.11747981 -0.21553487 -0.10153307
v -0.12564164 -0.21386259 -0.10517060
v -0.06931713 -0.22064189 -0.04735928
v -0.06874742 -0.22057871 -0.04971193
v -0.07175233 -0.21911897 -0.05504795
v -0.07093505 -0.21914891 -0.05811777
v -0.15139345 -0.19543460 -0.03033463
v -0.15340975 -0.19499145 -0.02759048
v -0.15948430 -0.19658579 -0.01302798
v -0.15521433 -0.19488812 -0.02476375
v -0.15640400 -0.19493272 -0.02234911
v -0.15766244 -0.19517911 -0.01978389
v -0.15931074 -0.19620913 -0.01478479
v -0.15873490 -0.19568062 -0.01718820
v -0.05898513 -0.22659537 -0.03678980
v -0.06212082 -0.22576733 -0.03715954
v -0.06074842 -0.22460032 -0.03998153
v -0.05836949 -0.22534230 -0.04086864
v -0.05461626 -0.22686183 -0.03560223
v -0.05451607 -0.22559283 -0.04109685
v -0.04978916 -0.22924650 -0.03514843
v -0.04989939 -0.22774924 -0.04147273
v -0.03856367 -0.23653854 -0.04333773
v -0.03918995 -0.23728501 -0.03553502
v -0.04484798 -0.23282737 -0.03543032
v -0.04480956 -0.23146680 -0.04245214
v -0.06093395 -0.22405359 -0.04445878
v -0.05845546 -0.22436321 -0.04513655
v -0.05508364 -0.22470729 -0.04629710
v -0.02712744 -0.24734660 -0.03482151
v -0.02633103 -0.24750144 -0.04123434
v -0.01914124 -0.25082123 -0.04034638
v -0.01953259 -0.25068081 -0.03440576
v -0.03253100 -0.24252858 -0.04253306
v -0.03334794 -0.24241887 -0.03533314
v -0.01203906 -0.25398937 -0.02326056
v -0.01190559 -0.25288405 -0.02862726
v -0.01330693 -0.27329703 0.04690210
v -0.01323456 -0.27264241 0.05723733
v -0.01210693 -0.26984840 0.09248076
v -0.01173394 -0.26881529 0.10552297
v -0.01108919 -0.26791073 0.11846677
v -0.01016612 -0.26573586 0.13221889
v -0.01300497 -0.27161498 0.06872319
v -0.01277704 -0.27077277 0.08001183
v -0.01171875 -0.25219990 -0.03399518
v -0.01159304 -0.25214946 -0.03972012
v -0.01917674 -0.25208654 -0.04639496
v -0.01158311 -0.25245861 -0.04556897
v -0.03931943 -0.23688529 -0.05298981
v -0.03205860 -0.24379688 -0.05022702
v -0.02598883 -0.24874351 -0.04809823
v -0.05100454 -0.22660028 -0.04781354
v -0.04613998 -0.23048389 -0.04997864
v -0.06711202 -0.23305816 -0.11474310
v -0.06242821 -0.23633126 -0.10911738
v -0.06404352 -0.23392988 -0.12046326
v -0.05963769 -0.23804479 -0.11511838
v -0.07422499 -0.22658311 -0.13353499
v -0.06892513 -0.23004734 -0.12622001
v -0.01543089 -0.05259071 -0.33620825
v -0.00389428 -0.05040327 -0.33435577
v -0.13601731 -0.20597411 -0.02969994
v -0.08229464 -0.25215746 0.00585995
v -0.21590528 -0.07538848 -0.06518010
v -0.21759178 -0.07594026 -0.05402231
v -0.21802224 -0.06509160 -0.05243514
v -0.21663009 -0.06468917 -0.06358447
v -0.21525463 -0.08588040 -0.06680613
v -0.21671770 -0.08596783 -0.05536400
v -0.20426296 -0.14094018 -0.06365549
v -0.20304550 -0.14410728 -0.07381346
v -0.21127971 -0.11876016 -0.07118425
v -0.21260331 -0.11608802 -0.05960362
v -0.21489544 -0.10405299 -0.05759989
v -0.21339554 -0.10752719 -0.06992367
v -0.21438715 -0.09669011 -0.06856120
v -0.21579220 -0.09578679 -0.05654032
v -0.07622226 -0.21782791 -0.05762611
v -0.07575178 -0.21797414 -0.06108056
v -0.08677423 -0.21702763 -0.07078611
v -0.08071303 -0.21786012 -0.06783282
v -0.08104665 -0.21693777 -0.06394698
v -0.08692158 -0.21615516 -0.06654530
v -0.07866461 -0.22108940 -0.07640443
v -0.08009553 -0.21919870 -0.07202202
v -0.08633147 -0.21810829 -0.07541077
v -0.08495494 -0.21974007 -0.08011376
v -0.08133823 -0.21692059 -0.06031278
v -0.08705798 -0.21577989 -0.06271482
v -0.08707883 -0.21588372 -0.05915952
v -0.08694551 -0.21674534 -0.05550462
v -0.09250632 -0.21548827 -0.05684147
v -0.09290767 -0.21470566 -0.06076203
v -0.09341238 -0.21624898 -0.07341192
v -0.09330443 -0.21534637 -0.06897591
v -0.09305787 -0.21721653 -0.07814677
v -0.09143193 -0.21865628 -0.08323177
v -0.09312238 -0.21478540 -0.06480096
v -0.09888044 -0.21423297 -0.05801105
v -0.09973834 -0.21376380 -0.06217949
v -0.10054285 -0.21400744 -0.07075714
v -0.10065587 -0.21472418 -0.07551616
v -0.10022144 -0.21572916 -0.08060495
v -0.09824633 -0.21739076 -0.08605564
v -0.10019981 -0.21370340 -0.06631531
v -0.10698025 -0.21257415 -0.05925682
v -0.10839585 -0.21220128 -0.06337502
v -0.10926274 -0.21244707 -0.07218289
v -0.10905022 -0.21319253 -0.07718431
v -0.10816630 -0.21429846 -0.08263051
v -0.10558297 -0.21606664 -0.08873352
v -0.10905573 -0.21219623 -0.06754266
v -0.11638498 -0.21086809 -0.05875873
v -0.11849458 -0.21021117 -0.06333827
v -0.11892179 -0.21079966 -0.07329285
v -0.11792784 -0.21169219 -0.07867918
v -0.11610001 -0.21295827 -0.08449818
v -0.11330769 -0.21483435 -0.09107423
v -0.11921090 -0.21017136 -0.06818685
v -0.07735213 -0.21877163 -0.05170161
v -0.07678755 -0.21822054 -0.05446964
v -0.07242082 -0.21933023 -0.05218435
v -0.07302336 -0.21956475 -0.04964297
v -0.08161606 -0.21720272 -0.05693743
v -0.08177348 -0.21764167 -0.05372348
v -0.08663500 -0.21866918 -0.05218767
v -0.09200135 -0.21795493 -0.05331623
v -0.09141136 -0.22067188 -0.05017482
v -0.09787300 -0.21692963 -0.05426965
v -0.09693312 -0.22060339 -0.05108624
v -0.10528435 -0.21563070 -0.05484159
v -0.05908727 -0.23499820 -0.02019789
v -0.06396924 -0.23772601 -0.01585271
v -0.07381621 -0.22018434 -0.04740672
v -0.07782855 -0.21995168 -0.04927022
v -0.08195795 -0.21929689 -0.05078694
v -0.11402589 -0.21385516 -0.05455681
v -0.12292981 -0.21149986 -0.05306535
v -0.12635266 -0.20794308 -0.05747109
v -0.13140002 -0.20823525 -0.05108556
v -0.13621031 -0.20431337 -0.05486097
v -0.13775071 -0.20540316 -0.04815312
v -0.14271970 -0.20147091 -0.05073083
v -0.14252732 -0.20331223 -0.04462400
v -0.14728387 -0.19933862 -0.04620294
v -0.14596588 -0.20147524 -0.04066787
v -0.15044831 -0.19729937 -0.04142726
v -0.12940142 -0.20715233 -0.06219809
v -0.12979462 -0.20789120 -0.06788764
v -0.12883966 -0.20877753 -0.07383622
v -0.12717353 -0.20983040 -0.07992138
v -0.12471210 -0.21136681 -0.08645167
v -0.12140267 -0.21318241 -0.09365553
v -0.06633247 -0.22605210 -0.17892195
v -0.06039259 -0.22836404 -0.18142917
v -0.12997350 -0.21151600 -0.09657665
v -0.13355893 -0.20925958 -0.08872545
v -0.13903630 -0.20605564 -0.07454922
v -0.13657962 -0.20757401 -0.08144614
v -0.14094097 -0.20421201 -0.06760708
v -0.13877667 -0.20903780 -0.10006868
v -0.14789213 -0.20497882 -0.10408303
v -0.14274258 -0.20630305 -0.09133617
v -0.15237480 -0.20193405 -0.09450289
v -0.14626915 -0.20416863 -0.08319803
v -0.14929164 -0.20212004 -0.07555406
v -0.15956221 -0.19717272 -0.07710192
v -0.15630418 -0.19953595 -0.08555715
v -0.15193500 -0.19980345 -0.06810208
v -0.14813209 -0.19940932 -0.03687694
v -0.15276501 -0.19531030 -0.03710455
v -0.22169110 -0.07905674 0.00768371
v -0.16491196 -0.18361402 -0.03298321
v -0.16375897 -0.18548227 -0.03749380
v -0.15777950 -0.19069953 -0.03729825
v -0.15933124 -0.18880023 -0.03324438
v -0.16208432 -0.18771305 -0.04276503
v -0.15577918 -0.19279430 -0.04212650
v -0.15440389 -0.19709063 -0.06075291
v -0.14248513 -0.20214224 -0.05970182
v -0.15672588 -0.19936834 -0.10831684
v -0.16170395 -0.19586702 -0.09799947
v -0.16592982 -0.19298906 -0.08809514
v -0.16933002 -0.19022572 -0.07889737
v -0.16527441 -0.19214584 -0.11299828
v -0.17079899 -0.18826455 -0.10161958
v -0.17871040 -0.18144227 -0.08072552
v -0.17531268 -0.18477974 -0.09064634
v -0.17370019 -0.18310727 -0.11793072
v -0.17969967 -0.17885701 -0.10531096
v -0.18727075 -0.17132663 -0.08272602
v -0.18405750 -0.17493074 -0.09341803
v -0.18757671 -0.16734333 -0.10839356
v -0.18133253 -0.17167887 -0.12258044
v -0.19199427 -0.16351698 -0.09559312
v -0.19490531 -0.15978362 -0.08406328
v -0.20089930 -0.14738656 -0.08471788
v -0.19838865 -0.15085085 -0.09677925
v -0.19451948 -0.15430785 -0.11013093
v -0.18836073 -0.15773181 -0.12549531
v -0.20557471 -0.10019029 -0.11914334
v -0.20795700 -0.09956038 -0.10616122
v -0.20917382 -0.08702692 -0.10395341
v -0.20728664 -0.08740704 -0.11678296
v -0.21048030 -0.09861889 -0.09345702
v -0.21140605 -0.08675084 -0.09145470
v -0.21272620 -0.09767954 -0.08069345
v -0.21334391 -0.08632806 -0.07882875
v -0.21038059 -0.07520036 -0.10147132
v -0.20872816 -0.07521615 -0.11408331
v -0.21245902 -0.07525835 -0.08916857
v -0.21425166 -0.07525017 -0.07695995
v -0.21123424 -0.06402169 -0.09885515
v -0.20929959 -0.06369837 -0.11102215
v -0.21322442 -0.06425928 -0.08696913
v -0.21494322 -0.06450254 -0.07515278
v -0.21036725 -0.04288267 -0.10412881
v -0.21160312 -0.03366404 -0.10082567
v -0.06235937 -0.24454401 -0.00841335
v -0.05474287 -0.24920163 -0.00668029
v -0.06922607 -0.24083674 -0.01095730
v -0.07486105 -0.24436047 -0.00544271
v -0.06089015 -0.22887728 -0.18692432
v -0.06731768 -0.22598679 -0.18439768
v -0.21270219 -0.04349220 -0.09300099
v -0.21380080 -0.03434376 -0.09050621
v -0.21456532 -0.04390656 -0.08230627
v -0.21551362 -0.03492070 -0.08025072
v -0.21623580 -0.04420968 -0.07138725
v -0.21660813 -0.03511283 -0.06982217
v -0.21714787 -0.04432721 -0.06014057
v -0.21739294 -0.03491315 -0.05899801
v -0.21784039 -0.04397544 -0.04897142
v -0.21747657 -0.03409345 -0.04792285
v -0.21860127 -0.04381088 -0.03736791
v -0.21766762 -0.03248211 -0.03618048
v -0.21949120 -0.04449000 -0.02525861
v -0.21952183 -0.02830689 -0.02159666
v -0.22080204 -0.04780955 -0.01390322
v -0.21946314 -0.03629518 -0.00919817
v -0.22159764 -0.05194541 -0.00339579
v -0.22080615 -0.04208462 0.00113114
v -0.22218002 -0.05635611 0.00645804
v -0.22198902 -0.04671915 0.01074737
v -0.22266582 -0.05066266 0.01975087
v -0.22220740 -0.06037459 0.01566050
v -0.22186414 -0.06434392 0.02446305
v -0.22263682 -0.05472117 0.02861485
v -0.22176857 -0.06851559 0.03303708
v -0.22304369 -0.05912032 0.03742064
v -0.21634423 -0.10085061 0.08673250
v -0.21326484 -0.10844627 0.07994194
v -0.21049259 -0.11657373 0.08668565
v -0.21369230 -0.10931845 0.09385988
v -0.20733137 -0.12479180 0.09273983
v -0.20378265 -0.13306371 0.09829441
v -0.20685814 -0.12637614 0.10628124
v -0.21052758 -0.11787841 0.10039557
v -0.19936777 -0.14103293 0.10338577
v -0.20267840 -0.13469046 0.11154831
v -0.19468006 -0.14894007 0.10805361
v -0.19783149 -0.14275485 0.11629926
v -0.18940055 -0.15642151 0.11227183
v -0.18414104 -0.16345164 0.11587711
v -0.18703980 -0.15759936 0.12429534
v -0.19244529 -0.15038065 0.12058943
v -0.17291561 -0.17734929 0.12131617
v -0.16686823 -0.18478151 0.12366195
v -0.16977079 -0.17961835 0.13255077
v -0.17576937 -0.17186712 0.12993998
v -0.17866651 -0.17027142 0.11879397
v -0.18143488 -0.16457471 0.12730080
v -0.15561320 -0.19543084 0.13757891
v -0.15363868 -0.20040865 0.12807544
v -0.14633649 -0.20821610 0.13006282
v -0.14814382 -0.20345854 0.13960004
v -0.14001369 -0.21085595 0.14100102
v -0.13857200 -0.21554761 0.13136669
v -0.13049770 -0.22267775 0.13227891
v -0.13187014 -0.21826218 0.14214761
v -0.12216136 -0.23002654 0.13284722
v -0.12347165 -0.22582287 0.14305506
v -0.11303649 -0.23703139 0.13285854
v -0.11441373 -0.23312994 0.14342221
v -0.16053600 -0.19258081 0.12588218
v -0.16284820 -0.18741958 0.13513645
v -0.22138792 -0.07355164 0.04146845
v -0.22301178 -0.06440576 0.04609664
v -0.21803239 -0.09307302 0.06553758
v -0.21574991 -0.10055710 0.07286682
v -0.21866987 -0.09266889 0.07922605
v -0.22059484 -0.08481247 0.07135357
v -0.22068527 -0.07941463 0.04968425
v -0.21966871 -0.08593208 0.05775827
v -0.22210988 -0.07735708 0.06301953
v -0.22275780 -0.07047145 0.05459153
v -0.06852912 -0.23129309 -0.09694353
v -0.07128899 -0.22835116 -0.09118086
v -0.06551086 -0.23428549 -0.10298207
v -0.10352687 -0.24397963 0.13264878
v -0.10198927 -0.24687418 0.12226036
v -0.09996998 -0.24860363 0.11237157
v -0.09745875 -0.24956783 0.10282706
v -0.09524540 -0.25094214 0.09371768
v -0.09334640 -0.25265970 0.08498008
v -0.03884796 -0.24744510 -0.01688346
v -0.04197823 -0.25019016 -0.01081909
v -0.07515534 -0.21889888 -0.06478500
v -0.07291204 -0.22236804 -0.07266208
v -0.07434582 -0.22031949 -0.06867584
v -0.07078188 -0.22469074 -0.07677738
v -0.06825465 -0.22712132 -0.08134718
v -0.06550531 -0.22979621 -0.08638392
v -0.06267961 -0.23280703 -0.09190699
v -0.05999807 -0.23634470 -0.09786448
v -0.05734401 -0.23904054 -0.10398875
v -0.05240254 -0.24189298 -0.09915862
v -0.05516918 -0.24189951 -0.11026874
v -0.05065337 -0.24544127 -0.10566073
v -0.04748158 -0.24471199 -0.09440764
v -0.04574881 -0.24848755 -0.10110528
v -0.04091946 -0.25173857 -0.09671112
v -0.04252244 -0.24775529 -0.09009829
v -0.02744753 -0.26027973 -0.08475632
v -0.02874651 -0.25703307 -0.07784047
v -0.03339750 -0.25412025 -0.08167635
v -0.03210604 -0.25783111 -0.08860772
v -0.01845514 -0.25924658 -0.07057497
v -0.02376819 -0.25889936 -0.07421174
v -0.02243881 -0.26132098 -0.08058681
v -0.01758716 -0.26077218 -0.07405180
v -0.01238065 -0.26019951 -0.06923657
v -0.01252621 -0.25879756 -0.06633934
v -0.07175902 -0.22082309 -0.04217231
v -0.07033333 -0.22086710 -0.04578956
v -0.07113298 -0.22103510 -0.04391167
v -0.01171491 -0.25588044 -0.01755115
v -0.02130788 -0.25474897 -0.01751361
v -0.03048372 -0.25171130 -0.01696628
v -0.06892586 -0.21976278 -0.03810904
v -0.06861444 -0.21973903 -0.03819723
v -0.06837848 -0.21986920 -0.03829626
v -0.06832203 -0.21994716 -0.03852393
v -0.06809986 -0.21990269 -0.03859980
v -0.06806629 -0.21993987 -0.03869632
v -0.07072016 -0.22010128 -0.03921029
v -0.06900478 -0.21992210 -0.03902675
v -0.11569712 -0.17220289 -0.24179395
v -0.11044195 -0.17632282 -0.24329218
v -0.11069707 -0.16504237 -0.25833941
v -0.10579647 -0.17001170 -0.25796471
v -0.10861224 -0.17285010 -0.25039067
v -0.11368197 -0.16831791 -0.24987474
v -0.11573848 -0.15986407 -0.25801823
v -0.11896086 -0.16346441 -0.24873075
v -0.08594332 -0.24689031 -0.00071075
v -0.07919523 -0.24820289 0.00029086
v -0.09994527 -0.04827386 -0.31751721
v -0.10062797 -0.04104972 -0.31526469
v -0.10418343 -0.02673537 -0.31514293
v -0.10238140 -0.03400525 -0.31493924
v -0.10558918 -0.01839034 -0.31662936
v -0.09006096 -0.03155663 -0.32400406
v -0.09100673 -0.02320024 -0.32562694
v -0.09298309 -0.01503360 -0.32854424
v -0.08098326 -0.01249811 -0.33860755
v -0.07877519 -0.02053398 -0.33424127
v -0.07711058 -0.02858055 -0.33081003
v -0.05603779 -0.00954318 -0.35632964
v -0.05410686 -0.01775341 -0.34979231
v -0.06629011 -0.01895598 -0.34256770
v -0.06851714 -0.01077778 -0.34809488
v -0.05258803 -0.02544508 -0.34360670
v -0.06450180 -0.02695813 -0.33743254
v -0.04322831 -0.00859758 -0.36323044
v -0.04170498 -0.01693399 -0.35576296
v -0.03021022 -0.00793575 -0.36830849
v -0.02915569 -0.01617920 -0.35993534
v -0.04053102 -0.02451468 -0.34861973
v -0.02837092 -0.02349868 -0.35183836
v -0.02719886 -0.05434561 -0.33732226
v -0.04919165 -0.20069548 -0.28703221
v -0.04253855 -0.20174103 -0.29099366
v -0.04050193 -0.20032425 -0.29756543
v -0.01614940 -0.02199609 -0.35336196
v -0.01646697 -0.01475708 -0.36203018
v -0.00393115 -0.01274716 -0.36194072
v -0.00407219 -0.02012446 -0.35331987
v -0.01692400 -0.00661784 -0.37098907
v -0.00373304 -0.00469116 -0.37105949
v -0.06326768 -0.03501332 -0.33222156
v -0.05148503 -0.03323119 -0.33812877
v -0.05090285 -0.04149710 -0.33406458
v -0.06285774 -0.04301984 -0.32965531
v -0.03911763 -0.03973628 -0.33782121
v -0.03966902 -0.03184191 -0.34226562
v -0.02742676 -0.03827669 -0.33921770
v -0.02787533 -0.03037919 -0.34430669
v -0.01604875 -0.02888562 -0.34518780
v -0.01599779 -0.03608234 -0.33761395
v -0.00431166 -0.03422259 -0.33800842
v -0.00422625 -0.02704294 -0.34529534
v -0.07538130 -0.04422708 -0.32700327
v -0.07583510 -0.03662127 -0.32798967
v -0.08884895 -0.03949962 -0.32270863
v -0.08765873 -0.04667053 -0.32247212
v -0.13425869 -0.20795082 -0.03093679
v -0.13587008 -0.20764349 -0.03165851
v -0.13786711 -0.20625289 -0.03233036
v -0.14106606 -0.20296328 -0.03260700
v -0.14504902 -0.20011556 -0.03308014
v -0.14956714 -0.19699114 -0.03347846
v -0.15428482 -0.19321195 -0.03338542
v -0.01286730 -0.24654557 -0.19412637
v -0.01675640 -0.24656803 -0.19426264
v -0.02047945 -0.24680410 -0.19451751
v -0.02410265 -0.24645833 -0.19490053
v -0.02767872 -0.24544038 -0.19526356
v -0.03142512 -0.24379731 -0.19546060
v -0.03556586 -0.24193396 -0.19556371
v -0.03107782 -0.24434104 -0.20129767
v -0.03974023 -0.23993651 -0.19548440
v -0.04422305 -0.23774511 -0.19536656
v -0.04924526 -0.23543230 -0.19517749
v -0.05479078 -0.23238377 -0.19472023
v -0.06114577 -0.22932518 -0.19357311
v -0.06815192 -0.22558386 -0.19131331
v -0.20928675 -0.12751724 -0.03516687
v -0.20918476 -0.12687869 -0.04341934
v -0.20918539 -0.12713224 -0.05230690
v -0.20892311 -0.12864786 -0.06200642
v -0.20796431 -0.13127091 -0.07271290
v -0.09156364 -0.25457930 0.07642014
v -0.09748513 -0.25447711 0.06234315
v -0.10489190 -0.24946834 0.06323549
v -0.11184101 -0.24447298 0.06359265
v -0.11902570 -0.23981670 0.06387828
v -0.13291488 -0.22934179 0.06397566
v -0.12626914 -0.23489926 0.06401017
v -0.13907439 -0.22327882 0.06364544
v -0.14493205 -0.21720740 0.06281628
v -0.15040877 -0.21107965 0.06150329
v -0.15583002 -0.20495959 0.05988383
v -0.16051475 -0.19850387 0.05792827
v -0.16532681 -0.19245432 0.05554977
v -0.16985075 -0.18649946 0.05255496
v -0.17437635 -0.18090947 0.04925648
v -0.17873743 -0.17554110 0.04568809
v -0.18277771 -0.17009022 0.04180952
v -0.18648489 -0.16469739 0.03757308
v -0.18964759 -0.15928034 0.03292076
v -0.19246348 -0.15409679 0.02803266
v -0.19508451 -0.14940934 0.02285139
v -0.19764456 -0.14534384 0.01751261
v -0.20012625 -0.14183367 0.01195724
v -0.20208574 -0.13861627 0.00609695
v -0.20364213 -0.13583189 -0.00011091
v -0.20498589 -0.13354508 -0.00649423
v -0.20647226 -0.13176386 -0.01304120
v -0.20755480 -0.13013327 -0.02007717
v -0.20862315 -0.12877720 -0.02745925
v -0.21183012 -0.10935820 -0.08231409
v -0.20924505 -0.11103207 -0.09501607
v -0.20633946 -0.11255277 -0.10801731
v -0.20309377 -0.11342498 -0.12135257
v -0.19970893 -0.11378351 -0.13539030
v -0.20279927 -0.05187290 -0.14704637
v -0.20539919 -0.05193932 -0.13308216
v -0.20751406 -0.05250076 -0.12005487
v -0.20957001 -0.05294871 -0.10766376
v -0.21187098 -0.05342891 -0.09605585
v -0.21379352 -0.05378672 -0.08453230
v -0.21555994 -0.05416909 -0.07312324
v -0.21699629 -0.05442294 -0.06188265
v -0.21816316 -0.05454286 -0.05060369
v -0.21924147 -0.05512175 -0.03939070
v -0.22031266 -0.05658955 -0.02806447
v -0.22168297 -0.05904229 -0.01728713
v -0.22233200 -0.06235042 -0.00705356
v -0.22239794 -0.06587673 0.00251188
v -0.22209706 -0.06963275 0.01154605
v -0.22140348 -0.07343390 0.02022405
v -0.22057291 -0.07748043 0.02859436
v -0.21983647 -0.08231209 0.03677237
v -0.21884826 -0.08798794 0.04467730
v -0.21745726 -0.09418207 0.05234247
v -0.21545789 -0.10093898 0.05973550
v -0.21283515 -0.10804377 0.06678435
v -0.21028986 -0.11566564 0.07349011
v -0.20736473 -0.12350751 0.07968663
v -0.20404197 -0.13142645 0.08538520
v -0.20028742 -0.13935096 0.09080146
v -0.19584694 -0.14702959 0.09574504
v -0.19129623 -0.15468127 0.10019208
v -0.18633534 -0.16199936 0.10422818
v -0.18115524 -0.16886251 0.10770024
v -0.17550307 -0.17546337 0.11048970
v -0.16980946 -0.18226971 0.11283737
v -0.16427278 -0.18965382 0.11496254
v -0.15815928 -0.19724416 0.11698167
v -0.15130443 -0.20479067 0.11907202
v -0.14437295 -0.21251659 0.12087333
v -0.13672357 -0.21954418 0.12197861
v -0.12886131 -0.22655876 0.12268887
v -0.12042386 -0.23333130 0.12289380
v -0.11132871 -0.24004301 0.12263714
v -0.00411985 -0.04250015 -0.33268807
v -0.01590578 -0.04458801 -0.33381526
v -0.02728592 -0.04680902 -0.33700170
v -0.03910871 -0.04778135 -0.33637032
v -0.05096791 -0.04937995 -0.33382194
v -0.06330342 -0.05048744 -0.33158041
v -0.07567771 -0.05160144 -0.32888699
v -0.08792595 -0.05352205 -0.32500973
v -0.09994609 -0.05561713 -0.32000211
v -0.11060944 -0.05986316 -0.31206051
v -0.11978230 -0.06490105 -0.30170748
v -0.12834055 -0.07116173 -0.29040067
v -0.13554090 -0.07957147 -0.27869574
v -0.15796289 -0.06732610 -0.24606523
v -0.16875724 -0.06481091 -0.22938819
v -0.17920577 -0.06250932 -0.21278292
v -0.18824753 -0.05821130 -0.19548526
v -0.19476104 -0.05486283 -0.17883197
v -0.19952446 -0.05265145 -0.16277071
v -0.00852704 -0.26126971 0.14801125
v -0.01919469 -0.26265583 0.14503626
v -0.02973945 -0.26312649 0.14253481
v -0.04020671 -0.26209230 0.14143311
v -0.05061044 -0.26052745 0.14116039
v -0.06163199 -0.25847145 0.14174209
v -0.07272310 -0.25582088 0.14227111
v -0.08397139 -0.25214144 0.14287890
v -0.09478174 -0.24672813 0.14318337
v -0.10483183 -0.24010491 0.14331949
v -0.09539603 -0.22940226 -0.04032036
v -0.09956460 -0.22960278 -0.04176352
v -0.06795530 -0.26255529 0.01332565
v -0.07102642 -0.26316645 0.01604451
v -0.06341042 -0.26121124 0.00965071
v -0.05812273 -0.25910905 0.00548902
v -0.05220728 -0.25660057 0.00065864
v -0.04620030 -0.25367092 -0.00480940
v -0.05892019 -0.26384242 0.01277799
v -0.06488565 -0.26475191 0.01611249
v -0.05256816 -0.26248438 0.00862321
v -0.04513789 -0.26045546 0.00373324
v -0.03563082 -0.25831822 -0.00249124
v -0.03254509 -0.25424134 -0.01062862
v -0.06297254 -0.26723358 0.02011483
v -0.05566937 -0.26677675 0.01662194
v -0.05392411 -0.26949674 0.02144417
v -0.06197545 -0.26968496 0.02501712
v -0.04858139 -0.26579135 0.01256978
v -0.04634485 -0.26887397 0.01770927
v -0.04068213 -0.26437199 0.00814394
v -0.03838526 -0.26757517 0.01358692
v -0.03195958 -0.26294855 0.00365668
v -0.03024178 -0.26616654 0.00967584
v -0.05307833 -0.27158498 0.02724932
v -0.06161675 -0.27146670 0.03092550
v -0.04517442 -0.27116982 0.02392028
v -0.03728594 -0.27015329 0.02010816
v -0.02938381 -0.26876738 0.01642207
v -0.02199413 -0.25660600 -0.01161111
v -0.02275771 -0.25938266 -0.00563136
v -0.01112904 -0.25810417 -0.01150542
v -0.01104617 -0.26022928 -0.00657621
v -0.01313648 -0.26607275 0.00796486
v -0.02106803 -0.26738822 0.01252831
v -0.02171839 -0.26425215 0.00463123
v -0.01129769 -0.26350616 0.00003356
v -0.02224928 -0.26207526 -0.00072073
v -0.01125225 -0.26086319 -0.00550623
v -0.07028657 -0.26468575 0.01884757
v -0.06985312 -0.26675109 0.02298901
v -0.06979417 -0.26863608 0.02824985
v -0.08283355 -0.26209938 0.02134834
v -0.07623117 -0.26374253 0.02042488
v -0.07003558 -0.26985513 0.03428737
v -0.08435013 -0.26353154 0.02702209
v -0.07698288 -0.26536175 0.02533637
v -0.08581244 -0.26436578 0.03318049
v -0.07783633 -0.26677872 0.03096820
v -0.08697953 -0.26431819 0.03964127
v -0.07878053 -0.26759502 0.03718985
v -0.08945591 -0.25955692 0.06063722
v -0.08877496 -0.26191569 0.05342557
v -0.08008175 -0.26606884 0.05108315
v -0.08078129 -0.26441455 0.05845349
v -0.09030178 -0.25694491 0.06823003
v -0.08792379 -0.26340398 0.04641566
v -0.06173314 -0.27234027 0.03768965
v -0.07054447 -0.27027911 0.04102947
v -0.07943055 -0.26707721 0.04394644
v -0.05276250 -0.27298916 0.03379502
v -0.01316017 -0.27035592 0.01868106
v -0.02090453 -0.27037854 0.02058560
v -0.02890925 -0.27087810 0.02385527
v -0.03662382 -0.27200530 0.02709213
v -0.04449324 -0.27278181 0.03062339
v -0.01302718 -0.27243981 0.02740916
v -0.02084894 -0.27227501 0.02892635
v -0.02870790 -0.27267469 0.03174043
v -0.03632105 -0.27325459 0.03479614
v -0.04431238 -0.27376745 0.03821514
v -0.05298293 -0.27350184 0.04134651
v -0.06213122 -0.27227233 0.04522399
v -0.07106904 -0.26955242 0.04828962
v -0.01314749 -0.27359446 0.03657858
v -0.02090009 -0.27353216 0.03779086
v -0.02858893 -0.27358526 0.04034427
v -0.03633784 -0.27386215 0.04328841
v -0.04463083 -0.27383645 0.04651126
v -0.05344376 -0.27314964 0.04952447
v -0.06257854 -0.27121094 0.05309586
v -0.07166765 -0.26816491 0.05578540
v -0.06435717 -0.22145922 -0.03597050
v -0.06167300 -0.22144858 -0.03794983
v -0.06215243 -0.22309788 -0.04340937
v -0.02819120 -0.24462439 -0.22120251
v -0.03155771 -0.24293592 -0.18437457
v -0.03177762 -0.24335375 -0.18978983
v -0.03133534 -0.24234554 -0.17926363
v -0.03147777 -0.24242782 -0.17433215
v -0.03791541 -0.25097319 -0.08586621
v -0.03640503 -0.25480314 -0.09251743
v -0.19490850 -0.14224731 -0.12530693
v -0.18930294 -0.14302737 -0.14115532
v -0.19976392 -0.12738819 -0.12351711
v -0.19559656 -0.12781322 -0.13806530
v -0.20376727 -0.12614239 -0.10960097
v -0.20709253 -0.12424088 -0.09617097
v -0.20958281 -0.12180084 -0.08343826
v -0.20603693 -0.13445768 -0.08431474
v -0.20361557 -0.13747802 -0.09688974
v -0.20013012 -0.14018842 -0.11054845
v -0.15312057 -0.19536085 -0.04748321
v -0.16002397 -0.19054884 -0.04853454
v -0.16787028 -0.18469181 -0.04909832
v -0.16646444 -0.18805309 -0.05512944
v -0.15747049 -0.19360544 -0.05433989
v -0.14910994 -0.19810816 -0.05296390
v 0.00766334 -0.06642666 -0.34144822
v 0.00747359 -0.05728886 -0.33676239
v 0.01854901 -0.05660899 -0.33557388
v 0.01875807 -0.06604866 -0.33995878
v 0.02989525 -0.05646216 -0.33409428
v 0.03039930 -0.06592196 -0.33826257
v 0.14153043 -0.19501513 -0.07445213
v 0.15133517 -0.18801003 -0.07563449
v 0.15297748 -0.18441739 -0.06774981
v 0.14350080 -0.19165313 -0.06714133
v 0.09138698 -0.21207516 -0.17187046
v 0.08568203 -0.21558940 -0.16507236
v 0.07802134 -0.21546632 -0.17257123
v 0.08350871 -0.21260888 -0.17938438
v 0.07127874 -0.21691368 -0.17969100
v 0.07668777 -0.21422033 -0.18655869
v 0.09988447 -0.21177935 -0.16384402
v 0.09398559 -0.21596641 -0.15727979
v 0.07285309 -0.21791621 -0.16581342
v 0.07997779 -0.21841173 -0.15861871
v 0.12593690 -0.20766849 -0.13581494
v 0.13308246 -0.20496094 -0.12505931
v 0.12398563 -0.20990818 -0.11960116
v 0.11764069 -0.21245954 -0.12971241
v 0.11491494 -0.21345986 -0.11437873
v 0.10910520 -0.21589168 -0.12400715
v 0.09513469 -0.21889805 -0.14236420
v 0.10218243 -0.21565582 -0.14865723
v 0.11020976 -0.21440264 -0.13941028
v 0.10236574 -0.21783279 -0.13330514
v 0.08767100 -0.21901420 -0.15086841
v 0.08125268 -0.22270933 -0.13047452
v 0.08799826 -0.22116347 -0.13623863
v 0.09455840 -0.21987828 -0.12764476
v 0.08710433 -0.22136936 -0.12226049
v 0.10880274 -0.21141363 -0.15535392
v 0.11764172 -0.20956225 -0.14590967
v 0.14975423 -0.17841695 -0.03688981
v 0.14892754 -0.17985269 -0.04244118
v 0.15596376 -0.17334470 -0.04105811
v 0.15629805 -0.17209270 -0.03496871
v 0.15658880 -0.17200914 -0.01980542
v 0.15129686 -0.17741974 -0.02304183
v 0.15089848 -0.17723778 -0.02724579
v 0.15661457 -0.17159107 -0.02439248
v 0.15633571 -0.17283554 -0.01558550
v 0.15123473 -0.17798678 -0.01911928
v 0.15584725 -0.17423453 -0.01159060
v 0.15113042 -0.17933176 -0.01542223
v 0.15025802 -0.18345076 -0.00851616
v 0.15465074 -0.17935968 -0.00401544
v 0.15365516 -0.18291953 -0.00034693
v 0.14942946 -0.18670331 -0.00541132
v 0.15031569 -0.17749014 -0.03182276
v 0.15651474 -0.17156650 -0.02944491
v 0.14519630 -0.18216423 -0.02882148
v 0.14441889 -0.18252514 -0.03292444
v 0.15557368 -0.17530696 -0.04738564
v 0.14781140 -0.18182274 -0.04821214
v 0.15216370 -0.18724767 0.00305622
v 0.14796746 -0.19075800 -0.00255444
v 0.14544392 -0.18941421 -0.00950981
v 0.14402272 -0.19302105 -0.00718948
v 0.14624431 -0.18672883 -0.01215403
v 0.14631407 -0.18263217 -0.02161754
v 0.14654303 -0.18353621 -0.01835865
v 0.14256142 -0.18744029 -0.02047282
v 0.14187102 -0.18678942 -0.02351650
v 0.14097125 -0.18629886 -0.02658723
v 0.14591595 -0.18218287 -0.02506917
v 0.13983619 -0.18625237 -0.02997692
v 0.13860710 -0.18681390 -0.03371090
v 0.13645301 -0.19027663 -0.02813698
v 0.13499720 -0.19074479 -0.03130533
v 0.13328545 -0.19161197 -0.03455233
v 0.14199195 -0.19227248 -0.01300949
v 0.14257959 -0.18995440 -0.01514136
v 0.14088003 -0.19536713 -0.01127195
v 0.13930762 -0.19434114 -0.01579386
v 0.13961626 -0.19273512 -0.01755771
v 0.13869415 -0.19072997 -0.02221088
v 0.13768406 -0.19021183 -0.02501356
v 0.13908425 -0.19900757 -0.00974338
v 0.14227076 -0.19749798 -0.00524794
v 0.14610141 -0.19567137 -0.00002072
v 0.14397045 -0.20091060 0.00250047
v 0.14019623 -0.20232501 -0.00321171
v 0.13688229 -0.20317902 -0.00820911
v 0.14992770 -0.19225674 0.00612806
v 0.13619563 -0.19976201 -0.01357016
v 0.13804045 -0.19665338 -0.01460419
v 0.13385949 -0.20356593 -0.01246341
v 0.14759615 -0.19772144 0.00899661
v 0.08136696 -0.22138693 -0.14457249
v 0.07524625 -0.22300248 -0.13852365
v 0.06901722 -0.22228154 -0.14598487
v 0.07440973 -0.22069901 -0.15229183
v 0.06345847 -0.22377912 -0.13962823
v 0.05780267 -0.22537528 -0.13307067
v 0.05319630 -0.22572837 -0.13951483
v 0.05847664 -0.22324126 -0.14695805
v 0.06802563 -0.22003690 -0.15923985
v 0.06332753 -0.22167751 -0.15305282
v 0.05837037 -0.22185520 -0.16007539
v 0.06240667 -0.22070488 -0.16604683
v 0.05238229 -0.22499604 -0.14993117
v 0.05486346 -0.22294500 -0.15472602
v 0.03206587 -0.23106138 -0.17266065
v 0.03073179 -0.22957240 -0.17700968
v 0.03650139 -0.22745605 -0.17535802
v 0.03705572 -0.22914306 -0.17133253
v 0.02625203 -0.23389640 -0.17290400
v 0.02514995 -0.23273725 -0.17831596
v 0.02007519 -0.23659886 -0.17500829
v 0.02032986 -0.23631282 -0.17928340
v 0.01546105 -0.23942490 -0.17550148
v 0.01546194 -0.23872867 -0.17976493
v 0.06330914 -0.22596874 -0.12643496
v 0.05735935 -0.22787328 -0.12047657
v 0.05233158 -0.22796447 -0.12650672
v 0.05175103 -0.22982842 -0.11477831
v 0.04721362 -0.23096752 -0.12066786
v 0.06921691 -0.22444010 -0.13250864
v 0.06666482 -0.21914521 -0.17280641
v 0.13448420 -0.21747949 0.00979829
v 0.13862949 -0.21199845 0.00765248
v 0.14187891 -0.20905005 0.01464297
v 0.13776545 -0.21451075 0.01708994
v 0.12869283 -0.22495102 0.02127074
v 0.12373525 -0.22973783 0.02288024
v 0.12011063 -0.23191584 0.01518658
v 0.12521154 -0.22761857 0.01350720
v 0.09919509 -0.24543836 0.02617499
v 0.09226238 -0.24922056 0.02624112
v 0.08891065 -0.24944751 0.01928052
v 0.09593844 -0.24630000 0.01926948
v 0.11566556 -0.23264066 0.00804793
v 0.12077251 -0.22830485 0.00643245
v 0.13048530 -0.21845317 0.00288622
v 0.13456694 -0.21297628 0.00118725
v 0.14516588 -0.20343289 0.01185900
v 0.14160535 -0.20636608 0.00512333
v 0.13762364 -0.20743911 -0.00092220
v 0.06859982 -0.22535892 -0.11955751
v 0.07496976 -0.22406979 -0.12496044
v 0.08014634 -0.22254578 -0.11722677
v 0.07318637 -0.22340966 -0.11241442
v 0.06198557 -0.22657325 -0.11404130
v 0.06620760 -0.22450591 -0.10757463
v 0.05590405 -0.22798730 -0.10862498
v 0.05965191 -0.22556986 -0.10267061
v 0.03264386 -0.23460510 -0.20055491
v 0.03242011 -0.23461682 -0.20776965
v 0.03830521 -0.23218954 -0.20736271
v 0.03899956 -0.23183405 -0.19943598
v 0.02716502 -0.23686949 -0.20148390
v 0.02737117 -0.23677856 -0.20834694
v 0.04522480 -0.22881623 -0.20713499
v 0.04659296 -0.22816618 -0.19807174
v 0.13421974 -0.20795256 -0.00631138
v 0.13085464 -0.21313543 -0.00438981
v 0.12778305 -0.21301893 -0.00976298
v 0.13119154 -0.20805837 -0.01112133
v 0.12387342 -0.21793798 -0.00836819
v 0.12694335 -0.21840753 -0.00294752
v 0.11151962 -0.23301423 0.00163712
v 0.11693201 -0.22847971 0.00008921
v 0.10818429 -0.23297930 -0.00363821
v 0.11374444 -0.22828660 -0.00533903
v 0.05010260 -0.22956845 -0.10348807
v 0.05344473 -0.22684872 -0.09788923
v 0.08535229 -0.25289898 0.02577446
v 0.07853065 -0.25585536 0.02525822
v 0.07561249 -0.25504100 0.01828988
v 0.08216012 -0.25253080 0.01879135
v 0.07611876 -0.24871181 0.00678483
v 0.06981313 -0.25033861 0.00682489
v 0.06692144 -0.24735401 0.00122322
v 0.07302403 -0.24655338 0.00146568
v 0.07906628 -0.25103792 0.01238850
v 0.07268573 -0.25324375 0.01205437
v 0.09236841 -0.24619605 0.01271057
v 0.08565243 -0.24890767 0.01268910
v 0.08242060 -0.24714873 0.00697036
v 0.08880971 -0.24535497 0.00681604
v 0.07921997 -0.24550687 0.00174629
v 0.08551683 -0.24433730 0.00151954
v 0.04834526 -0.25310686 0.00300671
v 0.05155036 -0.25617600 0.00774731
v 0.04548324 -0.25863071 0.00841113
v 0.04192799 -0.25638692 0.00417203
v 0.04060223 -0.22163125 -0.05462380
v 0.04181725 -0.22097484 -0.05252772
v 0.04026848 -0.22165147 -0.04948248
v 0.03914941 -0.22276359 -0.05119314
v 0.04339796 -0.22035769 -0.05795334
v 0.04440137 -0.22006772 -0.05530304
v 0.01070772 -0.24145442 -0.17548090
v 0.01073238 -0.24097755 -0.17983429
v -0.00368312 -0.24616246 -0.17672181
v -0.00276828 -0.24565801 -0.18061995
v 0.00143857 -0.24424420 -0.18010138
v 0.00078442 -0.24439130 -0.17482478
v -0.01110158 -0.24981165 -0.17749529
v -0.01047338 -0.24751628 -0.18028195
v 0.01625568 -0.24037710 -0.18996410
v 0.01582807 -0.23956652 -0.18453878
v 0.01108928 -0.24155048 -0.18475903
v 0.01153109 -0.24228895 -0.19023408
v 0.00250840 -0.24562577 -0.19006118
v 0.00207497 -0.24512240 -0.18493300
v -0.00218023 -0.24594472 -0.18497058
v -0.00157337 -0.24667629 -0.19001284
v -0.00134883 -0.24795372 -0.20082061
v -0.00197921 -0.24797755 -0.20585552
v 0.00210188 -0.24755371 -0.20754314
v 0.00258259 -0.24683619 -0.20151568
v 0.01249518 -0.24339463 -0.20910003
v 0.01777051 -0.24116451 -0.20915270
v 0.01703374 -0.24092093 -0.20238392
v 0.01188533 -0.24311528 -0.20219910
v -0.00552214 -0.24731061 -0.18990897
v -0.00603566 -0.24658059 -0.18487719
v -0.00963222 -0.24651898 -0.18474464
v -0.00935484 -0.24681566 -0.18959586
v 0.02631428 -0.23548877 -0.18851694
v 0.02569972 -0.23423253 -0.18321036
v 0.02070215 -0.23704632 -0.18400734
v 0.02110060 -0.23790002 -0.18938648
v 0.02218872 -0.23898224 -0.20214279
v 0.02270469 -0.23895851 -0.20890235
v 0.03201134 -0.23297195 -0.18717670
v 0.03131034 -0.23140231 -0.18186751
v 0.02654224 -0.23810845 -0.02136350
v 0.03057596 -0.24049233 -0.01626086
v 0.02381051 -0.24483483 -0.01484798
v 0.02021365 -0.24227006 -0.01995686
v 0.05417493 -0.25875626 0.01244493
v 0.04807723 -0.26069157 0.01232505
v 0.06365708 -0.25184695 0.00703760
v 0.06080241 -0.24826928 0.00132918
v 0.07194087 -0.25852212 0.02465305
v 0.06932100 -0.25736331 0.01794470
v 0.06650696 -0.25511615 0.01223637
v 0.02133112 -0.23371869 -0.03233218
v 0.02342307 -0.23581653 -0.02674014
v 0.01754618 -0.24014082 -0.02554531
v 0.01590890 -0.23836399 -0.03114862
v 0.01118576 -0.24454528 -0.02478029
v 0.00998152 -0.24327289 -0.03034120
v 0.00415252 -0.24912407 -0.02429064
v 0.00332204 -0.24784120 -0.02971811
v -0.00658366 -0.24680270 -0.18081495
v -0.00717546 -0.24790938 -0.17775821
v -0.00897539 -0.24757849 -0.19931529
v -0.00859165 -0.24767517 -0.20440456
v -0.00530508 -0.24791624 -0.20462255
v -0.00498823 -0.24827020 -0.20003848
v 0.05931809 -0.21634636 -0.22743332
v 0.06388804 -0.21257016 -0.23032664
v 0.06806570 -0.21341369 -0.22574145
v 0.06308297 -0.21735368 -0.22197561
v 0.05715534 -0.22160528 -0.21902187
v 0.05026842 -0.22554476 -0.21655785
v 0.04838053 -0.22518182 -0.22385867
v 0.05428526 -0.22114650 -0.22540072
v 0.07101938 -0.20984582 -0.22957828
v 0.06673649 -0.20849443 -0.23328828
v 0.06800116 -0.20561399 -0.23586658
v 0.07260560 -0.20696022 -0.23319696
v 0.07444936 -0.20186702 -0.23891672
v 0.07390951 -0.20432621 -0.23616178
v 0.06867148 -0.20314447 -0.23811254
v 0.06931292 -0.20099343 -0.24020561
v 0.04264026 -0.22890589 -0.22305418
v 0.04342773 -0.22924882 -0.21529388
v 0.03227953 -0.23453856 -0.21505956
v 0.03254507 -0.23440100 -0.22294114
v 0.03736371 -0.23184262 -0.22294567
v 0.03743149 -0.23219133 -0.21500464
v 0.02803945 -0.23664289 -0.22315364
v 0.02787403 -0.23697581 -0.21562055
v 0.02347580 -0.23921525 -0.21609585
v 0.02348356 -0.23847996 -0.22344126
v 0.07007179 -0.19940041 -0.24264821
v 0.07032775 -0.19807712 -0.24515432
v 0.07501547 -0.19762704 -0.24480084
v 0.07466359 -0.19968175 -0.24177988
v 0.07530210 -0.19590601 -0.24790435
v 0.07045783 -0.19687277 -0.24771405
v 0.07174755 -0.21512850 -0.20780817
v 0.06517094 -0.21923240 -0.20226489
v 0.06081602 -0.22082093 -0.21104059
v 0.06741310 -0.21689945 -0.21519290
v 0.07246428 -0.21300923 -0.21992002
v 0.07706064 -0.21118057 -0.21363657
v 0.01858707 -0.24138351 -0.21633991
v 0.01318072 -0.24372420 -0.21632383
v 0.01289653 -0.24190670 -0.22321900
v 0.01842042 -0.23998959 -0.22346528
v 0.08130608 -0.19388795 -0.24745908
v 0.08119297 -0.19645489 -0.24367273
v 0.07551189 -0.20967859 -0.22474197
v 0.08043216 -0.20773435 -0.21918227
v 0.07766147 -0.20664043 -0.22900879
v 0.08286878 -0.20467998 -0.22391057
v 0.08013132 -0.20119960 -0.23636109
v 0.08572564 -0.19894290 -0.23277120
v 0.08467344 -0.20169962 -0.22836167
v 0.07940923 -0.20375418 -0.23263246
v 0.06885833 -0.19065729 -0.26453731
v 0.07166104 -0.19141132 -0.25933455
v 0.06723921 -0.19448637 -0.25728939
v 0.06475410 -0.19422235 -0.26215430
v 0.06080673 -0.19424281 -0.26744961
v 0.06486497 -0.19039413 -0.27050933
v 0.08065664 -0.19885593 -0.24000884
v 0.08686414 -0.19375637 -0.24136034
v 0.08658067 -0.19627247 -0.23701630
v 0.08688097 -0.19100975 -0.24603382
v 0.05578724 -0.19489893 -0.27320441
v 0.05974012 -0.19060867 -0.27686581
v 0.07372746 -0.18635444 -0.26688926
v 0.07662521 -0.18760818 -0.26085858
v 0.09512623 -0.19637628 -0.21863516
v 0.09634172 -0.19310011 -0.22411600
v 0.10236859 -0.18869706 -0.21898971
v 0.10104150 -0.19242171 -0.21268723
v 0.05018271 -0.19605910 -0.27856876
v 0.05418356 -0.19123508 -0.28298131
v 0.06942423 -0.18557998 -0.27341364
v 0.09740698 -0.18961109 -0.22960345
v 0.09803818 -0.18635190 -0.23544892
v 0.10414872 -0.18160920 -0.23222336
v 0.10339274 -0.18500395 -0.22536716
v 0.10421284 -0.17834854 -0.23947801
v 0.09827635 -0.18331496 -0.24192617
v 0.10809155 -0.18814313 -0.20654100
v 0.10928758 -0.18370609 -0.21367000
v 0.11798999 -0.17812246 -0.20771970
v 0.11728418 -0.18355461 -0.19977452
v 0.04408776 -0.19755193 -0.28338700
v 0.04824117 -0.19247566 -0.28873973
v 0.06407940 -0.18549350 -0.28046415
v 0.07876943 -0.18165951 -0.26881525
v 0.08208397 -0.18320006 -0.26217523
v 0.07424832 -0.18043767 -0.27594990
v 0.11033716 -0.17970952 -0.22108419
v 0.11117519 -0.17592130 -0.22892806
v 0.11898184 -0.16920171 -0.22504115
v 0.11856660 -0.17332259 -0.21617805
v 0.11100634 -0.17227122 -0.23704178
v 0.11838243 -0.16531299 -0.23413991
v 0.14097918 -0.19313006 -0.14867855
v 0.15084785 -0.18956353 -0.13682520
v 0.14220193 -0.19832975 -0.13078694
v 0.13377985 -0.20111444 -0.14198862
v 0.03764922 -0.19929432 -0.28761760
v 0.04185750 -0.19403471 -0.29393562
v 0.05844583 -0.18571534 -0.28732821
v 0.06885478 -0.17997797 -0.28380174
v 0.05256883 -0.18682269 -0.29373537
v 0.04639105 -0.18862608 -0.29983831
v 0.06293782 -0.17996292 -0.29130400
v 0.05695995 -0.18081921 -0.29841451
v 0.10988702 -0.16911590 -0.24555204
v 0.11675094 -0.16183659 -0.24353624
v 0.12754974 -0.16150783 -0.22068064
v 0.12616773 -0.15703113 -0.23064646
v 0.13437065 -0.14775541 -0.22675033
v 0.13636650 -0.15269921 -0.21583752
v 0.16253219 -0.17225631 -0.06014329
v 0.16175181 -0.17566910 -0.06796897
v 0.16947154 -0.16622248 -0.06790232
v 0.16960400 -0.16310793 -0.05921551
v 0.16040163 -0.17952485 -0.07652959
v 0.16868321 -0.16991801 -0.07721558
v 0.12429781 -0.15280838 -0.24100281
v 0.13182933 -0.14311956 -0.23806734
v 0.15311882 -0.13264236 -0.20637761
v 0.14471179 -0.14307149 -0.21083452
v 0.14243914 -0.13780613 -0.22280253
v 0.14994532 -0.12731198 -0.21914255
v 0.16279321 -0.16740263 -0.04567656
v 0.16938135 -0.15913552 -0.04342135
v 0.16899012 -0.15789748 -0.03621864
v 0.16281070 -0.16599846 -0.03892265
v 0.13932278 -0.13279868 -0.23492923
v 0.14639348 -0.12254576 -0.23210763
v 0.16853818 -0.15743436 -0.02951682
v 0.16290326 -0.16517859 -0.03259147
v 0.16069324 -0.12221329 -0.20256355
v 0.15686414 -0.11729646 -0.21603245
v 0.17347974 -0.10097050 -0.19595535
v 0.16753073 -0.11173553 -0.19922056
v 0.16310549 -0.10736761 -0.21348328
v 0.16816711 -0.09720827 -0.21088596
v 0.16690678 -0.15967475 -0.01198659
v 0.16182937 -0.16576093 -0.01621490
v 0.16207509 -0.16492701 -0.02131433
v 0.16757114 -0.15847554 -0.01740578
v 0.16253583 -0.16475346 -0.02676622
v 0.16813496 -0.15768391 -0.02323997
v 0.10856420 -0.12432570 -0.29552878
v 0.11465592 -0.12678104 -0.28405569
v 0.10856817 -0.13767335 -0.28426897
v 0.10296177 -0.13550149 -0.29524276
v 0.15769154 -0.10298978 -0.22774272
v 0.16201121 -0.09381552 -0.22602484
v 0.15243431 -0.11276164 -0.22973886
v 0.17607650 -0.07663634 -0.20456325
v 0.18177413 -0.07892473 -0.18834407
v 0.17807187 -0.08993910 -0.19237535
v 0.17219700 -0.08706224 -0.20798861
v 0.17962751 -0.14318636 -0.03012169
v 0.17442226 -0.15024583 -0.03322318
v 0.17488872 -0.15087467 -0.04091663
v 0.18027054 -0.14332518 -0.03820095
v 0.18868336 -0.12722548 -0.03189098
v 0.19224200 -0.11846640 -0.02841505
v 0.19174470 -0.11933089 -0.02014913
v 0.18836291 -0.12781860 -0.02359174
v 0.16067599 -0.16912547 -0.00700236
v 0.16136503 -0.16711500 -0.01143145
v 0.16626920 -0.16139017 -0.00692088
v 0.16554557 -0.16365722 -0.00218727
v 0.16539008 -0.08441362 -0.22379176
v 0.16885802 -0.07465403 -0.22062551
v 0.17937168 -0.06590046 -0.20036461
v 0.18476773 -0.06773892 -0.18395000
v 0.19544437 -0.10908732 -0.02497703
v 0.19847492 -0.09932282 -0.02176333
v 0.19761369 -0.10126026 -0.01309635
v 0.19496038 -0.11056402 -0.01667380
v 0.19093233 -0.12070372 -0.01215185
v 0.18762360 -0.12888794 -0.01577204
v 0.17905074 -0.14350078 -0.02277438
v 0.17395660 -0.15032973 -0.02618074
v 0.15887321 -0.17469138 0.00136458
v 0.16319749 -0.16989701 0.00685522
v 0.16173347 -0.17388970 0.01106468
v 0.15762480 -0.17839698 0.00540297
v 0.09396180 -0.12040511 -0.31708952
v 0.10160869 -0.12224912 -0.30655708
v 0.09660594 -0.13376816 -0.30592396
v 0.08964680 -0.13241892 -0.31646854
v 0.17234292 -0.06408677 -0.21685322
v 0.19626252 -0.10328264 -0.00459526
v 0.19372411 -0.11225898 -0.00849308
v 0.20095481 -0.08927171 -0.01833194
v 0.19996627 -0.09164680 -0.00923251
v 0.18520810 -0.13196568 -0.00169874
v 0.18837411 -0.12452060 0.00270825
v 0.18654830 -0.12695359 0.00958398
v 0.18344129 -0.13399250 0.00488272
v 0.17625980 -0.14735290 -0.00371698
v 0.17195795 -0.15366361 -0.00794448
v 0.17288228 -0.15201366 -0.01360233
v 0.17756633 -0.14567097 -0.00973524
v 0.17366816 -0.15105146 -0.01966311
v 0.17857619 -0.14444551 -0.01606039
v 0.18649111 -0.13024565 -0.00859718
v 0.18973928 -0.12237882 -0.00459218
v 0.15980937 -0.17842174 0.01497921
v 0.15695097 -0.18321366 0.01881237
v 0.15347783 -0.18785494 0.01251530
v 0.15583218 -0.18285510 0.00908306
v 0.19894701 -0.09413260 -0.00040483
v 0.19104073 -0.11662349 0.00704509
v 0.19363077 -0.10825571 0.01147670
v 0.19207735 -0.11123122 0.01904932
v 0.18941815 -0.11937506 0.01425244
v 0.19242366 -0.11418241 -0.00056470
v 0.19487852 -0.10550068 0.00362588
v 0.20304813 -0.07896516 -0.01459471
v 0.20261392 -0.08186756 -0.00507759
v 0.18286129 -0.13309818 0.02227310
v 0.18017039 -0.13960861 0.01710066
v 0.18186414 -0.13644981 0.01120226
v 0.18479781 -0.12983660 0.01611293
v 0.17374261 -0.15224444 0.00744215
v 0.17002666 -0.15814677 0.00252435
v 0.17123999 -0.15585453 -0.00259750
v 0.17508379 -0.14949376 0.00196122
v 0.08450994 -0.14357110 -0.31518066
v 0.09095466 -0.14439405 -0.30477495
v 0.08503860 -0.15338412 -0.30319315
v 0.07898127 -0.15312460 -0.31319872
v 0.10003523 -0.09488445 -0.31538923
v 0.09756166 -0.10756013 -0.31665781
v 0.08802028 -0.10569475 -0.32586301
v 0.08981339 -0.09315700 -0.32419853
v 0.19744351 -0.09666005 0.00798696
v 0.19575227 -0.09955866 0.01608847
v 0.19395173 -0.10279294 0.02398228
v 0.20165835 -0.08475397 0.00409711
v 0.19010902 -0.11478308 0.02619279
v 0.18814161 -0.11877969 0.03295355
v 0.18532109 -0.12601497 0.02746155
v 0.18752851 -0.12253496 0.02108373
v 0.16796912 -0.16315712 0.02244995
v 0.16505802 -0.16845189 0.01687462
v 0.16702047 -0.16440646 0.01229153
v 0.17026126 -0.15911571 0.01771020
v 0.17552983 -0.14736474 0.02834461
v 0.17796629 -0.14106586 0.03398521
v 0.17495521 -0.14572714 0.03950165
v 0.17258518 -0.15186019 0.03361172
v 0.14773298 -0.19873794 0.01884989
v 0.15075900 -0.19316235 0.01576631
v 0.15359472 -0.18814520 0.02241876
v 0.14988338 -0.19336822 0.02567617
v 0.19836517 -0.09079316 0.02120110
v 0.19669213 -0.09438974 0.02935726
v 0.19223613 -0.10673920 0.03155435
v 0.19050913 -0.11109948 0.03871490
v 0.18058650 -0.13463492 0.03966211
v 0.18326323 -0.12799605 0.04563284
v 0.18047277 -0.13335873 0.05160881
v 0.17767700 -0.13966234 0.04543751
v 0.16879150 -0.15716067 0.04930210
v 0.16626690 -0.16247277 0.04298419
v 0.16946446 -0.15694372 0.03847441
v 0.17182267 -0.15117703 0.04457195
v 0.16184437 -0.17281333 0.03097868
v 0.15967851 -0.17806898 0.02503013
v 0.16267002 -0.17317604 0.02108819
v 0.16518582 -0.16785086 0.02683782
v 0.14401740 -0.20427024 0.02175760
v 0.14582018 -0.19881428 0.02852795
v 0.01906220 -0.08640334 -0.35094066
v 0.01853311 -0.09860395 -0.35489714
v 0.00673068 -0.09818202 -0.35622127
v 0.00743400 -0.08629609 -0.35205299
v 0.03111421 -0.07584420 -0.34383859
v 0.01898931 -0.07627749 -0.34473167
v 0.09688116 -0.14590042 -0.29443753
v 0.09076769 -0.15451637 -0.29324543
v 0.19472085 -0.09850573 0.03713843
v 0.19284912 -0.10317865 0.04448002
v 0.18594606 -0.12111409 0.05185907
v 0.18315393 -0.12679820 0.05802555
v 0.17756152 -0.13938232 0.05722737
v 0.17462263 -0.14597494 0.06242651
v 0.17143123 -0.15160497 0.05584756
v 0.17447742 -0.14533123 0.05083179
v 0.13098692 -0.22070060 0.02860197
v 0.13553050 -0.21532006 0.02662257
v 0.13682891 -0.20996705 0.03334457
v 0.13230059 -0.21563135 0.03534682
v 0.13990535 -0.20978920 0.02437308
v 0.14149794 -0.20438884 0.03109859
v 0.00755819 -0.07619807 -0.34628618
v 0.18878570 -0.11401771 0.05817823
v 0.18646209 -0.12020326 0.06461643
v 0.18079543 -0.13326757 0.06381420
v 0.17829567 -0.14018687 0.06913825
v 0.16252020 -0.16805939 0.04710410
v 0.16523306 -0.16315499 0.05360120
v 0.16104620 -0.16902814 0.05736759
v 0.15833697 -0.17371683 0.05080283
v 0.15225782 -0.18822199 0.03203019
v 0.15610190 -0.18291790 0.02867192
v 0.15827530 -0.17793557 0.03483172
v 0.15446588 -0.18337800 0.03829127
v 0.11710137 -0.23111367 0.03930801
v 0.11526861 -0.23496892 0.03232239
v 0.12097474 -0.23050921 0.03145449
v 0.12250226 -0.22606480 0.03824587
v 0.12745994 -0.22090650 0.03694059
v 0.12616144 -0.22578996 0.03021702
v 0.18166769 -0.13396390 0.07618054
v 0.18422546 -0.12691450 0.07067103
v 0.16431315 -0.16436022 0.06438434
v 0.16817909 -0.15805666 0.06038648
v 0.17144073 -0.15278164 0.06722462
v 0.16787704 -0.15961244 0.07157892
v 0.15686644 -0.17505745 0.06073769
v 0.15412540 -0.17952239 0.05412981
v 0.14997248 -0.18887998 0.04143070
v 0.14773802 -0.19363075 0.03500403
v 0.09026793 -0.24964951 0.03959877
v 0.08341967 -0.25396408 0.03888599
v 0.08117859 -0.25555763 0.03215396
v 0.08814200 -0.25196535 0.03276521
v 0.10434954 -0.24094106 0.04014432
v 0.09735758 -0.24536548 0.04007644
v 0.09502562 -0.24768332 0.03321829
v 0.10204163 -0.24357140 0.03324443
v 0.07426721 -0.25864243 0.03146520
v 0.06719610 -0.26164825 0.03041944
v 0.06514866 -0.26100298 0.02404037
v 0.05151132 -0.25969564 0.08688436
v 0.04985309 -0.26150366 0.07764724
v 0.05962806 -0.25698721 0.07916660
v 0.06145246 -0.25506995 0.08830833
v 0.04845060 -0.26372594 0.06870031
v 0.04734960 -0.26618931 0.06039443
v 0.05681176 -0.26215442 0.06224725
v 0.05813044 -0.25948452 0.07041986
v 0.17519772 -0.14728703 0.07415605
v 0.17143165 -0.15437616 0.07869968
v 0.16347223 -0.16607981 0.07525523
v 0.15997148 -0.17055615 0.06781010
v 0.15250152 -0.18106984 0.06376890
v 0.14976177 -0.18537931 0.05703236
v 0.14516850 -0.19130215 0.05956990
v 0.14798878 -0.18720309 0.06642799
v 0.14304534 -0.19327684 0.06869353
v 0.14028479 -0.19730109 0.06175537
v 0.13370610 -0.21065995 0.04181891
v 0.13849895 -0.20490695 0.03982957
v 0.14049689 -0.20020875 0.04642088
v 0.13554317 -0.20602126 0.04844243
v 0.14317722 -0.19920586 0.03757278
v 0.14525967 -0.19445783 0.04412023
v 0.07632054 -0.25764422 0.03820491
v 0.06891154 -0.26125944 0.03706483
v 0.04136435 -0.26341115 0.08600051
v 0.03993949 -0.26496777 0.07627536
v 0.03882704 -0.26728867 0.06699063
v 0.03767258 -0.26931443 0.05845584
v 0.05519712 -0.25688204 0.10620500
v 0.05321350 -0.25806367 0.09640097
v 0.06355749 -0.25374589 0.09769266
v 0.06584429 -0.25269982 0.10723501
v 0.17874520 -0.14138450 0.08129374
v 0.17478341 -0.14862661 0.08600651
v 0.16719273 -0.16130072 0.08261665
v 0.15556331 -0.17680700 0.07083915
v 0.15878870 -0.17254705 0.07834124
v 0.14611435 -0.18938253 0.07594514
v 0.15111312 -0.18317272 0.07362371
v 0.15417149 -0.17899651 0.08109622
v 0.14937454 -0.18542375 0.08343496
v 0.13803959 -0.19949140 0.07062068
v 0.13529907 -0.20347027 0.06371145
v 0.13024362 -0.20974388 0.06550242
v 0.13281536 -0.20578534 0.07239069
v 0.12737623 -0.21220340 0.07396764
v 0.12476661 -0.21588379 0.06684841
v 0.12046307 -0.22328355 0.05277386
v 0.11854177 -0.22695624 0.04595530
v 0.12398863 -0.22170171 0.04491127
v 0.12577522 -0.21767705 0.05173126
v 0.13078694 -0.21194285 0.05025402
v 0.12899231 -0.21631939 0.04355397
v 0.02157676 -0.26774214 0.08380488
v 0.02053222 -0.26930511 0.07312869
v 0.03008628 -0.26739467 0.07466984
v 0.03130026 -0.26589944 0.08489520
v 0.00388358 -0.26993357 0.08181071
v 0.00313217 -0.27130412 0.07057172
v 0.01145570 -0.27053935 0.07184877
v 0.01245108 -0.26918057 0.08288996
v 0.00259763 -0.27217353 0.05990466
v 0.00217649 -0.27274180 0.04966993
v 0.00993310 -0.27257744 0.05185425
v 0.01066258 -0.27170569 0.06153506
v 0.01954099 -0.27086907 0.06304783
v 0.01850357 -0.27203107 0.05384667
v 0.02782276 -0.27106886 0.05627867
v 0.02901965 -0.26955787 0.06505898
v 0.04452573 -0.26069771 0.10577820
v 0.04293111 -0.26196035 0.09577086
v 0.05708750 -0.25517812 0.11629850
v 0.06770731 -0.25086512 0.11715596
v 0.17062952 -0.15594042 0.09013445
v 0.16234723 -0.16798552 0.08596211
v 0.15730944 -0.17451916 0.08877934
v 0.15233358 -0.18103659 0.09114301
v 0.14445185 -0.19177909 0.08537041
v 0.14111831 -0.19566419 0.07785623
v 0.13583542 -0.20191553 0.07957963
v 0.13920050 -0.19801740 0.08711806
v 0.13358375 -0.20447957 0.08877995
v 0.13032987 -0.20841906 0.08119764
v 0.10826171 -0.23105874 0.07588409
v 0.10560295 -0.23395177 0.06824629
v 0.11258258 -0.22837821 0.06822860
v 0.11531331 -0.22525492 0.07573625
v 0.09308142 -0.24093976 0.07510832
v 0.09064024 -0.24324482 0.06729845
v 0.09830061 -0.23881818 0.06792068
v 0.10086875 -0.23623386 0.07567083
v 0.08664015 -0.24849696 0.05262896
v 0.08512531 -0.25139609 0.04564161
v 0.09213819 -0.24696354 0.04648102
v 0.09379343 -0.24393677 0.05343392
v 0.10100758 -0.23937500 0.05381591
v 0.09925493 -0.24250907 0.04690356
v 0.10615208 -0.23767288 0.04704190
v 0.10805601 -0.23443807 0.05399109
v -0.00442200 -0.27037548 0.08081879
v -0.00488571 -0.27152081 0.06947263
v -0.00513757 -0.27257784 0.05837529
v -0.00539284 -0.27335810 0.04806901
v 0.02416901 -0.26531608 0.10558629
v 0.02295784 -0.26664111 0.09452902
v 0.03273845 -0.26470297 0.09510590
v 0.03395417 -0.26317170 0.10556622
v 0.01482972 -0.26664148 0.10544945
v 0.00582461 -0.26786358 0.10585657
v 0.00492299 -0.26874349 0.09351214
v 0.01371158 -0.26792078 0.09396696
v 0.04643207 -0.25908926 0.11606496
v 0.05879374 -0.25308131 0.12675530
v 0.06936764 -0.24846964 0.12751619
v 0.16584223 -0.16300607 0.09366727
v 0.16046857 -0.16968638 0.09660031
v 0.15527795 -0.17636845 0.09902243
v 0.14729278 -0.18742705 0.09317471
v 0.14210450 -0.19377393 0.09494591
v 0.13666846 -0.20040970 0.09666238
v 0.12090247 -0.21845473 0.09123211
v 0.11368578 -0.22470052 0.09178943
v 0.11095760 -0.22786206 0.08374987
v 0.11804057 -0.22183648 0.08337350
v 0.10586625 -0.23024984 0.09183856
v 0.09785684 -0.23563811 0.09159934
v 0.09534858 -0.23817742 0.08330085
v 0.10325537 -0.23312907 0.08368710
v 0.08484562 -0.24529354 0.07423045
v 0.08292994 -0.24798517 0.06643224
v 0.07952797 -0.25320070 0.05182857
v 0.07806700 -0.25567172 0.04490026
v 0.07637120 -0.24986616 0.07324767
v 0.07473949 -0.25271129 0.06525697
v 0.07188297 -0.25779293 0.05065263
v 0.07044608 -0.25976642 0.04375408
v -0.00274201 -0.26859052 0.10563157
v -0.00355665 -0.26944766 0.09287492
v 0.02570389 -0.26392810 0.11616837
v 0.03576543 -0.26180555 0.11601411
v 0.01605785 -0.26534406 0.11673314
v 0.00692563 -0.26652501 0.11790789
v 0.04815429 -0.25688631 0.12648044
v 0.14996168 -0.18276140 0.10110627
v 0.14464154 -0.18922470 0.10299753
v 0.13911695 -0.19597368 0.10476162
v 0.12374595 -0.21477454 0.09933867
v 0.11652138 -0.22150332 0.10002965
v 0.10866824 -0.22735896 0.10022666
v 0.10068086 -0.23319758 0.10022088
v 0.08918639 -0.24027712 0.09109942
v 0.08694225 -0.24270932 0.08254849
v 0.08021487 -0.24487463 0.09041534
v 0.07819386 -0.24716064 0.08160646
v -0.00181140 -0.26749858 0.11841420
v 0.02746612 -0.26171594 0.12678486
v 0.03752933 -0.25953628 0.12655808
v 0.00832074 -0.26376442 0.13135930
v 0.01758502 -0.26306021 0.12809842
v 0.10314711 -0.23003227 0.10902847
v 0.11116278 -0.22388436 0.10886289
v 0.11909396 -0.21777917 0.10851148
v 0.12647135 -0.21081686 0.10769346
v 0.09189619 -0.23832071 0.09999086
v 0.08268691 -0.24324342 0.09946452
v -0.00076784 -0.26446621 0.13356508
v 0.08529688 -0.11868886 -0.32654849
v 0.08177749 -0.13120624 -0.32624101
v 0.09454991 -0.23597388 0.10908660
v 0.08542472 -0.24180244 0.10878636
v 0.07282763 -0.15324719 -0.32296237
v 0.07766550 -0.14307244 -0.32527808
v 0.11987876 -0.19911027 -0.16899265
v 0.11484169 -0.20576587 -0.16202099
v 0.10517068 -0.20646957 -0.17049606
v 0.10991178 -0.20074879 -0.17763440
v 0.11465030 -0.23555958 0.01659891
v 0.11836546 -0.23387632 0.02410719
v 0.11246929 -0.23767458 0.02501604
v 0.10889833 -0.23914468 0.01773452
v 0.11047152 -0.23648660 0.00952677
v 0.10501203 -0.24003603 0.01088652
v 0.10101669 -0.24024437 0.00475823
v 0.10620581 -0.23670380 0.00323637
v 0.09725366 -0.23980494 -0.00048830
v 0.10277122 -0.23672272 -0.00212375
v 0.06044900 -0.25688403 0.01246789
v 0.05771838 -0.25388648 0.00721711
v 0.06287875 -0.25937260 0.01797975
v 0.12983337 -0.22264183 0.01171180
v 0.13339938 -0.21985077 0.01929127
v 0.12577392 -0.22368584 0.00467851
v 0.12209570 -0.22348339 -0.00115430
v 0.11926425 -0.22306466 -0.00668625
v 0.04039168 -0.24629924 -0.00675650
v 0.04468715 -0.24979225 -0.00193289
v 0.03781150 -0.25395203 -0.00026233
v 0.03319651 -0.25093515 -0.00477542
v 0.15408350 -0.18084146 -0.06057603
v -0.00835800 -0.24744646 -0.20825083
v -0.00583788 -0.24778840 -0.20762822
v -0.00371600 -0.24810761 -0.20979678
v 0.00025679 -0.24810093 -0.21421977
v 0.11318792 -0.19479421 -0.18469185
v 0.12375477 -0.19198419 -0.17634146
v 0.11567172 -0.18908860 -0.19202058
v 0.12628136 -0.18483313 -0.18422795
v 0.17131440 -0.11590259 -0.18478071
v 0.17763377 -0.10450558 -0.18090983
v 0.18049628 -0.10770555 -0.16594377
v 0.17430350 -0.11968710 -0.17049188
v 0.16678894 -0.13204185 -0.17524546
v 0.15821141 -0.14381384 -0.18099168
v 0.15584025 -0.13800456 -0.19375581
v 0.16375345 -0.12713506 -0.18894143
v 0.18239121 -0.09288979 -0.17681783
v 0.18617438 -0.08135704 -0.17240239
v 0.18937742 -0.08367840 -0.15730817
v 0.18536145 -0.09573976 -0.16144684
v 0.18885086 -0.06963764 -0.16781430
v 0.19185357 -0.07163171 -0.15276238
v 0.17506514 -0.05321861 -0.21314378
v 0.18159728 -0.05471131 -0.19629343
v 0.18660095 -0.05622746 -0.17978350
v 0.19072710 -0.05797544 -0.16356642
v 0.19401610 -0.06005708 -0.14861988
v 0.18804601 -0.03332571 -0.17165589
v 0.18757163 -0.02157102 -0.16838986
v 0.19238184 -0.02155780 -0.14914421
v 0.19220136 -0.03464577 -0.15447972
v 0.19697992 -0.02698141 -0.13347945
v 0.19564408 -0.03756078 -0.13921151
v 0.18276106 -0.11035347 -0.15115137
v 0.17723224 -0.12337041 -0.15570621
v 0.19122636 -0.08564679 -0.14251942
v 0.18772298 -0.09797631 -0.14670781
v 0.19392192 -0.07364727 -0.13837225
v 0.19568625 -0.06214322 -0.13430111
v 0.19996754 -0.03059613 -0.12049479
v 0.19853192 -0.04033199 -0.12553070
v 0.09019560 -0.16356880 -0.28201149
v 0.09537948 -0.16595858 -0.27297439
v 0.08955427 -0.17160473 -0.27169912
v 0.08458503 -0.16958219 -0.28035739
v 0.08474118 -0.16191057 -0.29142399
v 0.07921608 -0.16827088 -0.28939667
v 0.07305208 -0.16752971 -0.29813625
v 0.07882251 -0.16105127 -0.30078472
v 0.09593253 -0.15646915 -0.28325580
v 0.06704495 -0.16779940 -0.30677243
v 0.07290696 -0.16112266 -0.31026152
v 0.06136580 -0.16887261 -0.31513184
v 0.06695595 -0.16168258 -0.31937439
v 0.05097947 -0.18236717 -0.30522470
v -0.00724953 -0.24769201 -0.21184390
v -0.00566349 -0.24808294 -0.21622701
v 0.00100543 -0.24598970 -0.22212610
v -0.00455466 -0.24748228 -0.22249570
v 0.00712770 -0.24573859 -0.20857464
v 0.00726585 -0.24618205 -0.21561760
v 0.05335935 -0.22489191 -0.20783536
v 0.05692400 -0.22343740 -0.19623070
v 0.08857000 -0.20884048 -0.18609781
v 0.09303114 -0.20459537 -0.19297185
v 0.10074220 -0.20257111 -0.18545141
v 0.09637443 -0.20750102 -0.17856518
v 0.08211595 -0.21075716 -0.19333280
v 0.12469744 -0.20373794 -0.15253564
v 0.08675676 -0.20694937 -0.20028800
v 0.14689078 -0.14855741 -0.19917243
v 0.12810995 -0.16624769 -0.21106578
v 0.13756641 -0.15768837 -0.20512291
v 0.14862882 -0.15484539 -0.18771299
v 0.09912667 -0.19622571 -0.20635851
v 0.09663962 -0.20043696 -0.19980179
v 0.09041904 -0.20331686 -0.20690678
v 0.09313878 -0.19973931 -0.21296889
v 0.10398721 -0.19758182 -0.19238123
v 0.10635590 -0.19272122 -0.19946278
v 0.02189577 -0.17436302 -0.34819083
v 0.01895499 -0.18333708 -0.33977512
v 0.00926500 -0.18306416 -0.34351847
v 0.01117178 -0.17270234 -0.35175225
v -0.00046540 -0.18187172 -0.34574375
v 0.00042058 -0.16820409 -0.35473424
v 0.03618845 -0.18156515 -0.33008083
v 0.02802635 -0.18271175 -0.33523110
v 0.03181318 -0.17459511 -0.34326864
v 0.04060234 -0.17419765 -0.33751238
v 0.01631942 -0.19073380 -0.33058585
v 0.00763495 -0.19147320 -0.33370406
v -0.00121446 -0.19128214 -0.33549402
v 0.10209956 -0.14793440 -0.28390442
v 0.13073926 -0.19660038 -0.15948246
v 0.17038791 -0.13709701 -0.16095300
v 0.16089166 -0.15071804 -0.16735409
v 0.14997592 -0.16254625 -0.17626668
v 0.17532643 -0.15932830 -0.07710310
v 0.17582128 -0.15628240 -0.06708151
v 0.17574878 -0.15392197 -0.05773581
v 0.03551620 -0.16469580 -0.35024326
v 0.04507071 -0.16513078 -0.34431441
v 0.03848135 -0.15293501 -0.35495754
v 0.04876456 -0.15388503 -0.34902385
v 0.02723330 -0.15131211 -0.35868152
v 0.02490591 -0.16370639 -0.35506213
v 0.01337835 -0.16135774 -0.35798575
v 0.01534623 -0.14917526 -0.36047005
v 0.00186161 -0.15700789 -0.35899192
v 0.00343498 -0.14665953 -0.36035271
v 0.10939463 -0.09723661 -0.30524337
v 0.10607340 -0.10967143 -0.30623270
v 0.11793544 -0.10023598 -0.29420209
v 0.11369412 -0.11205966 -0.29509513
v 0.20207892 -0.03325937 -0.10863251
v 0.20051154 -0.04267576 -0.11295322
v 0.19758466 -0.06387394 -0.12083732
v 0.19587177 -0.07545770 -0.12450861
v 0.19283751 -0.08740691 -0.12830286
v 0.18971864 -0.09980893 -0.13224783
v 0.14726060 -0.18361270 -0.15652114
v 0.15817372 -0.17751436 -0.14332728
v 0.13541564 -0.18815390 -0.16713380
v 0.13809513 -0.17915225 -0.17546514
v 0.16427766 -0.16055296 -0.15053916
v 0.15073950 -0.17241819 -0.16534945
v 0.12746213 -0.17793465 -0.19273748
v 0.13875173 -0.17101710 -0.18490971
v 0.08454295 -0.22035030 -0.10965149
v 0.08862942 -0.21822684 -0.10217120
v 0.08082515 -0.21912249 -0.09843828
v 0.07722611 -0.22130742 -0.10524771
v 0.07339655 -0.22002807 -0.09494344
v 0.07002778 -0.22234728 -0.10107739
v 0.12045724 -0.11519980 -0.28337444
v 0.12797920 -0.17166443 -0.20169568
v 0.13845643 -0.16382167 -0.19491497
v 0.06497708 -0.21964289 -0.18730009
v 0.07088995 -0.21661566 -0.19399621
v 0.04980164 -0.22442304 -0.15738755
v 0.05113071 -0.22296127 -0.16175931
v 0.04674057 -0.22351830 -0.16789096
v 0.04619662 -0.22516108 -0.16355907
v 0.05385346 -0.22463093 -0.18608941
v 0.06065600 -0.22164039 -0.17980640
v 0.05370546 -0.22267725 -0.16697362
v 0.05702068 -0.22256672 -0.17285041
v 0.04878340 -0.22435460 -0.17278262
v 0.05131603 -0.22505408 -0.17865614
v 0.08946700 -0.19917899 -0.22363146
v 0.09062640 -0.19644756 -0.22869628
v 0.09176740 -0.19335299 -0.23357264
v 0.09243485 -0.19037388 -0.23869397
v 0.09263957 -0.18758084 -0.24433895
v 0.08624588 -0.18812870 -0.25091777
v 0.09198086 -0.18447216 -0.25014981
v 0.07926184 -0.17513651 -0.27831935
v 0.08401445 -0.17678712 -0.27035798
v 0.07392219 -0.17422022 -0.28695189
v 0.06777529 -0.17394424 -0.29506616
v 0.06166983 -0.17457792 -0.30292398
v 0.05616189 -0.17588951 -0.31057998
v 0.07684811 -0.21303851 -0.20038121
v 0.08189091 -0.20934423 -0.20698767
v 0.08518458 -0.20560630 -0.21300677
v 0.08767773 -0.20232306 -0.21843880
v 0.04230948 -0.22677785 -0.16820083
v 0.04194976 -0.22527318 -0.17226118
v 0.08781523 -0.17899141 -0.26304903
v 0.04642875 -0.23232645 -0.10925516
v -0.00361488 -0.25256583 -0.02371114
v -0.00411751 -0.25138602 -0.02892935
v 0.03999217 -0.19006856 -0.30531388
v 0.04485538 -0.18404555 -0.31145552
v 0.03538565 -0.19540855 -0.29858624
v 0.00510348 -0.20308776 -0.30072363
v 0.01134117 -0.20228446 -0.30136414
v 0.01018646 -0.20595204 -0.29157826
v 0.00437155 -0.20683148 -0.29052181
v -0.00176725 -0.20364124 -0.29863781
v -0.00147079 -0.20682174 -0.28926633
v 0.01627880 -0.20475288 -0.29283226
v 0.01705680 -0.20142647 -0.30149051
v -0.00150710 -0.19832713 -0.32389442
v 0.00645900 -0.19770427 -0.32288691
v 0.01427170 -0.19665030 -0.32108613
v 0.02809376 -0.19333960 -0.31510719
v 0.02161132 -0.19499517 -0.31854150
v 0.02453481 -0.18912804 -0.32678890
v 0.03202197 -0.18776838 -0.32250825
v 0.03399998 -0.19181905 -0.31039053
v 0.03856183 -0.18597998 -0.31728307
v -0.00158594 -0.20251992 -0.31116347
v 0.00568973 -0.20167537 -0.31153909
v 0.01260319 -0.20035411 -0.31130430
v 0.02426136 -0.19746140 -0.30743456
v 0.01876100 -0.19863494 -0.30986772
v 0.02938210 -0.19680542 -0.30299620
v 0.16731407 -0.05130641 -0.23045264
v 0.16407598 -0.06265096 -0.23454845
v 0.15346120 -0.06263245 -0.25307496
v 0.15878494 -0.04915184 -0.24663313
v 0.15984652 -0.07359878 -0.23818613
v 0.15067038 -0.07025307 -0.25614782
v 0.15721796 -0.08212209 -0.24010626
v 0.14929303 -0.07720218 -0.25600714
v 0.15502653 -0.09020721 -0.24040360
v 0.15180223 -0.09869479 -0.24156119
v 0.14619822 -0.09320133 -0.25526082
v 0.14922942 -0.08361864 -0.25369183
v 0.14740662 -0.10803852 -0.24309950
v 0.14206165 -0.11759637 -0.24510696
v 0.13741123 -0.11234063 -0.25772036
v 0.14243395 -0.10244232 -0.25641470
v 0.13571050 -0.12807687 -0.24739754
v 0.13119033 -0.12315000 -0.25929998
v 0.12143553 -0.14874732 -0.25152218
v 0.11784442 -0.14474775 -0.26236909
v 0.12449250 -0.13433935 -0.26086309
v 0.12860629 -0.13886898 -0.24952221
v 0.11443562 -0.15817699 -0.25334762
v 0.11112616 -0.15420853 -0.26331271
v 0.13056705 -0.20753428 0.09820391
v 0.13318583 -0.20327264 0.10639450
v 0.12741789 -0.21144131 0.09022618
v 0.12443245 -0.21522934 0.08253339
v 0.12158179 -0.21877841 0.07507616
v 0.11900426 -0.22221722 0.06772999
v 0.11269976 -0.23245579 0.04679661
v 0.11463253 -0.22897830 0.05360638
v 0.11099526 -0.23614335 0.03993334
v 0.10887654 -0.23935681 0.03288531
v 0.10599575 -0.24152167 0.02573608
v 0.10277911 -0.24293018 0.01862154
v 0.09905250 -0.24333096 0.01204826
v 0.09516634 -0.24304470 0.00612937
v 0.09157290 -0.24241399 0.00080619
v 0.04998854 -0.17754092 -0.31757419
v 0.04335832 -0.17964751 -0.32402872
v 0.13399481 -0.20022158 -0.01708636
v 0.13613656 -0.19746583 -0.01736879
v 0.11449866 -0.20568399 -0.04225900
v 0.11698880 -0.20317458 -0.04020858
v 0.11225348 -0.20576792 -0.03910927
v 0.10999490 -0.20772594 -0.04064398
v 0.10961509 -0.21051196 -0.04799209
v 0.11228680 -0.20813539 -0.04490569
v 0.10752199 -0.21021794 -0.04244686
v 0.10415472 -0.21312434 -0.04447787
v 0.10464701 -0.21307272 -0.05100720
v 0.09979229 -0.21601055 -0.04712117
v 0.10644541 -0.21063066 -0.03926787
v 0.10424790 -0.21317102 -0.04049341
v 0.12043603 -0.21692357 -0.01738897
v 0.12399450 -0.21239376 -0.01874420
v 0.12559546 -0.21269155 -0.01421787
v 0.12196622 -0.21756418 -0.01292629
v 0.10570140 -0.23287506 -0.00848836
v 0.11143855 -0.22810156 -0.01017949
v 0.08244534 -0.24331364 -0.00373917
v 0.07628507 -0.24425561 -0.00369695
v 0.07399758 -0.24268674 -0.00916789
v 0.07984919 -0.24225916 -0.00899402
v 0.10348443 -0.23241399 -0.01319062
v 0.10936617 -0.22762046 -0.01515618
v 0.06438107 -0.24459256 -0.00457066
v 0.07028979 -0.24468985 -0.00409645
v 0.12235855 -0.21202174 -0.02348289
v 0.12524132 -0.20803418 -0.02431147
v 0.12707869 -0.20815456 -0.01970625
v 0.12876720 -0.20807942 -0.01540082
v 0.12986731 -0.20415278 -0.02039194
v 0.13147396 -0.20380042 -0.01647998
v 0.11789876 -0.21175164 -0.03180561
v 0.12048716 -0.20802910 -0.03167596
v 0.12301744 -0.20800352 -0.02856318
v 0.12018290 -0.21165535 -0.02786564
v 0.11877029 -0.21613117 -0.02211935
v 0.10138632 -0.23138603 -0.01872160
v 0.10731999 -0.22653605 -0.02048791
v 0.07225176 -0.24079389 -0.01543793
v 0.07790194 -0.24047955 -0.01536822
v 0.06819618 -0.24257898 -0.00994861
v 0.06204860 -0.24188547 -0.01102713
v 0.06074080 -0.23892011 -0.01823605
v 0.06662309 -0.24023402 -0.01678976
v 0.06025149 -0.23661421 -0.02501254
v 0.06056807 -0.23386302 -0.03525682
v 0.06539975 -0.23551921 -0.03414233
v 0.06559169 -0.23785742 -0.02419445
v 0.07619764 -0.23859297 -0.02361079
v 0.07074263 -0.23874154 -0.02363958
v 0.07034258 -0.23671939 -0.03333134
v 0.07548421 -0.23722074 -0.03286523
v 0.10606013 -0.22562655 -0.02661246
v 0.09992164 -0.23026681 -0.02552028
v 0.09855187 -0.22898677 -0.03257881
v 0.10412965 -0.22450190 -0.03297090
v 0.09840458 -0.22731133 -0.03758849
v 0.10399285 -0.22293255 -0.03723229
v 0.11315773 -0.21411436 -0.03505835
v 0.11614015 -0.21128965 -0.03431553
v 0.11474734 -0.21514278 -0.03194647
v 0.11680426 -0.21552294 -0.02715448
v 0.11410220 -0.20789715 -0.03578933
v 0.11682233 -0.20478783 -0.03579462
v 0.11943344 -0.20486100 -0.03443474
v 0.11655937 -0.20802179 -0.03467574
v 0.11398613 -0.21039101 -0.03521724
v 0.11156173 -0.21003030 -0.03626146
v 0.11199488 -0.20712787 -0.03638908
v 0.11428711 -0.20417034 -0.03727419
v 0.10962389 -0.20905741 -0.03645947
v 0.06368257 -0.22259368 -0.05021116
v 0.05910760 -0.22178658 -0.04883035
v 0.05878894 -0.22111614 -0.05072630
v 0.06348349 -0.22186268 -0.05226386
v 0.07736225 -0.22279581 -0.05003044
v 0.07231657 -0.22313131 -0.05077106
v 0.07250846 -0.22343817 -0.05222130
v 0.07821103 -0.22319604 -0.05141556
v 0.08465417 -0.22180176 -0.04911094
v 0.09055351 -0.22020920 -0.04661280
v 0.08979431 -0.22018026 -0.04538793
v 0.08375126 -0.22152848 -0.04773866
v 0.07319096 -0.22219424 -0.05369520
v 0.07932399 -0.22177766 -0.05341879
v 0.08913311 -0.21872151 -0.05485134
v 0.09742793 -0.21629607 -0.05359860
v 0.09309428 -0.21856160 -0.04851337
v 0.08654769 -0.22060255 -0.05145074
v 0.09915137 -0.21399501 -0.04098196
v 0.09496662 -0.21634471 -0.04278389
v 0.08981099 -0.21898607 -0.04469663
v 0.08404417 -0.22041511 -0.04714564
v 0.09629342 -0.21796673 -0.04432296
v 0.10088572 -0.21513164 -0.04240182
v 0.10014085 -0.21511145 -0.04128517
v 0.09524938 -0.21769619 -0.04308142
v 0.10346475 -0.21305157 -0.03984364
v 0.10240420 -0.21233566 -0.03911678
v 0.07274195 -0.22213153 -0.05026031
v 0.07798153 -0.22164445 -0.04947000
v 0.06428076 -0.22184563 -0.04824350
v 0.06005263 -0.22107721 -0.04640721
v 0.06399862 -0.22252825 -0.04882972
v 0.05962368 -0.22171737 -0.04728229
v 0.05864905 -0.22033174 -0.05308886
v 0.06348329 -0.22024355 -0.05460254
v 0.05239297 -0.22008765 -0.04527713
v 0.04997342 -0.21941504 -0.04463240
v 0.04950180 -0.21979082 -0.04556588
v 0.05190421 -0.22030872 -0.04642479
v 0.05027057 -0.21900640 -0.04372299
v 0.05258328 -0.21967326 -0.04429268
v 0.05538806 -0.22095722 -0.04728709
v 0.05585141 -0.22063075 -0.04586504
v 0.04469978 -0.21875950 -0.04276979
v 0.04307950 -0.21933104 -0.04272013
v 0.04432905 -0.21946470 -0.04420694
v 0.04554093 -0.21908107 -0.04377550
v 0.04434619 -0.21965985 -0.04167951
v 0.04286990 -0.22074390 -0.04122458
v 0.04302527 -0.22025882 -0.04163427
v 0.04436715 -0.21908248 -0.04191949
v 0.04219194 -0.22047511 -0.04151344
v 0.04250087 -0.21994368 -0.04185261
v 0.10544958 -0.21089000 -0.03871328
v 0.10469747 -0.21092574 -0.03758097
v 0.10884909 -0.20878048 -0.03790378
v 0.10365996 -0.21913186 -0.04021401
v 0.09847467 -0.22393946 -0.04168306
v 0.09771827 -0.22139044 -0.04292277
v 0.10240316 -0.21646696 -0.04126188
v 0.10978667 -0.21183542 -0.03715283
v 0.11194900 -0.21276029 -0.03601789
v 0.10407281 -0.22132062 -0.03866915
v 0.09837433 -0.22559299 -0.03933321
v 0.07461330 -0.23198076 -0.04274862
v 0.06931582 -0.23118645 -0.04228022
v 0.06905022 -0.22871038 -0.04490666
v 0.07409476 -0.22954273 -0.04515116
v 0.06949220 -0.22648912 -0.04600504
v 0.07479939 -0.22766689 -0.04597382
v 0.06457695 -0.22878846 -0.04243009
v 0.05892637 -0.22659476 -0.04147808
v 0.05943996 -0.22351771 -0.04273032
v 0.06467525 -0.22613453 -0.04436265
v 0.05410426 -0.22400132 -0.04056115
v 0.05534962 -0.22181853 -0.04156931
v 0.11851427 -0.20810492 -0.03366478
v 0.10764700 -0.21070934 -0.03771630
v 0.10871950 -0.20805721 -0.03660068
v 0.10636498 -0.20956571 -0.03697873
v 0.11083775 -0.20617975 -0.03597063
v 0.05564520 -0.21980518 -0.04329705
v 0.05965887 -0.22113724 -0.04465041
v 0.06003345 -0.22269077 -0.04470860
v 0.06509015 -0.22405776 -0.04578482
v 0.05633431 -0.22114192 -0.04247583
v 0.05070418 -0.22119961 -0.04033953
v 0.04633051 -0.22064295 -0.04003102
v 0.04724807 -0.22014972 -0.04134303
v 0.05151390 -0.22020347 -0.04099273
v 0.05002164 -0.22289208 -0.03960382
v 0.04722907 -0.22225789 -0.04005479
v 0.05103080 -0.21885202 -0.04210311
v 0.04783061 -0.21909384 -0.04245079
v 0.04199155 -0.22007048 -0.04528785
v 0.04120799 -0.21954751 -0.04379815
v 0.04091485 -0.21958754 -0.04366848
v 0.04050617 -0.22017844 -0.04498213
v 0.04197531 -0.22029032 -0.04154260
v 0.04177936 -0.22043117 -0.04134186
v 0.04163551 -0.22042385 -0.04171910
v 0.04141666 -0.22014332 -0.04172976
v 0.04295455 -0.22083143 -0.04103708
v 0.04222006 -0.22052029 -0.04121817
v 0.04128724 -0.21989661 -0.04198572
v 0.04115849 -0.21967677 -0.04263340
v 0.04205330 -0.22031516 -0.04105084
v 0.04205888 -0.22046119 -0.04106490
v 0.04327384 -0.22035304 -0.04109641
v 0.04227004 -0.22086486 -0.04102025
v 0.04244727 -0.22052893 -0.04090208
v 0.04402634 -0.22001480 -0.04097972
v 0.04262537 -0.22036088 -0.04128186
v 0.04217643 -0.22062552 -0.04150406
v 0.04217810 -0.22091855 -0.04133723
v 0.04309764 -0.22034537 -0.04113143
v 0.04174230 -0.22102507 -0.04135918
v 0.04106568 -0.22040996 -0.04143270
v 0.04042272 -0.21952211 -0.04359531
v 0.04095192 -0.21968905 -0.04266992
v 0.03993733 -0.21985521 -0.04443423
v 0.04057810 -0.21961123 -0.04374700
v 0.07007109 -0.23394998 -0.03945570
v 0.07529154 -0.23439533 -0.03960644
v 0.06518209 -0.23187254 -0.04019502
v 0.06002696 -0.22948573 -0.04044880
v 0.05637599 -0.23146067 -0.03692893
v 0.05541842 -0.22698126 -0.04027349
v 0.05240533 -0.22958981 -0.03830581
v 0.04871266 -0.22789342 -0.03828859
v 0.04848342 -0.22439076 -0.03957638
v 0.05150270 -0.22557675 -0.04000014
v 0.05537598 -0.23471180 -0.02746311
v 0.05064236 -0.23233981 -0.03048644
v 0.04608198 -0.23080863 -0.03239777
v 0.04551045 -0.22167191 -0.04012294
v 0.04408246 -0.22071139 -0.04012293
v 0.04571140 -0.22379516 -0.03945527
v 0.04237120 -0.22848432 -0.03455459
v 0.05437510 -0.24046417 -0.01254083
v 0.05490244 -0.23693398 -0.02096341
v 0.04299403 -0.22067628 -0.04110893
v 0.04453702 -0.21990091 -0.04156706
v 0.04461411 -0.21984333 -0.04148541
v 0.04263081 -0.22038738 -0.04068356
v 0.04427681 -0.21979123 -0.04109456
v 0.04594820 -0.21885228 -0.04231125
v 0.04212938 -0.22027024 -0.04100754
v 0.06761893 -0.22310786 -0.05175879
v 0.06785400 -0.22189900 -0.05336218
v 0.06785670 -0.22301874 -0.05033113
v 0.06817712 -0.22209579 -0.04963520
v 0.05161740 -0.22060523 -0.04785245
v 0.05110598 -0.22083615 -0.04956760
v 0.05455055 -0.22099360 -0.05123551
v 0.05508731 -0.22108535 -0.04889112
v 0.05606020 -0.22003136 -0.04493011
v 0.08111168 -0.21984859 -0.05574402
v 0.06499639 -0.22258392 -0.04596078
v 0.04404222 -0.22034478 -0.04082264
v 0.04316077 -0.21965054 -0.04466536
v 0.04495009 -0.22019716 -0.04673510
v 0.04605928 -0.22025761 -0.04573379
v 0.04682861 -0.21984914 -0.04494401
v 0.04440574 -0.22009848 -0.04124389
v 0.03912384 -0.22967975 -0.03038145
v 0.04394360 -0.23168187 -0.02786671
v 0.04092313 -0.23363454 -0.02323195
v 0.03610472 -0.23138218 -0.02655580
v 0.04312861 -0.22024440 -0.04075368
v 0.04235925 -0.22065498 -0.04107919
v 0.04342949 -0.22069027 -0.04050597
v 0.04244329 -0.22088894 -0.04109170
v 0.04353703 -0.22169763 -0.03973194
v 0.04215753 -0.22090952 -0.04055571
v 0.03967688 -0.22646927 -0.03714193
v 0.03816637 -0.22520071 -0.04074551
v 0.03235209 -0.22902982 -0.03068772
v 0.03031184 -0.22716284 -0.03509693
v 0.03453322 -0.22606224 -0.03823981
v 0.03574127 -0.22770299 -0.03423769
v 0.02613258 -0.22956991 -0.03352679
v 0.02824516 -0.23163301 -0.02812624
v 0.04183675 -0.21983247 -0.04277161
v 0.09410168 -0.23952936 -0.00546575
v 0.09994174 -0.23669607 -0.00710042
v 0.09151139 -0.23902916 -0.01015886
v 0.09746735 -0.23614828 -0.01179138
v 0.08935540 -0.23782677 -0.01609494
v 0.09536163 -0.23500463 -0.01742055
v 0.08788230 -0.23645478 -0.02410633
v 0.08657162 -0.23514056 -0.03237795
v 0.09257740 -0.23243575 -0.03240601
v 0.09382752 -0.23364892 -0.02450794
v 0.08609209 -0.23301070 -0.03886262
v 0.09231844 -0.23062651 -0.03834755
v 0.08566265 -0.23132248 -0.04198248
v 0.09236064 -0.22917664 -0.04085506
v 0.08570005 -0.22915805 -0.04437042
v 0.09228276 -0.22762385 -0.04294828
v 0.08477475 -0.22710206 -0.04586463
v 0.09123796 -0.22526046 -0.04379468
v 0.08470026 -0.22434043 -0.04631849
v 0.09073362 -0.22313801 -0.04448000
v 0.04677626 -0.23653761 -0.01931292
v 0.04919885 -0.23399593 -0.02506700
v 0.11728955 -0.22274667 -0.01165025
v 0.11555279 -0.22204537 -0.01627411
v 0.11384270 -0.22113644 -0.02131706
v 0.11020449 -0.21954215 -0.03248171
v 0.11213837 -0.22032957 -0.02677069
v 0.10951475 -0.21821672 -0.03632726
v 0.10884704 -0.21653292 -0.03749296
v 0.10705903 -0.21470540 -0.03864699
v 0.10512693 -0.21268240 -0.03996869
v 0.10346784 -0.21115333 -0.03786327
v 0.10025325 -0.21469848 -0.03969999
v 0.04222171 -0.22015995 -0.04208224
v 0.04200100 -0.22001778 -0.04222566
v 0.04157922 -0.22015137 -0.04180336
v 0.04153010 -0.21994963 -0.04243441
v 0.04211584 -0.22025124 -0.04169289
v 0.04205940 -0.22016807 -0.04175032
v 0.04294639 -0.22052256 -0.04102423
v 0.04448258 -0.21979984 -0.04129271
v 0.04219186 -0.22031110 -0.04098182
v 0.04240259 -0.22019496 -0.04112119
v 0.08844917 -0.24169955 -0.00432191
v 0.08572475 -0.24097532 -0.00916759
v 0.08358295 -0.23968995 -0.01524507
v 0.08078564 -0.23662127 -0.03254948
v 0.08191154 -0.23815856 -0.02367921
v 0.08051168 -0.23423679 -0.03900497
v 0.07946853 -0.23223801 -0.04247448
v 0.07898854 -0.22966101 -0.04521260
v 0.07918335 -0.22753248 -0.04599957
v 0.07904639 -0.22482299 -0.04704428
v 0.09686557 -0.21919605 -0.04366861
v 0.10696988 -0.20979176 -0.03654787
v 0.10775826 -0.20942766 -0.03753693
v 0.12794970 -0.20416140 -0.02454837
v 0.12582113 -0.20421273 -0.02833157
v 0.12143810 -0.20492256 -0.03319776
v 0.12358519 -0.20458269 -0.03115845
v 0.13931459 -0.19154470 -0.01974164
v 0.14282129 -0.18841115 -0.01763299
v 0.14659614 -0.18486643 -0.01515250
v 0.15086553 -0.18113011 -0.01191214
v 0.15536189 -0.17642107 -0.00776748
v 0.15983874 -0.17164738 -0.00280679
v 0.16462672 -0.16650935 0.00241336
v 0.16861695 -0.16099347 0.00746121
v 0.17219460 -0.15551783 0.01268510
v 0.18056400 -0.13683946 0.02820504
v 0.17809931 -0.14326902 0.02284660
v 0.18585570 -0.12310753 0.03940097
v 0.18309346 -0.13007143 0.03361565
v 0.18840856 -0.11578150 0.04545667
v 0.19110505 -0.10832004 0.05147017
v 0.04643598 -0.21893232 -0.04365569
v 0.04749438 -0.21927675 -0.04455740
v 0.04792044 -0.21917923 -0.04384849
v 0.04637513 -0.21888100 -0.04293689
v 0.11916198 -0.20246447 -0.03574991
v 0.12229116 -0.20224634 -0.03379299
v 0.12254876 -0.19947871 -0.03587997
v 0.12560732 -0.19898793 -0.03350954
v 0.12807929 -0.19814053 -0.03153452
v 0.12479338 -0.20171171 -0.03228056
v 0.13020802 -0.19727123 -0.02890011
v 0.12710042 -0.20103859 -0.02997557
v 0.12906702 -0.20073559 -0.02731024
v 0.13090483 -0.20065583 -0.02408442
v 0.13218615 -0.19717579 -0.02598402
v 0.13386680 -0.19749984 -0.02299210
v 0.13253610 -0.20060732 -0.02053614
v 0.13492522 -0.19757399 -0.02008552
v 0.06886619 -0.19499677 -0.25346268
v 0.07356920 -0.19230497 -0.25484065
v 0.07892400 -0.18914925 -0.25566195
v 0.07480296 -0.19402253 -0.25112655
v 0.07007653 -0.19583684 -0.25044915
v 0.08056588 -0.19128399 -0.25126662
v 0.17767486 -0.03078729 -0.20559228
v 0.17731299 -0.01983822 -0.20212417
v 0.18284171 -0.02085725 -0.18526934
v 0.18319057 -0.03206162 -0.18852078
v 0.16218501 -0.02705178 -0.23840611
v 0.16238701 -0.01700724 -0.23584499
v 0.17034027 -0.01859002 -0.21925896
v 0.17046905 -0.02906687 -0.22226989
v 0.08458459 -0.18533292 -0.25630020
v 0.15287609 -0.02431849 -0.25341262
v 0.15307352 -0.01498221 -0.25112107
v 0.14634845 -0.05527505 -0.26514549
v 0.14972521 -0.04419034 -0.26052870
v 0.14355171 -0.06426570 -0.26796465
v 0.14210483 -0.07219793 -0.26854922
v 0.13875550 -0.08939199 -0.26859237
v 0.14101350 -0.08036254 -0.26822537
v 0.13175590 -0.10785849 -0.27012825
v 0.13594337 -0.09826356 -0.26916346
v 0.12613387 -0.11869964 -0.27141491
v 0.09042796 -0.18154081 -0.25634255
v 0.12878988 -0.09359417 -0.28157729
v 0.12060643 -0.08949730 -0.29326636
v 0.12201387 -0.07995604 -0.29279556
v 0.13072451 -0.08478115 -0.28138003
v 0.12556435 -0.10352021 -0.28221540
v 0.13206563 -0.07619471 -0.28105225
v 0.11985291 -0.13009005 -0.27247629
v 0.11342142 -0.14082936 -0.27333747
v 0.10095020 -0.15919761 -0.27366138
v 0.10699660 -0.15093451 -0.27365188
v 0.05530620 -0.17082576 -0.32323254
v 0.04839148 -0.17285031 -0.33072618
v 0.13738499 -0.04842978 -0.27576929
v 0.13938231 -0.03925938 -0.27268597
v 0.15190218 -0.03392469 -0.25657744
v 0.14086542 -0.03033165 -0.26974702
v 0.14178629 -0.02127681 -0.26716401
v 0.14242623 -0.01234000 -0.26505463
v 0.12677453 -0.04334915 -0.28604264
v 0.12824735 -0.03473056 -0.28370754
v 0.12936366 -0.02625194 -0.28125864
v 0.13011177 -0.01763187 -0.27900424
v 0.13102693 -0.00911662 -0.27763992
v 0.11143112 -0.08590163 -0.30395155
v 0.11247035 -0.07579703 -0.30276800
v 0.11519898 -0.03957352 -0.29538721
v 0.11625797 -0.03109324 -0.29346908
v 0.11732579 -0.02268956 -0.29156472
v 0.11799578 -0.01418864 -0.29007426
v 0.11889241 -0.00565809 -0.28921660
v 0.12282124 -0.07102253 -0.29200621
v 0.11296765 -0.06652748 -0.30129566
v 0.10157398 -0.08335181 -0.31349667
v 0.10221988 -0.07294411 -0.31170799
v 0.10307157 -0.03662089 -0.30387262
v 0.10413175 -0.02813634 -0.30249856
v 0.10472100 -0.01970740 -0.30109991
v 0.10530001 -0.01109954 -0.30015636
v 0.10684432 -0.00252657 -0.30051665
v 0.10239943 -0.06342020 -0.30964155
v 0.09083497 -0.08148528 -0.32185500
v 0.09121380 -0.07074968 -0.31939773
v 0.06096251 -0.16323565 -0.32856505
v 0.05372503 -0.16463145 -0.33700904
v 0.06604371 -0.15379899 -0.33256978
v 0.05780695 -0.15414640 -0.34133389
v 0.04022331 -0.13994141 -0.35633370
v 0.05119180 -0.14107721 -0.35090811
v 0.01666726 -0.13713336 -0.36046809
v 0.02858654 -0.13851415 -0.35990737
v 0.00475505 -0.13581545 -0.35997930
v 0.09106010 -0.06096618 -0.31689010
v 0.07568256 -0.11717220 -0.33501886
v 0.07297875 -0.13001930 -0.33532608
v 0.07763923 -0.10417121 -0.33386611
v 0.07884146 -0.09167421 -0.33185019
v 0.06993621 -0.14250658 -0.33482659
v 0.07939718 -0.07989552 -0.32919592
v 0.07924974 -0.06907930 -0.32603465
v 0.07870538 -0.05942172 -0.32279380
v 0.06111306 -0.14192091 -0.34362647
v 0.05407930 -0.11455801 -0.34829694
v 0.05519545 -0.10150405 -0.34594353
v 0.06668506 -0.10277637 -0.34045898
v 0.06509943 -0.11581913 -0.34234630
v 0.04249891 -0.11354641 -0.35253182
v 0.04317872 -0.10046460 -0.35004414
v 0.06756672 -0.09018465 -0.33812950
v 0.05573297 -0.08886797 -0.34313685
v 0.04357941 -0.08760354 -0.34686785
v 0.03139309 -0.08684083 -0.34946917
v 0.03083779 -0.09951835 -0.35299796
v 0.05563355 -0.07707182 -0.33941288
v 0.05456580 -0.06689473 -0.33450982
v 0.06715589 -0.06787204 -0.33125949
v 0.06774199 -0.07848972 -0.33481240
v 0.04214260 -0.06630114 -0.33592122
v 0.04327895 -0.07573584 -0.34237566
v 0.05368644 -0.05732872 -0.33056740
v 0.06617874 -0.05839176 -0.32745578
v 0.04152663 -0.05680331 -0.33238494
v 0.05373023 -0.04834404 -0.32813543
v 0.06643515 -0.04957957 -0.32544472
v 0.07830619 -0.05046182 -0.32004181
v 0.09075867 -0.05179044 -0.31456756
v 0.10274126 -0.05415841 -0.30737322
v 0.11380813 -0.05716249 -0.29899486
v 0.12419178 -0.06135794 -0.28988596
v 0.13395826 -0.06657287 -0.27990715
v 0.04164101 -0.04784814 -0.32946106
v 0.20132155 -0.08715705 -0.02774797
v 0.20328503 -0.07635950 -0.02474292
v 0.19875361 -0.09775570 -0.03044625
v 0.19593112 -0.10807992 -0.03329562
v 0.18938671 -0.12711423 -0.04062672
v 0.19271932 -0.11789155 -0.03701374
v 0.17534214 -0.15217647 -0.04911107
v 0.18075923 -0.14386297 -0.04681384
v 0.16963558 -0.16085939 -0.05106962
v 0.16284772 -0.16953989 -0.05274024
v 0.15491476 -0.17782674 -0.05390337
v 0.20153836 -0.08550311 -0.03743994
v 0.20323130 -0.07449915 -0.03516238
v 0.19914886 -0.09664068 -0.03902052
v 0.19644657 -0.10747279 -0.04133804
v 0.19061219 -0.12696443 -0.04991470
v 0.19377688 -0.11739875 -0.04588179
v 0.18122839 -0.14494370 -0.05590725
v 0.06316053 -0.12890782 -0.34359838
v 0.05248429 -0.12777999 -0.35010011
v 0.04120581 -0.12676699 -0.35486629
v 0.01813458 -0.11169261 -0.35800027
v 0.03036176 -0.11261586 -0.35571650
v 0.02934715 -0.12556317 -0.35787436
v 0.01722065 -0.12440863 -0.35931403
v 0.00603490 -0.11107737 -0.35845981
v 0.00511863 -0.12341562 -0.35947323
v 0.02977610 -0.04747805 -0.33094617
v 0.04320232 -0.22065352 -0.04770024
v 0.04104683 -0.22062294 -0.04637473
v 0.04023320 -0.21967483 -0.04389736
v 0.03989661 -0.22019145 -0.04526754
v 0.04114676 -0.22031670 -0.04177533
v 0.03983226 -0.22020358 -0.04468487
v 0.03960440 -0.22104366 -0.04626300
v 0.04116954 -0.22032979 -0.04191823
v 0.06636758 -0.22103876 -0.09131279
v 0.06311888 -0.22328576 -0.09681240
v 0.05961592 -0.22207200 -0.08739305
v 0.05656164 -0.22433452 -0.09249731
v 0.05324941 -0.22319140 -0.08355878
v 0.05052185 -0.22569957 -0.08816255
v 0.04077103 -0.22096295 -0.04780891
v 0.04277032 -0.22062446 -0.05028690
v 0.10059517 -0.21824707 -0.11891803
v 0.10590001 -0.21580188 -0.10992569
v 0.09707519 -0.21713040 -0.10587381
v 0.09233391 -0.21950543 -0.11410583
v 0.04536396 -0.22021241 -0.05290614
v 0.04644294 -0.22050958 -0.05078184
v 0.04734305 -0.21935441 -0.06133582
v 0.04808000 -0.21914123 -0.05837071
v 0.13023959 -0.19517915 -0.03255831
v 0.12753523 -0.19588755 -0.03546242
v 0.13753277 -0.19562905 -0.01750196
v 0.13219800 -0.19415115 -0.02986006
v 0.13377458 -0.19357921 -0.02693456
v 0.13536049 -0.19386846 -0.02424337
v 0.13639820 -0.19439631 -0.02150290
v 0.13711799 -0.19509598 -0.01910417
v 0.03785976 -0.22315453 -0.04366527
v 0.03415497 -0.22455880 -0.04249039
v 0.03370082 -0.22413853 -0.04618810
v 0.03772498 -0.22270609 -0.04619873
v 0.02960054 -0.22590416 -0.04041001
v 0.02975329 -0.22514072 -0.04578143
v 0.02524419 -0.22823383 -0.03951294
v 0.02566942 -0.22741516 -0.04567776
v 0.01508607 -0.23719887 -0.03750321
v 0.01516051 -0.23682177 -0.04471826
v 0.02077604 -0.23153849 -0.04546201
v 0.02038884 -0.23218894 -0.03872384
v 0.03499060 -0.22376189 -0.04924363
v 0.03827008 -0.22305290 -0.04840923
v 0.03119452 -0.22426696 -0.05029066
v 0.00309315 -0.24735660 -0.04115863
v 0.00283315 -0.24729696 -0.03510853
v -0.00409511 -0.25073987 -0.03427457
v -0.00364041 -0.25068521 -0.04009226
v 0.00930985 -0.24244806 -0.03623039
v 0.00949895 -0.24244344 -0.04280617
v -0.00350095 -0.25148978 -0.04583870
v 0.01673737 -0.23698350 -0.05412136
v 0.00987572 -0.24344798 -0.04981619
v 0.00350362 -0.24822770 -0.04728746
v 0.02712991 -0.22664457 -0.05126160
v 0.02253293 -0.23075675 -0.05277503
v 0.04245581 -0.23435563 -0.11498462
v 0.03789760 -0.23797952 -0.10939051
v 0.03465041 -0.24102831 -0.11505193
v 0.03895624 -0.23692358 -0.12057697
v 0.04788027 -0.22896977 -0.13158269
v 0.04323859 -0.23277076 -0.12581354
v 0.00741080 -0.04867797 -0.33450796
v 0.11176259 -0.20543850 -0.03376285
v 0.05471428 -0.25017727 0.00213119
v 0.20173985 -0.08302169 -0.05922405
v 0.20312128 -0.07180160 -0.05762112
v 0.20280381 -0.07300078 -0.04611095
v 0.20149948 -0.08421060 -0.04746252
v 0.19933447 -0.09583439 -0.04798463
v 0.19949996 -0.09448221 -0.06053155
v 0.18124381 -0.14846730 -0.07618275
v 0.18143821 -0.14645280 -0.06570146
v 0.19110149 -0.12686912 -0.07133182
v 0.19452742 -0.11604073 -0.06771969
v 0.19431957 -0.11675499 -0.05578888
v 0.19131441 -0.12684572 -0.06009598
v 0.19733451 -0.10556402 -0.06300631
v 0.19694899 -0.10689284 -0.05031565
v 0.05250019 -0.21805018 -0.06137400
v 0.05201575 -0.21833311 -0.06464579
v 0.06378673 -0.21711048 -0.07399559
v 0.06382465 -0.21623703 -0.07023601
v 0.05758727 -0.21731420 -0.06748444
v 0.05735805 -0.21818511 -0.07101449
v 0.05543821 -0.22115011 -0.07902480
v 0.06196643 -0.22002843 -0.08267064
v 0.06331405 -0.21847392 -0.07814046
v 0.05681724 -0.21939054 -0.07484724
v 0.06381917 -0.21582765 -0.06671499
v 0.05768983 -0.21681275 -0.06412320
v 0.06365658 -0.21603225 -0.06321080
v 0.06992198 -0.21466985 -0.06498028
v 0.06963617 -0.21562464 -0.06114587
v 0.06344074 -0.21657093 -0.05952508
v 0.07082179 -0.21601948 -0.07688094
v 0.07066159 -0.21516300 -0.07273846
v 0.06897299 -0.21892310 -0.08618663
v 0.07050137 -0.21722139 -0.08132864
v 0.07029051 -0.21469196 -0.06876986
v 0.07703084 -0.21334369 -0.06646312
v 0.07631498 -0.21463390 -0.06207387
v 0.07848714 -0.21498665 -0.07899550
v 0.07830646 -0.21403641 -0.07459577
v 0.07617090 -0.21787807 -0.08919149
v 0.07802092 -0.21605091 -0.08382439
v 0.07773179 -0.21335079 -0.07053050
v 0.08441000 -0.21303264 -0.06234670
v 0.08586008 -0.21192353 -0.06733052
v 0.08733164 -0.21310450 -0.07643897
v 0.08714047 -0.21378401 -0.08119218
v 0.08384476 -0.21662285 -0.09214696
v 0.08626893 -0.21478010 -0.08638658
v 0.08687464 -0.21253040 -0.07191937
v 0.09625217 -0.20998387 -0.06796589
v 0.09392495 -0.21076679 -0.06325750
v 0.09636839 -0.21259830 -0.08311399
v 0.09713896 -0.21147587 -0.07789332
v 0.09210511 -0.21569015 -0.09504659
v 0.09476069 -0.21383214 -0.08871513
v 0.09727063 -0.21057233 -0.07283893
v 0.05342483 -0.21905762 -0.05589653
v 0.04956410 -0.21970301 -0.05354732
v 0.04876141 -0.21923850 -0.05570663
v 0.05292258 -0.21834051 -0.05838985
v 0.05787086 -0.21703470 -0.06088582
v 0.05816596 -0.21795965 -0.05799980
v 0.06928231 -0.21781788 -0.05807579
v 0.06346469 -0.21817179 -0.05706532
v 0.06894083 -0.22019488 -0.05541260
v 0.07554417 -0.21762134 -0.05855637
v 0.07455110 -0.22022446 -0.05571924
v 0.08307402 -0.21725221 -0.05862591
v 0.03180304 -0.23405637 -0.02324498
v 0.03635123 -0.23646579 -0.01873693
v 0.05399485 -0.21986035 -0.05361348
v 0.05044989 -0.22036265 -0.05151918
v 0.05846310 -0.21928845 -0.05573511
v 0.09164263 -0.21435395 -0.05927672
v 0.10093931 -0.21121034 -0.05802989
v 0.10433336 -0.20793448 -0.06217422
v 0.10897867 -0.20843506 -0.05540801
v 0.11395172 -0.20453228 -0.05929743
v 0.11445447 -0.20625112 -0.05159293
v 0.12020241 -0.20172148 -0.05537715
v 0.11842307 -0.20411114 -0.04806606
v 0.12443965 -0.19954930 -0.05102524
v 0.12150529 -0.20203186 -0.04482861
v 0.12725469 -0.19755309 -0.04623797
v 0.10863143 -0.20813888 -0.07280115
v 0.10779659 -0.20710529 -0.06714416
v 0.10791707 -0.20952251 -0.07866398
v 0.10634727 -0.21093106 -0.08471310
v 0.10102792 -0.21457800 -0.09800085
v 0.10408012 -0.21256616 -0.09111350
v 0.04330774 -0.22665240 -0.17691305
v 0.03734991 -0.22904802 -0.17978900
v 0.11010990 -0.21307245 -0.10144885
v 0.11351651 -0.21091155 -0.09373138
v 0.11844843 -0.20680330 -0.07951137
v 0.11619255 -0.20861366 -0.08641995
v 0.12013153 -0.20476511 -0.07273171
v 0.12900856 -0.20687317 -0.10963355
v 0.11939030 -0.21053145 -0.10518647
v 0.13294600 -0.20350669 -0.10002700
v 0.12318571 -0.20792929 -0.09655194
v 0.12627594 -0.20534481 -0.08845226
v 0.13615750 -0.20052181 -0.09090942
v 0.13906248 -0.19788540 -0.08235294
v 0.12891081 -0.20302371 -0.08075429
v 0.13122000 -0.20029505 -0.07339308
v 0.12334321 -0.19976674 -0.04172466
v 0.12926200 -0.19527583 -0.04211667
v 0.20005022 -0.08759176 0.01273844
v 0.14325845 -0.18349360 -0.03762946
v 0.14189424 -0.18522724 -0.04252134
v 0.13527653 -0.19027031 -0.04232696
v 0.13701999 -0.18829163 -0.03803770
v 0.14035284 -0.18760675 -0.04798337
v 0.13345688 -0.19277806 -0.04722862
v 0.13324294 -0.19728317 -0.06618971
v 0.12089878 -0.20225298 -0.06493723
v 0.13864717 -0.20158005 -0.11428993
v 0.14287347 -0.19790681 -0.10373765
v 0.14623217 -0.19441721 -0.09350220
v 0.14909122 -0.19144182 -0.08415088
v 0.14821026 -0.19441055 -0.11911343
v 0.15270641 -0.19047501 -0.10738480
v 0.15618375 -0.18683220 -0.09608541
v 0.15865720 -0.18346321 -0.08589554
v 0.15681638 -0.18464723 -0.12355257
v 0.16152279 -0.18057987 -0.11055953
v 0.16512618 -0.17704871 -0.09831403
v 0.16730959 -0.17366170 -0.08725611
v 0.16435206 -0.17228616 -0.12765021
v 0.16912230 -0.16859539 -0.11290246
v 0.17251354 -0.16542930 -0.09966553
v 0.17428783 -0.16236222 -0.08789596
v 0.18040212 -0.15073602 -0.08749135
v 0.17880189 -0.15305990 -0.09989207
v 0.17191895 -0.15795844 -0.13000785
v 0.17616719 -0.15553921 -0.11376708
v 0.19145093 -0.10116434 -0.11802187
v 0.19461736 -0.08887945 -0.11436722
v 0.19624093 -0.09002863 -0.10077954
v 0.19326371 -0.10208569 -0.10426074
v 0.19774567 -0.09120680 -0.08748921
v 0.19500914 -0.10281660 -0.09061099
v 0.19879660 -0.09272183 -0.07384685
v 0.19648185 -0.10399811 -0.07670403
v 0.19738516 -0.07702314 -0.11099524
v 0.19858361 -0.07847503 -0.09771123
v 0.19983183 -0.08000305 -0.08469424
v 0.20096741 -0.08153490 -0.07162576
v 0.19936060 -0.06567532 -0.10771845
v 0.20056897 -0.06747037 -0.09479645
v 0.20161354 -0.06915816 -0.08213062
v 0.20279700 -0.07051928 -0.06959558
v 0.20377497 -0.03543710 -0.09715511
v 0.20240983 -0.04490943 -0.10088576
v 0.03542785 -0.24327961 -0.01151906
v 0.02824845 -0.24789469 -0.00972663
v 0.04185049 -0.23929592 -0.01419301
v 0.04751492 -0.24244403 -0.00903532
v 0.03824724 -0.23052686 -0.18515274
v 0.04489607 -0.22791855 -0.18256999
v 0.20491042 -0.03740680 -0.08588674
v 0.20374855 -0.04690115 -0.08889857
v 0.20525303 -0.03882802 -0.07474663
v 0.20432313 -0.04850870 -0.07717941
v 0.20493944 -0.03957819 -0.06361756
v 0.20433222 -0.04945453 -0.06554386
v 0.20428949 -0.04008474 -0.05245205
v 0.20427005 -0.05013052 -0.05397834
v 0.20357825 -0.04030647 -0.04104961
v 0.20410177 -0.05087361 -0.04239222
v 0.20412268 -0.04046880 -0.02865390
v 0.20466407 -0.05189760 -0.03044683
v 0.20801152 -0.03846174 -0.01332492
v 0.20525021 -0.05332978 -0.01794009
v 0.20818863 -0.04604863 -0.00069686
v 0.20612166 -0.05705445 -0.00633952
v 0.20807427 -0.05124085 0.00975559
v 0.20619020 -0.06118343 0.00412245
v 0.20820760 -0.05578123 0.01928617
v 0.20605408 -0.06521818 0.01379068
v 0.20800384 -0.06004944 0.02844775
v 0.20697709 -0.06448936 0.03732688
v 0.20405253 -0.07327570 0.03186092
v 0.20553216 -0.06916568 0.02297556
v 0.20578363 -0.06907571 0.04590819
v 0.20232776 -0.07745935 0.04022749
v 0.19547606 -0.10638628 0.09165046
v 0.19250777 -0.11428114 0.09820422
v 0.18879912 -0.12109610 0.09069381
v 0.19158130 -0.11352210 0.08452052
v 0.18555698 -0.12890190 0.09629639
v 0.18909436 -0.12228390 0.10421594
v 0.18487316 -0.13011577 0.10958252
v 0.18151562 -0.13659073 0.10147421
v 0.17993977 -0.13774570 0.11432469
v 0.17688978 -0.14413209 0.10609944
v 0.17461909 -0.14528260 0.11828392
v 0.17195371 -0.15168374 0.10988219
v 0.16638868 -0.15885965 0.11292001
v 0.16891970 -0.15261421 0.12148432
v 0.16311406 -0.15973470 0.12405364
v 0.16070324 -0.16573081 0.11536792
v 0.14935214 -0.17914868 0.11963497
v 0.15138418 -0.17354764 0.12847375
v 0.14481720 -0.18043205 0.13057404
v 0.14314961 -0.18602275 0.12162357
v 0.15740522 -0.16673189 0.12630525
v 0.15502210 -0.17236138 0.11752854
v 0.13132574 -0.19590501 0.13473945
v 0.12407900 -0.20372751 0.13627028
v 0.12301001 -0.20910041 0.12661025
v 0.13048521 -0.20159934 0.12533947
v 0.11615587 -0.21100075 0.13728618
v 0.10792074 -0.21804423 0.13799059
v 0.10670141 -0.22246850 0.12792052
v 0.11491282 -0.21584949 0.12735278
v 0.09935493 -0.22509890 0.13836930
v 0.09839442 -0.22942186 0.12828699
v 0.09036652 -0.23222437 0.13846093
v 0.08948978 -0.23648981 0.12843467
v 0.13812443 -0.18796699 0.13275017
v 0.13694358 -0.19359395 0.12357985
v 0.20464717 -0.07405328 0.05418020
v 0.20067614 -0.08211090 0.04833469
v 0.19574080 -0.09945999 0.07100292
v 0.19999115 -0.09190770 0.07748783
v 0.19789960 -0.09888140 0.08478603
v 0.19373356 -0.10624355 0.07798404
v 0.19881097 -0.08717287 0.05615844
v 0.20298684 -0.07926218 0.06219994
v 0.20181804 -0.08537852 0.06995302
v 0.19769594 -0.09313772 0.06367387
v 0.04435653 -0.23116681 -0.09833987
v 0.04754769 -0.22841973 -0.09305108
v 0.04125529 -0.23470134 -0.10380140
v 0.07789964 -0.24543632 0.11796193
v 0.07966339 -0.24281217 0.12819227
v 0.07589237 -0.24746620 0.10814233
v 0.07341430 -0.24860150 0.09873826
v 0.06912924 -0.25198559 0.08055781
v 0.07110723 -0.25000004 0.08953060
v 0.01639980 -0.24886294 -0.01369320
v 0.01338486 -0.24634256 -0.01917391
v 0.05145445 -0.21900240 -0.06799572
v 0.04914349 -0.22209864 -0.07526376
v 0.05075214 -0.22036878 -0.07147797
v 0.04692626 -0.22443582 -0.07926920
v 0.04436071 -0.22687011 -0.08365815
v 0.04153783 -0.22957860 -0.08853905
v 0.03881931 -0.23323883 -0.09345705
v 0.03586658 -0.23720479 -0.09858324
v 0.03317048 -0.24140539 -0.10423051
v 0.02625717 -0.24883252 -0.10499235
v 0.03065069 -0.24540401 -0.10991741
v 0.02824602 -0.24440397 -0.09921457
v 0.02354533 -0.24724480 -0.09413690
v 0.02182284 -0.25181388 -0.10006932
v 0.01746879 -0.25489247 -0.09520258
v 0.01909548 -0.25030892 -0.08906080
v 0.00498044 -0.25818724 -0.07544041
v 0.00342694 -0.26168109 -0.08298409
v 0.00834433 -0.26000011 -0.08649927
v 0.00998286 -0.25612823 -0.07960986
v -0.00590415 -0.25838319 -0.06558230
v -0.00686766 -0.26091058 -0.07302488
v -0.00166739 -0.26222369 -0.07915976
v -0.00026768 -0.25855754 -0.06999264
v 0.04902465 -0.22028486 -0.04640442
v 0.04754839 -0.22062435 -0.04906180
v 0.04843051 -0.22061957 -0.04760304
v -0.00286544 -0.25414831 -0.01825084
v 0.00558228 -0.25061306 -0.01856693
v 0.04577902 -0.21896775 -0.04203389
v 0.04556863 -0.21876008 -0.04205749
v 0.04581881 -0.21914685 -0.04205193
v 0.04595225 -0.21919525 -0.04212015
v 0.04590821 -0.21922400 -0.04211995
v 0.04595163 -0.21876661 -0.04236010
v 0.04833345 -0.21860648 -0.04294935
v 0.04657562 -0.21847733 -0.04250524
v 0.09787712 -0.18017090 -0.24876951
v 0.10354558 -0.17507350 -0.24712744
v 0.09923054 -0.16879492 -0.26404736
v 0.10179913 -0.17193662 -0.25523274
v 0.09634553 -0.17719853 -0.25597022
v 0.09351722 -0.17408568 -0.26354596
v 0.10479280 -0.16239347 -0.26390643
v 0.10758134 -0.16579566 -0.25437666
v 0.05811559 -0.24461270 -0.00464773
v 0.05159300 -0.24639586 -0.00349193
v 0.09097757 -0.03443159 -0.31144446
v 0.09162607 -0.02571877 -0.31040872
v 0.09204757 -0.01700581 -0.30958124
v 0.09291990 -0.00829880 -0.30994647
v 0.09468157 0.00024264 -0.31150770
v 0.07969298 -0.01522428 -0.31783267
v 0.08075995 -0.00648591 -0.31942792
v 0.08270150 0.00198693 -0.32230488
v 0.06879355 -0.00514489 -0.32859762
v 0.07078744 0.00323917 -0.33256454
v 0.06760578 -0.01377988 -0.32571322
v 0.04687535 0.00290600 -0.35098188
v 0.05884717 0.00345012 -0.34220223
v 0.05669091 -0.00477110 -0.33684266
v 0.04481504 -0.00523155 -0.34446814
v 0.05533030 -0.01316483 -0.33245026
v 0.04346442 -0.01326690 -0.33871897
v 0.03278340 -0.00639379 -0.35102838
v 0.03462907 0.00165793 -0.35858068
v 0.02062991 -0.00814871 -0.35631588
v 0.02205400 -0.00011850 -0.36463699
v 0.03165466 -0.01427888 -0.34429809
v 0.01978581 -0.01589133 -0.34871280
v 0.01857485 -0.04785096 -0.33257856
v 0.03095883 -0.20063072 -0.29122919
v 0.02372430 -0.20186210 -0.29475651
v 0.02158713 -0.20025286 -0.30145916
v 0.00791073 -0.01791559 -0.35171683
v 0.00844824 -0.01034777 -0.35994580
v 0.00927115 -0.00231041 -0.36879829
v 0.05463961 -0.02186592 -0.32946526
v 0.05443948 -0.03077430 -0.32790151
v 0.04233678 -0.03017129 -0.33128660
v 0.04267501 -0.02153856 -0.33423121
v 0.03059140 -0.03030165 -0.33428667
v 0.03094636 -0.02213734 -0.33855209
v 0.01900762 -0.03117338 -0.33683955
v 0.01926994 -0.02339610 -0.34198191
v 0.00739246 -0.03254351 -0.33808896
v 0.00757978 -0.02512252 -0.34426184
v 0.06703344 -0.02288234 -0.32389590
v 0.06748829 -0.03233707 -0.32433702
v 0.07967428 -0.02432909 -0.31806094
v 0.07980465 -0.03330587 -0.31908458
v 0.10917180 -0.20827323 -0.03486210
v 0.11037969 -0.20758963 -0.03562134
v 0.11198435 -0.20588294 -0.03645888
v 0.11555055 -0.20388982 -0.03758993
v 0.11970747 -0.20083236 -0.03833922
v 0.12504458 -0.19740119 -0.03860180
v 0.13125042 -0.19318896 -0.03832756
v -0.00899420 -0.24722720 -0.19453773
v -0.00511736 -0.24766490 -0.19498795
v -0.00127673 -0.24729322 -0.19548866
v 0.00264144 -0.24612806 -0.19586546
v 0.00692626 -0.24455851 -0.19596772
v 0.00702893 -0.24513104 -0.20189522
v 0.01171959 -0.24265181 -0.19613241
v 0.01660649 -0.24055789 -0.19606456
v 0.02158876 -0.23845185 -0.19554241
v 0.02676824 -0.23626798 -0.19469095
v 0.03253030 -0.23391074 -0.19349343
v 0.03888406 -0.23109051 -0.19185355
v 0.04604929 -0.22798397 -0.18963343
v 0.18478388 -0.13536866 -0.03510645
v 0.18553394 -0.13554806 -0.04391864
v 0.18628733 -0.13590129 -0.05332830
v 0.18674784 -0.13662034 -0.06340067
v 0.18650704 -0.13768052 -0.07421386
v 0.06750071 -0.25474271 0.07197803
v 0.07326134 -0.25535416 0.05782921
v 0.08115579 -0.25065480 0.05900136
v 0.08843664 -0.24572692 0.05983770
v 0.09578621 -0.24116091 0.06051837
v 0.11016143 -0.23138448 0.06101499
v 0.10314596 -0.23662916 0.06091071
v 0.12242555 -0.21953371 0.05973576
v 0.11665871 -0.22554303 0.06052948
v 0.12781772 -0.21364131 0.05861444
v 0.13288470 -0.20765116 0.05700870
v 0.13774769 -0.20159224 0.05507997
v 0.14260285 -0.19560170 0.05294783
v 0.15188329 -0.18415106 0.04768356
v 0.14724562 -0.18976485 0.05050591
v 0.15615909 -0.17850690 0.04447217
v 0.16016980 -0.17296765 0.04090329
v 0.16402350 -0.16768604 0.03690312
v 0.16737329 -0.16249983 0.03259950
v 0.17020421 -0.15760018 0.02797164
v 0.17276717 -0.15324188 0.02294160
v 0.17498420 -0.14934853 0.01765064
v 0.17698159 -0.14601238 0.01210792
v 0.17882045 -0.14323484 0.00642597
v 0.17999242 -0.14067649 0.00047700
v 0.18143821 -0.13878200 -0.00581812
v 0.18282745 -0.13745431 -0.01237684
v 0.18356969 -0.13629164 -0.01930497
v 0.18410617 -0.13552041 -0.02689076
v 0.19422720 -0.11549744 -0.08032106
v 0.19245098 -0.11492797 -0.09381541
v 0.18993907 -0.11454719 -0.10754553
v 0.18791079 -0.11395146 -0.12165659
v 0.18531951 -0.11253693 -0.13630087
v 0.19486188 -0.04870776 -0.14413788
v 0.19706283 -0.05088993 -0.13002212
v 0.19908985 -0.05292456 -0.11701144
v 0.20101561 -0.05501872 -0.10431109
v 0.20225343 -0.05690869 -0.09193672
v 0.20302624 -0.05862535 -0.07965976
v 0.20359845 -0.05980219 -0.06759613
v 0.20380918 -0.06074209 -0.05591341
v 0.20384935 -0.06186581 -0.04426740
v 0.20427294 -0.06322906 -0.03279782
v 0.20468858 -0.06520005 -0.02145652
v 0.20422499 -0.06806102 -0.01069608
v 0.20414203 -0.07163283 -0.00068404
v 0.20372381 -0.07507630 0.00872535
v 0.20281276 -0.07847725 0.01758312
v 0.20127878 -0.08216503 0.02630249
v 0.19934529 -0.08591001 0.03469881
v 0.19744172 -0.09020008 0.04273686
v 0.19569798 -0.09519533 0.05030025
v 0.19419361 -0.10072913 0.05752693
v 0.19186073 -0.10671217 0.06455495
v 0.18997477 -0.11333179 0.07122176
v 0.18792972 -0.12034136 0.07752630
v 0.18539832 -0.12771045 0.08334975
v 0.18236823 -0.13539247 0.08866608
v 0.17816253 -0.14275172 0.09360977
v 0.17379213 -0.15021437 0.09796308
v 0.16905407 -0.15763099 0.10162899
v 0.16353219 -0.16452599 0.10460305
v 0.15790025 -0.17110683 0.10705102
v 0.15255157 -0.17769271 0.10923179
v 0.14715142 -0.18437434 0.11123202
v 0.14126895 -0.19118000 0.11306090
v 0.13524596 -0.19859241 0.11479389
v 0.12135727 -0.21375371 0.11736242
v 0.12885400 -0.20655229 0.11637061
v 0.10505692 -0.22635420 0.11819923
v 0.11323948 -0.22002419 0.11781959
v 0.09679102 -0.23302352 0.11846509
v 0.08775480 -0.23958859 0.11846543
v 0.00747131 -0.04062012 -0.33434109
v 0.01883877 -0.03938812 -0.33356288
v 0.03019418 -0.03870695 -0.33146937
v 0.04196557 -0.03889605 -0.32932312
v 0.05424066 -0.03958069 -0.32739122
v 0.06753409 -0.04110718 -0.32543542
v 0.07884844 -0.04187624 -0.31915915
v 0.09045512 -0.04301382 -0.31261087
v 0.10260529 -0.04530910 -0.30551549
v 0.11449280 -0.04824711 -0.29708522
v 0.12543042 -0.05220406 -0.28802414
v 0.13553110 -0.05760484 -0.27831398
v 0.16115098 -0.03763020 -0.24189136
v 0.16932384 -0.04022196 -0.22626381
v 0.17679700 -0.04214480 -0.20948679
v 0.18281159 -0.04335904 -0.19224714
v 0.18765329 -0.04482371 -0.17551256
v 0.19170413 -0.04645083 -0.15929049
v 0.00092598 -0.26030727 0.14805610
v 0.01005773 -0.25986873 0.14321477
v 0.01896510 -0.25965605 0.13943057
v 0.02857221 -0.25834629 0.13760079
v 0.03879242 -0.25656657 0.13727055
v 0.04944965 -0.25356987 0.13725435
v 0.06014479 -0.24986798 0.13764510
v 0.07064116 -0.24506959 0.13812336
v 0.08079097 -0.23905153 0.13852456
v 0.06913765 -0.22421685 -0.04681257
v 0.07354118 -0.22485631 -0.04699653
v 0.04352012 -0.26195319 0.01227446
v 0.04030836 -0.26105497 0.00957242
v 0.03614606 -0.25945348 0.00601185
v 0.03135638 -0.25737221 0.00215624
v 0.02603443 -0.25495859 -0.00236584
v 0.02044678 -0.25224098 -0.00785034
v 0.03700324 -0.26330662 0.01256545
v 0.03152586 -0.26206137 0.00923905
v 0.02560626 -0.26058076 0.00538303
v 0.01907643 -0.25878159 0.00051267
v 0.01068191 -0.25681190 -0.00649862
v 0.00777442 -0.25287476 -0.01305717
v 0.03501576 -0.26576483 0.01704829
v 0.03414709 -0.26822152 0.02241230
v 0.02631254 -0.26761068 0.01882683
v 0.02812555 -0.26485021 0.01347040
v 0.01877437 -0.26670432 0.01516045
v 0.02129377 -0.26379696 0.00955768
v 0.01140497 -0.26625270 0.01070209
v 0.01409948 -0.26275131 0.00483774
v 0.00376534 -0.26497785 0.00608880
v 0.00626716 -0.26104368 -0.00058635
v 0.02559370 -0.26972640 0.02520421
v 0.03407359 -0.26996562 0.02853162
v 0.01760677 -0.26911668 0.02180436
v 0.01001304 -0.26887680 0.01812715
v 0.00249132 -0.26862466 0.01398493
v -0.00122757 -0.25886245 -0.00713518
v -0.00164692 -0.25635483 -0.01193271
v -0.00402926 -0.26396983 0.00253958
v -0.00511323 -0.26783401 0.01098465
v -0.00238186 -0.26113628 -0.00357501
v 0.04274207 -0.26364972 0.01511746
v 0.04241276 -0.26586046 0.01943606
v 0.04249535 -0.26798145 0.02490781
v 0.05611239 -0.26120439 0.01751170
v 0.04923368 -0.26285621 0.01661343
v 0.04297680 -0.26915296 0.03124288
v 0.05777899 -0.26326138 0.02314074
v 0.05006065 -0.26489271 0.02157141
v 0.05942679 -0.26441277 0.02919457
v 0.05100861 -0.26651679 0.02726321
v 0.06090360 -0.26464530 0.03558853
v 0.05210109 -0.26729280 0.03356116
v 0.06598151 -0.25737470 0.06384992
v 0.06216927 -0.26374021 0.04236574
v 0.06346208 -0.26213521 0.04928117
v 0.06467807 -0.25996754 0.05631466
v 0.04390508 -0.26955536 0.03821318
v 0.03461329 -0.27092341 0.03542395
v 0.05327248 -0.26712020 0.04041405
v 0.02560212 -0.27125082 0.03234434
v -0.00553695 -0.27075460 0.02027369
v 0.00187691 -0.27077028 0.02259341
v 0.00954957 -0.27086584 0.02571504
v 0.01725567 -0.27108641 0.02876790
v -0.00560094 -0.27228138 0.02887334
v 0.00189335 -0.27224543 0.03097081
v 0.00952385 -0.27227475 0.03364249
v 0.01731947 -0.27213411 0.03649378
v 0.02610718 -0.27196834 0.03998613
v 0.03542137 -0.27112535 0.04290290
v 0.04503754 -0.26925807 0.04533119
v 0.05439990 -0.26594051 0.04746507
v -0.00565191 -0.27319488 0.03814547
v 0.00196680 -0.27298190 0.03997225
v 0.00964060 -0.27290206 0.04235934
v 0.01780570 -0.27243438 0.04489935
v 0.02681617 -0.27172251 0.04803060
v 0.03645076 -0.27050606 0.05054732
v 0.04616397 -0.26796435 0.05266365
v 0.05559592 -0.26431222 0.05466180
v 0.03981626 -0.22036797 -0.04265589
v 0.03903344 -0.22138704 -0.04543614
v 0.03954891 -0.22180862 -0.04729425
v 0.00705377 -0.24410007 -0.22264362
v 0.00654683 -0.24353672 -0.18486043
v 0.00691824 -0.24416678 -0.19019914
v 0.00601588 -0.24275659 -0.17985087
v 0.00590411 -0.24266833 -0.17526973
v 0.01295522 -0.25763455 -0.09067663
v 0.01460766 -0.25326103 -0.08420630
v 0.17405460 -0.14144055 -0.14497539
v 0.17836510 -0.14217388 -0.12829721
v 0.17966739 -0.12611053 -0.14017625
v 0.18302871 -0.12737963 -0.12497553
v 0.18686412 -0.12776376 -0.11059991
v 0.18914567 -0.12756641 -0.09671487
v 0.19006331 -0.12706594 -0.08350007
v 0.18564694 -0.13890467 -0.08602226
v 0.18478047 -0.14032978 -0.09888470
v 0.18208288 -0.14139077 -0.11280618
v 0.13083635 -0.19526307 -0.05261286
v 0.13850519 -0.19071056 -0.05376661
v 0.14659561 -0.18477594 -0.05416598
v 0.14526038 -0.18812995 -0.06036566
v 0.13603000 -0.19386445 -0.05971781
v 0.12718350 -0.19816503 -0.05816016
v -0.05986450 -0.22332120 -0.04922739
v 0.03674734 -0.22316689 -0.05290792
v -0.06243889 -0.22213275 -0.05366723
v 0.03888656 -0.22231637 -0.05686956
v -0.06567650 -0.22084132 -0.05755138
v 0.04203314 -0.22117679 -0.06073531
v -0.06989869 -0.21974703 -0.06141814
v 0.04632778 -0.21996623 -0.06449509
v -0.05693576 -0.22381727 -0.05125697
v 0.03349387 -0.22360402 -0.05482643
v -0.05996491 -0.22309004 -0.05615071
v 0.03649272 -0.22309273 -0.05941371
v -0.06393106 -0.22210754 -0.06063614
v 0.04034842 -0.22236124 -0.06366590
v -0.06880942 -0.22119758 -0.06481977
v 0.04522233 -0.22124651 -0.06775946
v -0.06228753 -0.22842070 -0.07654081
v -0.06486881 -0.22562876 -0.07208087
v -0.06717918 -0.22326370 -0.06829418
v -0.05953521 -0.23147574 -0.08149081
v -0.05692879 -0.23473003 -0.08685858
v 0.03340567 -0.23554258 -0.08862533
v 0.03606195 -0.23160898 -0.08376313
v 0.04102925 -0.22522912 -0.07505798
v 0.03859027 -0.22816858 -0.07919029
v 0.04342011 -0.22289749 -0.07136043
v -0.05636076 -0.22957736 -0.07156635
v -0.05923891 -0.22672820 -0.06727610
v 0.03560395 -0.22634683 -0.07027011
v 0.03306446 -0.22973983 -0.07421692
v -0.06175602 -0.22408925 -0.06381433
v 0.03817763 -0.22397326 -0.06678618
v -0.05064290 -0.23131809 -0.06625509
v -0.05386485 -0.22770768 -0.06216894
v 0.03076467 -0.22755612 -0.06518632
v 0.02782836 -0.23138413 -0.06882351
v -0.05705743 -0.22487323 -0.05892754
v 0.03366495 -0.22459866 -0.06214831
v -0.04516406 -0.23347323 -0.06055704
v -0.04941706 -0.22924431 -0.05645270
v 0.02624032 -0.22928897 -0.05925434
v 0.02259441 -0.23367470 -0.06255157
v -0.05342291 -0.22576478 -0.05353387
v 0.02986246 -0.22556899 -0.05684418
v -0.05362295 -0.23309653 -0.07663611
v 0.03047202 -0.23360084 -0.07863046
v -0.04791613 -0.23543836 -0.07148140
v 0.02512480 -0.23552027 -0.07317532
v -0.04234245 -0.23822482 -0.06636117
v 0.02000499 -0.23818723 -0.06727124
v -0.03684155 -0.24217806 -0.06126758
v 0.01517693 -0.24194692 -0.06119919
v -0.05122767 -0.23674296 -0.08227507
v 0.02804855 -0.23795762 -0.08338850
v 0.02313311 -0.24033370 -0.07788671
v -0.04581232 -0.23964410 -0.07741126
v -0.03548626 -0.24654097 -0.06834268
v -0.04063934 -0.24295473 -0.07272114
v 0.01354598 -0.24652041 -0.06706297
v 0.01823883 -0.24298754 -0.07240679
v -0.03460030 -0.25050599 -0.07511997
v -0.03940435 -0.24716779 -0.07928588
v 0.01652087 -0.24826526 -0.07798803
v 0.01166805 -0.25129522 -0.07302554
v -0.04422092 -0.24384023 -0.08369368
v 0.02089016 -0.24526463 -0.08328470
v 0.02541990 -0.24245671 -0.08865130
v -0.04933084 -0.24090212 -0.08832456
v -0.05456399 -0.23842461 -0.09288622
v 0.03077268 -0.24006071 -0.09365276
v -0.01885534 -0.25519956 -0.05855386
v -0.01201287 -0.25507876 -0.05704223
v -0.01187513 -0.25361118 -0.05144108
v -0.01894542 -0.25335016 -0.05259925
v -0.00485366 -0.25517213 -0.05700365
v -0.00436043 -0.25346751 -0.05150960
v -0.02487380 -0.25355221 -0.06129261
v -0.02535788 -0.25096133 -0.05466432
v 0.00210715 -0.25353511 -0.05898096
v 0.00303684 -0.25057342 -0.05354158
v -0.03114722 -0.24693441 -0.05742884
v 0.00955086 -0.24674946 -0.05676414
v 0.00811323 -0.25049443 -0.06272645
v -0.03036120 -0.25036440 -0.06446286
v -0.02421527 -0.25601447 -0.06771892
v -0.01862163 -0.25690054 -0.06440310
v -0.01233970 -0.25700618 -0.06203035
v -0.00533841 -0.25707650 -0.06192770
v 0.00105163 -0.25618117 -0.06447838
v -0.02967844 -0.25382396 -0.07122943
v 0.00661754 -0.25436097 -0.06861240
v -0.06097090 -0.22780003 -0.17014966
v -0.05699077 -0.22999034 -0.17122750
v -0.07666855 -0.22414108 -0.15323649
v -0.07631889 -0.22542540 -0.14422528
v -0.04626832 -0.26717190 -0.16062880
v -0.04630711 -0.27015259 -0.16022060
v -0.05178765 -0.26757031 -0.15782291
v -0.05123204 -0.26555027 -0.15884317
v -0.04056281 -0.26503341 -0.15862435
v -0.04065056 -0.26841403 -0.16235632
v -0.04575336 -0.26401268 -0.15793230
v -0.05027194 -0.26279582 -0.15774427
v -0.04625627 -0.27283465 -0.15690967
v -0.04527192 -0.27425684 -0.15186887
v -0.04992032 -0.27097361 -0.15062874
v -0.05194807 -0.26932575 -0.15478442
v -0.06194987 -0.23667855 -0.16948212
v -0.06551975 -0.24018683 -0.16741934
v -0.06892291 -0.23652448 -0.16537428
v -0.06518715 -0.23350076 -0.16794307
v -0.05786055 -0.23448506 -0.17036166
v -0.06063249 -0.23175824 -0.16955182
v -0.04404264 -0.27437279 -0.14652881
v -0.04789715 -0.27111204 -0.14629131
v -0.03269389 -0.28440012 -0.15441766
v -0.03299087 -0.28627658 -0.14685557
v -0.03671737 -0.28191667 -0.14661475
v -0.03690071 -0.28083565 -0.15352712
v -0.01475342 -0.29840045 -0.14715608
v -0.02228832 -0.29545707 -0.14730600
v -0.02206397 -0.29165752 -0.15694293
v -0.01484182 -0.29349386 -0.15734819
v -0.03152629 -0.28086626 -0.16143757
v -0.03630349 -0.27794648 -0.16006213
v -0.02006111 -0.27953790 -0.16951562
v -0.01901169 -0.27295604 -0.17275636
v -0.01408866 -0.27328042 -0.17298637
v -0.01427067 -0.28046266 -0.17002886
v -0.02651111 -0.27081444 -0.17037258
v -0.02977905 -0.27592601 -0.16718921
v -0.03437553 -0.27314283 -0.16589326
v -0.02706901 -0.27052286 -0.16740556
v -0.02101315 -0.28592057 -0.16388932
v -0.01463690 -0.28733533 -0.16469194
v -0.03629469 -0.24143200 -0.17051422
v -0.04028553 -0.23991175 -0.17086289
v -0.02481877 -0.24765413 -0.17134096
v -0.02695710 -0.24737299 -0.16831687
v -0.02924879 -0.24495924 -0.16930056
v -0.02530983 -0.25021240 -0.16780542
v -0.02409950 -0.25097514 -0.17064644
v -0.02353732 -0.25464362 -0.17048302
v -0.02374415 -0.25306539 -0.16802043
v -0.02824624 -0.24687147 -0.16487501
v -0.03073187 -0.24489137 -0.16523617
v -0.02593760 -0.24897221 -0.16454920
v -0.02333750 -0.25105005 -0.16479639
v -0.02191684 -0.25167897 -0.17249336
v -0.02199415 -0.25552262 -0.17227672
v -0.02240613 -0.25906390 -0.17000259
v -0.02252720 -0.25683286 -0.16771357
v -0.02214513 -0.26017826 -0.17231318
v -0.02216750 -0.24841958 -0.17353836
v -0.04051530 -0.24023986 -0.16681039
v -0.04424259 -0.23925749 -0.16715156
v -0.04444760 -0.23848017 -0.17097164
v -0.04844497 -0.23718147 -0.17092387
v -0.04743436 -0.23886614 -0.16733481
v -0.05010953 -0.23904026 -0.16751924
v -0.05176449 -0.23685233 -0.17042634
v -0.05286059 -0.24016319 -0.16752305
v -0.05540857 -0.23750078 -0.17010301
v -0.05549078 -0.24221444 -0.16745155
v -0.05864288 -0.23962695 -0.16972135
v -0.02340544 -0.25885197 -0.16295496
v -0.02281933 -0.26151323 -0.16678293
v -0.02754862 -0.26860510 -0.16457272
v -0.02865482 -0.26472266 -0.16041699
v -0.02295603 -0.26376490 -0.16956308
v -0.02333166 -0.26521637 -0.17175055
v -0.02163887 -0.25391891 -0.16482218
v -0.01786119 -0.26642196 -0.17384834
v -0.01376142 -0.26620755 -0.17425865
v -0.01727494 -0.26026395 -0.17502717
v -0.01686684 -0.25516587 -0.17538948
v -0.01374730 -0.25381549 -0.17613618
v -0.01356979 -0.25882452 -0.17533957
v -0.05842873 -0.24488266 -0.16754740
v -0.06203670 -0.24285360 -0.16855229
v -0.05390803 -0.23307239 -0.17139856
v -0.03486209 -0.26921895 -0.16432899
v -0.03516899 -0.26648734 -0.15902220
v -0.02849408 -0.29102646 -0.14740798
v -0.02801883 -0.28832212 -0.15581188
v -0.02662566 -0.28362216 -0.16269838
v -0.02525104 -0.27792543 -0.16840957
v -0.02363943 -0.27178494 -0.17231056
v -0.02146233 -0.26615498 -0.17321638
v -0.01997583 -0.25581284 -0.17430067
v -0.02042445 -0.26061173 -0.17423251
v -0.01976472 -0.25243476 -0.17444804
v -0.01709729 -0.25283109 -0.17564889
v -0.01729375 -0.25114455 -0.17602519
v -0.01971325 -0.24957427 -0.17522188
v -0.01446513 -0.25238481 -0.17621869
v -0.01421191 -0.25308799 -0.17624826
v -0.07475579 -0.22385153 -0.15964012
v -0.07086082 -0.22467172 -0.16414865
v -0.03900767 -0.26614413 -0.12444006
v -0.03857070 -0.26333210 -0.11779347
v -0.04244501 -0.25872058 -0.12140405
v -0.04276039 -0.26151647 -0.12772331
v -0.04395483 -0.26446890 -0.13315436
v -0.03974197 -0.26877206 -0.13031502
v -0.01888202 -0.28033977 -0.11493709
v -0.02411162 -0.27909561 -0.11536147
v -0.02541708 -0.28398041 -0.12243432
v -0.01981735 -0.28614394 -0.12184874
v -0.01800287 -0.27542503 -0.10705864
v -0.02258003 -0.27410612 -0.10795793
v -0.04852889 -0.25767278 -0.13050260
v -0.04724995 -0.25426936 -0.12481400
v -0.05420504 -0.25100668 -0.12728237
v -0.05606510 -0.25473404 -0.13207242
v -0.04991569 -0.26129797 -0.13504964
v -0.05725316 -0.25858499 -0.13661388
v -0.02990774 -0.28074983 -0.12381942
v -0.02841052 -0.27691668 -0.11663821
v -0.03237075 -0.27395581 -0.11891713
v -0.03379914 -0.27703825 -0.12573515
v -0.02675336 -0.27231696 -0.10948932
v -0.03091383 -0.26998900 -0.11170141
v -0.06597308 -0.22580204 -0.16739025
v -0.04113022 -0.27125468 -0.13588079
v -0.04553296 -0.26752199 -0.13772215
v -0.05086946 -0.26452261 -0.13941837
v -0.05800964 -0.26205639 -0.14119792
v -0.02651885 -0.28794665 -0.13019901
v -0.02078492 -0.29103978 -0.12965911
v -0.03111707 -0.28386979 -0.13132453
v -0.03506787 -0.27968763 -0.13262402
v -0.01318160 -0.28138632 -0.11480349
v -0.01340596 -0.28724760 -0.12186931
v -0.01385960 -0.29242801 -0.12982452
v -0.01283964 -0.27624540 -0.10681666
v -0.03690051 -0.24168463 -0.16637698
v -0.05663109 -0.25751941 -0.16145208
v -0.05915923 -0.25360328 -0.16349291
v -0.05714349 -0.25124708 -0.15706810
v -0.05524737 -0.25473998 -0.15520010
v -0.02881189 -0.24528401 -0.16082520
v -0.03120825 -0.24340788 -0.16122688
v -0.02607669 -0.24689968 -0.16057948
v -0.02315030 -0.24846090 -0.16045435
v -0.04052256 -0.23859192 -0.16333418
v -0.04384037 -0.23798527 -0.16338450
v -0.04654462 -0.23796148 -0.16323255
v -0.04889972 -0.23874983 -0.16308501
v -0.05118486 -0.23981009 -0.16260705
v -0.05364884 -0.24135254 -0.16184881
v -0.02710509 -0.25969372 -0.15573917
v -0.02172755 -0.25535970 -0.15812821
v -0.05592913 -0.24396973 -0.16086587
v -0.03392990 -0.26195183 -0.15387316
v -0.03698422 -0.23959056 -0.16283617
v -0.02093871 -0.25078498 -0.15991691
v -0.04423992 -0.26016924 -0.15371953
v -0.04864213 -0.25913666 -0.15332927
v -0.04514729 -0.23398346 -0.15930206
v -0.04755658 -0.23445334 -0.15838713
v -0.03933404 -0.23437726 -0.16061207
v -0.04239325 -0.23387900 -0.16036720
v -0.04127923 -0.25522833 -0.14823298
v -0.04491939 -0.25337791 -0.14839473
v -0.05582157 -0.24660707 -0.15008245
v -0.05248911 -0.24955636 -0.14837320
v -0.05219355 -0.23684620 -0.15626617
v -0.05455487 -0.23929923 -0.15507878
v -0.05721436 -0.24739077 -0.15959353
v -0.05641339 -0.24249819 -0.15290607
v -0.04982449 -0.23534359 -0.15755580
v -0.02813239 -0.24179898 -0.15687675
v -0.03067835 -0.23977934 -0.15782884
v -0.02462585 -0.24308128 -0.15640697
v -0.02156143 -0.24471391 -0.15572317
v -0.02319622 -0.25575809 -0.15014891
v -0.01824109 -0.25140715 -0.15292711
v -0.03162806 -0.25801630 -0.14751517
v -0.01935419 -0.24717515 -0.15438781
v -0.03608467 -0.23550224 -0.15982710
v -0.02171543 -0.23738978 -0.15607149
v -0.01859430 -0.23944737 -0.15398842
v -0.03711968 -0.22956608 -0.15798445
v -0.04026418 -0.22878556 -0.15747716
v -0.04332260 -0.22885601 -0.15633904
v -0.02455046 -0.23578701 -0.15690602
v -0.02757526 -0.23418686 -0.15712248
v -0.03410977 -0.23070660 -0.15782091
v -0.03815793 -0.25050104 -0.14221863
v -0.04137897 -0.24831342 -0.14363539
v -0.05149174 -0.24050381 -0.14500763
v -0.04827872 -0.24357854 -0.14416630
v -0.05075736 -0.23197372 -0.15223482
v -0.05271656 -0.23401707 -0.15010797
v -0.05329891 -0.23682619 -0.14710696
v -0.01628726 -0.25176433 -0.14352343
v -0.01636458 -0.24728237 -0.14695783
v -0.02495182 -0.25430141 -0.14027982
v -0.01704547 -0.24274880 -0.15069999
v -0.03570206 -0.24640870 -0.13545882
v -0.03768371 -0.24333402 -0.13814800
v -0.03140846 -0.22543770 -0.15653976
v -0.03435802 -0.22452542 -0.15615957
v -0.04589798 -0.22797613 -0.14809602
v -0.04702588 -0.22986143 -0.14599636
v -0.04703197 -0.23227504 -0.14393411
v -0.04571717 -0.23487028 -0.14221295
v -0.04367498 -0.23760632 -0.14093264
v -0.02865582 -0.22076819 -0.15393934
v -0.03149642 -0.21985163 -0.15309246
v -0.04459870 -0.22630102 -0.14984538
v -0.03995198 -0.22239373 -0.14629778
v -0.04135764 -0.22394719 -0.14442415
v -0.04218268 -0.22589075 -0.14241488
v -0.04255200 -0.22793289 -0.14054165
v -0.04168869 -0.23027454 -0.13888679
v -0.04004479 -0.23285916 -0.13690854
v -0.03555688 -0.24101600 -0.12754872
v -0.03655226 -0.23798676 -0.13178350
v -0.03275327 -0.23409906 -0.12308873
v -0.03555627 -0.23165023 -0.12660437
v -0.03909476 -0.22588092 -0.13537292
v -0.03839336 -0.22790154 -0.13303535
v -0.03746625 -0.22040999 -0.14170022
v -0.03876431 -0.22188647 -0.13970010
v -0.03604613 -0.21879103 -0.14341397
v -0.03944244 -0.22376851 -0.13763024
v -0.02631910 -0.21612370 -0.15138456
v -0.02891268 -0.21527884 -0.15007355
v -0.03562277 -0.22182043 -0.13377381
v -0.03531153 -0.22297011 -0.13110655
v -0.03532312 -0.22039262 -0.13623636
v -0.02810374 -0.22634970 -0.12209844
v -0.03309855 -0.22418346 -0.12417753
v -0.03442550 -0.21690039 -0.13998376
v -0.03483708 -0.21869878 -0.13815592
v -0.03425324 -0.21486483 -0.14159618
v -0.02487466 -0.21155507 -0.14981328
v -0.02757368 -0.21106600 -0.14773984
v -0.03224396 -0.21868925 -0.13318292
v -0.03185428 -0.21934875 -0.13076863
v -0.03250043 -0.21339472 -0.13851396
v -0.03210344 -0.21542302 -0.13693828
v -0.03291815 -0.21136540 -0.13998341
v -0.02350115 -0.20796850 -0.14711860
v -0.02636600 -0.20763554 -0.14451274
v -0.02390297 -0.22017831 -0.12350522
v -0.02894524 -0.21880368 -0.12483115
v -0.03214436 -0.21731438 -0.13531012
v -0.02183666 -0.20565087 -0.14434891
v -0.02572611 -0.20463042 -0.14261069
v -0.03196735 -0.20868251 -0.13863792
v -0.03100684 -0.21030307 -0.13694110
v -0.03019929 -0.21258830 -0.13553587
v -0.02981816 -0.21499216 -0.13419384
v -0.03006996 -0.21670041 -0.13295871
v -0.02871542 -0.21630993 -0.13136207
v -0.02055553 -0.21506038 -0.12552380
v -0.02463826 -0.21408874 -0.12707188
v -0.04604388 -0.22960738 -0.15508308
v -0.04848068 -0.23070243 -0.15391197
v -0.03757579 -0.22408703 -0.15535875
v -0.04035622 -0.22421654 -0.15356904
v -0.04276883 -0.22479454 -0.15152805
v -0.03784921 -0.22104301 -0.14793082
v -0.03440838 -0.21711052 -0.14470658
v -0.03348000 -0.21299907 -0.14305346
v -0.03244248 -0.20957881 -0.14115190
v -0.03230733 -0.20784722 -0.13999843
v -0.03162111 -0.20615340 -0.14053444
v -0.03116115 -0.20817991 -0.14218393
v -0.03184002 -0.21156244 -0.14420500
v -0.03282503 -0.21573507 -0.14633479
v -0.03600743 -0.22010422 -0.14987471
v -0.02933891 -0.20477447 -0.14160449
v -0.02902664 -0.20766858 -0.14323836
v -0.02985654 -0.21112876 -0.14567194
v -0.03112494 -0.21517235 -0.14814734
v -0.03415975 -0.21953181 -0.15173306
v -0.04878231 -0.24853119 -0.11225415
v -0.05322168 -0.24443465 -0.11651985
v -0.04421328 -0.25218939 -0.10797299
v -0.03987938 -0.25585689 -0.10390896
v -0.01730851 -0.26619052 -0.08813926
v -0.01215427 -0.26665299 -0.08704034
v -0.02215771 -0.26537599 -0.09025396
v -0.03133431 -0.26180937 -0.09633870
v -0.02688313 -0.26399298 -0.09293516
v -0.05805214 -0.24025746 -0.12088912
v -0.06307751 -0.23595222 -0.12549367
v -0.07246915 -0.22855533 -0.13692483
v -0.06778555 -0.23183427 -0.13050530
v -0.07522107 -0.22722677 -0.14469508
v -0.07221668 -0.23067082 -0.13900134
v -0.07577358 -0.22564417 -0.15163949
v -0.06834606 -0.23400565 -0.13388726
v -0.06462963 -0.23908275 -0.12944921
v -0.05897646 -0.24345214 -0.12588047
v -0.05296620 -0.24749281 -0.12229044
v -0.07447670 -0.22545784 -0.15695641
v -0.07201594 -0.22615185 -0.16131258
v -0.06797835 -0.22729006 -0.16472829
v -0.06375459 -0.22950307 -0.16795244
v -0.06801502 -0.23065032 -0.16551628
v -0.07281475 -0.23213694 -0.14119562
v -0.07002551 -0.23599976 -0.13695674
v -0.07434262 -0.22867093 -0.14589260
v -0.07511678 -0.22681052 -0.15022514
v -0.07423926 -0.22700297 -0.15332575
v -0.07321487 -0.22566796 -0.15740282
v -0.07127934 -0.22736720 -0.16184433
v -0.06672372 -0.24174079 -0.13317738
v -0.06133520 -0.24694421 -0.12992637
v -0.06397556 -0.25047546 -0.13422195
v -0.06525068 -0.25398365 -0.13926610
v -0.06559624 -0.25738469 -0.14460377
v -0.06905471 -0.24412330 -0.13758700
v -0.07069505 -0.24714470 -0.14235930
v -0.07108638 -0.25060711 -0.14773019
v -0.07192433 -0.23201266 -0.16143407
v -0.07602278 -0.22294631 -0.15110394
v -0.07488179 -0.22552116 -0.15636654
v -0.07472985 -0.22690744 -0.14801782
v -0.06065611 -0.24903242 -0.16673850
v -0.06430993 -0.24784659 -0.16656720
v -0.06303435 -0.25344484 -0.16405468
v -0.06765175 -0.24555606 -0.16450535
v -0.06658985 -0.25163996 -0.16184977
v -0.07093901 -0.24192300 -0.16195266
v -0.07008940 -0.24915337 -0.15889753
v -0.07411061 -0.23467810 -0.15719657
v -0.07707842 -0.22565868 -0.15104906
v -0.07500374 -0.22854732 -0.14787102
v -0.07362499 -0.23174809 -0.14447579
v -0.07267757 -0.24591959 -0.15517935
v -0.07390810 -0.24137032 -0.15010734
v -0.07340766 -0.23879014 -0.14528163
v -0.07188969 -0.23758596 -0.14070428
v -0.05117960 -0.26887144 -0.14608881
v -0.05131949 -0.26723499 -0.14321582
v -0.05697278 -0.26495785 -0.14549405
v -0.05434885 -0.26781848 -0.14888151
v -0.06359359 -0.26081716 -0.14924991
v -0.05907457 -0.26445698 -0.15382084
v -0.06954818 -0.25424388 -0.15271186
v -0.06615519 -0.25668806 -0.15654193
v -0.06298996 -0.25821872 -0.15966983
v -0.05759067 -0.26388111 -0.15796936
v -0.05986891 -0.25891220 -0.16170447
v -0.05594176 -0.26288561 -0.15975739
v -0.01366255 -0.29756247 -0.13926297
v -0.02139351 -0.29479686 -0.13869602
v -0.02772830 -0.29055035 -0.13857836
v -0.03252331 -0.28598503 -0.13897983
v -0.03615171 -0.28137775 -0.13955957
v -0.04037748 -0.27805338 -0.14661801
v -0.03920818 -0.27709720 -0.14044657
v -0.04262308 -0.27324339 -0.14125046
v -0.04682073 -0.26981593 -0.14206122
v -0.05250428 -0.25744550 -0.15370037
v -0.05391425 -0.26049555 -0.15944972
v -0.04884570 -0.25171530 -0.14799557
v -0.04514076 -0.24631907 -0.14367499
v -0.04089473 -0.24049920 -0.13972040
v -0.03805438 -0.23556864 -0.13461175
v -0.03699502 -0.22975025 -0.13027655
v -0.03465590 -0.22365139 -0.12800263
v -0.03097346 -0.21928080 -0.12793848
v -0.02665047 -0.21530563 -0.12943675
v -0.02059315 -0.20401038 -0.14199259
v -0.02477703 -0.20288935 -0.14044715
v -0.02779363 -0.21334199 -0.13269431
v -0.02561812 -0.21190281 -0.13106981
v -0.02345625 -0.21015579 -0.12902317
v -0.01893325 -0.21090311 -0.12906623
v -0.03120655 -0.20613059 -0.13802802
v -0.02923136 -0.20761063 -0.13570988
v -0.02886328 -0.20380815 -0.13872903
v -0.02811894 -0.21019423 -0.13421820
v -0.02544110 -0.20837051 -0.13311611
v -0.02255598 -0.20680790 -0.13245173
v -0.01865790 -0.20745993 -0.13319316
v -0.02685724 -0.20509830 -0.13503380
v -0.02345858 -0.20414296 -0.13599300
v -0.01945429 -0.20520359 -0.13742571
v -0.03811017 -0.27539988 -0.13414480
v -0.01688248 -0.24246632 -0.14105028
v -0.01672982 -0.24638178 -0.13679578
v -0.01774485 -0.23793930 -0.14527333
v -0.01874067 -0.23470714 -0.14929224
v -0.02029456 -0.23213075 -0.15326790
v -0.02240580 -0.23013985 -0.15545584
v -0.02520343 -0.22834637 -0.15616201
v -0.01742369 -0.23295275 -0.14199165
v -0.01825940 -0.22998785 -0.14611650
v -0.01927560 -0.22728895 -0.14922809
v -0.02100403 -0.22535179 -0.15147118
v -0.02320131 -0.22351864 -0.15318958
v -0.02315459 -0.24966028 -0.13320675
v -0.01944201 -0.24307152 -0.12697679
v -0.01601202 -0.23997756 -0.13238981
v -0.01586479 -0.23487472 -0.12588167
v -0.01558296 -0.23309664 -0.13072836
v -0.01659840 -0.22828739 -0.12554378
v -0.01591640 -0.22732325 -0.12985156
v -0.01650169 -0.23681672 -0.13725772
v -0.01623720 -0.23081764 -0.13519857
v -0.01635454 -0.22769808 -0.13983461
v -0.01681108 -0.22496088 -0.14403960
v -0.01750537 -0.22242927 -0.14735241
v -0.01899273 -0.22084410 -0.15002122
v -0.02125390 -0.21925870 -0.15126744
v -0.01584910 -0.22542759 -0.13397498
v -0.01585313 -0.22292700 -0.13814172
v -0.01635252 -0.22038122 -0.14197884
v -0.01721726 -0.21823151 -0.14489055
v -0.01827470 -0.21688796 -0.14767939
v -0.01951887 -0.21529266 -0.14957327
v -0.01616626 -0.22268873 -0.12718164
v -0.01591892 -0.22253335 -0.13022931
v -0.01546724 -0.22112154 -0.13349284
v -0.01580924 -0.21898754 -0.13702212
v -0.01624370 -0.21670100 -0.14040228
v -0.01709665 -0.21495554 -0.14302177
v -0.01792171 -0.21381807 -0.14540906
v -0.01854501 -0.21211830 -0.14694322
v -0.01568063 -0.21858553 -0.12912111
v -0.01576511 -0.21965501 -0.13069570
v -0.01762921 -0.21196777 -0.14387819
v -0.01819098 -0.21029820 -0.14435268
v -0.01698379 -0.21228758 -0.14214835
v -0.01585056 -0.21358986 -0.13967155
v -0.01556132 -0.21579336 -0.13626662
v -0.01526660 -0.21813370 -0.13310698
v -0.01508373 -0.21560040 -0.13232543
v -0.01541621 -0.21276614 -0.13564486
v -0.01607087 -0.21057988 -0.13937000
v -0.01743946 -0.20975101 -0.14198480
v -0.04746894 -0.25133486 -0.11861798
v -0.04313668 -0.25558678 -0.11462977
v -0.03898440 -0.25989434 -0.11086324
v -0.02643521 -0.26814997 -0.10087414
v -0.03060205 -0.26609167 -0.10376449
v -0.01731078 -0.27032921 -0.09748848
v -0.02199017 -0.26946145 -0.09891999
v -0.01229971 -0.27075587 -0.09662216
v -0.03251754 -0.24291434 -0.16997420
v -0.03350972 -0.24305366 -0.16575775
v -0.03372589 -0.24155179 -0.16185504
v -0.03301795 -0.23766280 -0.15867585
v -0.03085948 -0.23240478 -0.15734996
v -0.02823356 -0.22671996 -0.15648129
v -0.02580210 -0.22200061 -0.15425755
v -0.02369931 -0.21769185 -0.15166656
v -0.02158562 -0.21336337 -0.15039989
v -0.01979148 -0.21009653 -0.14770466
v -0.01868260 -0.20812581 -0.14469860
v -0.01794957 -0.20717446 -0.14190994
v -0.01696858 -0.20764247 -0.13857450
v -0.01583190 -0.20971556 -0.13455514
v -0.01525821 -0.21303538 -0.13082925
v -0.01674033 -0.21695103 -0.12677364
v -0.01867803 -0.22190478 -0.12457252
v -0.02109630 -0.22806590 -0.12265600
v -0.02341627 -0.23563246 -0.12227983
v -0.02972906 -0.24386724 -0.12383925
v -0.03264861 -0.24949955 -0.13266806
v -0.03447036 -0.25328363 -0.13978116
v -0.03735201 -0.25756915 -0.14699050
v -0.03935976 -0.26149236 -0.15350171
v -0.04059721 -0.27202046 -0.16195269
v -0.04110083 -0.27535146 -0.15823108
v -0.04102749 -0.27754747 -0.15273998
v -0.03700288 -0.27298754 -0.12780592
v -0.03598823 -0.27043880 -0.12141078
v -0.03484695 -0.26709567 -0.11442174
v -0.03479177 -0.26331969 -0.10718913
v -0.03571676 -0.25913458 -0.09986793
v 0.03979638 -0.23236633 -0.17058223
v 0.03531467 -0.23435714 -0.17229761
v 0.04972943 -0.22865955 -0.13961245
v 0.05087175 -0.22745930 -0.14741597
v 0.01579861 -0.26976869 -0.16483195
v 0.02058976 -0.26912360 -0.16355791
v 0.02113138 -0.27192094 -0.16228655
v 0.01612598 -0.27332487 -0.16396085
v 0.01085408 -0.26851410 -0.16236431
v 0.01515282 -0.26673555 -0.16234460
v 0.01097710 -0.27051334 -0.16632804
v 0.01980409 -0.26603268 -0.16199997
v 0.01643118 -0.27683029 -0.16004589
v 0.02143852 -0.27468963 -0.15855642
v 0.02018177 -0.27675753 -0.15337199
v 0.01626649 -0.27940394 -0.15456783
v 0.03820672 -0.24451899 -0.17145882
v 0.04311394 -0.24272826 -0.17016505
v 0.04584445 -0.24875131 -0.16468532
v 0.04021394 -0.25048067 -0.16897600
v 0.03486525 -0.23986068 -0.17304206
v 0.03931908 -0.23818080 -0.17231765
v 0.01879977 -0.27712485 -0.14810805
v 0.01580534 -0.28030267 -0.14835139
v 0.00935030 -0.28687082 -0.14870113
v 0.00517042 -0.29069795 -0.14894261
v 0.00441498 -0.28788869 -0.15703950
v 0.00865796 -0.28470623 -0.15629991
v -0.00728481 -0.29698175 -0.14764317
v -0.00751167 -0.29277828 -0.15763779
v 0.00326449 -0.28348283 -0.16423116
v 0.00785015 -0.28094018 -0.16348690
v -0.00840035 -0.28020489 -0.17038188
v -0.00911858 -0.27295120 -0.17302753
v 0.00146477 -0.27753844 -0.17004497
v -0.00118029 -0.27108072 -0.17269786
v 0.00031039 -0.26947316 -0.17116083
v 0.00581792 -0.27506410 -0.16942981
v -0.00793364 -0.28705055 -0.16503237
v 0.01557828 -0.24018248 -0.17171773
v 0.01108242 -0.24197529 -0.17148093
v 0.00312287 -0.24515555 -0.17032271
v 0.00060859 -0.24750638 -0.16936266
v -0.00195380 -0.24752714 -0.17203103
v -0.00084312 -0.25048909 -0.16892416
v -0.00164210 -0.25385656 -0.16908742
v -0.00263825 -0.25495992 -0.17185181
v -0.00273730 -0.25113584 -0.17139383
v 0.00220271 -0.24710008 -0.16598645
v 0.00482122 -0.24501054 -0.16655013
v -0.00016060 -0.24924212 -0.16557313
v -0.00217403 -0.25199184 -0.16552026
v -0.00484407 -0.25580149 -0.17329769
v -0.00499558 -0.25189662 -0.17347866
v -0.00231601 -0.25767174 -0.16936401
v -0.00264284 -0.25917437 -0.17201904
v -0.00452526 -0.26003982 -0.17323723
v -0.00491368 -0.24836146 -0.17418289
v 0.01986629 -0.23808551 -0.17143697
v 0.01983102 -0.23868852 -0.16809695
v 0.01577159 -0.23993423 -0.16824112
v 0.02425674 -0.23725520 -0.17046437
v 0.02333476 -0.23874900 -0.16772065
v 0.02599816 -0.23983465 -0.16800145
v 0.02763884 -0.23822387 -0.17081961
v 0.02824398 -0.24242879 -0.16912450
v 0.03078439 -0.24111563 -0.17218936
v 0.03359153 -0.24573094 -0.17098797
v 0.03091657 -0.24588190 -0.16769480
v -0.00523640 -0.25946114 -0.16502207
v -0.00071730 -0.26542397 -0.16352706
v -0.00024329 -0.26770192 -0.16844653
v -0.00199964 -0.26204697 -0.16954154
v -0.00203757 -0.26372954 -0.17215248
v -0.00355616 -0.26513296 -0.17335213
v -0.00404355 -0.25531754 -0.16556543
v -0.00953938 -0.26582703 -0.17394932
v -0.01015565 -0.25877481 -0.17486499
v -0.01036215 -0.25497541 -0.17564046
v 0.03522409 -0.25106681 -0.16953353
v 0.03222145 -0.25049023 -0.16684732
v 0.03099137 -0.23611366 -0.17262003
v 0.00532618 -0.27117738 -0.16775750
v 0.00553567 -0.27005159 -0.16268483
v -0.00092532 -0.29096136 -0.15775651
v -0.00026311 -0.29454513 -0.14883337
v -0.00190017 -0.28566678 -0.16486781
v -0.00457469 -0.27221317 -0.17305236
v -0.00309681 -0.27918701 -0.17041897
v -0.00598796 -0.26570731 -0.17376093
v -0.00733255 -0.25601489 -0.17454229
v -0.00693600 -0.25975775 -0.17411428
v -0.00753373 -0.25283466 -0.17508042
v -0.01056729 -0.25340051 -0.17597161
v -0.00766958 -0.25008802 -0.17576956
v -0.01098109 -0.25205367 -0.17630756
v 0.04992786 -0.22692523 -0.15437630
v 0.04751707 -0.22800545 -0.16073248
v 0.01347722 -0.27176858 -0.12350753
v 0.01665353 -0.26767885 -0.12676513
v 0.01706780 -0.26421937 -0.12014538
v 0.01339523 -0.26793679 -0.11646075
v 0.01669321 -0.27058096 -0.13278006
v 0.01388958 -0.27479481 -0.12958331
v -0.00756651 -0.28154734 -0.11534589
v -0.00714655 -0.28740295 -0.12215768
v -0.00129464 -0.28668263 -0.12265039
v -0.00216783 -0.28100471 -0.11596093
v -0.00756202 -0.27665619 -0.10723770
v -0.00269886 -0.27623679 -0.10829484
v 0.02089550 -0.26013129 -0.12421504
v 0.02027837 -0.26340690 -0.13036702
v 0.02600642 -0.26034858 -0.13333948
v 0.02562766 -0.25629158 -0.12796064
v 0.02070820 -0.26694963 -0.13570998
v 0.02665093 -0.26461372 -0.13828542
v 0.00267205 -0.27987034 -0.11667861
v 0.00370662 -0.28472846 -0.12371268
v 0.00781779 -0.28184047 -0.12530293
v 0.00681793 -0.27790772 -0.11816239
v 0.00175743 -0.27502143 -0.10961375
v 0.00591449 -0.27324787 -0.11111597
v 0.04493044 -0.22970775 -0.16646877
v 0.01424327 -0.27716730 -0.13609575
v 0.01735484 -0.27357786 -0.13826362
v 0.02144626 -0.27062104 -0.14043133
v 0.02693067 -0.26844577 -0.14321597
v -0.00710221 -0.29190293 -0.13043171
v -0.00065781 -0.29076444 -0.13077986
v 0.00458501 -0.28814884 -0.13164105
v 0.00858006 -0.28465660 -0.13283682
v 0.01162427 -0.24148355 -0.16784089
v 0.02770609 -0.26347602 -0.16203243
v 0.02662707 -0.26073978 -0.15654854
v 0.03038954 -0.25810369 -0.15754860
v 0.03089400 -0.26010065 -0.16327632
v 0.00518624 -0.24329310 -0.16264339
v 0.00249089 -0.24548049 -0.16206962
v -0.00035072 -0.24752058 -0.16178211
v -0.00323266 -0.24982892 -0.16172526
v 0.01966409 -0.23735394 -0.16469131
v 0.01585035 -0.23765768 -0.16512961
v 0.02305669 -0.23810871 -0.16426861
v 0.02586476 -0.23954728 -0.16405710
v 0.02841546 -0.24151394 -0.16373702
v 0.03139103 -0.24398719 -0.16261075
v -0.00767097 -0.25669472 -0.16059026
v -0.00208646 -0.26219085 -0.15796426
v 0.03342853 -0.24794536 -0.16126690
v 0.00591165 -0.26637139 -0.15626194
v 0.01188484 -0.23911112 -0.16464797
v -0.00602281 -0.25250948 -0.16164188
v 0.01495750 -0.26377177 -0.15712466
v 0.01858927 -0.26227405 -0.15699402
v 0.02481742 -0.23659421 -0.15935199
v 0.02213297 -0.23519116 -0.16039481
v 0.01882280 -0.23444709 -0.16138211
v 0.01515084 -0.23449885 -0.16197055
v 0.01458845 -0.25990995 -0.14990369
v 0.01698189 -0.25756210 -0.15098931
v 0.02435745 -0.25491016 -0.15030437
v 0.02853151 -0.25300057 -0.15044107
v 0.03055769 -0.24396910 -0.15536244
v 0.02921791 -0.24045120 -0.15674354
v 0.03314935 -0.25339970 -0.15977938
v 0.03143234 -0.24847895 -0.15260903
v 0.02724141 -0.23822251 -0.15821984
v 0.00452830 -0.23989400 -0.15898817
v 0.00171721 -0.24207533 -0.15798748
v -0.00147832 -0.24382049 -0.15729210
v -0.00455796 -0.24587436 -0.15655925
v -0.00890572 -0.25378428 -0.15391111
v -0.00373532 -0.25907690 -0.15083284
v 0.00550208 -0.26242433 -0.14833847
v -0.00724829 -0.24870875 -0.15540985
v 0.01114604 -0.23556086 -0.16152469
v -0.00437872 -0.23863541 -0.15578266
v -0.00776764 -0.24111125 -0.15475401
v 0.01722135 -0.23038147 -0.15795336
v 0.01363989 -0.23054454 -0.15869039
v 0.02071863 -0.23120924 -0.15666996
v 0.00255830 -0.23499918 -0.15665754
v -0.00114320 -0.23664266 -0.15624011
v 0.01012403 -0.23161993 -0.15827709
v 0.01157002 -0.25596324 -0.14174428
v 0.01361903 -0.25260901 -0.14425585
v 0.02113695 -0.24864011 -0.14532016
v 0.02521135 -0.24644770 -0.14556236
v 0.02932682 -0.23933945 -0.14954913
v 0.02797336 -0.23656896 -0.15155745
v 0.02855517 -0.24280444 -0.14687555
v -0.01054234 -0.24954717 -0.14754219
v -0.00966306 -0.25491413 -0.14340975
v -0.00142799 -0.25852160 -0.14051013
v -0.00980741 -0.24459049 -0.15212050
v 0.00913067 -0.25179454 -0.13450564
v 0.01199995 -0.24828490 -0.13708686
v 0.01109088 -0.22617312 -0.15536152
v 0.00766462 -0.22688743 -0.15570960
v 0.02480542 -0.23446440 -0.14537882
v 0.02401181 -0.23195651 -0.14770662
v 0.02147168 -0.24029156 -0.14194346
v 0.02378322 -0.23762255 -0.14331324
v 0.01846050 -0.24269117 -0.14072677
v 0.00899199 -0.22166317 -0.15349970
v 0.00554692 -0.22193646 -0.15391535
v 0.02060656 -0.22748835 -0.14388415
v 0.01908852 -0.22554297 -0.14599060
v 0.02263316 -0.23008445 -0.14954497
v 0.02121830 -0.22999069 -0.14155859
v 0.01900637 -0.23490352 -0.13770919
v 0.02055753 -0.23249079 -0.13955634
v 0.01656353 -0.23748052 -0.13562805
v 0.00884445 -0.24720471 -0.12708731
v 0.01282976 -0.24436075 -0.13017137
v 0.00831742 -0.24061847 -0.11981507
v 0.01296607 -0.23762326 -0.12350144
v 0.01659014 -0.23212863 -0.13116428
v 0.01725379 -0.23005371 -0.13402886
v 0.01834167 -0.22570306 -0.13887056
v 0.01753516 -0.22364912 -0.14116245
v 0.01564128 -0.22217873 -0.14313833
v 0.01823182 -0.22791706 -0.13655486
v 0.00644626 -0.21806946 -0.14910190
v 0.00361904 -0.21797700 -0.14996671
v 0.01525149 -0.22673185 -0.12849164
v 0.01614314 -0.22507879 -0.13162636
v 0.01656683 -0.22317931 -0.13457884
v 0.00412267 -0.23174006 -0.11841063
v 0.01237392 -0.23036108 -0.12066745
v 0.01615561 -0.22136720 -0.13699268
v 0.01485619 -0.21999290 -0.13931785
v 0.01326424 -0.21846043 -0.14120638
v 0.00563503 -0.21296965 -0.14756081
v 0.00256156 -0.21336150 -0.14837021
v 0.01332754 -0.22168706 -0.12811480
v 0.01391220 -0.22101626 -0.13076561
v 0.01349766 -0.21800838 -0.13560324
v 0.01296417 -0.21650929 -0.13797739
v 0.01250135 -0.21473539 -0.14035495
v 0.00491443 -0.20935280 -0.14524052
v 0.00168098 -0.20930223 -0.14702805
v 0.00280280 -0.22322504 -0.11952016
v 0.01028681 -0.22100763 -0.12113064
v 0.01379831 -0.21968662 -0.13330362
v 0.00522613 -0.20601895 -0.14308246
v 0.00088815 -0.20599711 -0.14432020
v 0.01128527 -0.21351504 -0.13729158
v 0.01177568 -0.21192047 -0.13970083
v 0.01108383 -0.21536919 -0.13479081
v 0.01190262 -0.21880522 -0.13062843
v 0.01131074 -0.21727790 -0.13241011
v 0.01044717 -0.21841720 -0.12886373
v 0.00005565 -0.21760110 -0.12185413
v 0.00617449 -0.21630375 -0.12327666
v 0.02363646 -0.23273274 -0.15523200
v 0.02594312 -0.23453766 -0.15357793
v 0.01463019 -0.22647184 -0.15455778
v 0.01782133 -0.22723498 -0.15320818
v 0.02055318 -0.22836075 -0.15128671
v 0.01667886 -0.22424150 -0.14771321
v 0.01344640 -0.22081646 -0.14473431
v 0.01201739 -0.21656269 -0.14294989
v 0.01178618 -0.21300648 -0.14223298
v 0.01171109 -0.21132080 -0.14131750
v 0.01127560 -0.20944727 -0.14184654
v 0.01052394 -0.21138643 -0.14339278
v 0.01063772 -0.21469945 -0.14462893
v 0.01131728 -0.21955014 -0.14631525
v 0.01432901 -0.22338326 -0.14951883
v 0.00943009 -0.20727280 -0.14251384
v 0.00841294 -0.20999005 -0.14417758
v 0.00848196 -0.21350945 -0.14594810
v 0.00909365 -0.21869056 -0.14773037
v 0.01207111 -0.22244405 -0.15155344
v 0.02442812 -0.25294348 -0.11118647
v 0.02820326 -0.24894372 -0.11602733
v 0.01611296 -0.25955732 -0.10204629
v 0.02030916 -0.25630810 -0.10654727
v -0.00691582 -0.26669717 -0.08755413
v -0.00205747 -0.26673533 -0.08920304
v 0.00710886 -0.26433937 -0.09422196
v 0.00249301 -0.26574805 -0.09153064
v 0.03245125 -0.24470155 -0.12095219
v 0.03703287 -0.24061943 -0.12560654
v 0.04600645 -0.23241380 -0.13437708
v 0.04172586 -0.23651816 -0.12980389
v 0.04591242 -0.23635120 -0.13671241
v 0.04882690 -0.23218051 -0.14072095
v 0.05034242 -0.23043049 -0.14614120
v 0.04217814 -0.24075479 -0.13291179
v 0.03727926 -0.24502047 -0.12974670
v 0.03163608 -0.24885756 -0.12619223
v 0.02633803 -0.25242968 -0.12217450
v 0.05052971 -0.23033408 -0.15197404
v 0.04974331 -0.23152966 -0.15794873
v 0.04779728 -0.23344617 -0.16446642
v 0.04357636 -0.23588685 -0.17005865
v 0.04695591 -0.24077027 -0.16683293
v 0.04329529 -0.24504854 -0.13604409
v 0.04669801 -0.24013856 -0.13937273
v 0.04912732 -0.23570777 -0.14272069
v 0.05004973 -0.23310655 -0.14583427
v 0.05054434 -0.23400630 -0.14935629
v 0.05083990 -0.23594867 -0.15464730
v 0.04966218 -0.23840467 -0.16059425
v 0.03846317 -0.24968232 -0.13347833
v 0.03230137 -0.25361421 -0.13065269
v 0.03351277 -0.26236098 -0.14080347
v 0.03320195 -0.25817019 -0.13537969
v 0.03330028 -0.26600742 -0.14638690
v 0.03973695 -0.25882873 -0.14329875
v 0.03942683 -0.25429012 -0.13793134
v 0.03927375 -0.26242397 -0.14904232
v 0.04944750 -0.24583076 -0.15747739
v 0.05076369 -0.24115692 -0.15040359
v 0.05039551 -0.24373204 -0.15284964
v 0.05009903 -0.23858674 -0.14615705
v 0.03559705 -0.25700031 -0.16704442
v 0.03274288 -0.25603830 -0.16540333
v 0.03377324 -0.26156110 -0.16465402
v 0.03948051 -0.25670346 -0.16587479
v 0.03691278 -0.26178698 -0.16330013
v 0.04332053 -0.25536521 -0.16272761
v 0.04002812 -0.26109158 -0.16029237
v 0.04659920 -0.25330772 -0.15826932
v 0.04858347 -0.24732476 -0.14773431
v 0.04821492 -0.25044936 -0.15283737
v 0.04778458 -0.24379446 -0.14296635
v 0.04273859 -0.25988922 -0.15626449
v 0.04478058 -0.25390456 -0.14514198
v 0.04432452 -0.25746910 -0.15092399
v 0.04436491 -0.24950284 -0.13989139
v 0.02157521 -0.27343181 -0.14484185
v 0.02135166 -0.27501441 -0.14794647
v 0.02388390 -0.27415255 -0.15135606
v 0.02604935 -0.27156871 -0.14776737
v 0.02813191 -0.27183712 -0.15690190
v 0.03174986 -0.26917046 -0.15155396
v 0.03519515 -0.26631813 -0.15844909
v 0.03774595 -0.26496552 -0.15433400
v 0.02664251 -0.27004336 -0.16123867
v 0.03249025 -0.26643595 -0.16154098
v 0.02540194 -0.26818442 -0.16271401
v 0.02992430 -0.26565069 -0.16307958
v -0.00669034 -0.29567192 -0.13927301
v -0.00030427 -0.29340114 -0.13942159
v 0.00914437 -0.28654850 -0.14056757
v 0.00510478 -0.29035572 -0.14001495
v 0.01518762 -0.27929193 -0.14212533
v 0.01225901 -0.28274984 -0.14130398
v 0.01265811 -0.28340469 -0.14851824
v 0.01820127 -0.27600540 -0.14327783
v 0.02271689 -0.26188397 -0.15638044
v 0.02408739 -0.26541532 -0.16157638
v 0.02059242 -0.25603506 -0.15080860
v 0.01714255 -0.25036287 -0.14515040
v 0.01515779 -0.24524859 -0.13914669
v 0.01479505 -0.24065447 -0.13316436
v 0.01548323 -0.23447764 -0.12758532
v 0.01439171 -0.22842751 -0.12490675
v 0.01254270 -0.22144011 -0.12488251
v 0.00831975 -0.21758822 -0.12639563
v 0.00460919 -0.20564294 -0.13924300
v -0.00002578 -0.20568403 -0.14023705
v 0.00619413 -0.21412319 -0.12952102
v 0.00868910 -0.21566068 -0.13123902
v 0.00396081 -0.21214695 -0.12670126
v -0.00159060 -0.21258565 -0.12583107
v 0.00955146 -0.21102527 -0.13651798
v 0.01140418 -0.20946933 -0.13934796
v 0.00924197 -0.20691221 -0.13923283
v 0.00837710 -0.21327642 -0.13409132
v 0.00595101 -0.21119823 -0.13251982
v 0.00358333 -0.20907081 -0.13062371
v -0.00200402 -0.20911868 -0.13078895
v 0.00733557 -0.20865980 -0.13525078
v 0.00377675 -0.20684583 -0.13479082
v -0.00129398 -0.20672483 -0.13575148
v 0.01163446 -0.28092290 -0.13430322
v -0.00902594 -0.24468721 -0.14151501
v -0.00854571 -0.24974384 -0.13635712
v -0.00831445 -0.23593231 -0.15077374
v -0.00890395 -0.23968941 -0.14668428
v -0.00631269 -0.23270927 -0.15415586
v 0.00075689 -0.22983463 -0.15561224
v -0.00292017 -0.23106325 -0.15516110
v -0.00778061 -0.23078692 -0.14669541
v -0.00831827 -0.23426884 -0.14262150
v -0.00632760 -0.22792315 -0.14966936
v -0.00107716 -0.22451414 -0.15349917
v -0.00390727 -0.22612291 -0.15188042
v -0.00377455 -0.25466538 -0.13224175
v -0.00864258 -0.24260050 -0.13201530
v -0.00788980 -0.24766066 -0.12574058
v -0.00796127 -0.23574790 -0.12978224
v -0.00736591 -0.23837899 -0.12422929
v -0.00724117 -0.22951428 -0.12849968
v -0.00686195 -0.23091157 -0.12396753
v -0.00824363 -0.23862655 -0.13760191
v -0.00834136 -0.23258299 -0.13489292
v -0.00921967 -0.22551575 -0.14479714
v -0.00893449 -0.22883247 -0.13996736
v -0.00730387 -0.22289148 -0.14775390
v -0.00181624 -0.22024027 -0.15039864
v -0.00457906 -0.22156753 -0.14947752
v -0.00830601 -0.22702270 -0.13301144
v -0.00870448 -0.22089044 -0.14231668
v -0.00880735 -0.22399826 -0.13787762
v -0.00719083 -0.21861422 -0.14543972
v -0.00258236 -0.21593940 -0.14867832
v -0.00514752 -0.21725303 -0.14773135
v -0.00692634 -0.22439148 -0.12839907
v -0.00608652 -0.22493689 -0.12488834
v -0.00788523 -0.22249894 -0.13198836
v -0.00848435 -0.21683898 -0.14050301
v -0.00859568 -0.21965254 -0.13634238
v -0.00672204 -0.21514450 -0.14342264
v -0.00318442 -0.21254561 -0.14721676
v -0.00491429 -0.21409058 -0.14562844
v -0.00697954 -0.22117661 -0.12865608
v -0.00672650 -0.22022949 -0.12667127
v -0.00378018 -0.21026241 -0.14470839
v -0.00475828 -0.21210526 -0.14416857
v -0.00580937 -0.21243651 -0.14222223
v -0.00745458 -0.21359283 -0.13929704
v -0.00779380 -0.21625495 -0.13519960
v -0.00736078 -0.21914181 -0.13131767
v -0.00739758 -0.21657477 -0.13010094
v -0.00642187 -0.21070071 -0.13870592
v -0.00743493 -0.21322320 -0.13431427
v -0.00483847 -0.20988368 -0.14194032
v 0.02235678 -0.25655437 -0.11767795
v 0.01834873 -0.26034254 -0.11339173
v 0.01441258 -0.26381499 -0.10934421
v 0.00181197 -0.27000172 -0.10053228
v 0.00624439 -0.26866477 -0.10261308
v -0.00265587 -0.27080847 -0.09882643
v -0.00730522 -0.27091065 -0.09724516
v 0.00683778 -0.24342961 -0.17104810
v 0.00780838 -0.24307387 -0.16718909
v 0.00807402 -0.24125188 -0.16358422
v 0.00722563 -0.23767569 -0.16022588
v 0.00634678 -0.23333344 -0.15723343
v 0.00420048 -0.22821729 -0.15591246
v 0.00217133 -0.22308687 -0.15393434
v 0.00089166 -0.21891457 -0.15059360
v -0.00013348 -0.21450837 -0.14899834
v -0.00121260 -0.21063057 -0.14794094
v -0.00246948 -0.20784242 -0.14485664
v -0.00399942 -0.20711552 -0.14151377
v -0.00537893 -0.20788628 -0.13758574
v -0.00713454 -0.21035240 -0.13278477
v -0.00742833 -0.21419333 -0.12770809
v -0.00598603 -0.21914914 -0.12358022
v -0.00466333 -0.22461821 -0.12121995
v -0.00527328 -0.23151600 -0.11966701
v -0.00079526 -0.24076152 -0.11971129
v 0.00119347 -0.25060336 -0.12318795
v 0.00438131 -0.25514710 -0.13180571
v 0.00795539 -0.25855065 -0.13962556
v 0.01178457 -0.26233295 -0.14809643
v 0.01126125 -0.26600327 -0.15627367
v 0.01144140 -0.27436226 -0.16648884
v 0.01204315 -0.27871055 -0.16170449
v 0.01240631 -0.28188800 -0.15541630
v 0.01118208 -0.27848171 -0.12720643
v 0.01030474 -0.27511990 -0.12057269
v 0.00971061 -0.27084880 -0.11334732
v 0.01043000 -0.26658274 -0.10568436
v 0.01181510 -0.26240134 -0.09781996
v -0.06593911 -0.19957646 -0.23558893
v -0.06205310 -0.20260213 -0.23542313
v -0.06408013 -0.20483954 -0.23413066
v -0.06757503 -0.20107307 -0.23444615
v -0.06067789 -0.20061958 -0.23653410
v -0.06478731 -0.19811548 -0.23674615
v -0.05976712 -0.20800900 -0.23319600
v -0.05748793 -0.20548295 -0.23469513
v -0.05252405 -0.20806952 -0.23482630
v -0.05536163 -0.21111861 -0.23289412
v -0.05633619 -0.20382230 -0.23674326
v -0.05115878 -0.20618024 -0.23732699
v -0.05978531 -0.19880998 -0.23712302
v -0.06401950 -0.19653597 -0.23717555
v -0.06860438 -0.19699035 -0.23594188
v -0.06965894 -0.19716912 -0.23451452
v -0.06770471 -0.19626033 -0.23727796
v -0.07017229 -0.19558279 -0.23650034
v -0.06926386 -0.19484793 -0.23746882
v -0.07130010 -0.19553926 -0.23523645
v -0.06666621 -0.20708321 -0.23319727
v -0.06977788 -0.20244744 -0.23368129
v -0.05555371 -0.20200342 -0.23787541
v -0.05065019 -0.20464550 -0.23933817
v -0.06298289 -0.21108780 -0.23223787
v -0.05863639 -0.21463802 -0.23179001
v -0.05951717 -0.19715142 -0.23714289
v -0.06387566 -0.19499137 -0.23700042
v -0.06678041 -0.19507041 -0.23752444
v -0.06872489 -0.19387172 -0.23753767
v -0.07143717 -0.19417437 -0.23691029
v -0.07100505 -0.19474734 -0.23689684
v -0.07212685 -0.19461992 -0.23569651
v -0.07253803 -0.19386126 -0.23608623
v -0.07093504 -0.19389623 -0.23726193
v -0.07034567 -0.19403418 -0.23750562
v -0.07075904 -0.19668672 -0.23331718
v -0.07257167 -0.19454706 -0.23440711
v -0.06965517 -0.20893703 -0.23232358
v -0.07249804 -0.20358361 -0.23300328
v -0.04811752 -0.21013723 -0.23500183
v -0.05027261 -0.21292533 -0.23262787
v -0.04706254 -0.20881816 -0.23811783
v -0.05516756 -0.20015492 -0.23812885
v -0.05037473 -0.20307102 -0.24020988
v -0.06622662 -0.21377697 -0.23108235
v -0.06187918 -0.21784065 -0.23055694
v -0.05976137 -0.19575937 -0.23653032
v -0.06423810 -0.19381349 -0.23628750
v -0.06683030 -0.19375160 -0.23696935
v -0.06925290 -0.19279204 -0.23716591
v -0.07132710 -0.19323127 -0.23730418
v -0.07029368 -0.19340865 -0.23733582
v -0.07165752 -0.19388626 -0.23684596
v -0.07120769 -0.19378690 -0.23708450
v -0.07265144 -0.19305809 -0.23660785
v -0.07354639 -0.19262099 -0.23542502
v -0.07417137 -0.19148141 -0.23644964
v -0.07280897 -0.19685929 -0.23276091
v -0.07486705 -0.19331266 -0.23376676
v -0.07297224 -0.21033103 -0.23062939
v -0.07590131 -0.20479085 -0.23195295
v -0.04471632 -0.21332504 -0.23638112
v -0.04111601 -0.21580305 -0.23780490
v -0.04232502 -0.21837868 -0.23541599
v -0.04585637 -0.21538977 -0.23357503
v -0.04362982 -0.21146796 -0.23925945
v -0.04014390 -0.21361433 -0.24019144
v -0.04634345 -0.20728304 -0.24020401
v -0.05362390 -0.21737947 -0.23196528
v -0.05518157 -0.19849758 -0.23745315
v -0.05037636 -0.20122828 -0.23999789
v -0.06936613 -0.21562269 -0.22882990
v -0.06498522 -0.22036899 -0.22791068
v -0.06030011 -0.19472164 -0.23552250
v -0.06486634 -0.19280217 -0.23543348
v -0.06747336 -0.19252692 -0.23649548
v -0.07046338 -0.19190332 -0.23694467
v -0.07259979 -0.19233405 -0.23756923
v -0.07138224 -0.19255702 -0.23732857
v -0.07188357 -0.19325731 -0.23707370
v -0.07168065 -0.19378855 -0.23692249
v -0.07129413 -0.19388234 -0.23684039
v -0.07281658 -0.19274296 -0.23691504
v -0.07472344 -0.19105588 -0.23736218
v -0.07626704 -0.19027604 -0.23491037
v -0.07768019 -0.18945254 -0.23623647
v -0.07726918 -0.19840379 -0.23251867
v -0.07950146 -0.19426516 -0.23304494
v -0.04278548 -0.20962833 -0.24131253
v -0.03947787 -0.21166372 -0.24230578
v -0.04453550 -0.22210633 -0.23334283
v -0.04869635 -0.21952247 -0.23239876
v -0.04573122 -0.20564118 -0.24128207
v -0.05689904 -0.22137621 -0.23059074
v -0.05545650 -0.19710918 -0.23611875
v -0.05061620 -0.19942602 -0.23869412
v -0.06852003 -0.19169714 -0.23586737
v -0.07157585 -0.19148398 -0.23627310
v -0.07253573 -0.19184542 -0.23699158
v -0.07367012 -0.19166167 -0.23709618
v -0.07325026 -0.19233577 -0.23743030
v -0.07204971 -0.19345977 -0.23670936
v -0.07181525 -0.19391448 -0.23722091
v -0.07131561 -0.19412835 -0.23692462
v -0.07301098 -0.19260193 -0.23754121
v -0.07530027 -0.19128412 -0.23829240
v -0.07818964 -0.18988272 -0.23778693
v -0.03760445 -0.21800055 -0.23864598
v -0.03413506 -0.22004336 -0.23920135
v -0.03529013 -0.22323766 -0.23728608
v -0.03883470 -0.22095760 -0.23653359
v -0.03674322 -0.21553288 -0.24068781
v -0.03332909 -0.21718410 -0.24079813
v -0.04213244 -0.20776769 -0.24295374
v -0.03899001 -0.20973875 -0.24412012
v -0.04752549 -0.22689483 -0.23123237
v -0.05191415 -0.22424223 -0.23092127
v -0.04549190 -0.20377752 -0.24109908
v -0.06001949 -0.22457031 -0.22762982
v -0.07338866 -0.19134819 -0.23643802
v -0.07443084 -0.19100431 -0.23658472
v -0.07423014 -0.19149909 -0.23712380
v -0.07323071 -0.19249511 -0.23691164
v -0.07183269 -0.19392837 -0.23666548
v -0.07167061 -0.19403674 -0.23785051
v -0.07302997 -0.19265515 -0.23859976
v -0.07097526 -0.19429944 -0.23714274
v -0.07049836 -0.19514705 -0.23783965
v -0.07149326 -0.19480829 -0.23901922
v -0.07090727 -0.19613939 -0.24011910
v -0.06957155 -0.19690881 -0.23886383
v -0.07298845 -0.19398208 -0.24015669
v -0.07266591 -0.19601224 -0.24229600
v -0.07567347 -0.19169708 -0.23955203
v -0.07872227 -0.19095055 -0.23950763
v -0.03165219 -0.22528684 -0.23845128
v -0.03053946 -0.22180678 -0.23978254
v -0.02685853 -0.22325031 -0.23996047
v -0.02782714 -0.22704890 -0.23916232
v -0.02978572 -0.21873715 -0.24073761
v -0.02618165 -0.22000440 -0.24059257
v -0.03607514 -0.21333335 -0.24237777
v -0.03271652 -0.21474249 -0.24210573
v -0.03721497 -0.22733830 -0.23540098
v -0.04085806 -0.22477904 -0.23435875
v -0.04170958 -0.20587030 -0.24322209
v -0.03854754 -0.20772210 -0.24493081
v -0.05030869 -0.23094873 -0.22719923
v -0.05500651 -0.22806299 -0.22761554
v -0.04556273 -0.20193681 -0.23995409
v -0.07494518 -0.19075470 -0.23673037
v -0.07413380 -0.19153949 -0.23675008
v -0.07278395 -0.19297701 -0.23664254
v -0.07102563 -0.19436016 -0.23670203
v -0.07023537 -0.19523402 -0.23677886
v -0.06874233 -0.19707451 -0.23767236
v -0.07576596 -0.19265110 -0.24085684
v -0.07539112 -0.19407319 -0.24282608
v -0.07468982 -0.19602484 -0.24543163
v -0.07889851 -0.19179577 -0.24130295
v -0.02585141 -0.21722269 -0.24121511
v -0.02931342 -0.21606852 -0.24163165
v -0.03336812 -0.22967718 -0.23638249
v -0.02911598 -0.23159323 -0.23724322
v -0.03550277 -0.21137281 -0.24357218
v -0.03225299 -0.21263037 -0.24307942
v -0.03952045 -0.23185288 -0.23242536
v -0.04361339 -0.22952998 -0.23193679
v -0.04138151 -0.20401554 -0.24225037
v -0.03811963 -0.20567737 -0.24431893
v -0.07487931 -0.19059241 -0.23662360
v -0.07352352 -0.19184890 -0.23644335
v -0.07168464 -0.19356196 -0.23640765
v -0.07015032 -0.19458408 -0.23621330
v -0.06885857 -0.19662711 -0.23640274
v -0.07883432 -0.19245754 -0.24330949
v -0.07830057 -0.19331583 -0.24544513
v -0.07761120 -0.19444861 -0.24805311
v -0.01896206 -0.22913543 -0.24084106
v -0.01843380 -0.22476476 -0.24155451
v -0.01364372 -0.22463015 -0.24199983
v -0.01435196 -0.22939640 -0.24109661
v -0.01807189 -0.22111414 -0.24142010
v -0.01326729 -0.22061841 -0.24172532
v -0.02568814 -0.21478132 -0.24157582
v -0.02902338 -0.21377599 -0.24233584
v -0.03523261 -0.23414910 -0.23286301
v -0.03068849 -0.23630431 -0.23321809
v -0.03189448 -0.21065330 -0.24337869
v -0.03522083 -0.20929533 -0.24444245
v -0.04150209 -0.23553021 -0.22729694
v -0.04596271 -0.23346611 -0.22718922
v -0.07415666 -0.19068374 -0.23636007
v -0.07262652 -0.19224014 -0.23609090
v -0.07125144 -0.19343268 -0.23551369
v -0.06920548 -0.19559263 -0.23545162
v -0.07127035 -0.19848710 -0.24466259
v -0.06920506 -0.19864709 -0.24194884
v -0.06764068 -0.19939532 -0.24009743
v -0.06678174 -0.20199203 -0.24399382
v -0.06525843 -0.20228836 -0.24143756
v -0.06887515 -0.20184416 -0.24747108
v -0.00852109 -0.22386171 -0.24230105
v -0.00943993 -0.22857845 -0.24110515
v -0.00832872 -0.21968323 -0.24156931
v -0.01794294 -0.21809596 -0.24080496
v -0.01322938 -0.21745059 -0.24069339
v -0.01969566 -0.23442003 -0.23837991
v -0.01473409 -0.23526660 -0.23894109
v -0.02882520 -0.21173833 -0.24253573
v -0.02565638 -0.21260594 -0.24150035
v -0.03683690 -0.23746982 -0.22739009
v -0.03208258 -0.23978464 -0.22764496
v -0.03165907 -0.20858537 -0.24301097
v -0.03490084 -0.20720871 -0.24409070
v -0.07325884 -0.19097204 -0.23611122
v -0.07185378 -0.19172647 -0.23578334
v -0.06974161 -0.19422862 -0.23484398
v -0.06668703 -0.19938865 -0.23869929
v -0.06421859 -0.20230982 -0.23960720
v -0.06350302 -0.20666678 -0.24531002
v -0.06162972 -0.20682208 -0.24233280
v -0.06547213 -0.20661616 -0.25000231
v -0.07342019 -0.19815590 -0.24839085
v -0.07081993 -0.20118552 -0.25196926
v -0.00847750 -0.21646920 -0.24021657
v -0.00940014 -0.23463069 -0.23911583
v -0.01805044 -0.21553176 -0.24005655
v -0.01348978 -0.21494022 -0.23945076
v -0.02054005 -0.23962249 -0.23378787
v -0.01527837 -0.24041641 -0.23423736
v -0.02571621 -0.21051677 -0.24090114
v -0.02865560 -0.20967702 -0.24214235
v -0.06659203 -0.19886638 -0.23705886
v -0.06370461 -0.20195911 -0.23797877
v -0.06059654 -0.20655912 -0.24028029
v -0.05977883 -0.21197845 -0.24713653
v -0.05798634 -0.21131360 -0.24363823
v -0.06134493 -0.21187445 -0.25252046
v -0.06706644 -0.20529420 -0.25543199
v -0.07573581 -0.19615921 -0.25163658
v -0.07236334 -0.19871200 -0.25584289
v -0.00878847 -0.21405102 -0.23872744
v -0.00976830 -0.23990386 -0.23433598
v -0.01840241 -0.21335537 -0.23899730
v -0.01393541 -0.21303169 -0.23792179
v -0.02121982 -0.24397167 -0.22771554
v -0.01547876 -0.24524489 -0.22820337
v -0.06657248 -0.19799949 -0.23590609
v -0.06378047 -0.20155179 -0.23667683
v -0.06021781 -0.20564857 -0.23880532
v -0.05723081 -0.21085420 -0.24111513
v -0.05552446 -0.21719856 -0.24861447
v -0.05403171 -0.21611750 -0.24445995
v -0.05675488 -0.21675307 -0.25462293
v -0.06236649 -0.20959925 -0.25856388
v -0.06784428 -0.20187985 -0.26015796
v -0.07789318 -0.19354226 -0.25442377
v -0.08040658 -0.19218085 -0.25028966
v -0.07432482 -0.19567449 -0.25939859
v -0.00914987 -0.21216555 -0.23712118
v -0.00989620 -0.24526465 -0.22860682
v -0.01890376 -0.21148960 -0.23751208
v -0.01456844 -0.21159587 -0.23600891
v -0.06649911 -0.19633753 -0.23521394
v -0.06403743 -0.19983077 -0.23544137
v -0.06038281 -0.20483537 -0.23729444
v -0.05639622 -0.20966094 -0.23957767
v -0.05285883 -0.21465555 -0.24175733
v -0.05050537 -0.22175477 -0.25006111
v -0.04958969 -0.22012021 -0.24525323
v -0.05155697 -0.22144134 -0.25653704
v -0.05745201 -0.21405473 -0.26138966
v -0.06270050 -0.20538097 -0.26427618
v -0.06947022 -0.19801434 -0.26457718
v -0.06027555 -0.20386590 -0.23576271
v -0.05603612 -0.20861385 -0.23777089
v -0.05207158 -0.21301937 -0.23985627
v -0.04873204 -0.21843251 -0.24208025
v -0.05212695 -0.21794978 -0.26379634
v -0.05732739 -0.20860466 -0.26775971
v -0.06402088 -0.20035767 -0.26929349
v -0.05576535 -0.20715227 -0.23562621
v -0.05137759 -0.21185688 -0.23787002
v -0.04771744 -0.21630431 -0.24002161
v -0.04467124 -0.22366997 -0.24609582
v -0.04529322 -0.22601840 -0.25107600
v -0.05173371 -0.21119825 -0.27045844
v -0.05809970 -0.20256007 -0.27331154
v -0.05046656 -0.21034400 -0.23563625
v -0.04674301 -0.21471491 -0.23820255
v -0.04424950 -0.22139943 -0.24290270
v -0.03993781 -0.22919019 -0.25214394
v -0.03390202 -0.23087350 -0.25322739
v -0.03296238 -0.22918756 -0.24778777
v -0.03932685 -0.22724170 -0.24665544
v -0.02047770 -0.23188676 -0.25470572
v -0.01938505 -0.23025395 -0.24892172
v -0.02638255 -0.22985926 -0.24852663
v -0.02741850 -0.23169696 -0.25404927
v -0.04636808 -0.22554962 -0.25805051
v -0.05227538 -0.20439622 -0.27675730
v -0.04539152 -0.21313599 -0.23576511
v -0.04329635 -0.21908122 -0.24061424
v -0.03251840 -0.22634543 -0.24434912
v -0.03886990 -0.22421722 -0.24334241
v -0.01892309 -0.22790037 -0.24524851
v -0.02599598 -0.22718745 -0.24492265
v -0.01254839 -0.22999901 -0.24870832
v -0.01322791 -0.23172389 -0.25468231
v -0.04094538 -0.22854419 -0.25937863
v -0.03552356 -0.23047232 -0.26034792
v -0.02193081 -0.23241617 -0.26286106
v -0.02920791 -0.23178405 -0.26161388
v -0.04700916 -0.22138814 -0.26550019
v -0.04227499 -0.21766114 -0.23812582
v -0.04112861 -0.21652099 -0.23537585
v -0.03231866 -0.22418425 -0.24158721
v -0.03814220 -0.22166179 -0.24080900
v -0.01896995 -0.22684619 -0.24219351
v -0.02577510 -0.22570081 -0.24179818
v -0.01220399 -0.22797921 -0.24519367
v -0.00555742 -0.23200695 -0.25428612
v -0.00497682 -0.22979783 -0.24811114
v -0.01420855 -0.23263990 -0.26332773
v -0.04175269 -0.22451205 -0.26711161
v -0.03647207 -0.22659007 -0.26843040
v -0.02320534 -0.22901731 -0.27142346
v -0.03038093 -0.22814322 -0.26984750
v -0.04642773 -0.21385897 -0.27240480
v -0.03207443 -0.22282808 -0.23877818
v -0.03766042 -0.22052828 -0.23805783
v -0.03144833 -0.22138507 -0.23589122
v -0.03691905 -0.21968258 -0.23517524
v -0.01951843 -0.22725454 -0.23971174
v -0.01967191 -0.22737313 -0.23698987
v -0.02542872 -0.22349704 -0.23667790
v -0.02579681 -0.22453435 -0.23937805
v -0.01200695 -0.22748933 -0.24239760
v -0.00475766 -0.22758006 -0.24464512
v -0.01526895 -0.22947959 -0.27203517
v -0.04121168 -0.21631156 -0.27413924
v -0.03558958 -0.21812418 -0.27541929
v -0.02280707 -0.22041397 -0.27685925
v -0.02959427 -0.21942037 -0.27617377
v -0.04641445 -0.20586626 -0.27939490
v -0.01224560 -0.22861946 -0.23996809
v -0.01307302 -0.22882324 -0.23714398
v -0.00474493 -0.22689307 -0.24144386
v -0.00714776 -0.22956106 -0.27213346
v -0.00629879 -0.23282213 -0.26321590
v -0.01513357 -0.22102820 -0.27703368
v -0.04046262 -0.20705262 -0.28110534
v -0.03453397 -0.20862716 -0.28139940
v -0.02238508 -0.21051251 -0.28115455
v -0.02873499 -0.20981984 -0.28118174
v -0.00512306 -0.22638257 -0.23829540
v -0.00759436 -0.22116880 -0.27756077
v -0.01528357 -0.21104742 -0.28147009
v -0.00809368 -0.21154570 -0.28213493
v -0.00967335 -0.21063545 -0.23524898
v -0.08019896 -0.19279331 -0.23284665
v -0.00627508 -0.22549172 -0.23537507
v -0.08123728 -0.19137919 -0.23425680
v -0.08246120 -0.19026459 -0.23717929
v -0.08179663 -0.19142313 -0.24703892
v -0.08265458 -0.19067766 -0.24207412
v -0.08255200 -0.19035539 -0.23971588
v -0.08246411 -0.19101330 -0.24444047
v -0.02256342 -0.21107866 -0.23928618
v -0.02224116 -0.21318284 -0.24025979
v -0.02209725 -0.21543007 -0.24078648
v -0.02211409 -0.21796220 -0.24094680
v -0.02235236 -0.22087784 -0.24089960
v -0.02289071 -0.22431229 -0.24056792
v -0.02360717 -0.22839927 -0.23997256
v -0.02457844 -0.23318322 -0.23799063
v -0.02576594 -0.23814781 -0.23353116
v -0.02683467 -0.24198826 -0.22765818
v 0.05227431 -0.20250338 -0.23788679
v 0.05390972 -0.20411724 -0.23758787
v 0.05062356 -0.20792615 -0.23795210
v 0.04913125 -0.20565057 -0.23826101
v 0.04770304 -0.20361622 -0.23848648
v 0.05106470 -0.20109932 -0.23824846
v 0.04618618 -0.21101288 -0.23761366
v 0.04121912 -0.21329885 -0.23754685
v 0.04004001 -0.21055485 -0.23831154
v 0.04507154 -0.20846267 -0.23820184
v 0.03896907 -0.20816658 -0.23844182
v 0.04383351 -0.20622112 -0.23869083
v 0.04663300 -0.20191379 -0.23882695
v 0.05025371 -0.19965908 -0.23892251
v 0.05522544 -0.19882416 -0.23854037
v 0.05786428 -0.19957560 -0.23814366
v 0.05395029 -0.19818152 -0.23947951
v 0.05589307 -0.19676869 -0.24011519
v 0.05805119 -0.19785999 -0.23938684
v 0.06033428 -0.19943165 -0.23895726
v 0.05560509 -0.20628346 -0.23684073
v 0.05226288 -0.21016003 -0.23702534
v 0.03804945 -0.20623440 -0.23805086
v 0.04269771 -0.20416902 -0.23870734
v 0.04780229 -0.21377865 -0.23703627
v 0.04279561 -0.21648967 -0.23638905
v 0.04623743 -0.20048217 -0.23854112
v 0.05003912 -0.19847190 -0.23895701
v 0.05319050 -0.19754035 -0.24035203
v 0.05483822 -0.19623402 -0.24059509
v 0.06015206 -0.19680759 -0.23949045
v 0.06180908 -0.19934539 -0.23904030
v 0.06175859 -0.19974329 -0.23891858
v 0.05975440 -0.19728164 -0.23925745
v 0.05647544 -0.19614311 -0.24051343
v 0.05656878 -0.19588425 -0.24051862
v 0.05954579 -0.20178479 -0.23777808
v 0.06159849 -0.20002183 -0.23858472
v 0.05788007 -0.20820414 -0.23557060
v 0.05437328 -0.21274130 -0.23519893
v 0.03564731 -0.21494421 -0.23721310
v 0.03451255 -0.21208065 -0.23788032
v 0.03363499 -0.20970942 -0.23771372
v 0.03752407 -0.20459556 -0.23720391
v 0.04218492 -0.20254222 -0.23805624
v 0.04996452 -0.21680775 -0.23487367
v 0.04512342 -0.22026517 -0.23459289
v 0.04643394 -0.19938814 -0.23763484
v 0.05023048 -0.19747982 -0.23834573
v 0.05268601 -0.19682175 -0.23992443
v 0.05429683 -0.19576031 -0.23985258
v 0.05551009 -0.19591144 -0.24043879
v 0.05573722 -0.19544573 -0.24016302
v 0.05635476 -0.19556977 -0.24061189
v 0.05930251 -0.19649594 -0.24015883
v 0.06167723 -0.19801118 -0.23951701
v 0.06188807 -0.19939984 -0.23904794
v 0.06194944 -0.19974609 -0.23888281
v 0.06128972 -0.20417790 -0.23650922
v 0.06247520 -0.20151060 -0.23827793
v 0.06060654 -0.21043178 -0.23343589
v 0.05679033 -0.21500150 -0.23201024
v 0.03015430 -0.21337405 -0.23812027
v 0.03123676 -0.21620673 -0.23704680
v 0.02652781 -0.21768601 -0.23780646
v 0.02577919 -0.21475907 -0.23887637
v 0.02492839 -0.21197732 -0.23849326
v 0.02908246 -0.21086466 -0.23803557
v 0.03295515 -0.20774343 -0.23715979
v 0.03720010 -0.21828748 -0.23572299
v 0.03756309 -0.20336899 -0.23592082
v 0.04231636 -0.20142317 -0.23686052
v 0.05208380 -0.21934439 -0.23061472
v 0.04712556 -0.22332030 -0.23013448
v 0.04693563 -0.19869681 -0.23654313
v 0.05049746 -0.19687529 -0.23737967
v 0.05273202 -0.19599529 -0.23915586
v 0.05406655 -0.19491809 -0.23880981
v 0.05509397 -0.19542048 -0.23946577
v 0.05569199 -0.19525975 -0.23868549
v 0.05580173 -0.19556794 -0.23987195
v 0.05620968 -0.19549265 -0.24062802
v 0.05848312 -0.19614469 -0.24067913
v 0.06154697 -0.19746049 -0.23987854
v 0.06195643 -0.19815298 -0.23987244
v 0.06226812 -0.19850506 -0.23983517
v 0.06195207 -0.20000965 -0.23878614
v 0.06374649 -0.20652440 -0.23525660
v 0.06415775 -0.20361139 -0.23695743
v 0.02419282 -0.20962707 -0.23757561
v 0.02827366 -0.20875744 -0.23730300
v 0.03231090 -0.21942489 -0.23538585
v 0.02761891 -0.22113007 -0.23605610
v 0.03252853 -0.20606496 -0.23637643
v 0.03951803 -0.22269332 -0.23432029
v 0.03807262 -0.20259228 -0.23436756
v 0.04285003 -0.20070970 -0.23544387
v 0.05280250 -0.19552253 -0.23820792
v 0.05413865 -0.19469579 -0.23754921
v 0.05511924 -0.19515042 -0.23786615
v 0.05588997 -0.19546338 -0.23727105
v 0.05589549 -0.19574830 -0.23825784
v 0.05570131 -0.19559549 -0.23980607
v 0.05815621 -0.19566937 -0.24130677
v 0.05593346 -0.19544239 -0.24096743
v 0.06098631 -0.19690978 -0.24046114
v 0.06218127 -0.19790249 -0.24049307
v 0.06276476 -0.19742327 -0.24118338
v 0.02126652 -0.21574026 -0.23893150
v 0.02206315 -0.21904537 -0.23830005
v 0.01771260 -0.22097269 -0.23870479
v 0.01691605 -0.21669292 -0.23973041
v 0.01608417 -0.21271242 -0.23982310
v 0.02064513 -0.21272970 -0.23869809
v 0.02376891 -0.20783130 -0.23639231
v 0.02775426 -0.20706438 -0.23622199
v 0.03424275 -0.22427689 -0.23377342
v 0.02950573 -0.22629344 -0.23366825
v 0.03250302 -0.20478933 -0.23518563
v 0.04174383 -0.22667862 -0.22993037
v 0.05529823 -0.19518325 -0.23669647
v 0.05610484 -0.19535780 -0.23605066
v 0.05622414 -0.19566592 -0.23683980
v 0.05577442 -0.19579941 -0.23809921
v 0.05530525 -0.19564985 -0.24008621
v 0.05753744 -0.19559777 -0.24204815
v 0.06049744 -0.19648585 -0.24162343
v 0.05547225 -0.19556889 -0.24155579
v 0.05473704 -0.19607444 -0.24231226
v 0.05348435 -0.19697319 -0.24330260
v 0.05535929 -0.19714006 -0.24425706
v 0.05666796 -0.19617553 -0.24299075
v 0.05771753 -0.19779481 -0.24538297
v 0.05949491 -0.19673668 -0.24321262
v 0.06174661 -0.19697292 -0.24155774
v 0.06319897 -0.19773063 -0.24307080
v 0.01322598 -0.22306560 -0.23918777
v 0.00913299 -0.22456962 -0.23941080
v 0.00903351 -0.21963204 -0.23990428
v 0.01284513 -0.21833829 -0.23962712
v 0.00920368 -0.21522656 -0.23912508
v 0.01288774 -0.21410962 -0.23894966
v 0.01621822 -0.21054702 -0.23802135
v 0.02021404 -0.21030077 -0.23779844
v 0.02317616 -0.22303017 -0.23666504
v 0.01894551 -0.22538906 -0.23707737
v 0.02376053 -0.20648498 -0.23486544
v 0.02769472 -0.20579448 -0.23488668
v 0.03633202 -0.22909428 -0.22983803
v 0.03146066 -0.23153426 -0.22975175
v 0.03298017 -0.20396084 -0.23365694
v 0.05656372 -0.19529438 -0.23571839
v 0.05605756 -0.19560855 -0.23668919
v 0.05518126 -0.19605438 -0.23823162
v 0.05479940 -0.19572466 -0.24059011
v 0.05377241 -0.19592661 -0.24141617
v 0.05208407 -0.19692505 -0.24231545
v 0.06122496 -0.19738319 -0.24337012
v 0.05885838 -0.19859881 -0.24847232
v 0.06062284 -0.19768812 -0.24530335
v 0.06320105 -0.19792309 -0.24482388
v 0.00921618 -0.21248681 -0.23685556
v 0.01305008 -0.21162476 -0.23708370
v 0.01472120 -0.22771327 -0.23746249
v 0.01044336 -0.22947649 -0.23756944
v 0.01629004 -0.20884367 -0.23628779
v 0.01992050 -0.20843866 -0.23641674
v 0.02502102 -0.22839057 -0.23399809
v 0.02056552 -0.23049267 -0.23421520
v 0.02393878 -0.20559498 -0.23305600
v 0.02803824 -0.20492494 -0.23324676
v 0.05651351 -0.19503980 -0.23566241
v 0.05545450 -0.19586260 -0.23682368
v 0.05440969 -0.19599771 -0.23876935
v 0.05348557 -0.19612885 -0.24022459
v 0.05161868 -0.19692173 -0.24110470
v 0.06266071 -0.19792022 -0.24676022
v 0.06096480 -0.19821351 -0.25219133
v 0.06195160 -0.19804853 -0.24910014
v 0.00122125 -0.22682238 -0.24057424
v -0.00372174 -0.22766136 -0.24113348
v -0.00329675 -0.22283799 -0.24186603
v 0.00127285 -0.22192379 -0.24109606
v -0.00335383 -0.21866067 -0.24091430
v 0.00114786 -0.21768668 -0.24013194
v 0.00914880 -0.20998873 -0.23528539
v 0.01291907 -0.20937530 -0.23604475
v 0.01606491 -0.23264718 -0.23412022
v 0.01138689 -0.23429869 -0.23425798
v 0.01650059 -0.20723696 -0.23457491
v 0.02010820 -0.20700618 -0.23478288
v 0.02672809 -0.23337605 -0.22956185
v 0.02213972 -0.23505157 -0.22956069
v 0.05589922 -0.19513434 -0.23583578
v 0.05473842 -0.19593256 -0.23732683
v 0.05356995 -0.19622671 -0.23833779
v 0.05180132 -0.19651548 -0.23970128
v 0.05540634 -0.19921168 -0.24794732
v 0.05335048 -0.19850323 -0.24584284
v 0.05143283 -0.19853073 -0.24430818
v 0.04817081 -0.20119772 -0.24537050
v 0.05077335 -0.20133319 -0.24733864
v 0.05256271 -0.20180800 -0.25084259
v -0.00360143 -0.21536693 -0.23953334
v 0.00096199 -0.21424477 -0.23874415
v 0.00125753 -0.23222789 -0.23844287
v -0.00382237 -0.23352008 -0.23912027
v 0.00928637 -0.20784293 -0.23405191
v 0.01297300 -0.20745732 -0.23457071
v 0.01737986 -0.23676536 -0.22949872
v 0.01232968 -0.23862065 -0.22948626
v 0.01673551 -0.20611229 -0.23257928
v 0.02027229 -0.20600676 -0.23286376
v 0.05523073 -0.19516198 -0.23618416
v 0.05268680 -0.19619173 -0.23842657
v 0.05423912 -0.19532289 -0.23694248
v 0.04957113 -0.19862538 -0.24283363
v 0.04668241 -0.20111620 -0.24347306
v 0.04538044 -0.20461591 -0.24651441
v 0.04737177 -0.20500331 -0.24958858
v 0.04869826 -0.20548857 -0.25416894
v 0.05706514 -0.19980300 -0.25170391
v 0.05394101 -0.20166891 -0.25552594
v -0.00395600 -0.21273157 -0.23813866
v 0.00071034 -0.21148221 -0.23725233
v 0.00140827 -0.23775756 -0.23557214
v -0.00411845 -0.23915423 -0.23513786
v 0.00947431 -0.20646790 -0.23219800
v 0.01321701 -0.20619450 -0.23243817
v 0.04869327 -0.19821822 -0.24133796
v 0.04590458 -0.20064475 -0.24177833
v 0.04404076 -0.20445083 -0.24419133
v 0.04193165 -0.20797821 -0.24729745
v 0.04353399 -0.20858103 -0.25110422
v 0.04476870 -0.20896291 -0.25661198
v 0.04968266 -0.20434967 -0.25951071
v 0.05884857 -0.19881629 -0.25587232
v 0.05529002 -0.20002446 -0.26033365
v -0.00431804 -0.21064278 -0.23654519
v 0.00050107 -0.20932155 -0.23545057
v 0.00122827 -0.24247146 -0.22922709
v -0.00437940 -0.24404961 -0.22883180
v 0.04879009 -0.19733100 -0.24045366
v 0.04523536 -0.19940578 -0.24067562
v 0.04308609 -0.20378892 -0.24242753
v 0.04061744 -0.20734264 -0.24456138
v 0.03803108 -0.21101366 -0.24779009
v 0.03954850 -0.21211371 -0.25215625
v 0.04036930 -0.21262020 -0.25850668
v 0.04490919 -0.20695090 -0.26292773
v 0.05070847 -0.20188801 -0.26477053
v 0.06138490 -0.19683403 -0.25935855
v 0.06384095 -0.19663677 -0.25496863
v 0.05761514 -0.19747814 -0.26410377
v -0.00475230 -0.20919013 -0.23451908
v 0.00031495 -0.20764198 -0.23331842
v 0.04896314 -0.19563295 -0.24024852
v 0.04465857 -0.19723196 -0.24107291
v 0.04263541 -0.20274963 -0.24042765
v 0.03962559 -0.20641699 -0.24269465
v 0.03671390 -0.20990409 -0.24485931
v 0.03389042 -0.21421266 -0.24801028
v 0.03499683 -0.21541326 -0.25258875
v 0.03543748 -0.21635269 -0.25942828
v 0.03986956 -0.21022846 -0.26558422
v 0.04531373 -0.20401148 -0.26873030
v 0.05273619 -0.19863309 -0.26920106
v 0.04161083 -0.20058532 -0.23988699
v 0.03897856 -0.20539972 -0.24077955
v 0.03588188 -0.20901287 -0.24268752
v 0.03280242 -0.21275962 -0.24502481
v 0.03443309 -0.21382101 -0.26734615
v 0.03937111 -0.20639819 -0.27184663
v 0.04705693 -0.20026802 -0.27397920
v 0.03844034 -0.20356473 -0.23930785
v 0.03487418 -0.20780892 -0.24085086
v 0.03206154 -0.21144507 -0.24275150
v 0.02943843 -0.21686809 -0.24788794
v 0.03038565 -0.21872807 -0.25248739
v 0.03323178 -0.20914559 -0.27419284
v 0.04080497 -0.20202488 -0.27784764
v 0.03360766 -0.20559215 -0.23940136
v 0.03141449 -0.21044275 -0.24046065
v 0.02869512 -0.21498363 -0.24493994
v 0.02585817 -0.22250266 -0.25238917
v 0.02514973 -0.21997165 -0.24758843
v 0.02036570 -0.22294624 -0.24735812
v 0.02070404 -0.22588818 -0.25245617
v 0.00909539 -0.23146365 -0.25268419
v 0.01528277 -0.22896018 -0.25244311
v 0.01510813 -0.22567689 -0.24702741
v 0.00918666 -0.22800243 -0.24703159
v 0.03052426 -0.22023757 -0.25972501
v 0.03449932 -0.20413089 -0.28093977
v 0.03026638 -0.20865694 -0.23827704
v 0.02822594 -0.21337407 -0.24252783
v 0.02479619 -0.21765519 -0.24443231
v 0.02011586 -0.22003207 -0.24413666
v 0.01471182 -0.22228456 -0.24358075
v 0.00925201 -0.22421726 -0.24318761
v 0.00217384 -0.22993565 -0.24745049
v 0.00185994 -0.23247730 -0.25336872
v 0.02547625 -0.22374878 -0.25996288
v 0.02021102 -0.22711231 -0.26057766
v 0.00816567 -0.23205441 -0.26213627
v 0.01447357 -0.23002046 -0.26135278
v 0.02874295 -0.21764770 -0.26835731
v 0.02771640 -0.21205666 -0.23709913
v 0.02802165 -0.21272608 -0.23996374
v 0.02441617 -0.21556937 -0.24201951
v 0.02007735 -0.21785434 -0.24142432
v 0.01531999 -0.22099005 -0.24028973
v 0.01006289 -0.22396603 -0.23917761
v 0.00224391 -0.22652250 -0.24424337
v 0.00125291 -0.23294434 -0.26272499
v 0.02340795 -0.22135234 -0.26911432
v 0.01832023 -0.22436663 -0.26977127
v 0.00713156 -0.22822357 -0.27140388
v 0.01288966 -0.22657077 -0.27050624
v 0.02713057 -0.21195925 -0.27573891
v 0.02458523 -0.21531480 -0.23939886
v 0.02010231 -0.21687448 -0.23830000
v 0.02432481 -0.21453812 -0.23599398
v 0.01928719 -0.21522939 -0.23522816
v 0.00958871 -0.22265310 -0.23614110
v 0.01572330 -0.22002184 -0.23695531
v 0.01430615 -0.21726516 -0.23461287
v 0.00809666 -0.21941647 -0.23425585
v 0.00245173 -0.22485597 -0.24092814
v 0.00049531 -0.22925741 -0.27201279
v 0.02148223 -0.21452270 -0.27641766
v 0.01639933 -0.21699560 -0.27682526
v 0.00576536 -0.22038235 -0.27807328
v 0.01128031 -0.21901358 -0.27742624
v 0.02814785 -0.20590181 -0.28311938
v 0.00106708 -0.22163670 -0.23432442
v 0.00232995 -0.22374386 -0.23728813
v -0.00043845 -0.22104859 -0.27801342
v 0.02197775 -0.20757289 -0.28431592
v 0.01609960 -0.20953064 -0.28428991
v 0.00449616 -0.21218848 -0.28326114
v 0.01033728 -0.21099325 -0.28387156
v -0.00141529 -0.21248266 -0.28258854
v 0.06395316 -0.20148206 -0.23852235
v 0.06539222 -0.19984954 -0.24041496
v 0.06622859 -0.19886757 -0.24248891
v 0.06525357 -0.19668410 -0.25163226
v 0.06650130 -0.19807515 -0.24470224
v 0.06627052 -0.19746407 -0.24679894
v 0.06600384 -0.19705105 -0.24907420
v 0.00521601 -0.20633971 -0.23231099
v 0.00518744 -0.20708084 -0.23425087
v 0.00511054 -0.20981535 -0.23584818
v 0.00519460 -0.21314080 -0.23765998
v 0.00535431 -0.21650381 -0.23941605
v 0.00537531 -0.22085885 -0.24019166
v 0.00530827 -0.22595364 -0.23964620
v 0.00592665 -0.23105553 -0.23771822
v 0.00647637 -0.23590343 -0.23478867
v 0.00693275 -0.24068773 -0.22960504
v 0.20105285 -0.01504294 -0.10932396
v 0.20095384 -0.02225946 -0.11478283
v 0.19840177 -0.01887397 -0.12568431
v 0.19878614 -0.01228795 -0.11842397
v 0.19504730 -0.01413981 -0.13632254
v 0.19612396 -0.00877435 -0.12683288
v 0.19814335 -0.00683669 -0.11232628
v 0.20010774 -0.00898228 -0.10464442
v 0.20106879 -0.01084469 -0.09665883
v 0.20267152 -0.01715780 -0.09997650
v 0.19596860 -0.00418151 -0.11952221
v 0.19635186 -0.00262245 -0.10739999
v 0.19763803 -0.00447418 -0.10081030
v 0.19816582 -0.00575804 -0.09419100
v 0.19440418 -0.00019127 -0.11382678
v 0.19429248 0.00049269 -0.10340988
v 0.19531021 -0.00084930 -0.09781411
v 0.19292712 0.00380204 -0.09955623
v 0.19332100 0.00270580 -0.09514949
v 0.19861186 -0.00606910 -0.08756751
v 0.20159726 -0.01182111 -0.08808240
v 0.19606913 -0.00136670 -0.09253104
v 0.19434991 0.00213412 -0.09111610
v 0.19281244 0.00286225 -0.10893125
v 0.19244806 0.00578757 -0.10415218
v 0.19679060 -0.00135107 -0.08770935
v 0.19519818 0.00206040 -0.08786175
v 0.19892488 0.03221585 -0.11830002
v 0.20286876 0.03875680 -0.11012103
v 0.21148609 0.04208591 -0.11519259
v 0.20587840 0.03461562 -0.12380905
v 0.20410169 -0.00068390 -0.07435010
v 0.20632564 0.00053986 -0.07281153
v 0.20775731 -0.00167895 -0.07012279
v 0.20561327 -0.00324655 -0.07084789
v 0.21524995 0.04463049 -0.10204112
v 0.20591194 0.04373652 -0.09793626
v 0.21946369 0.03774330 -0.11495412
v 0.21272107 0.02837165 -0.12537837
v 0.21420273 0.02405307 -0.11993927
v 0.20550840 0.01866063 -0.12410775
v 0.20210531 0.02299464 -0.12723316
v 0.20035496 0.01476701 -0.09986211
v 0.20346371 0.01555567 -0.09231467
v 0.19972260 0.01263952 -0.08843138
v 0.19810270 0.01249999 -0.09639420
v 0.20986647 -0.01195864 0.02379808
v 0.21261579 -0.00598590 0.02811759
v 0.21229115 -0.00808875 0.02979647
v 0.21099143 -0.01360350 0.02552476
v 0.21845824 -0.00016519 -0.05025309
v 0.21844275 0.00307983 -0.04893410
v 0.21904842 0.00223598 -0.04299928
v 0.21950315 0.00016071 -0.04572258
v 0.21328937 -0.00111895 -0.05898455
v 0.21186665 -0.00033850 -0.06606991
v 0.21102608 0.00234069 -0.06651493
v 0.21429339 0.00241303 -0.05893094
v 0.20200804 0.00275132 -0.07667311
v 0.20351112 0.00323330 -0.07442858
v 0.19811891 0.00485008 -0.07769773
v 0.19892042 0.00514802 -0.07520568
v 0.20911260 0.04479459 -0.08581844
v 0.21702442 0.04446854 -0.08798103
v 0.22152203 0.04111192 -0.10144790
v 0.22044288 0.03302953 -0.10974271
v 0.20796110 0.02261475 -0.10429779
v 0.20367483 0.01738158 -0.11026120
v 0.20565791 0.01668998 -0.11715317
v 0.21176824 0.02304930 -0.11255044
v 0.20188090 0.01691081 -0.10441990
v 0.20549399 0.01991030 -0.09760742
v 0.19477160 0.01227744 -0.09402338
v 0.19489789 0.01542553 -0.08745617
v 0.19116905 0.01891863 -0.08863722
v 0.19115591 0.01262952 -0.09272582
v 0.21305947 0.00016921 0.03519268
v 0.21355722 0.00759252 0.04061055
v 0.21318908 0.00490385 0.04020253
v 0.21202466 -0.00157858 0.03705327
v 0.21440652 0.00427158 -0.04826183
v 0.21473068 0.00476250 -0.04003029
v 0.20856682 0.00435568 -0.06692032
v 0.21212309 0.00495583 -0.05878410
v 0.20406452 0.00520033 -0.06716157
v 0.20759426 0.00456859 -0.05944258
v 0.22238776 0.04076690 -0.08671086
v 0.21265803 0.04658073 -0.07243371
v 0.21643754 0.04746988 -0.06027657
v 0.22300969 0.04200021 -0.05973011
v 0.21985532 0.04349967 -0.07217573
v 0.22344573 0.03698313 -0.09716056
v 0.21920490 0.02894827 -0.10247990
v 0.21856858 0.02528509 -0.09459947
v 0.20937561 0.01959408 -0.07999713
v 0.19938898 0.02000227 -0.07671954
v 0.21389754 0.01112965 0.04172024
v 0.21380586 0.01470153 0.04644118
v 0.21432972 -0.01176359 -0.01139982
v 0.20990318 -0.00666134 -0.00954097
v 0.20493023 -0.00920332 -0.00097985
v 0.20732936 -0.01121037 0.00035689
v 0.21480590 -0.00294743 -0.01882465
v 0.21077368 -0.00132708 -0.01651260
v 0.20628573 0.00504240 -0.01934070
v 0.20246090 0.00690987 -0.02080230
v 0.20006021 0.00232580 -0.01804374
v 0.20545554 -0.00003726 -0.01675171
v 0.21092318 0.00270028 -0.02054183
v 0.22582714 0.03559951 -0.05857863
v 0.22488279 0.03770777 -0.07188756
v 0.22409276 0.03724841 -0.08269811
v 0.21850360 0.04772364 -0.04868499
v 0.21860336 0.04690136 -0.03732103
v 0.22415581 0.04157390 -0.03679082
v 0.22454292 0.04131285 -0.04801842
v 0.22463337 0.03371165 -0.09080327
v 0.22601406 0.03014918 -0.08347273
v 0.21656239 0.02172570 -0.08694457
v 0.19360477 0.02358023 -0.07793707
v 0.19087804 0.02671229 -0.08113179
v 0.21373395 0.02623385 -0.06931825
v 0.20362079 0.02918472 -0.07072452
v 0.20566672 -0.00576018 0.02059705
v 0.21202207 -0.00141857 0.02484935
v 0.21223379 -0.00353678 0.02646906
v 0.20750321 -0.00897890 0.02238052
v 0.20302862 -0.00816378 0.00837033
v 0.20488053 -0.01073285 0.00986506
v 0.20489913 -0.00519873 -0.01161246
v 0.19853251 -0.00247778 -0.01375040
v 0.19990581 -0.00360090 -0.00567274
v 0.20273829 -0.00730090 -0.00285575
v 0.19859561 0.00474943 -0.06772128
v 0.20306293 0.00325467 -0.06050191
v 0.22312428 0.03282492 -0.05745512
v 0.22481014 0.03435473 -0.07051985
v 0.22609728 0.03497502 -0.03578292
v 0.22611826 0.03395055 -0.04721013
v 0.22385882 0.03427722 -0.07799295
v 0.22047356 0.03245913 -0.07326105
v 0.21590208 0.04662092 -0.02707458
v 0.21340982 0.04603597 -0.01358821
v 0.21739032 0.04455130 -0.01352768
v 0.22197978 0.04351756 -0.02585528
v 0.22427499 0.02644561 -0.07527088
v 0.19842635 0.03301158 -0.07282023
v 0.19429305 0.03590324 -0.07523047
v 0.21010922 0.03391368 -0.06844852
v 0.20653352 0.03672445 -0.07180279
v 0.21363168 0.01005540 0.04117462
v 0.21418228 0.01861490 0.04830860
v 0.21440135 0.00435781 0.03114287
v 0.21367443 0.01241725 0.04133370
v 0.21369775 0.00223785 0.03307985
v 0.20421847 -0.00318065 0.01895135
v 0.21146127 0.00073153 0.02369518
v 0.20286938 -0.00270659 0.00337047
v 0.20237038 -0.00623200 0.00677881
v 0.19850918 0.00914037 -0.02166553
v 0.19499810 0.00586820 -0.01782123
v 0.22404382 0.03249974 -0.03601445
v 0.22327982 0.03209608 -0.04700066
v 0.22038459 0.03404609 -0.05667700
v 0.21929703 0.03739791 -0.05666406
v 0.21882879 0.03525580 -0.06542874
v 0.22223391 0.03339725 -0.06797312
v 0.21928120 0.04220572 -0.01347923
v 0.22448531 0.03775989 -0.02396870
v 0.20534408 0.05399535 -0.00382688
v 0.20603307 0.05064248 -0.00244093
v 0.21502721 0.03230171 -0.06864343
v 0.20255013 0.04014793 -0.07447786
v 0.19662724 0.04348745 -0.07401811
v 0.21194875 0.04384035 -0.05918555
v 0.21079549 0.04396104 -0.06704809
v 0.21417705 0.04119164 -0.06583683
v 0.21480380 0.04216053 -0.05837030
v 0.20799982 0.04546171 -0.05915078
v 0.20597541 0.04660024 -0.06716985
v 0.21037243 0.02997695 0.05394315
v 0.21167187 0.02302386 0.04908429
v 0.21431745 0.02162124 0.04754407
v 0.21409943 0.00646707 0.02993032
v 0.21380849 0.01418608 0.03935360
v 0.20307874 0.00150085 0.01201622
v 0.20858256 0.00585984 0.01799920
v 0.21060947 0.00328658 0.02203603
v 0.20326133 -0.00120364 0.01691009
v 0.19330967 0.00606130 -0.00581763
v 0.19624091 0.00117329 -0.00612912
v 0.19331329 0.00293952 -0.01200575
v 0.19116883 0.00717496 -0.01113799
v 0.20517076 0.02021283 -0.03862147
v 0.20706622 0.02200637 -0.03791514
v 0.20988000 0.02052051 -0.03444280
v 0.20899184 0.01798436 -0.03568333
v 0.22046351 0.03764871 -0.04745684
v 0.22135648 0.03419676 -0.04700085
v 0.21995288 0.03993249 -0.01271163
v 0.22290869 0.03483881 -0.02414173
v 0.20633253 0.05002004 -0.00715622
v 0.20183417 0.05978563 0.01864286
v 0.20012794 0.05964352 0.01183565
v 0.20502681 0.05254151 0.00830293
v 0.20641323 0.05337895 0.01763082
v 0.21631742 0.03845079 -0.06492952
v 0.21755668 0.04027009 -0.05755340
v 0.20290946 0.04639809 -0.05769587
v 0.19940788 0.04797464 -0.06572560
v 0.19746512 0.04461709 -0.05459126
v 0.19353661 0.04584715 -0.06202798
v 0.21588464 0.04200629 -0.04997879
v 0.21331348 0.04238367 -0.05136423
v 0.20763413 0.04791435 0.03506688
v 0.20507210 0.05562222 0.03661023
v 0.20321129 0.05960387 0.02651988
v 0.20673672 0.05225975 0.02657559
v 0.20860784 0.03915116 0.05226291
v 0.20683674 0.04891456 0.04617403
v 0.20923642 0.04093570 0.04230029
v 0.21018009 0.03224055 0.04670931
v 0.21233956 0.03482840 0.05566156
v 0.21448304 0.02283758 0.04486301
v 0.21237285 0.01147520 0.02449807
v 0.21117347 0.01620681 0.02808400
v 0.21220893 0.01520466 0.03486952
v 0.21283816 0.00867880 0.02867283
v 0.19810279 0.00649101 -0.00313217
v 0.20129099 0.00121789 -0.00082066
v 0.20591300 0.02067855 -0.02833332
v 0.20811597 0.02314743 -0.03129049
v 0.20627545 0.02350431 -0.03004655
v 0.20348333 0.02124450 -0.02782224
v 0.20214577 0.02325168 -0.04053816
v 0.20416990 0.02401253 -0.03996033
v 0.20842634 0.02451494 -0.03516055
v 0.20765440 0.02524364 -0.03289845
v 0.21817672 0.03840340 -0.01399080
v 0.21595868 0.03840369 -0.01701978
v 0.21956600 0.03773774 -0.02682060
v 0.22091844 0.03519569 -0.02532663
v 0.20867345 0.04736313 -0.00760385
v 0.20360600 0.06336340 0.01510031
v 0.20311857 0.06118967 0.00723243
v 0.21861215 0.04075397 -0.04846043
v 0.19566970 0.03194129 -0.04500252
v 0.19657315 0.03454405 -0.04538264
v 0.19817423 0.03284122 -0.04399533
v 0.19827059 0.03119052 -0.04340015
v 0.19962159 0.03276970 -0.04345691
v 0.20017939 0.03098922 -0.04248760
v 0.20991607 0.04242102 -0.05228964
v 0.20558003 0.04252296 -0.05168237
v 0.21334429 0.04059045 -0.02265058
v 0.21139434 0.04087535 -0.02508921
v 0.21348391 0.04218799 -0.03358133
v 0.21574338 0.04215581 -0.03154358
v 0.20937420 0.04046438 -0.02745917
v 0.21147792 0.04066773 -0.03564345
v 0.20762007 0.05900554 0.03474067
v 0.20550626 0.06296156 0.02494095
v 0.21175976 0.04292352 0.05264249
v 0.20994619 0.05204148 0.04522949
v 0.21463499 0.03463010 0.05114360
v 0.21031575 0.02132485 0.02947458
v 0.21257252 0.02254539 0.03927871
v 0.20675370 0.00895727 0.00624508
v 0.20718309 0.00761455 0.01248844
v 0.20417506 0.00392853 0.00621493
v 0.20422429 0.00736238 0.00078556
v 0.19511330 0.01055405 -0.00255995
v 0.19202098 0.00960126 -0.00548001
v 0.20713444 0.02582434 -0.03768412
v 0.20759951 0.02649132 -0.03560465
v 0.20538746 0.02725912 -0.03033416
v 0.20415688 0.02571387 -0.02906264
v 0.20597340 0.02551410 -0.03049593
v 0.20682473 0.02694672 -0.03238156
v 0.21211075 0.04258756 -0.00753596
v 0.21055921 0.04493817 -0.00710844
v 0.20563624 0.05997272 0.01340863
v 0.20484551 0.05689615 0.00566541
v 0.21487236 0.03969026 -0.01992875
v 0.21813721 0.04081126 -0.02914034
v 0.20132407 0.04153987 -0.04987763
v 0.19908730 0.03811045 -0.04708802
v 0.19413021 0.03863447 -0.04989540
v 0.19911340 0.03495170 -0.04477137
v 0.20503775 0.03183212 -0.04089053
v 0.20305910 0.03136612 -0.04172953
v 0.20158387 0.03348675 -0.04341300
v 0.20371349 0.03514267 -0.04401659
v 0.20701690 0.03368294 -0.03913252
v 0.20664617 0.03341663 -0.03323867
v 0.20653699 0.03146123 -0.03327101
v 0.20685957 0.03161026 -0.03791136
v 0.20793938 0.03834613 -0.03018469
v 0.20974906 0.03811959 -0.03784167
v 0.20689269 0.03594951 -0.03217230
v 0.20808716 0.03588709 -0.03927108
v 0.20946059 0.03881940 -0.01835823
v 0.21149961 0.03899806 -0.01514911
v 0.20936875 0.05693980 0.03183579
v 0.20751763 0.06030251 0.02266479
v 0.21406118 0.04237511 0.04872763
v 0.21169718 0.05047367 0.04100423
v 0.21089942 0.02718016 0.03131151
v 0.21274976 0.03087289 0.04274342
v 0.21149825 0.01714892 0.01342994
v 0.21258175 0.01695873 0.02136349
v 0.21117142 0.01236710 0.01786933
v 0.20875631 0.01239866 0.01032747
v 0.19934151 0.01224278 -0.00121490
v 0.20184974 0.01337034 0.00185820
v 0.19302644 0.01853491 -0.00442419
v 0.19686586 0.01684297 -0.00113331
v 0.19486577 0.01490718 -0.00175523
v 0.19204470 0.01585499 -0.00477513
v 0.19151615 0.01905774 -0.00915864
v 0.19068027 0.01605547 -0.00989737
v 0.19109343 0.01672235 -0.01498055
v 0.19115988 0.01948858 -0.01415801
v 0.20196313 0.02572876 -0.02737605
v 0.20306476 0.02719547 -0.02824911
v 0.20622774 0.04830086 0.00861915
v 0.20712683 0.04673530 0.00046625
v 0.20501289 0.05166480 0.00350918
v 0.20580383 0.05487878 0.01201819
v 0.21220782 0.04039059 -0.01074741
v 0.20434513 0.03293198 -0.02819797
v 0.20425107 0.03121363 -0.02914380
v 0.21044574 0.03923135 -0.00805744
v 0.21002908 0.03914490 -0.00171976
v 0.20815734 0.03627059 -0.00745931
v 0.20853232 0.03772404 -0.01254748
v 0.20890582 0.05245019 0.02867143
v 0.20901073 0.04437398 0.02236121
v 0.20731492 0.04745881 0.01558146
v 0.20721542 0.05535148 0.02008364
v 0.21082974 0.03388485 0.03138915
v 0.20993488 0.03927607 0.02791326
v 0.21078147 0.04637359 0.03642424
v 0.21275864 0.03912206 0.04221398
v 0.21237849 0.02172730 0.01511194
v 0.21135063 0.02092992 0.02275886
v 0.20377622 0.01918253 0.00651169
v 0.20256844 0.01568726 0.00525784
v 0.19527387 0.02338525 -0.00385371
v 0.19949953 0.02134635 -0.00010653
v 0.19825062 0.01896414 -0.00041721
v 0.19398855 0.02114482 -0.00402879
v 0.19344356 0.02409036 -0.00846893
v 0.19237082 0.02191663 -0.00874221
v 0.19199122 0.02222782 -0.01316419
v 0.19292783 0.02439891 -0.01255626
v 0.20064284 0.02724336 -0.02583224
v 0.19854243 0.02744622 -0.02338846
v 0.19774667 0.02595090 -0.02312204
v 0.19981187 0.02576803 -0.02540329
v 0.20807001 0.04285309 0.00386804
v 0.20967944 0.04265488 -0.00310508
v 0.20463627 0.03512427 -0.02630339
v 0.20234652 0.03292271 -0.02384144
v 0.20068939 0.03257013 -0.02028006
v 0.20021835 0.03098758 -0.02229154
v 0.20192444 0.03121670 -0.02550115
v 0.20276673 0.03537603 -0.01511479
v 0.20397681 0.03623806 -0.01916996
v 0.20584643 0.03751022 -0.01601630
v 0.20509654 0.03621893 -0.01178659
v 0.21167893 0.02559535 0.01449143
v 0.21010588 0.02512180 0.02253989
v 0.20511516 0.02240781 0.00652679
v 0.19659541 0.02556262 -0.00407922
v 0.20071482 0.02398325 0.00008390
v 0.19357881 0.02456206 -0.01696490
v 0.19297255 0.02243890 -0.01766350
v 0.19453038 0.02610377 -0.00852864
v 0.19397198 0.02631313 -0.01268202
v 0.20285965 0.03461529 -0.02168710
v 0.20138780 0.03395028 -0.01783069
v 0.21012968 0.03822135 0.00340750
v 0.21017437 0.03584999 0.00723982
v 0.20731511 0.03241653 -0.00169671
v 0.20782451 0.03495700 -0.00353516
v 0.20789343 0.04125789 0.00997477
v 0.20814084 0.03747365 0.01518993
v 0.20857672 0.03242610 0.01910903
v 0.20929748 0.02924714 0.02106281
v 0.21086563 0.02905556 0.01251128
v 0.21034404 0.03246468 0.01040179
v 0.20613470 0.02539915 0.00531301
v 0.19762480 0.02782401 -0.00473663
v 0.20174756 0.02662863 -0.00056282
v 0.19543794 0.02795473 -0.01706829
v 0.19438746 0.02639784 -0.01687431
v 0.19590506 0.02616219 -0.02048873
v 0.19673703 0.02767286 -0.02066154
v 0.19555642 0.02801632 -0.00905950
v 0.19496783 0.02810611 -0.01316051
v 0.19930172 0.03201533 -0.01760648
v 0.19822783 0.03132689 -0.01570487
v 0.19814172 0.03071546 -0.01758800
v 0.19887704 0.03084911 -0.01952900
v 0.20429335 0.03492015 -0.00846057
v 0.20356765 0.03349240 -0.00562910
v 0.20050505 0.03316447 -0.00930377
v 0.20166199 0.03437530 -0.01188228
v 0.20649474 0.02794098 0.00291384
v 0.20684998 0.02994058 0.00000222
v 0.20279799 0.03171298 -0.00346577
v 0.20229500 0.02931385 -0.00196035
v 0.19855362 0.02997033 -0.00579679
v 0.19947831 0.03171588 -0.00736979
v 0.19775650 0.03126137 -0.01115960
v 0.19653504 0.02986069 -0.00994603
v 0.19606163 0.02957923 -0.01378769
v 0.19709096 0.03046661 -0.01455373
v 0.20025243 0.03321481 -0.01514843
v 0.19897156 0.03242498 -0.01275240
v 0.19643826 0.02914705 -0.01728369
v 0.19738900 0.03003975 -0.01747475
v 0.20839868 0.02007448 -0.02868892
v 0.20952817 0.02227493 -0.03270832
v 0.21081155 0.00938922 -0.02937317
v 0.21233644 0.00620744 -0.02524525
v 0.21700779 0.00320970 -0.02817881
v 0.21387374 0.00609590 -0.03148411
v 0.21110439 0.01587577 -0.03163563
v 0.20915084 0.01211832 -0.03252936
v 0.20676937 0.01487333 -0.03616368
v 0.20256560 0.01844694 -0.03880830
v 0.19980004 0.02208635 -0.04099958
v 0.20837409 0.02340000 -0.03685589
v 0.20594619 0.02487131 -0.03899407
v 0.21117020 0.01300908 -0.02693274
v 0.20860950 0.00898023 -0.02324387
v 0.19275119 0.03314908 -0.04822138
v 0.20170711 0.03094533 -0.04198372
v 0.20095926 0.03245066 -0.04293471
v 0.19165508 0.01276623 -0.00541282
v 0.19350334 0.01294919 -0.00257893
v 0.18682827 0.02049870 -0.08911863
v 0.18799445 0.01052559 -0.09039810
v 0.18770944 0.02903022 -0.08261876
v 0.18944005 0.03667416 -0.07558686
v 0.19068876 0.04337969 -0.07011025
v 0.20560876 0.03714911 -0.02399605
v 0.20305093 -0.02469609 -0.10408273
v 0.21619584 -0.00030161 -0.02414609
v 0.20552968 0.00185142 -0.05109795
v 0.20409644 0.00546718 -0.04267399
v 0.20803445 0.00547626 -0.04122813
v 0.20953079 0.00329099 -0.04956103
v 0.19046672 0.01026302 -0.01092820
v 0.19039343 0.01303596 -0.01070836
v 0.19162122 0.01209188 -0.01629175
v 0.19136344 0.01439994 -0.01568263
v 0.19296907 0.01781560 -0.01905950
v 0.19288733 0.02000393 -0.01839674
v 0.19257915 0.00943208 -0.01689728
v 0.19406924 0.01401094 -0.02046539
v 0.19324143 0.01594618 -0.01978475
v 0.19569059 0.01185285 -0.02091241
v 0.19359202 0.01944374 -0.04301190
v 0.19685026 0.02102599 -0.04163570
v 0.19981697 0.01667137 -0.03929084
v 0.19667935 0.01476736 -0.04040843
v 0.18977534 0.03977949 -0.05725070
v 0.18944607 0.03317993 -0.05395484
v 0.18217098 0.02047435 -0.08695167
v 0.18448742 0.00983757 -0.08642692
v 0.17822990 0.01780902 -0.08284906
v 0.18351344 0.00908598 -0.08228928
v 0.18378665 0.02856005 -0.07974035
v 0.18103779 0.02611480 -0.07492860
v 0.18605401 0.03380578 -0.07193703
v 0.18497304 0.02916075 -0.06740859
v 0.18767080 0.03814700 -0.06470529
v 0.18709266 0.03177909 -0.06064721
v 0.18375984 0.00776882 -0.07658821
v 0.18296817 0.00806289 -0.07918526
v 0.17659121 0.01572262 -0.07907189
v 0.17813004 0.01290154 -0.07448895
v 0.17941358 0.02258027 -0.07028931
v 0.18130658 0.01740873 -0.06611803
v 0.18445982 0.02482713 -0.06227356
v 0.18462199 0.02017880 -0.05771521
v 0.19034659 0.02780522 -0.05081629
v 0.19160175 0.02357901 -0.04723956
v 0.18808340 0.02202020 -0.05153025
v 0.18758010 0.02661336 -0.05631590
v 0.19307902 0.02885263 -0.04662212
v 0.19450273 0.02479076 -0.04450910
v 0.19599533 0.02898704 -0.04395943
v 0.19746678 0.02555269 -0.04268459
v 0.19878347 0.02884853 -0.04261423
v 0.20011828 0.02615010 -0.04176679
v 0.20087581 0.02876757 -0.04180521
v 0.20217540 0.02636133 -0.04095462
v 0.20400484 0.02676931 -0.04014080
v 0.20258823 0.02894128 -0.04102915
v 0.20433787 0.02935390 -0.04040465
v 0.20570006 0.02743127 -0.03921745
v 0.20612516 0.02966113 -0.03912329
v 0.20691873 0.02785974 -0.03767556
v 0.20627994 0.02973881 -0.03271359
v 0.20591098 0.02842342 -0.03165253
v 0.20717432 0.02815529 -0.03473807
v 0.20706987 0.02990390 -0.03638446
v 0.20399290 0.02936461 -0.02942289
v 0.20390878 0.02803526 -0.02916474
v 0.20105694 0.02855841 -0.02598021
v 0.20158579 0.02961361 -0.02627288
v 0.19981642 0.02970422 -0.02339198
v 0.19928541 0.02888399 -0.02342589
v 0.19756069 0.02889245 -0.02059016
v 0.19834223 0.02985963 -0.02030055
v 0.18901489 0.00659547 -0.08510841
v 0.19031344 0.00663856 -0.08810665
v 0.18836222 0.00634224 -0.08211805
v 0.19449613 0.00262704 -0.06116774
v 0.19183624 0.00375047 -0.06616926
v 0.19171578 0.00349807 -0.06492292
v 0.19284679 0.00280471 -0.06085993
v 0.19516929 0.00246281 -0.05415435
v 0.19787340 0.00216474 -0.05366948
v 0.19671478 0.00432342 -0.04720464
v 0.19903967 0.00447976 -0.04567429
v 0.19743492 0.00651159 -0.04353322
v 0.19861659 0.00725568 -0.04248237
v 0.19514615 0.00433388 -0.04884282
v 0.19622257 0.00652152 -0.04425851
v 0.19579363 0.00808925 -0.04313519
v 0.19361891 0.00561634 -0.04971461
v 0.19317364 0.00326755 -0.05520365
v 0.19128719 0.00478169 -0.05677909
v 0.19019359 0.00366919 -0.06298868
v 0.19183470 0.00321176 -0.06179090
v 0.19079946 0.00399374 -0.06521444
v 0.19009483 0.00424604 -0.06668538
v 0.20837260 0.00165950 -0.07043075
v 0.20946663 -0.00023483 -0.06913812
v 0.20577066 0.00375173 -0.07131423
v 0.20089149 0.00518209 -0.07198044
v 0.19498735 0.00566830 -0.07300034
v 0.21992681 -0.00043052 -0.03255984
v 0.21869344 0.00314997 -0.03578933
v 0.21922620 -0.00297404 -0.03757833
v 0.21945856 0.00012738 -0.03997978
v 0.21640049 -0.00438675 -0.04351824
v 0.21905317 -0.00186693 -0.04476541
v 0.19271693 0.00524080 -0.08393640
v 0.19281619 0.00473629 -0.08645912
v 0.19281672 0.00538765 -0.08116532
v 0.19339732 0.00600121 -0.07631837
v 0.19297946 0.00572193 -0.07873156
v 0.18793708 0.00661370 -0.07965989
v 0.18813574 0.00650346 -0.07713628
v 0.19790585 0.00234737 -0.06152504
v 0.19251074 0.00446040 -0.06870321
v 0.20144719 0.00154824 -0.05239885
v 0.20134935 0.00543441 -0.04380028
v 0.19963362 0.00840887 -0.04110232
v 0.19408176 0.01238200 -0.04185968
v 0.19100505 0.00909953 -0.05077617
v 0.18839389 0.00774341 -0.05868701
v 0.18724896 0.00469819 -0.06544210
v 0.18840282 0.00524315 -0.06941678
v 0.20163449 0.00972018 -0.03985447
v 0.18961862 0.01776286 -0.04578291
v 0.18689808 0.01516883 -0.05384721
v 0.18496369 0.01165667 -0.06222454
v 0.18385632 0.00650527 -0.06909524
v 0.18594715 0.00663462 -0.07331371
v 0.21405451 -0.00543420 -0.05053802
v 0.21693369 -0.00274460 -0.05072241
v 0.21127399 -0.00600247 -0.05832859
v 0.21228404 -0.00359618 -0.05864590
v 0.20777433 -0.00515269 -0.06555785
v 0.21035404 -0.00327433 -0.06578560
v 0.20928860 -0.00969980 -0.04088761
v 0.20507743 -0.01438457 -0.03993319
v 0.20438494 -0.01587889 -0.04951696
v 0.20687844 -0.01116199 -0.04944281
v 0.20232460 -0.01215427 -0.07841175
v 0.20161548 -0.00795079 -0.07339569
v 0.20332357 -0.01040270 -0.06620340
v 0.20370288 -0.01504661 -0.06847349
v 0.20448912 0.01060109 -0.03731760
v 0.20858501 0.00796056 -0.03387674
v 0.18930240 0.00583707 -0.07416253
v 0.19323792 -0.00401513 -0.13307244
v 0.19313152 -0.00104386 -0.12596353
v 0.19190076 -0.00724657 -0.14265416
v 0.18908571 -0.00044939 -0.14552120
v 0.19029328 0.00108393 -0.13685845
v 0.18647793 0.00569078 -0.14625574
v 0.18764911 0.00613552 -0.13894563
v 0.18441861 0.01128323 -0.14545694
v 0.18549549 0.01077727 -0.13984404
v 0.19029031 0.00306774 -0.13071069
v 0.18753470 0.00743179 -0.13391835
v 0.18526982 0.01207363 -0.13567944
v 0.18611752 0.01100015 -0.13051298
v 0.18912368 0.00614958 -0.12535849
v 0.18415202 0.01514504 -0.13220552
v 0.18455244 0.01774021 -0.12959213
v 0.19146286 0.01349927 -0.12639175
v 0.18418825 0.02143576 -0.12957946
v 0.19849903 0.02747612 -0.12667147
v 0.18320288 0.01614995 -0.14294904
v 0.18444390 0.01424679 -0.13975011
v 0.18403647 0.01590010 -0.13673778
v 0.18341529 0.01865613 -0.13238825
v 0.18534139 0.02252396 -0.12717831
v 0.19294308 0.02738290 -0.12293784
v 0.18292148 0.01945608 -0.13825069
v 0.18260846 0.02251274 -0.13249479
v 0.18342516 0.02447196 -0.12578309
v 0.19236736 0.00500573 -0.08978593
v 0.19179713 0.00664445 -0.09236238
v 0.19344913 0.00408340 -0.08801096
v 0.19919760 -0.00564969 -0.08192040
v 0.20028154 -0.00387053 -0.07794772
v 0.19777754 -0.00064748 -0.08394863
v 0.19909094 0.00045140 -0.08100303
v 0.19572184 0.00280644 -0.08520418
v 0.19648448 0.00362707 -0.08257407
v 0.21325854 -0.00673270 -0.04221202
v 0.21063527 -0.00825592 -0.04999042
v 0.20305563 -0.00505458 -0.07142288
v 0.20478352 -0.00721136 -0.06528013
v 0.20198540 -0.00207442 -0.07579960
v 0.20053079 0.00175422 -0.07879798
v 0.19730784 0.00430296 -0.08012983
v 0.19251107 0.00774659 -0.09556936
v 0.19370773 0.00904241 -0.09902977
v 0.19169284 0.00241961 -0.11996136
v 0.19127940 0.00571997 -0.11400019
v 0.19242089 0.00861219 -0.10841421
v 0.19485603 0.01101228 -0.10264619
v 0.19185508 0.00869923 -0.11833636
v 0.19416572 0.01081188 -0.11208418
v 0.19651169 0.01314774 -0.10596849
v 0.19858641 0.01450303 -0.10829381
v 0.19830075 0.01305522 -0.11347064
v 0.19750632 0.01217762 -0.12038490
v 0.20506239 -0.01140717 -0.05790586
v 0.20818444 -0.00827498 -0.05790501
v 0.20413844 -0.01630888 -0.05880594
v 0.20477015 -0.02270409 -0.06011566
v 0.20482940 -0.02172519 -0.07032602
v 0.20396804 -0.02262350 -0.05020235
v 0.20346534 -0.02159138 -0.03979413
v 0.20460034 -0.02010769 -0.08036455
v 0.20375139 -0.01876233 -0.09033654
v 0.20472671 -0.02662657 -0.09338607
v 0.20529917 -0.02837546 -0.08279342
v 0.20517585 -0.02970492 -0.07228169
v 0.20488832 -0.03048027 -0.06170511
v 0.20394606 -0.03078395 -0.05109212
v 0.20340138 -0.03028721 -0.04018243
v 0.20710258 0.03866613 -0.02119702
v 0.22201185 0.03406120 -0.03670405
v 0.22131327 0.03749871 -0.03759031
v 0.21964719 0.04083694 -0.03911457
v 0.21683931 0.04202382 -0.04099967
v 0.21415304 0.04179950 -0.04278478
v 0.21145013 0.04060314 -0.04484328
v 0.20852958 0.03901504 -0.04576294
v 0.20559824 0.03739921 -0.04572668
v 0.21054016 0.01869950 -0.02993988
v 0.20858496 0.01582347 -0.02514019
v 0.20540220 0.01129591 -0.02282416
v 0.20569379 0.01675210 -0.02584537
v 0.20217668 0.01281156 -0.02399571
v 0.20302390 0.01751667 -0.02624667
v 0.19917398 0.01449665 -0.02411821
v 0.20058506 0.01864210 -0.02558898
v 0.19723653 0.01625665 -0.02354510
v 0.20411263 0.02391260 -0.02884279
v 0.19522688 0.02448452 -0.02043861
v 0.19700701 0.02455514 -0.02280989
v 0.19860321 0.02462982 -0.02461520
v 0.20029875 0.02441978 -0.02622288
v 0.20222954 0.02414804 -0.02768883
v 0.19890101 0.01979691 -0.02485416
v 0.19597158 0.01783080 -0.02276553
v 0.20141555 0.02189618 -0.02685335
v 0.20840798 -0.01371283 0.01160700
v 0.21114375 -0.01715198 0.01405435
v 0.21093612 -0.01978962 0.01759226
v 0.19987664 0.02260294 -0.02585822
v 0.19780933 0.02093648 -0.02419297
v 0.19534939 0.01929488 -0.02210890
v 0.19713917 0.02207002 -0.02351441
v 0.19520597 0.02088515 -0.02149892
v 0.19869645 0.02324204 -0.02490478
v 0.19678459 0.02323546 -0.02296866
v 0.19493747 0.02269163 -0.02086332
v 0.19792853 0.02376418 -0.02414071
v 0.21781497 -0.00590445 -0.03508763
v 0.21889475 -0.00434329 -0.02949320
v 0.21262713 -0.00852755 -0.03268477
v 0.21514860 -0.00707933 -0.02551192
v 0.20687591 -0.01273606 -0.03054302
v 0.21002746 -0.01145326 -0.02134619
v 0.21004565 -0.01840997 -0.00915875
v 0.20610335 -0.01831350 -0.01901651
v 0.20888988 -0.01576300 0.00262646
v 0.20979245 -0.02104904 0.00524191
v 0.20784348 -0.02478228 -0.00558453
v 0.20466876 -0.02736048 -0.01659593
v 0.20275252 -0.02965198 -0.02872511
v 0.20374563 -0.02009168 -0.02929208
v 0.18972703 -0.01022484 -0.15374494
v 0.18708055 -0.00167908 -0.15528488
v 0.18461478 0.00607007 -0.15503954
v 0.18260596 0.01351327 -0.15322048
v 0.18113357 0.02060038 -0.14913304
v 0.18104784 0.02493477 -0.14144727
v 0.18137357 0.02799508 -0.13322610
v 0.18153554 0.02893759 -0.12472452
v 0.20942231 -0.02544028 0.00940182
v 0.20782632 -0.03136983 -0.00058219
v -0.20809554 -0.02345106 -0.11727323
v -0.20467710 -0.02124687 -0.12797128
v -0.20142102 -0.01727037 -0.13828659
v -0.20914537 -0.00893922 -0.11362188
v -0.20746571 -0.01466204 -0.12027242
v -0.20978161 -0.01652644 -0.11175477
v -0.21072554 -0.01025705 -0.10654497
v -0.21212563 -0.01750862 -0.10351956
v -0.21204859 -0.01086224 -0.09957454
v -0.20486234 -0.01122139 -0.12844495
v -0.20705997 -0.00663759 -0.12072860
v -0.20931265 -0.00417529 -0.10758240
v -0.21035209 -0.00483170 -0.10145186
v -0.21125947 -0.00484651 -0.09600099
v -0.20782141 -0.00255032 -0.11393139
v -0.20942415 -0.00055300 -0.09774548
v -0.20861953 -0.00051989 -0.10242689
v -0.20782417 0.00338818 -0.09420604
v -0.20750194 0.00390102 -0.09746381
v -0.21339576 -0.01101745 -0.09263742
v -0.21189677 -0.00469592 -0.09107976
v -0.20984703 -0.00033422 -0.09358824
v -0.20811520 0.00324409 -0.09146619
v -0.20777077 0.00059661 -0.10769536
v -0.20706656 0.00452353 -0.10130209
v -0.21018142 -0.00001218 -0.08991624
v -0.20826387 0.00336967 -0.08911231
v -0.19772768 0.02900362 -0.11502111
v -0.20325473 0.02709989 -0.11278058
v -0.20790374 0.03444528 -0.11041104
v -0.20140352 0.03357176 -0.10757365
v -0.21054405 0.00144379 -0.07901642
v -0.21209146 -0.00076114 -0.07656519
v -0.21153126 0.00143474 -0.07548115
v -0.21040555 0.00296545 -0.07754182
v -0.21198221 0.04237861 -0.10861388
v -0.20627239 0.03885868 -0.10292445
v -0.20834667 0.02632592 -0.11143794
v -0.21436149 0.03401827 -0.11159915
v -0.21117766 0.02502289 -0.10884901
v -0.20197446 0.01854678 -0.11696996
v -0.20439612 0.01667546 -0.11345704
v -0.20592033 0.01864063 -0.09718751
v -0.20549187 0.01808140 -0.09310689
v -0.21057821 0.02378358 -0.08730859
v -0.21017003 0.02419009 -0.09223659
v -0.21872214 0.00389155 -0.06488425
v -0.22114599 0.00371927 -0.06128472
v -0.22142595 0.00610991 -0.05920120
v -0.21876565 0.00708847 -0.06405571
v -0.21502606 0.00458353 -0.07016763
v -0.21594464 0.00769320 -0.07121240
v -0.21266196 0.00590474 -0.07393844
v -0.21259323 0.00384081 -0.07297283
v -0.20900330 0.00444662 -0.08063425
v -0.20930448 0.00556211 -0.07907259
v -0.20737119 0.00760125 -0.08173486
v -0.20787660 0.00834318 -0.08026454
v -0.21739818 0.04955370 -0.10306511
v -0.21373164 0.04382272 -0.09713742
v -0.21995333 0.04127233 -0.11106976
v -0.21644905 0.03290906 -0.10811263
v -0.21032652 0.02525510 -0.10095356
v -0.21142131 0.02488356 -0.10512028
v -0.20624033 0.01698577 -0.10901102
v -0.20662373 0.01814929 -0.10477795
v -0.20640050 0.01857927 -0.10092471
v -0.21006726 0.02488152 -0.09682495
v -0.20441305 0.01783538 -0.08996667
v -0.20340327 0.01655860 -0.08820512
v -0.20583884 0.02502890 -0.08425719
v -0.20873967 0.02481627 -0.08405142
v -0.21760666 0.01073421 -0.05598308
v -0.21542007 0.01165891 -0.06278693
v -0.21480599 0.01127948 -0.07115291
v -0.21224538 0.00835279 -0.07475689
v -0.21003949 0.01088358 -0.07526834
v -0.21158422 0.01259720 -0.07016258
v -0.22782005 0.04878788 -0.10691301
v -0.21893754 0.04844967 -0.08851398
v -0.22337943 0.05469524 -0.09533941
v -0.22473664 0.05931976 -0.08797955
v -0.21947999 0.05494379 -0.08138566
v -0.22048654 0.03973258 -0.10626318
v -0.21505571 0.03310224 -0.10308789
v -0.21402268 0.03302524 -0.09736173
v -0.21553774 0.02598985 -0.08363413
v -0.21580600 0.02853257 -0.08805297
v -0.22102679 0.00616315 -0.02774456
v -0.22254605 0.00664540 -0.01767643
v -0.22383789 0.01205863 -0.01815594
v -0.22451269 0.01236632 -0.02518792
v -0.22598996 0.00756097 -0.03392891
v -0.22673463 0.01338717 -0.03151475
v -0.22289427 0.01702569 -0.03611003
v -0.22564614 0.01709788 -0.03098141
v -0.22329517 0.01995951 -0.03144147
v -0.22042385 0.01917237 -0.03524940
v -0.22539128 0.01427806 -0.03772973
v -0.23610134 0.05487931 -0.10073902
v -0.23489110 0.05952570 -0.09128488
v -0.22938196 0.04573733 -0.10259804
v -0.21959546 0.06121691 -0.07358352
v -0.22420307 0.06389796 -0.08002838
v -0.22585110 0.06508733 -0.07015664
v -0.22112553 0.06564667 -0.06433836
v -0.21822262 0.04019710 -0.10008427
v -0.21961683 0.03916353 -0.09327777
v -0.21446006 0.03158925 -0.09227900
v -0.20771651 0.02893373 -0.08059797
v -0.21183983 0.02740773 -0.08042806
v -0.22307132 0.03131166 -0.08385642
v -0.22073899 0.02837048 -0.07934335
v -0.21383448 0.00980118 -0.00088860
v -0.21245598 0.00560696 0.00240209
v -0.21152012 0.01072910 0.00901530
v -0.21243997 0.01345984 0.00608586
v -0.21801007 0.00802623 -0.00918592
v -0.21769191 0.01228274 -0.01109008
v -0.22532798 0.01647077 -0.02426260
v -0.22185250 0.01599759 -0.01820358
v -0.21773707 0.01940428 -0.01864223
v -0.22430826 0.02036322 -0.02470809
v -0.20802099 0.01271694 -0.07016819
v -0.20582396 0.01192031 -0.07570901
v -0.23748761 0.05120580 -0.09715041
v -0.23786016 0.05642562 -0.08920771
v -0.23194022 0.06096542 -0.08470803
v -0.23010043 0.06196302 -0.07521876
v -0.22749124 0.04504231 -0.09544404
v -0.22758444 0.04314481 -0.08866542
v -0.22319110 0.06699156 -0.05411593
v -0.22917863 0.06428654 -0.05924541
v -0.23031318 0.06410669 -0.04773110
v -0.22484450 0.06662079 -0.04364163
v -0.22167733 0.03603908 -0.08798818
v -0.21556504 0.03018965 -0.07681828
v -0.20951827 0.03237313 -0.07700307
v -0.22839200 0.03341705 -0.07986340
v -0.22363633 0.03134939 -0.07524928
v -0.22307511 0.01885491 0.02375677
v -0.22132662 0.02502317 0.02478441
v -0.22146537 0.02813828 0.02151727
v -0.22259872 0.02108959 0.02128915
v -0.21712142 0.02002390 0.01352530
v -0.21550709 0.01636572 0.01666950
v -0.22154808 0.02287403 0.01688741
v -0.21415405 0.01326423 -0.00372820
v -0.21294625 0.01595082 0.00357997
v -0.21574020 0.01490585 -0.01315848
v -0.21191260 0.01623561 -0.01702726
v -0.22124518 0.02219492 -0.03270061
v -0.21889064 0.02132312 -0.03562207
v -0.23557812 0.05861404 -0.08405836
v -0.23330425 0.05962665 -0.07605382
v -0.23776268 0.05421394 -0.08543802
v -0.23478703 0.04915227 -0.09098547
v -0.23419733 0.04637427 -0.08503364
v -0.23814558 0.05113083 -0.08083786
v -0.23351457 0.05934860 -0.06479230
v -0.23388804 0.06075520 -0.05004319
v -0.23189808 0.06199027 -0.03789941
v -0.22629000 0.06535833 -0.03398239
v -0.22876835 0.03876265 -0.08414274
v -0.21727984 0.03390813 -0.07321186
v -0.20957083 0.03661469 -0.07382122
v -0.22660680 0.04253270 -0.06695803
v -0.23699447 0.04182740 -0.06992214
v -0.23357080 0.03545986 -0.07505319
v -0.22558139 0.03545396 -0.07027862
v -0.21767259 0.03934702 -0.06969387
v -0.21785616 0.04631731 -0.06905011
v -0.21973368 0.03180827 0.02032966
v -0.22042779 0.03664228 0.01515340
v -0.22274230 0.02967953 0.01625412
v -0.21708736 0.02250476 0.01006442
v -0.22004610 0.02403561 0.01278100
v -0.20640727 0.01729987 -0.00995849
v -0.21182758 0.01588200 -0.00615280
v -0.21180827 0.01749939 0.00108140
v -0.20719618 0.01809318 -0.00185622
v -0.21481801 0.02350494 -0.02171936
v -0.21881494 0.02378019 -0.02832989
v -0.22089874 0.02175965 -0.02668447
v -0.21551863 0.02124605 -0.02026940
v -0.19734261 0.02484095 -0.04877489
v -0.20184081 0.01829913 -0.04575654
v -0.20198017 0.02235355 -0.04415250
v -0.19882605 0.02773312 -0.04766168
v -0.23678434 0.05326573 -0.07744603
v -0.23569837 0.05619862 -0.08120876
v -0.23496334 0.05728831 -0.06586113
v -0.23365359 0.05737140 -0.05094860
v -0.23438967 0.05641027 -0.04063221
v -0.23171256 0.05552077 -0.02066436
v -0.22705101 0.06008993 -0.01657045
v -0.22686889 0.06322686 -0.02495249
v -0.23186028 0.05912351 -0.02863948
v -0.23929126 0.04642195 -0.07589965
v -0.23506054 0.04122887 -0.08037594
v -0.20906062 0.04229014 -0.07160336
v -0.20892183 0.04878412 -0.07226754
v -0.20147080 0.04387816 -0.07438124
v -0.20053670 0.04946854 -0.07291289
v -0.22655232 0.04958461 -0.06875394
v -0.23484308 0.04808938 -0.06860333
v -0.22349215 0.05128560 -0.00146036
v -0.22551839 0.05575598 -0.00895807
v -0.23036980 0.05172521 -0.01282709
v -0.22830002 0.04838879 -0.00629038
v -0.22388659 0.04171333 0.00462618
v -0.22006773 0.03990395 0.01269763
v -0.22145865 0.04571982 0.00556278
v -0.22660753 0.04446358 -0.00111002
v -0.22375354 0.03610384 0.00931701
v -0.22205255 0.02963563 0.01189361
v -0.21160542 0.02197954 0.00041987
v -0.21485536 0.02340882 0.00693773
v -0.21675100 0.02517468 0.00930149
v -0.21257881 0.02568794 0.00271213
v -0.20993535 0.02188289 -0.02013637
v -0.21013307 0.01882763 -0.01896358
v -0.20642026 0.02445496 -0.04000361
v -0.20634925 0.02634858 -0.04018936
v -0.20386806 0.02840829 -0.04275743
v -0.20308847 0.02700472 -0.04249688
v -0.19693100 0.03062516 -0.05310001
v -0.19877809 0.03137719 -0.05202901
v -0.20269299 0.03073952 -0.04616312
v -0.20170202 0.02989378 -0.04683128
v -0.23146977 0.05644652 -0.05158374
v -0.23455704 0.05632842 -0.06475947
v -0.23314573 0.05590551 -0.06281633
v -0.22889009 0.05734783 -0.05234908
v -0.23245650 0.05437641 -0.04191735
v -0.23279836 0.05121662 -0.02297188
v -0.23375888 0.05425336 -0.03143999
v -0.23812931 0.05011593 -0.07315749
v -0.19453833 0.04073854 -0.06212430
v -0.19561785 0.04038849 -0.05960758
v -0.19479709 0.04272166 -0.06049622
v -0.19388720 0.04407015 -0.06290695
v -0.19622021 0.04080788 -0.05810632
v -0.19499701 0.04334604 -0.05946098
v -0.20867647 0.05559186 -0.07289581
v -0.21822340 0.05386911 -0.07203680
v -0.22252662 0.06148254 -0.05385335
v -0.22589394 0.05896053 -0.06222563
v -0.22151953 0.06147091 -0.06303793
v -0.21838238 0.06116005 -0.05460752
v -0.21481983 0.06272335 -0.06272420
v -0.21377128 0.06079767 -0.05455151
v -0.23110864 0.04830255 -0.01449009
v -0.22870810 0.04447286 -0.00923412
v -0.22845211 0.04217761 -0.00368413
v -0.22600521 0.04047950 0.00100520
v -0.22164901 0.03470903 0.00527438
v -0.21763287 0.03088090 0.00895622
v -0.21097465 0.03174772 0.00353732
v -0.20112168 0.02381076 -0.01371060
v -0.20430017 0.02220518 -0.01763254
v -0.20315157 0.01913490 -0.01478834
v -0.20051378 0.02047775 -0.00751354
v -0.21063970 0.02453176 -0.02129848
v -0.21472116 0.02575477 -0.02250050
v -0.20168890 0.03382088 -0.04897769
v -0.20084842 0.03295867 -0.05016748
v -0.20322184 0.03537050 -0.04624425
v -0.20250368 0.03457871 -0.04762713
v -0.20356678 0.03184737 -0.04536178
v -0.20440968 0.03284767 -0.04456436
v -0.22804244 0.06003871 -0.04362818
v -0.23034259 0.05650860 -0.04269944
v -0.23029184 0.05096563 -0.02435898
v -0.23113655 0.05331554 -0.03288406
v -0.22949072 0.05642683 -0.06138289
v -0.22624668 0.06003354 -0.05303132
v -0.19355516 0.04637174 -0.06868432
v -0.19388148 0.05049952 -0.06541046
v -0.19946878 0.05527197 -0.07060191
v -0.19397686 0.04600928 -0.06150091
v -0.19625819 0.04565577 -0.05519867
v -0.19478258 0.05134071 -0.05994002
v -0.19496044 0.04592571 -0.05894464
v -0.19631295 0.04336818 -0.05638321
v -0.19691830 0.05272991 -0.05464765
v -0.19690491 0.04659410 -0.05218533
v -0.19838815 0.04618154 -0.04862777
v -0.19921879 0.05158295 -0.04988803
v -0.20702968 0.06218376 -0.06127486
v -0.20789052 0.05970020 -0.05350059
v -0.20043852 0.05908468 -0.05814944
v -0.20257353 0.05643258 -0.05179917
v -0.21771862 0.05759797 -0.04747220
v -0.22072504 0.05945609 -0.04621229
v -0.22926897 0.04840507 -0.01550190
v -0.22659825 0.04490582 -0.01022696
v -0.22468197 0.03828377 0.00005958
v -0.22615923 0.04174199 -0.00512002
v -0.21722705 0.03543552 0.00226055
v -0.21140318 0.03771328 0.00116749
v -0.20039652 0.02948232 -0.00844382
v -0.19991991 0.02625921 -0.01024111
v -0.20199191 0.02377657 -0.00285819
v -0.20449777 0.02772245 -0.00129546
v -0.20689622 0.02501967 -0.02019712
v -0.20416372 0.02634915 -0.01850034
v -0.21421514 0.03019290 -0.02383277
v -0.21473322 0.02892279 -0.02392987
v -0.21029234 0.02718127 -0.02209165
v -0.20915575 0.02838488 -0.02215334
v -0.22077269 0.03177219 -0.03093392
v -0.21710530 0.03018952 -0.03634487
v -0.21712157 0.02848407 -0.03608142
v -0.22000847 0.02981621 -0.03098297
v -0.20517203 0.03358255 -0.04359106
v -0.20409846 0.03579446 -0.04469957
v -0.22410510 0.05804388 -0.02543750
v -0.22758478 0.05461063 -0.02454388
v -0.22903646 0.05661820 -0.03332012
v -0.22604698 0.05987440 -0.03410550
v -0.22435546 0.06104543 -0.04476723
v -0.20089377 0.04495507 -0.04567674
v -0.20213700 0.04911226 -0.04605731
v -0.21997493 0.05709452 -0.03878732
v -0.21843532 0.05433810 -0.04112292
v -0.21846593 0.05154276 -0.03455788
v -0.21902977 0.05469038 -0.03158548
v -0.22410517 0.04880409 -0.00950840
v -0.22588274 0.05160223 -0.01620298
v -0.22156167 0.05506093 -0.01740092
v -0.21926547 0.05212955 -0.01062883
v -0.21361779 0.04378006 -0.00111817
v -0.21990611 0.04059573 -0.00055228
v -0.22289073 0.04472683 -0.00484618
v -0.21648174 0.04826722 -0.00510708
v -0.20133537 0.03340098 -0.00801341
v -0.20471298 0.03284797 -0.00141499
v -0.20200933 0.03108487 -0.01646623
v -0.20257856 0.02847528 -0.01717229
v -0.21426359 0.03333149 -0.02467827
v -0.21428831 0.03173626 -0.02454675
v -0.20851750 0.03007478 -0.02226249
v -0.20837881 0.03197133 -0.02225486
v -0.22053633 0.03509820 -0.03172395
v -0.21672336 0.03347788 -0.03651218
v -0.21709922 0.03188759 -0.03630257
v -0.22096945 0.03353411 -0.03113396
v -0.20522536 0.03622250 -0.04334523
v -0.20602121 0.03413292 -0.04237723
v -0.20755403 0.03448530 -0.04109093
v -0.20689663 0.03631265 -0.04170669
v -0.22055309 0.05745281 -0.02825853
v -0.22209537 0.05961780 -0.03607708
v -0.20536694 0.05281148 -0.04685467
v -0.20547070 0.04655034 -0.04354868
v -0.20405477 0.04347109 -0.04368169
v -0.20662992 0.04209869 -0.04189569
v -0.20851844 0.04419078 -0.04144345
v -0.21518325 0.04742505 -0.03971198
v -0.21745876 0.04921783 -0.03748369
v -0.21590251 0.05237233 -0.04267778
v -0.21242364 0.05083483 -0.04351732
v -0.20300478 0.03761152 -0.00924545
v -0.20579447 0.03814895 -0.00298310
v -0.20270635 0.03405025 -0.01615798
v -0.21487281 0.03521224 -0.02552033
v -0.20874842 0.03423614 -0.02227989
v -0.21303811 0.03345194 -0.03796349
v -0.21334670 0.03181922 -0.03763235
v -0.21944009 0.03636858 -0.03237559
v -0.21629560 0.03510650 -0.03659252
v -0.20857166 0.04915442 -0.04359015
v -0.21160177 0.04600498 -0.04083234
v -0.21645479 0.05174816 -0.02494985
v -0.21696297 0.04896925 -0.02903442
v -0.21434543 0.04609211 -0.02412318
v -0.21323133 0.04881720 -0.01943949
v -0.21476574 0.05174362 -0.01456910
v -0.21769532 0.05459330 -0.02074838
v -0.21135524 0.04764907 -0.00935109
v -0.20955582 0.04541397 -0.01496538
v -0.20578395 0.04184300 -0.01175247
v -0.20793647 0.04343130 -0.00535846
v -0.20455814 0.03714866 -0.01670084
v -0.21592304 0.03719089 -0.02610832
v -0.20989937 0.03669127 -0.02260984
v -0.21215008 0.03635533 -0.03873667
v -0.20927439 0.03618581 -0.04012852
v -0.20986283 0.03455238 -0.03977142
v -0.21276541 0.03490290 -0.03845621
v -0.21903956 0.03768608 -0.03307495
v -0.21595616 0.03674110 -0.03681908
v -0.21085922 0.04258362 -0.03986446
v -0.20882977 0.04105996 -0.04036099
v -0.21067018 0.04044005 -0.03950666
v -0.21278532 0.04113278 -0.03883158
v -0.21763186 0.04683794 -0.03287042
v -0.21704959 0.04513612 -0.03638375
v -0.21801392 0.04320439 -0.03326696
v -0.21662860 0.04433850 -0.02854246
v -0.21090199 0.04313805 -0.02045254
v -0.20744002 0.04012064 -0.01803766
v -0.21443840 0.04187629 -0.02534659
v -0.21798326 0.04127606 -0.03024296
v -0.21708393 0.03920291 -0.02760647
v -0.21187544 0.03933482 -0.02344664
v -0.21729153 0.04068002 -0.03566464
v -0.21399122 0.03966668 -0.03810766
v -0.21510680 0.03823578 -0.03743018
v -0.21839583 0.03922427 -0.03429992
v -0.21421380 0.04388280 -0.03878587
v -0.21602166 0.04213937 -0.03717361
v -0.21148421 0.03782757 -0.03907315
v -0.21089529 0.03926906 -0.03931303
v -0.20684866 0.02189711 -0.03963486
v -0.20225527 0.02530538 -0.04270634
v -0.21562907 0.01279408 -0.04445828
v -0.21914016 0.01141094 -0.04762826
v -0.22445573 0.01005354 -0.04454834
v -0.22128470 0.01345703 -0.04190730
v -0.20885833 0.01497509 -0.04190721
v -0.20153052 0.01299321 -0.04852511
v -0.21007161 0.01178091 -0.04517070
v -0.19564537 0.02024034 -0.05110488
v -0.19403037 0.02940416 -0.05462015
v -0.20044989 0.02915959 -0.04732266
v -0.19994565 0.03213928 -0.05119941
v -0.21871315 0.01620668 -0.03986191
v -0.21381472 0.01523688 -0.04210001
v -0.19326638 0.04042187 -0.06606470
v -0.19641138 0.04160175 -0.05707156
v -0.19541904 0.04364363 -0.05846023
v -0.21171748 0.02644149 -0.02211488
v -0.21489782 0.02758403 -0.02338379
v -0.20323076 0.01379385 -0.08705802
v -0.20338913 0.02385823 -0.08554718
v -0.20357066 0.02898100 -0.08206427
v -0.20362327 0.03384759 -0.07908223
v -0.20260936 0.03870591 -0.07631005
v -0.20977559 0.05529957 -0.04784339
v -0.21077441 -0.02468485 -0.10746584
v -0.22624214 0.00879876 -0.03979551
v -0.20821727 0.01163425 -0.06416582
v -0.21202265 0.01227008 -0.06310646
v -0.21034871 0.00950544 -0.05749518
v -0.20408718 0.00954699 -0.05973335
v -0.21849821 0.02594375 -0.02943695
v -0.21916862 0.02795453 -0.03052052
v -0.21760388 0.02695355 -0.03573324
v -0.21852750 0.02548589 -0.03527821
v -0.21412403 0.02847769 -0.03689884
v -0.21348010 0.03029377 -0.03714565
v -0.21977840 0.02400837 -0.03432047
v -0.21491568 0.02691339 -0.03661336
v -0.21612075 0.02530996 -0.03643158
v -0.21727954 0.02334839 -0.03593120
v -0.18745225 0.02288095 -0.06084324
v -0.19066600 0.01401845 -0.05743618
v -0.19298897 0.01607233 -0.05385655
v -0.19002974 0.02663788 -0.05720755
v -0.19490068 0.04301166 -0.07432102
v -0.19204888 0.03871311 -0.07116438
v -0.20252187 0.01431917 -0.08525804
v -0.20099765 0.02292516 -0.08596641
v -0.19839122 0.02151080 -0.08564988
v -0.20135846 0.01466399 -0.08405136
v -0.19560883 0.02717887 -0.08369882
v -0.19964647 0.02859886 -0.08325599
v -0.19224988 0.03162889 -0.08101641
v -0.19785167 0.03400278 -0.08124734
v -0.19621222 0.03908401 -0.07852625
v -0.19128345 0.03591645 -0.07645169
v -0.19904508 0.01395310 -0.08217686
v -0.19419146 0.01723659 -0.08214302
v -0.19590537 0.01930933 -0.08443980
v -0.20006074 0.01471815 -0.08347486
v -0.19152788 0.02320650 -0.08201972
v -0.18952836 0.01989240 -0.07856660
v -0.18739002 0.02264494 -0.07331309
v -0.18818827 0.02713007 -0.07789435
v -0.19147171 0.03370670 -0.06770339
v -0.18886173 0.03081695 -0.07246199
v -0.18824562 0.02538551 -0.06821119
v -0.18999633 0.02830222 -0.06407532
v -0.19370051 0.03575205 -0.06382277
v -0.19298651 0.03089079 -0.06069974
v -0.19530056 0.03676571 -0.06066088
v -0.19526177 0.03269860 -0.05813703
v -0.19700211 0.03375656 -0.05623810
v -0.19650772 0.03727221 -0.05829141
v -0.19821727 0.03437536 -0.05474116
v -0.19744564 0.03778436 -0.05662887
v -0.19897710 0.03521778 -0.05352129
v -0.19959745 0.03622404 -0.05228588
v -0.19808624 0.03967084 -0.05416405
v -0.19787648 0.03847778 -0.05537234
v -0.20015780 0.03731770 -0.05093164
v -0.19838837 0.04110720 -0.05273595
v -0.19989122 0.04168173 -0.04802449
v -0.19897696 0.04155149 -0.05054288
v -0.20085717 0.03793491 -0.04927745
v -0.20164805 0.03830215 -0.04738324
v -0.20274144 0.03862482 -0.04545338
v -0.20147225 0.04155918 -0.04571360
v -0.20434036 0.03841048 -0.04365911
v -0.20631557 0.03827260 -0.04192674
v -0.20613078 0.04017660 -0.04208230
v -0.20383141 0.04089725 -0.04387825
v -0.20834369 0.03947435 -0.04037353
v -0.20864877 0.03785684 -0.04036812
v -0.20495376 0.00940209 -0.08684860
v -0.20405192 0.01100237 -0.08522175
v -0.20371286 0.01189069 -0.08366510
v -0.19870624 0.01321791 -0.07210191
v -0.19569947 0.01383714 -0.07252405
v -0.19647874 0.01364125 -0.07532203
v -0.19802934 0.01309157 -0.07609577
v -0.19711591 0.01304557 -0.06727576
v -0.19424994 0.01425901 -0.06825167
v -0.19536378 0.01285422 -0.06286445
v -0.19332312 0.01398838 -0.06415012
v -0.19326665 0.01320616 -0.06087606
v -0.19252738 0.01386960 -0.06217913
v -0.19183411 0.01448184 -0.06274633
v -0.19205279 0.01486354 -0.06508577
v -0.19138595 0.01475421 -0.06216909
v -0.19103369 0.01570306 -0.06570076
v -0.19162000 0.01572334 -0.07034881
v -0.19269562 0.01500679 -0.06921962
v -0.19395898 0.01477494 -0.07451294
v -0.19440685 0.01426146 -0.07321586
v -0.19629647 0.01376883 -0.07704325
v -0.19575914 0.01389273 -0.07574155
v -0.21095914 0.00442071 -0.07591097
v -0.21146102 0.00307830 -0.07471751
v -0.21027396 0.00675505 -0.07732414
v -0.20841108 0.00954052 -0.07856822
v -0.20531290 0.01141407 -0.07896980
v -0.22571619 0.00549179 -0.04741820
v -0.22255886 0.00942844 -0.05155537
v -0.22338450 0.00392554 -0.05531588
v -0.22311208 0.00194412 -0.05120101
v -0.22096905 0.00204234 -0.05941514
v -0.22010249 0.00045447 -0.05632813
v -0.20631742 0.00680512 -0.08646319
v -0.20584397 0.00812965 -0.08492759
v -0.20569096 0.00929402 -0.08356763
v -0.20518255 0.01067748 -0.08109249
v -0.20236601 0.01224119 -0.08150320
v -0.20290927 0.01225733 -0.08273364
v -0.20523400 0.01016817 -0.08236324
v -0.20371091 0.01256593 -0.07111191
v -0.20099118 0.01246837 -0.07705873
v -0.20295733 0.01205194 -0.06569518
v -0.19905226 0.01119688 -0.06136326
v -0.19451917 0.01180357 -0.05924213
v -0.19017916 0.01560474 -0.06143053
v -0.18991751 0.01712753 -0.06681034
v -0.19057592 0.01649281 -0.07207717
v -0.19369517 0.01506021 -0.07654641
v -0.19729791 0.01344169 -0.07869327
v -0.19788670 0.00906005 -0.05645386
v -0.18810365 0.02082074 -0.06483074
v -0.18844187 0.01944167 -0.06951245
v -0.18958770 0.01785117 -0.07499766
v -0.19359264 0.01556093 -0.07927025
v -0.19830547 0.01347902 -0.08043777
v -0.21691703 -0.00075349 -0.06198633
v -0.21762186 0.00172620 -0.06384749
v -0.21446813 0.00208647 -0.06890951
v -0.21455685 -0.00108641 -0.06777436
v -0.21311442 -0.00136314 -0.07263572
v -0.21260224 0.00152061 -0.07246900
v -0.21767863 -0.00512090 -0.05139379
v -0.21716542 -0.00825708 -0.05889917
v -0.21747853 -0.01309619 -0.05811358
v -0.21723509 -0.00994889 -0.04981389
v -0.21456502 -0.01088541 -0.08417608
v -0.21611706 -0.01357352 -0.07571519
v -0.21545328 -0.00878513 -0.07421272
v -0.21404016 -0.00655856 -0.08003500
v -0.20252551 0.00814692 -0.05268924
v -0.21287639 0.01023747 -0.04961414
v -0.20162639 0.01232619 -0.07979484
v -0.21286063 0.00138951 0.00546320
v -0.21145777 0.00721118 0.01187436
v -0.21573766 0.01325741 0.01925729
v -0.20459485 -0.00320607 -0.12699574
v -0.20233315 -0.00636685 -0.13483178
v -0.19919507 -0.01050647 -0.14459260
v -0.19621477 -0.01484996 -0.15561148
v -0.19778506 -0.00317428 -0.14758467
v -0.19487399 -0.00593090 -0.15774443
v -0.19652590 0.00401119 -0.14869552
v -0.19379436 0.00229721 -0.15851424
v -0.19568617 0.01151743 -0.14742743
v -0.19268328 0.01105806 -0.15728140
v -0.20028918 -0.00059850 -0.13889641
v -0.20215103 0.00140513 -0.13195073
v -0.19989383 0.00644723 -0.13575814
v -0.19872958 0.00512101 -0.14125283
v -0.19717893 0.01073275 -0.14221557
v -0.19816992 0.01129553 -0.13833965
v -0.20368126 0.00504457 -0.12365210
v -0.20063893 0.00931991 -0.12942997
v -0.19857971 0.01381783 -0.13305470
v -0.20135470 0.01130942 -0.11806369
v -0.19986609 0.01371522 -0.12299871
v -0.19810345 0.01762346 -0.12693334
v -0.19882870 0.02170364 -0.11987715
v -0.19456495 0.01678235 -0.14506950
v -0.19202986 0.01915450 -0.15394942
v -0.19682399 0.01538552 -0.14041789
v -0.19612776 0.01435279 -0.14231369
v -0.19637866 0.01772844 -0.13631486
v -0.19642527 0.02205791 -0.13033138
v -0.19603640 0.02592775 -0.12371591
v -0.19467747 0.02001969 -0.14207048
v -0.19220788 0.02513239 -0.14735841
v -0.19462138 0.02326776 -0.13830996
v -0.19228548 0.02979072 -0.14073937
v -0.19466506 0.02769870 -0.13296269
v -0.19261461 0.03413284 -0.13397240
v -0.20637248 0.00648209 -0.08904622
v -0.20575231 0.00792276 -0.09046776
v -0.20684843 0.00562064 -0.08816043
v -0.21222071 -0.00404414 -0.08650694
v -0.21184235 -0.00230559 -0.08306455
v -0.21015577 0.00061293 -0.08676838
v -0.20964375 0.00169606 -0.08407204
v -0.20760298 0.00509294 -0.08461880
v -0.20799522 0.00411520 -0.08674068
v -0.21870853 -0.00172310 -0.05350602
v -0.21676359 -0.00417606 -0.06010432
v -0.21431294 -0.00487220 -0.07312926
v -0.21287152 -0.00339390 -0.07800127
v -0.21090358 -0.00039672 -0.08063919
v -0.20913722 0.00308562 -0.08211230
v -0.20727628 0.00641579 -0.08316638
v -0.20554358 0.00918286 -0.09255460
v -0.20570137 0.01004853 -0.09558177
v -0.20604490 0.00006906 -0.11979413
v -0.20665399 0.00277290 -0.11244568
v -0.20618436 0.00564649 -0.10506263
v -0.20564859 0.01068454 -0.09916331
v -0.20456452 0.00645291 -0.11463741
v -0.20436441 0.00817025 -0.10733822
v -0.20551294 0.01201037 -0.10208158
v -0.20541896 0.01370321 -0.10355212
v -0.20441446 0.01209979 -0.10702999
v -0.20293350 0.01109617 -0.11218453
v -0.21534275 -0.00506914 -0.06697564
v -0.21631392 -0.00922256 -0.06677335
v -0.21688028 -0.01420365 -0.06691003
v -0.21735173 -0.02011817 -0.06752824
v -0.21671508 -0.01975291 -0.07693037
v -0.21748326 -0.01910433 -0.05783000
v -0.21767268 -0.01684335 -0.04872956
v -0.21548752 -0.01863817 -0.08634103
v -0.21376020 -0.01812659 -0.09516211
v -0.21294776 -0.02552927 -0.09782371
v -0.21492129 -0.02616410 -0.08825348
v -0.21643261 -0.02688793 -0.07833223
v -0.21728020 -0.02707895 -0.06857103
v -0.21747782 -0.02643139 -0.05811683
v -0.21735795 -0.02494568 -0.04807903
v -0.21431660 0.05636362 -0.04807740
v -0.23438443 0.05744788 -0.07445725
v -0.23545211 0.05527882 -0.07170251
v -0.23506285 0.05356074 -0.06763111
v -0.23011617 0.05367997 -0.06626328
v -0.22486449 0.05755339 -0.06864139
v -0.21711130 0.06082138 -0.06993465
v -0.20761801 0.06107990 -0.06870060
v -0.19908146 0.05879160 -0.06504912
v -0.20782344 0.01850764 -0.04010423
v -0.21234361 0.01797283 -0.04036189
v -0.21675678 0.01883789 -0.03883167
v -0.21111661 0.02050408 -0.03928558
v -0.21518359 0.02099549 -0.03818294
v -0.21374439 0.02298769 -0.03751360
v -0.21011206 0.02293986 -0.03873761
v -0.20938324 0.02509304 -0.03862765
v -0.21255867 0.02502197 -0.03721368
v -0.20460890 0.02969928 -0.04265442
v -0.21029588 0.03300848 -0.03935053
v -0.20803606 0.03285937 -0.04028861
v -0.20658198 0.03259342 -0.04122016
v -0.20526390 0.03088174 -0.04241208
v -0.20581731 0.03183963 -0.04192546
v -0.21173349 0.02672537 -0.03725899
v -0.20891898 0.02682831 -0.03848430
v -0.20639151 0.02790401 -0.04030524
v -0.21758613 0.00227735 -0.00643403
v -0.21841915 -0.00392899 -0.00280612
v -0.20647589 0.02941750 -0.04042820
v -0.20857479 0.02844806 -0.03867081
v -0.21118627 0.02838437 -0.03746402
v -0.21069242 0.03006586 -0.03804675
v -0.20835902 0.03003992 -0.03899946
v -0.20667179 0.03062834 -0.04028030
v -0.21052390 0.03151668 -0.03878865
v -0.20831238 0.03144332 -0.03961944
v -0.20704436 0.03150172 -0.04026470
v -0.22162240 0.00054197 -0.04805524
v -0.22520800 0.00324896 -0.04322784
v -0.21951171 -0.00177819 -0.04488414
v -0.22257250 0.00209789 -0.03894644
v -0.21779163 -0.00610615 -0.04193831
v -0.21931744 -0.00078371 -0.03452700
v -0.21670179 -0.00827640 -0.03085898
v -0.21796556 -0.00331284 -0.02274704
v -0.22000262 -0.00052576 -0.01457796
v -0.21901263 -0.00746853 -0.01017696
v -0.21680533 -0.01211181 -0.01770908
v -0.21636229 -0.01761688 -0.02694903
v -0.21666864 -0.01327854 -0.03958970
v -0.21650349 -0.02228206 -0.03769621
v -0.22240292 0.01654590 0.02487150
v -0.22096332 0.02323353 0.02685371
v -0.21595091 0.01043667 0.02122979
v -0.21251378 0.00358543 0.01474811
v -0.21585620 -0.00118089 0.00843503
v -0.22157444 -0.00943957 0.00145428
v -0.21963128 -0.01401171 -0.00446990
v -0.21726355 -0.02063880 -0.01151557
v -0.21870765 -0.00297786 0.01272247
v -0.21551903 0.00095099 0.01802086
v -0.22061459 0.02227425 0.02877726
v -0.22226940 0.01437976 0.02557716
v -0.22298619 0.01318985 0.02738932
v -0.22037912 0.02241619 0.03028715
v -0.21751317 0.00774679 0.02289631
v -0.22172924 -0.00716881 0.01854635
v -0.22014945 -0.00057155 0.02162980
v -0.08482352 -0.24796199 0.15361586
v -0.08510328 -0.24310325 0.16415309
v -0.09596624 -0.23745124 0.16430792
v -0.09560509 -0.24226579 0.15378374
v -0.07366618 -0.25234669 0.15325517
v -0.07418322 -0.24756263 0.16383631
v -0.05203971 -0.25235239 0.16257526
v -0.05135858 -0.25687209 0.15212898
v -0.04064507 -0.25807719 0.15213376
v -0.04141251 -0.25374585 0.16242698
v -0.03004876 -0.25905924 0.15349154
v -0.03065465 -0.25489228 0.16287670
v -0.01940727 -0.25720635 0.15905898
v -0.01962997 -0.25539112 0.16329083
v -0.00674158 -0.25577414 0.16275296
v -0.00702061 -0.25597139 0.16073799
v -0.06305259 -0.25050397 0.16325835
v -0.06245402 -0.25530661 0.15273903
v -0.21942261 -0.09270302 0.09369346
v -0.21685720 -0.10151742 0.10123252
v -0.22005448 -0.09302555 0.10871605
v -0.22242603 -0.08389840 0.10062160
v -0.20982156 -0.11924042 0.11438483
v -0.20548272 -0.12773695 0.12000791
v -0.20869408 -0.12028125 0.12868667
v -0.21310513 -0.11144003 0.12272145
v -0.21364083 -0.11045684 0.10811743
v -0.21690696 -0.10225172 0.11607531
v -0.20056561 -0.13606422 0.12498497
v -0.20331478 -0.12864747 0.13392469
v -0.19253285 -0.14480904 0.14217087
v -0.19796724 -0.13692140 0.13842103
v -0.19550730 -0.14404871 0.12931304
v -0.19006968 -0.15147640 0.13301507
v -0.18671834 -0.15230722 0.14548519
v -0.18414699 -0.15856044 0.13617828
v -0.16481889 -0.18170177 0.14457964
v -0.16600684 -0.17553064 0.15446419
v -0.17320727 -0.16709586 0.15148328
v -0.17171717 -0.17354695 0.14174860
v -0.15095026 -0.19297921 0.15969096
v -0.15865633 -0.18437292 0.15728716
v -0.15732799 -0.19004518 0.14729195
v -0.14958824 -0.19831309 0.14954955
v -0.13396531 -0.20834030 0.16254278
v -0.14267913 -0.20088431 0.16138910
v -0.14133053 -0.20590188 0.15108094
v -0.13306492 -0.21343686 0.15227442
v -0.12445807 -0.22090841 0.15316224
v -0.12499336 -0.21569220 0.16329968
v -0.11521991 -0.22826514 0.15373237
v -0.11579745 -0.22335345 0.16397700
v -0.08518037 -0.23234390 0.18520690
v -0.08484853 -0.22636375 0.19560847
v -0.09567118 -0.22128067 0.19574200
v -0.09604384 -0.22691956 0.18533163
v -0.07421281 -0.23662250 0.18484111
v -0.07394455 -0.23055944 0.19530752
v -0.05264122 -0.24194303 0.18367770
v -0.05254311 -0.23621571 0.19460100
v -0.06311933 -0.23372969 0.19503540
v -0.06328081 -0.23964994 0.18431849
v -0.04235459 -0.23796060 0.19435246
v -0.04221534 -0.24343571 0.18330066
v -0.03199224 -0.23933356 0.19419818
v -0.03153768 -0.24509425 0.18275932
v -0.02058669 -0.24615771 0.18207024
v -0.02120937 -0.23994763 0.19399965
v -0.00932557 -0.24677167 0.18184460
v -0.01031078 -0.23991502 0.19443635
v -0.18008183 -0.15941609 0.14847755
v -0.17792451 -0.16570863 0.13897155
v -0.22149983 -0.08419705 0.08565476
v -0.22412821 -0.07508440 0.09206344
v -0.22297442 -0.07603370 0.07714285
v -0.22519655 -0.06686332 0.08288613
v -0.22204624 -0.01323934 0.00733406
v -0.22042931 -0.01940525 0.00264007
v -0.22162562 -0.02400827 0.01065110
v -0.22245674 -0.01621926 0.01447544
v -0.21906078 -0.02736179 -0.00287939
v -0.22097201 -0.03315517 0.00622694
v -0.22030171 0.00614337 0.02500394
v -0.22377302 0.00506587 0.02890847
v -0.22277030 0.01266946 0.03195813
v -0.22364421 -0.01162216 0.02565224
v -0.22303021 -0.00287209 0.02734176
v -0.22317418 -0.02812368 0.01897208
v -0.22323269 -0.01947121 0.02242984
v -0.22208886 -0.03768730 0.01520064
v -0.22337502 0.01235048 0.04007498
v -0.22452999 0.00312512 0.03684536
v -0.22437399 0.00055681 0.04720049
v -0.22477075 0.01119406 0.05009208
v -0.22323333 -0.00580687 0.03565764
v -0.22326079 -0.01481635 0.03370524
v -0.22454716 -0.01803426 0.04278029
v -0.22442415 -0.00902312 0.04523975
v -0.22380715 -0.02298789 0.03090807
v -0.22423979 -0.03204827 0.02739325
v -0.22537695 -0.03595902 0.03630759
v -0.22497548 -0.02671833 0.03996940
v -0.22339402 -0.04146255 0.02374365
v -0.22443499 -0.04544910 0.03247522
v -0.23071675 0.00092317 0.08808763
v -0.22968501 0.00546891 0.07467765
v -0.22963835 -0.00674362 0.07048748
v -0.23071485 -0.01179741 0.08283411
v -0.23007918 -0.04154250 0.13124481
v -0.22838918 -0.05122536 0.14207698
v -0.22935654 -0.03777854 0.15248669
v -0.23118379 -0.02810846 0.14042180
v -0.23150694 -0.03282709 0.11963443
v -0.23194812 -0.01926081 0.12761880
v -0.23173962 -0.02491148 0.10744906
v -0.23221020 -0.01138252 0.11455304
v -0.22418900 -0.06837104 0.06821886
v -0.22631069 -0.05924508 0.07332214
v -0.23143817 -0.01787261 0.09508815
v -0.23157791 -0.00461617 0.10137301
v -0.22487837 -0.06130904 0.05930496
v -0.22659620 -0.05216161 0.06387519
v -0.10607192 -0.21507803 0.19573706
v -0.10645972 -0.22050631 0.18521888
v -0.10611381 -0.23084836 0.16429781
v -0.10570539 -0.23563118 0.15387407
v -0.22782325 0.00884842 0.06154349
v -0.22756909 -0.00267515 0.05827648
v -0.10619859 -0.22557255 0.17454484
v -0.09594048 -0.23213032 0.17472520
v -0.08516570 -0.23776029 0.17462728
v -0.07423491 -0.24209948 0.17430848
v -0.06336129 -0.24521763 0.17381572
v -0.05260409 -0.24749759 0.17325928
v -0.04215766 -0.24869867 0.17311218
v -0.03131614 -0.25002751 0.17300396
v -0.01999061 -0.25090633 0.17260712
v -0.00777290 -0.25259756 0.16922795
v -0.11614221 -0.21833071 0.17425271
v -0.12551350 -0.21071431 0.17365496
v -0.13465080 -0.20312221 0.17289138
v -0.14341268 -0.19526833 0.17172690
v -0.15188650 -0.18720084 0.17013944
v -0.15952720 -0.17819763 0.16770773
v -0.16721261 -0.16921273 0.16491441
v -0.17468688 -0.16070470 0.16185234
v -0.18185754 -0.15290257 0.15864303
v -0.18856617 -0.14535929 0.15544326
v -0.19468238 -0.13753233 0.15200168
v -0.20050185 -0.12935840 0.14799394
v -0.20621640 -0.12083985 0.14321134
v -0.21153834 -0.11204348 0.13764095
v -0.21620283 -0.10294580 0.13132710
v -0.22025343 -0.09355059 0.12423921
v -0.22299471 -0.08396486 0.11636554
v -0.22481501 -0.07442475 0.10777196
v -0.22623692 -0.06545683 0.09862740
v -0.22748298 -0.05749412 0.08869765
v -0.22809844 -0.05003920 0.07853945
v -0.22814103 -0.04296895 0.06850374
v -0.12579629 -0.20564339 0.18431730
v -0.11627941 -0.21324063 0.18487522
v -0.11599144 -0.20789013 0.19547017
v -0.12528256 -0.19989175 0.19483399
v -0.13475015 -0.19747665 0.18343679
v -0.13427715 -0.19161218 0.19417692
v -0.14362232 -0.18347111 0.19348930
v -0.14366986 -0.18934155 0.18242412
v -0.15233293 -0.17459623 0.19198604
v -0.16053993 -0.16520055 0.18977510
v -0.16042576 -0.17179824 0.17861141
v -0.15236388 -0.18095440 0.18092199
v -0.17549836 -0.15374717 0.17255670
v -0.16835948 -0.16267485 0.17585010
v -0.16825915 -0.15570909 0.18698749
v -0.17542981 -0.14651238 0.18363876
v -0.18260961 -0.14555225 0.16918875
v -0.18262784 -0.13792906 0.18023241
v -0.18972387 -0.12956828 0.17679589
v -0.18959728 -0.13771275 0.16593851
v -0.19678871 -0.12117477 0.17299090
v -0.19619034 -0.12969168 0.16232656
v -0.20397387 -0.11261767 0.16865791
v -0.20248527 -0.12125809 0.15803790
v -0.21445229 -0.10334341 0.14723704
v -0.20869208 -0.11248096 0.15307186
v -0.21088345 -0.10360440 0.16354240
v -0.21687508 -0.09396144 0.15741572
v -0.21945194 -0.09386635 0.14053112
v -0.22146324 -0.08375538 0.15023866
v -0.22292582 -0.08397006 0.13288175
v -0.22449988 -0.07327795 0.14196729
v -0.22487392 -0.07391625 0.12432601
v -0.22673608 -0.06302110 0.13273129
v -0.22627263 -0.06419318 0.11511403
v -0.22841074 -0.05341162 0.12282309
v -0.22802562 -0.05541582 0.10529731
v -0.23016647 -0.04480934 0.11225617
v -0.22938950 -0.04762690 0.09465731
v -0.23067058 -0.03692292 0.10090626
v -0.22962141 -0.04028802 0.08373336
v -0.23102761 -0.02970370 0.08915314
v -0.22948819 -0.03332671 0.07306480
v -0.23046231 -0.02309947 0.07782543
v -0.22519011 -0.05508576 0.05040737
v -0.22960062 -0.01743737 0.06673013
v -0.22898319 -0.02715409 0.06278190
v -0.22798171 -0.03649989 0.05874177
v -0.22673227 -0.04579892 0.05453957
v -0.22520930 -0.04974825 0.04144906
v -0.22663992 -0.04039248 0.04527042
v -0.22685050 -0.03114632 0.04925651
v -0.22757231 -0.01278962 0.05569461
v -0.22701955 -0.02215397 0.05272719
v -0.22692173 -0.04856757 0.16330121
v -0.22606996 -0.06175686 0.15198222
v -0.22371602 -0.06010015 0.17279429
v -0.22282368 -0.07271726 0.16082130
v -0.08440293 -0.21993673 0.20567854
v -0.08358649 -0.21291709 0.21511487
v -0.09374679 -0.20838499 0.21502614
v -0.09499190 -0.21513334 0.20570756
v -0.07362238 -0.22393549 0.20563994
v -0.07325466 -0.21678073 0.21548148
v -0.05269975 -0.22918673 0.20550990
v -0.05291859 -0.22211223 0.21662146
v -0.06306004 -0.21974930 0.21610125
v -0.06308875 -0.22687798 0.20571661
v -0.04250003 -0.23132865 0.20549632
v -0.04280860 -0.22389763 0.21701453
v -0.03218843 -0.23279042 0.20537516
v -0.03261594 -0.22507056 0.21740794
v -0.02151942 -0.23332384 0.20539020
v -0.02198664 -0.22558597 0.21755352
v -0.01061456 -0.23311311 0.20554688
v -0.01099221 -0.22507703 0.21729368
v -0.10353142 -0.20270957 0.21524499
v -0.10519749 -0.20917752 0.20578864
v -0.12373799 -0.19362995 0.20520338
v -0.11475446 -0.20180231 0.20558606
v -0.11244575 -0.19529274 0.21524952
v -0.12130052 -0.18728639 0.21545545
v -0.13293201 -0.18545699 0.20499935
v -0.13029106 -0.17890753 0.21564405
v -0.14242978 -0.17712595 0.20461992
v -0.13948363 -0.17015141 0.21563830
v -0.15940907 -0.15826213 0.20125218
v -0.15118794 -0.16793369 0.20330459
v -0.14820245 -0.16066054 0.21485940
v -0.15636336 -0.15054523 0.21309385
v -0.17418311 -0.13870719 0.19522975
v -0.16692898 -0.14832502 0.19850029
v -0.16397932 -0.14015924 0.21060610
v -0.17159430 -0.13000269 0.20751496
v -0.18154436 -0.12956990 0.19178145
v -0.17926906 -0.12019123 0.20421453
v -0.18906694 -0.12073532 0.18821106
v -0.18744914 -0.11089693 0.20084924
v -0.19675866 -0.11203634 0.18427736
v -0.19584903 -0.10177677 0.19688755
v -0.20457918 -0.10317799 0.17988735
v -0.20466778 -0.09272933 0.19259192
v -0.21848263 -0.08368108 0.16854271
v -0.21227991 -0.09392177 0.17486586
v -0.21305723 -0.08300734 0.18766093
v -0.21922375 -0.07185216 0.18096863
v 0.21246062 0.00924044 0.04219119
v 0.21398539 0.01058781 0.04661851
v 0.21357182 0.00350449 0.04655152
v 0.21276964 0.00323917 0.04211626
v 0.21329106 -0.00917851 0.03340322
v 0.21374697 -0.01034768 0.03938739
v 0.21718459 -0.01592855 0.03267332
v 0.21380249 -0.01469312 0.02819214
v 0.06123700 -0.24112658 0.15952642
v 0.06099948 -0.24599048 0.14865336
v 0.07120596 -0.24083301 0.14878939
v 0.07132297 -0.23587789 0.15955846
v 0.05091440 -0.24491865 0.15923608
v 0.05057169 -0.24982631 0.14835153
v 0.03086166 -0.25065803 0.15892035
v 0.02113152 -0.25230779 0.15911392
v 0.02026702 -0.25617889 0.14885210
v 0.02982804 -0.25477295 0.14828056
v 0.01161058 -0.25383364 0.16025345
v 0.01108177 -0.25723652 0.15100173
v 0.00183621 -0.25408223 0.16325979
v 0.00121820 -0.25517957 0.16105544
v 0.04002490 -0.25277070 0.14805127
v 0.04078205 -0.24823769 0.15893072
v 0.19974076 -0.09884812 0.09897920
v 0.20385123 -0.09068765 0.10664017
v 0.20044530 -0.09901566 0.11377329
v 0.19644304 -0.10693825 0.10587656
v 0.18795701 -0.12301619 0.11795004
v 0.19092678 -0.11531669 0.12652847
v 0.18527763 -0.12320963 0.13163344
v 0.18279621 -0.13081207 0.12282361
v 0.19264381 -0.11512699 0.11232673
v 0.19608779 -0.10728507 0.12052869
v 0.17713629 -0.13835548 0.12691069
v 0.17919547 -0.13085913 0.13587142
v 0.16690765 -0.14603684 0.14253847
v 0.16522848 -0.15312559 0.13307601
v 0.17138375 -0.14590875 0.13032723
v 0.17309088 -0.13846553 0.13948320
v 0.16042423 -0.15329444 0.14516202
v 0.15905356 -0.16019382 0.13548105
v 0.13906096 -0.18195682 0.14231150
v 0.14606599 -0.17433165 0.14006116
v 0.14677804 -0.16785216 0.14998926
v 0.13974447 -0.17581574 0.15235218
v 0.12507249 -0.19239143 0.15650637
v 0.12463030 -0.19805789 0.14619962
v 0.13204878 -0.19010195 0.14447057
v 0.13253030 -0.18412634 0.15455201
v 0.10898086 -0.20806366 0.15894242
v 0.10862281 -0.21317021 0.14832221
v 0.11691870 -0.20578945 0.14752076
v 0.11724483 -0.20033266 0.15799769
v 0.10004655 -0.21539381 0.15929577
v 0.09983394 -0.22037689 0.14864734
v 0.09091106 -0.22278503 0.15937218
v 0.09072698 -0.22760057 0.14867591
v 0.06114286 -0.22344737 0.19171645
v 0.06145219 -0.22967965 0.18115019
v 0.07188651 -0.22489759 0.18146758
v 0.07153923 -0.21872726 0.19199330
v 0.05063842 -0.22711348 0.19141142
v 0.05098958 -0.23340553 0.18076141
v 0.03087436 -0.23379356 0.19154555
v 0.03107888 -0.24004120 0.18062880
v 0.04091093 -0.23710274 0.18066641
v 0.04054471 -0.23053247 0.19129590
v 0.02126698 -0.23674892 0.19234382
v 0.02138892 -0.24272298 0.18087002
v 0.01110596 -0.23846451 0.19290920
v 0.01156209 -0.24455504 0.18161953
v 0.00060754 -0.23953184 0.19373585
v 0.00131951 -0.24559685 0.18252642
v 0.15367862 -0.16040646 0.14758181
v 0.15274002 -0.16718527 0.13778314
v 0.20210353 -0.09102867 0.09183680
v 0.20573528 -0.08245302 0.09930863
v 0.20396685 -0.08365205 0.08438276
v 0.20733416 -0.07485397 0.09166771
v 0.21187202 -0.02213698 0.02245790
v 0.21375798 -0.02481578 0.02875955
v 0.21234355 -0.03355176 0.02320812
v 0.21077703 -0.02963662 0.01562627
v 0.20999682 -0.04205719 0.01633832
v 0.20963346 -0.03718976 0.00738377
v 0.21210779 -0.00282417 0.03958368
v 0.21292800 -0.00348768 0.04415032
v 0.21472089 0.00397106 0.05323956
v 0.21408643 -0.00464154 0.05060408
v 0.21376776 -0.01263529 0.04676780
v 0.21618248 -0.01989125 0.04120116
v 0.21336954 -0.02812683 0.03671819
v 0.21263798 -0.03737213 0.03150029
v 0.21001856 -0.04643856 0.02533163
v 0.21676505 0.00407702 0.06135761
v 0.21859305 0.00358030 0.07097165
v 0.21864155 -0.00825007 0.06754039
v 0.21633950 -0.00615289 0.05854001
v 0.21567426 -0.01518378 0.05488028
v 0.21828970 -0.01862854 0.06341787
v 0.21644932 -0.02816857 0.05899531
v 0.21599595 -0.02401251 0.05023758
v 0.21399288 -0.03250192 0.04523892
v 0.21468752 -0.03717118 0.05395565
v 0.21264394 -0.04637095 0.04869352
v 0.21271568 -0.04165694 0.04001997
v 0.20994046 -0.05551834 0.04301862
v 0.21031777 -0.05090558 0.03418519
v 0.22134888 -0.00065765 0.09351132
v 0.22187571 -0.00470764 0.10562170
v 0.22072598 -0.01942253 0.09950346
v 0.22077075 -0.01482610 0.08831383
v 0.21411360 -0.04837360 0.14174193
v 0.21685090 -0.03447677 0.15179594
v 0.21309694 -0.04422819 0.16222932
v 0.21080528 -0.05799383 0.15085493
v 0.21625021 -0.03954564 0.13190461
v 0.21920368 -0.02533778 0.14078664
v 0.21824457 -0.03177204 0.12155540
v 0.22074482 -0.01714799 0.12940682
v 0.20572182 -0.07694821 0.07671334
v 0.20898058 -0.06809891 0.08364501
v 0.22001528 -0.02508096 0.11066548
v 0.22166973 -0.01025415 0.11766745
v 0.20714142 -0.07094456 0.06866016
v 0.21029072 -0.06206998 0.07519674
v 0.08157031 -0.21859439 0.18124420
v 0.08129096 -0.21283271 0.19202247
v 0.08116782 -0.23456226 0.14886422
v 0.08126789 -0.22963392 0.15951461
v 0.22000995 0.00204141 0.08187354
v 0.22035265 -0.01110151 0.07755810
v 0.07167670 -0.23064607 0.17059301
v 0.08149367 -0.22435293 0.17042441
v 0.06141192 -0.23560642 0.17030514
v 0.05108745 -0.23958603 0.17009117
v 0.04095816 -0.24300133 0.16984656
v 0.03105330 -0.24537996 0.16955440
v 0.02137838 -0.24769489 0.16991768
v 0.01174294 -0.24942014 0.17099026
v 0.00164117 -0.25041739 0.17239238
v 0.09995440 -0.20985009 0.16997267
v 0.09080529 -0.21721779 0.17010837
v 0.10899178 -0.20248767 0.16969107
v 0.11752770 -0.19476713 0.16883010
v 0.12548178 -0.18665383 0.16722951
v 0.13301919 -0.17816270 0.16515564
v 0.14740611 -0.16133397 0.16037938
v 0.14030998 -0.16958905 0.16284856
v 0.15445446 -0.15359614 0.15781304
v 0.16126459 -0.14609222 0.15512947
v 0.16780745 -0.13846937 0.15217191
v 0.17406948 -0.13054911 0.14879804
v 0.18701144 -0.11470069 0.14064720
v 0.18052866 -0.12265840 0.14504184
v 0.19333070 -0.10681476 0.13532283
v 0.19898259 -0.09866490 0.12912068
v 0.20369048 -0.09022239 0.12220983
v 0.20698894 -0.08165218 0.11490158
v 0.20889810 -0.07329042 0.10730538
v 0.21061943 -0.06565064 0.09925529
v 0.21187161 -0.05869139 0.09074824
v 0.21319255 -0.05266549 0.08164993
v 0.09980486 -0.20425831 0.18086988
v 0.09925608 -0.19846295 0.19182258
v 0.09037369 -0.20590603 0.19191005
v 0.09080115 -0.21165477 0.18101893
v 0.10864110 -0.19659218 0.18051341
v 0.10792794 -0.19050827 0.19138324
v 0.11722718 -0.18865430 0.17963056
v 0.11642084 -0.18224557 0.19047265
v 0.12466488 -0.17372332 0.18902739
v 0.12534482 -0.18034314 0.17802482
v 0.13321166 -0.17178324 0.17601378
v 0.13257387 -0.16491285 0.18713612
v 0.14785142 -0.15453009 0.17123556
v 0.14747251 -0.14721105 0.18238479
v 0.14033182 -0.15607464 0.18502906
v 0.14064820 -0.16299632 0.17371989
v 0.15477906 -0.14637938 0.16848257
v 0.15427810 -0.13863764 0.17944577
v 0.16164901 -0.13851165 0.16564352
v 0.16132726 -0.13040114 0.17650545
v 0.16824258 -0.13055662 0.16242117
v 0.16838304 -0.12212070 0.17321206
v 0.17480454 -0.12241645 0.15878699
v 0.17537171 -0.11362975 0.16944743
v 0.18832946 -0.10572281 0.15006702
v 0.18971668 -0.09626499 0.16034143
v 0.18230658 -0.10486443 0.16513034
v 0.18145795 -0.11405049 0.15469817
v 0.19539681 -0.09774749 0.14471895
v 0.19733000 -0.08797688 0.15487056
v 0.20153303 -0.08939866 0.13837340
v 0.20375475 -0.07921368 0.14828738
v 0.20635137 -0.08063612 0.13124414
v 0.20845823 -0.06992454 0.14076900
v 0.20912306 -0.07159740 0.12360818
v 0.21131054 -0.06050760 0.13257659
v 0.21134058 -0.06320299 0.11549608
v 0.21372080 -0.05201627 0.12368417
v 0.21337748 -0.05562429 0.10687899
v 0.21590163 -0.04446701 0.11425101
v 0.21480824 -0.04870004 0.09762808
v 0.21769630 -0.03767478 0.10418163
v 0.21619392 -0.04274891 0.08775922
v 0.21876820 -0.03174728 0.09371865
v 0.20815907 -0.06541335 0.06039427
v 0.21704075 -0.03743809 0.07779640
v 0.21933220 -0.02665884 0.08317843
v 0.21120161 -0.05644052 0.06643688
v 0.21429694 -0.04721250 0.07221399
v 0.20921018 -0.06026550 0.05184110
v 0.21211966 -0.05123597 0.05748601
v 0.21490378 -0.04206202 0.06282797
v 0.21980158 -0.02231168 0.07285883
v 0.21753342 -0.03265030 0.06800333
v 0.20734817 -0.05451508 0.17122513
v 0.20567816 -0.06782167 0.15899462
v 0.19992220 -0.06475802 0.17861172
v 0.19883176 -0.07717997 0.16597537
v 0.05910476 -0.20972584 0.21163503
v 0.06024465 -0.21658139 0.20189218
v 0.07041177 -0.21207017 0.20200475
v 0.06871865 -0.20521379 0.21138716
v 0.04934793 -0.21347412 0.21220251
v 0.05003427 -0.22030978 0.20194855
v 0.03989473 -0.21703944 0.21325070
v 0.03022489 -0.21992978 0.21414471
v 0.03048971 -0.22729861 0.20275367
v 0.04013712 -0.22390086 0.20225751
v 0.02042705 -0.22227700 0.21473512
v 0.02075743 -0.22977531 0.20354426
v 0.01040792 -0.22387071 0.21560066
v 0.01072083 -0.23131391 0.20456697
v -0.00013454 -0.22464259 0.21659504
v 0.00032348 -0.23250042 0.20513968
v 0.09780256 -0.19214925 0.20247512
v 0.09514094 -0.18548264 0.21266359
v 0.08678032 -0.19325784 0.21239850
v 0.08902687 -0.19962291 0.20239591
v 0.10619575 -0.18387368 0.20205174
v 0.10343826 -0.17721049 0.21279252
v 0.11454193 -0.17536785 0.20133872
v 0.11147143 -0.16836858 0.21243866
v 0.13052171 -0.15736797 0.19839325
v 0.12740948 -0.14976694 0.21042642
v 0.11954085 -0.15918082 0.21169083
v 0.12274061 -0.16653260 0.20011891
v 0.14563684 -0.13918294 0.19395801
v 0.14288420 -0.13074121 0.20633305
v 0.13532582 -0.14038852 0.20880503
v 0.13841389 -0.14838022 0.19656420
v 0.15265169 -0.13022050 0.19091424
v 0.15025329 -0.12115559 0.20341377
v 0.16006363 -0.12164143 0.18792695
v 0.15806251 -0.11209815 0.20044746
v 0.16771617 -0.11311944 0.18472082
v 0.16637093 -0.10335494 0.19723282
v 0.17515821 -0.10424723 0.18089700
v 0.17483097 -0.09427113 0.19368794
v 0.19081195 -0.08617119 0.17167597
v 0.19129816 -0.07470924 0.18435599
v 0.18291276 -0.08452556 0.18937001
v 0.18281391 -0.09521961 0.17656401
v 0.07993139 -0.20624091 0.20207779
v 0.07790343 -0.19966963 0.21166723
v -0.22116280 0.02248977 0.03389331
v 0.21535061 0.01273574 0.05364149
v -0.22519079 0.02425803 0.05242536
v -0.22275530 0.02311425 0.04150518
v 0.21847280 0.01785890 0.07368794
v 0.21700984 0.01531720 0.06261302
v 0.21970546 0.01804248 0.08597086
v 0.22083374 0.01636866 0.09901831
v 0.22154306 0.01297515 0.11252638
v 0.22240316 0.00760978 0.12592163
v 0.22227295 0.00051675 0.13903354
v 0.22122084 -0.00801721 0.15177551
v 0.21908535 -0.01719272 0.16451918
v 0.21519806 -0.02713920 0.17654943
v 0.20886258 -0.03803663 0.18658748
v 0.20060096 -0.04924218 0.19442039
v 0.19136532 -0.06027300 0.20037313
v 0.18205421 -0.07091419 0.20513100
v 0.17308412 -0.08150873 0.20877213
v 0.16390644 -0.09141408 0.21186878
v 0.15529361 -0.10128719 0.21505871
v 0.14714449 -0.11132095 0.21800799
v 0.13923154 -0.12152027 0.22047086
v 0.13131367 -0.13169861 0.22241715
v 0.12342039 -0.14182672 0.22376908
v 0.11532353 -0.15173317 0.22436732
v 0.10716709 -0.16128475 0.22422423
v 0.09926092 -0.17044781 0.22376871
v 0.09135964 -0.17907775 0.22292811
v 0.08339409 -0.18682814 0.22184809
v 0.07520785 -0.19315071 0.22058219
v 0.06688749 -0.19852878 0.22018764
v 0.05802370 -0.20266486 0.22081293
v 0.04875070 -0.20600990 0.22207240
v 0.03943058 -0.20908332 0.22374088
v 0.02993639 -0.21156618 0.22525582
v 0.02032371 -0.21338831 0.22654986
v 0.01032303 -0.21449041 0.22787604
v -0.00026482 -0.21507845 0.22903031
v -0.01116781 -0.21592735 0.22974365
v -0.02214551 -0.21679428 0.22977563
v -0.03315135 -0.21645680 0.22937173
v -0.04366291 -0.21558995 0.22876975
v -0.05368734 -0.21404118 0.22782125
v -0.06356306 -0.21181090 0.22656317
v -0.07333390 -0.20936885 0.22521500
v -0.08310016 -0.20614821 0.22423970
v -0.09240091 -0.20205269 0.22380122
v -0.10123260 -0.19669094 0.22433070
v -0.10952959 -0.18948023 0.22499953
v -0.11799209 -0.18134988 0.22596347
v -0.12658724 -0.17253897 0.22688119
v -0.13518628 -0.16310097 0.22739902
v -0.14352635 -0.15298081 0.22717662
v -0.15174762 -0.14240643 0.22604658
v -0.15974790 -0.13160833 0.22407067
v -0.16783674 -0.12091639 0.22147684
v -0.17582489 -0.11033416 0.21840138
v -0.18450776 -0.10027500 0.21524924
v -0.19364664 -0.09034878 0.21176621
v -0.20301165 -0.08012454 0.20790745
v -0.21200173 -0.06907616 0.20339844
v -0.21943441 -0.05715017 0.19675152
v -0.22439180 -0.04447727 0.18811777
v -0.22759906 -0.03205343 0.17779321
v -0.23027466 -0.02089384 0.16599210
v -0.23141552 -0.01144180 0.15258803
v -0.23122315 -0.00276597 0.13862249
v -0.23093972 0.00513792 0.12450293
v -0.23089884 0.01187575 0.11022098
v -0.23021220 0.01700963 0.09551616
v -0.22891812 0.02085270 0.08069984
v -0.22765646 0.02338949 0.06603326
v -0.17065034 0.10197231 -0.31953018
v -0.17360339 0.10314810 -0.30046723
v -0.17294528 0.12096529 -0.30710481
v -0.17165939 0.11963164 -0.32653108
v -0.16077807 0.06591365 -0.32310869
v -0.16661017 0.06589690 -0.30514665
v -0.16932760 0.08378166 -0.31229486
v -0.16455558 0.08332120 -0.33060638
v -0.17229449 0.06605160 -0.28699503
v -0.17362874 0.08462634 -0.29365441
v -0.10388429 0.07529842 -0.50433279
v -0.11007192 0.08054445 -0.49669991
v -0.12171964 0.08375620 -0.50455747
v -0.11434828 0.07684341 -0.51139014
v -0.12498774 0.07660876 -0.51850715
v -0.13348150 0.08466748 -0.51215641
v -0.12799432 0.09085758 -0.49611559
v -0.14062109 0.09300921 -0.50416060
v -0.09518418 0.06448681 -0.52093572
v -0.10207876 0.06225724 -0.52789112
v -0.08744283 0.05641268 -0.53108641
v -0.08262742 0.05964052 -0.52360427
v -0.06917678 0.05678141 -0.52522979
v -0.07246234 0.05294907 -0.53338541
v -0.17249899 0.13762088 -0.31332974
v -0.17292893 0.13598832 -0.33297125
v -0.09709523 0.07020086 -0.51027482
v -0.10570940 0.07036907 -0.51688701
v -0.11462434 0.06912142 -0.52370927
v -0.05413215 0.05958855 -0.51681639
v -0.06697097 0.05991875 -0.51658082
v -0.05548689 0.05613001 -0.52630186
v -0.05765766 0.05196941 -0.53516218
v -0.15451585 0.06615572 -0.34072901
v -0.15942906 0.08323177 -0.34849448
v -0.16735743 0.10125694 -0.33822919
v -0.16988554 0.11867217 -0.34558612
v -0.17248509 0.13458597 -0.35222029
v -0.17716902 0.06662072 -0.26881253
v -0.17727746 0.08581947 -0.27496417
v -0.17565745 0.10470205 -0.28126774
v -0.17344566 0.12270516 -0.28749649
v -0.17102195 0.13958010 -0.29345007
v -0.18146522 0.08723053 -0.14082841
v -0.18209957 0.08404940 -0.15410884
v -0.18464159 0.06476289 -0.15024342
v -0.18456408 0.06816125 -0.13795876
v -0.11592034 0.08557186 -0.48751183
v -0.12172399 0.08980159 -0.47680416
v -0.13383328 0.09724698 -0.48574113
v -0.14701549 0.10097075 -0.49416846
v -0.16374289 0.10087622 -0.35649442
v -0.16771149 0.11793145 -0.36426473
v -0.17201493 0.13310693 -0.37092912
v -0.15981644 0.10049485 -0.37421055
v -0.16536219 0.11696904 -0.38217119
v -0.17155971 0.13155273 -0.38910197
v -0.15528468 0.10006252 -0.39107147
v -0.16236171 0.11590134 -0.39921236
v -0.17061415 0.12978480 -0.40667293
v -0.13390612 0.09497678 -0.45175940
v -0.13982069 0.09672521 -0.43767781
v -0.15098185 0.10920601 -0.44641931
v -0.14553808 0.10603103 -0.46050794
v -0.16328579 0.11887193 -0.45463370
v -0.15845172 0.11374814 -0.46885311
v -0.15689784 -0.02873581 -0.25526065
v -0.15786442 -0.01756818 -0.25389508
v -0.14940316 -0.01517403 -0.26828332
v -0.14849931 -0.02581178 -0.26960578
v -0.14013357 -0.01151855 -0.28190586
v -0.13906548 -0.02127316 -0.28274137
v -0.13126809 -0.00819470 -0.29466110
v -0.12908026 -0.01693636 -0.29453279
v -0.12170498 -0.00431632 -0.30918966
v -0.11884412 -0.01309512 -0.30703314
v -0.15855509 -0.00657530 -0.25296320
v -0.15064832 -0.00421807 -0.26779407
v -0.14254105 -0.00139222 -0.28211934
v -0.13505755 0.00108787 -0.29682189
v -0.12547520 0.00471179 -0.31185434
v -0.14250113 0.03651021 -0.32665902
v -0.13604829 0.02457751 -0.32067669
v -0.14423989 0.02237955 -0.30422441
v -0.15019480 0.03488088 -0.30958933
v -0.15240199 0.01975327 -0.28797809
v -0.15751496 0.03314473 -0.29261184
v -0.15673107 0.01900783 -0.27055523
v -0.16273919 0.03219181 -0.27508589
v -0.16256116 0.01828032 -0.25477273
v -0.16689241 0.03234174 -0.25798828
v -0.13937769 0.01119194 -0.30020298
v -0.13022775 0.01413579 -0.31566759
v -0.14686855 0.00871547 -0.28417752
v -0.15300536 0.00707533 -0.26848958
v -0.14891973 0.05042447 -0.33346085
v -0.15596605 0.04964362 -0.31606194
v -0.16246362 0.04888721 -0.29843828
v -0.16838988 0.04827193 -0.28074064
v -0.17269041 0.04845105 -0.26287813
v -0.12781054 0.09276079 -0.46485011
v -0.13966397 0.10225252 -0.47371849
v -0.15285629 0.10800198 -0.48219893
v -0.19228555 -0.01869255 -0.17054729
v -0.19111896 -0.00871964 -0.17084865
v -0.18675509 -0.02276666 -0.18803384
v -0.18581171 -0.01228559 -0.18732194
v -0.18076286 -0.02595576 -0.20523595
v -0.17988910 -0.01529461 -0.20445533
v -0.17326454 -0.02853523 -0.22267261
v -0.16509719 -0.02951585 -0.23952894
v -0.17317494 -0.01731345 -0.22125221
v -0.16583793 -0.01847058 -0.23832170
v -0.19003805 0.00066943 -0.17098031
v -0.18885751 0.01114816 -0.17004413
v -0.18469911 -0.00233234 -0.18728992
v -0.18359473 0.00832819 -0.18700511
v -0.17899213 -0.00464283 -0.20394583
v -0.17296192 -0.00649347 -0.22056401
v -0.16589113 -0.00760070 -0.23757780
v -0.17823374 0.00668641 -0.20376393
v -0.17264496 0.00478682 -0.22058787
v -0.16605212 0.00417201 -0.23717176
v -0.15990389 0.00538769 -0.25308010
v -0.18784569 0.02489236 -0.16701062
v -0.18269479 0.02130634 -0.18730644
v -0.17301552 0.01786207 -0.22170115
v -0.16776287 0.01755125 -0.23836960
v -0.18924115 0.03316878 -0.15380236
v -0.18957754 0.03846027 -0.14375627
v -0.18998849 0.04242342 -0.13454271
v -0.18487075 0.04050293 -0.17309151
v -0.18648092 0.04567108 -0.15914990
v -0.18440966 0.06131143 -0.16336652
v -0.18374933 0.05797117 -0.17788196
v -0.18716850 0.05015575 -0.14693353
v -0.18748246 0.05376252 -0.13588869
v -0.18221902 0.08076275 -0.16803646
v -0.18252836 0.07774660 -0.18276714
v -0.17776893 0.10116934 -0.17231235
v -0.17901823 0.09816078 -0.18757576
v -0.17685110 0.10414391 -0.15778040
v -0.17589585 0.04916996 -0.24556206
v -0.17147253 0.03240107 -0.24133883
v -0.17521245 0.03328119 -0.22420236
v -0.17897868 0.05050099 -0.22823853
v -0.17908720 0.06798258 -0.25076879
v -0.18120331 0.06981319 -0.23310588
v -0.17952673 0.08959737 -0.23844726
v -0.17886053 0.08745724 -0.25647280
v -0.17634253 0.10659720 -0.26229193
v -0.17559953 0.10877203 -0.24369326
v -0.16976041 0.12056841 -0.17581576
v -0.17162474 0.11746676 -0.19179555
v -0.16840151 0.12362672 -0.16055618
v -0.17267124 0.12480546 -0.26797367
v -0.17032134 0.12702686 -0.24887189
v -0.17598314 0.10706469 -0.14393811
v -0.16714355 0.12635954 -0.14606827
v -0.02758158 0.05915578 -0.52811750
v -0.04163096 0.05718026 -0.52730760
v -0.04294592 0.05281651 -0.53675748
v -0.02820359 0.05466897 -0.53799457
v -0.14814549 0.06666505 -0.35804881
v -0.15434414 0.08325589 -0.36603963
v -0.11070307 -0.00113165 -0.32274305
v -0.10753213 -0.00953204 -0.31942510
v -0.13416718 0.03820634 -0.34331524
v -0.12668256 0.02686307 -0.33667424
v -0.12029830 0.01645549 -0.33126569
v -0.14149022 0.05149614 -0.35049323
v -0.11501130 0.00733176 -0.32672120
v -0.14183475 0.06723139 -0.37508044
v -0.14896485 0.08329287 -0.38300504
v -0.09566895 -0.00683466 -0.33219148
v -0.09923367 0.00152612 -0.33634873
v -0.11704337 0.02889366 -0.35264231
v -0.12559306 0.03971104 -0.35987425
v -0.10973454 0.01897677 -0.34647222
v -0.13395113 0.05256195 -0.36732477
v -0.10387767 0.00994152 -0.34116911
v -0.18014241 0.09218774 -0.22087874
v -0.17485485 0.11139904 -0.22577909
v -0.17902013 0.03448549 -0.20695237
v -0.18115272 0.05255620 -0.21093601
v -0.18247710 0.07221371 -0.21564715
v -0.17808681 0.01934327 -0.20477200
v -0.17979219 0.09511244 -0.20385064
v -0.17348795 0.11432714 -0.20850126
v -0.18206604 0.03695701 -0.18963424
v -0.18277283 0.05519286 -0.19394793
v -0.18281884 0.07491412 -0.19873233
v -0.15943922 0.13776744 -0.17907487
v -0.16200171 0.13483805 -0.19561047
v -0.15720023 0.14071974 -0.16321907
v -0.15549649 0.14336868 -0.14825196
v -0.16746411 0.12934714 -0.23047099
v -0.16465643 0.13189077 -0.21274012
v -0.11228091 0.06850994 -0.43522158
v -0.12017873 0.06792677 -0.42140407
v -0.12987272 0.08246188 -0.42929210
v -0.12315829 0.08187622 -0.44327949
v -0.10480195 0.06904395 -0.44826305
v -0.11637064 0.08123699 -0.45623106
v -0.10049356 0.05611721 -0.42729118
v -0.09224247 0.05790069 -0.44046393
v -0.07762312 0.04910847 -0.43244223
v -0.08707022 0.04607364 -0.41881917
v -0.09792269 0.06949924 -0.46049965
v -0.10984295 0.08019164 -0.46822528
v -0.08500748 0.05991121 -0.45314831
v -0.07007419 0.05301977 -0.44588288
v -0.09168139 0.06973115 -0.47185464
v -0.10386284 0.07827821 -0.47925594
v -0.07868213 0.06184281 -0.46516305
v -0.06419459 0.05667046 -0.45893898
v -0.08627171 0.06929763 -0.48239523
v -0.09822744 0.07561904 -0.48919429
v -0.07348558 0.06348269 -0.47658187
v -0.05982056 0.05997790 -0.47153204
v -0.05668646 0.06241457 -0.48363832
v -0.05465978 0.06302939 -0.49530025
v -0.04164308 0.06418893 -0.49331402
v -0.04319476 0.06267206 -0.48040008
v -0.05381938 0.06195772 -0.50646162
v -0.04085176 0.06346766 -0.50569110
v -0.08189798 0.06797923 -0.49216588
v -0.06968388 0.06429147 -0.48751308
v -0.07854306 0.06618980 -0.50088516
v -0.09312312 0.07217050 -0.49781148
v -0.08851654 0.06869250 -0.50475235
v -0.06712942 0.06385903 -0.49784306
v -0.07715958 0.06406471 -0.50857758
v -0.06615825 0.06226378 -0.50749619
v -0.08501823 0.06604766 -0.50928185
v -0.02824933 0.06629808 -0.49183373
v -0.02948960 0.06432834 -0.47789091
v -0.02750298 0.06576945 -0.50515222
v -0.10713482 0.03052916 -0.36808226
v -0.09885686 0.02109810 -0.36111799
v -0.09226012 0.01224911 -0.35490395
v -0.08727035 0.00388577 -0.34904479
v -0.08365223 -0.00440079 -0.34363532
v -0.08523313 0.03461959 -0.39642680
v -0.07487343 0.02551500 -0.38804308
v -0.08725250 0.02322783 -0.37488705
v -0.09649907 0.03228573 -0.38267544
v -0.06740749 0.01635641 -0.37959229
v -0.08029462 0.01426364 -0.36770422
v -0.06222406 0.00755190 -0.37124990
v -0.07520348 0.00570506 -0.36073853
v -0.05863760 -0.00099354 -0.36341147
v -0.07138776 -0.00253982 -0.35414758
v -0.05344289 0.01806520 -0.39075120
v -0.04860360 0.00883884 -0.38063401
v -0.04535139 0.00012735 -0.37137375
v -0.07331739 0.03732590 -0.41011448
v -0.06097421 0.02797253 -0.40125489
v -0.04334735 0.03241922 -0.41594972
v -0.03747448 0.01971088 -0.40011191
v -0.03398079 0.00970655 -0.38800429
v -0.03166295 0.00081405 -0.37747463
v -0.09715877 0.04401961 -0.40496897
v -0.10932343 0.05478228 -0.41345064
v -0.15904389 0.11425980 -0.41558343
v -0.16939308 0.12690800 -0.42343709
v -0.13501468 0.06753480 -0.39128198
v -0.14302811 0.08319452 -0.39913159
v -0.12608931 0.05328866 -0.38344310
v -0.11656939 0.04095187 -0.37571045
v -0.15551608 0.11185086 -0.43134650
v -0.16702162 0.12305970 -0.43932220
v -0.12787195 0.06755755 -0.40680098
v -0.13655535 0.08286279 -0.41453415
v -0.11795820 0.05386156 -0.39888303
v -0.10704865 0.04232147 -0.39078166
v -0.06170314 0.04167292 -0.42421177
v -0.05415693 0.04813671 -0.43914921
v -0.04911202 0.05420976 -0.45342201
v -0.04560823 0.05924665 -0.46709628
v -0.01755620 0.00194048 -0.38081616
v -0.00346682 0.00371148 -0.38122612
v -0.00311566 0.01236474 -0.39262248
v -0.01855518 0.01074338 -0.39199724
v -0.01988980 0.02045341 -0.40460922
v -0.00264942 0.02187531 -0.40537235
v -0.02101981 0.03125256 -0.41878306
v -0.00228440 0.03231450 -0.41903508
v -0.03364644 0.05315774 -0.44932055
v -0.03732037 0.04393808 -0.43447400
v -0.03120116 0.05998020 -0.46363731
v -0.01946138 0.04257487 -0.43346073
v -0.01773982 0.05283431 -0.44744320
v -0.01646485 0.06057750 -0.46168888
v -0.00182194 0.05337531 -0.44668899
v -0.00198709 0.04325670 -0.43300642
v -0.00155519 0.06113638 -0.46084896
v -0.01547600 0.06568018 -0.47628760
v -0.00120962 0.06628710 -0.47551887
v 0.00125445 0.06224581 -0.52845731
v -0.01328962 0.06105181 -0.52852046
v -0.01327102 0.05667342 -0.53870518
v 0.00193112 0.05817062 -0.53871042
v -0.01388541 0.06766673 -0.50470345
v -0.00006953 0.06804956 -0.50432765
v -0.00069787 0.06868751 -0.49023123
v -0.01460819 0.06815260 -0.49083175
v -0.14535165 0.09807564 -0.42273198
v -0.15032592 0.09936557 -0.40716796
v -0.16497771 0.14436025 -0.25396696
v -0.16853449 0.14192006 -0.27355217
v -0.14757560 0.15282536 -0.18179979
v -0.15082708 0.15032237 -0.19901188
v -0.14485564 0.15565072 -0.16536374
v -0.14279786 0.15817144 -0.14971894
v -0.15984863 0.14633784 -0.23509829
v -0.15495349 0.14823312 -0.21677503
v -0.08921845 0.06565291 -0.51427838
v -0.01345675 0.06491484 -0.51734496
v 0.00057737 0.06569569 -0.51710347
v -0.02729525 0.06308539 -0.51728890
v -0.04087994 0.06092112 -0.51707117
v -0.07894068 0.06210100 -0.51601417
v 0.16295332 0.11294395 -0.30678971
v 0.16531787 0.12967139 -0.31208345
v 0.16377143 0.13033055 -0.29270208
v 0.16262576 0.11345259 -0.28763476
v 0.15767680 0.07854479 -0.29640972
v 0.15374816 0.07883966 -0.31464752
v 0.15826406 0.09543412 -0.32015409
v 0.16044841 0.09559498 -0.30151469
v 0.16028096 0.07840910 -0.27791696
v 0.16137047 0.09589176 -0.28270873
v 0.10509552 0.08975249 -0.49617687
v 0.11688055 0.09010924 -0.50207920
v 0.12469369 0.09592726 -0.49411525
v 0.11138607 0.09429815 -0.48765193
v 0.12864788 0.08875636 -0.50803336
v 0.13764368 0.09569842 -0.50052688
v 0.14541899 0.10268329 -0.49147730
v 0.13165737 0.10141587 -0.48459447
v 0.10551421 0.07513671 -0.51976994
v 0.09759254 0.07813397 -0.51370178
v 0.08516313 0.07246900 -0.51743531
v 0.09105152 0.06865562 -0.52421214
v 0.07194210 0.06799864 -0.52010522
v 0.07637825 0.06380157 -0.52771878
v 0.16913027 0.14443447 -0.31681612
v 0.16588005 0.14564400 -0.29744844
v 0.09832437 0.08487180 -0.50299257
v 0.10812885 0.08408569 -0.50861410
v 0.11808389 0.08190453 -0.51439945
v 0.05576026 0.06854208 -0.51294806
v 0.05839048 0.06505901 -0.52219080
v 0.06849290 0.07157629 -0.51183625
v 0.06176180 0.06080508 -0.53066171
v 0.14884523 0.07922161 -0.33244206
v 0.15481357 0.09534797 -0.33834339
v 0.16213762 0.11249985 -0.32574667
v 0.16609964 0.12876315 -0.33114161
v 0.17199709 0.14291326 -0.33584098
v 0.16054749 0.07861395 -0.25917346
v 0.16092346 0.09619136 -0.26369794
v 0.16079912 0.13101624 -0.27320782
v 0.16071455 0.11403182 -0.26841475
v 0.16178251 0.14665666 -0.27786251
v 0.16739650 0.08453153 -0.12867197
v 0.17367200 0.06632774 -0.12704284
v 0.17220421 0.06417950 -0.13884099
v 0.16669014 0.08218450 -0.14146165
v 0.13802863 0.10637283 -0.47350332
v 0.12346422 0.10123235 -0.46620164
v 0.11745670 0.09818044 -0.47759924
v 0.15230779 0.10948777 -0.48069663
v 0.16015887 0.11208423 -0.34424519
v 0.16591019 0.12802359 -0.34988666
v 0.17378593 0.14130762 -0.35450785
v 0.15729045 0.11172793 -0.36207034
v 0.16523999 0.12700244 -0.36804070
v 0.17480853 0.13964063 -0.37298145
v 0.15370872 0.11119892 -0.37908548
v 0.16359979 0.12566836 -0.38541836
v 0.17486153 0.13766057 -0.39090958
v 0.13505358 0.10579807 -0.44032626
v 0.14923538 0.11482946 -0.44762622
v 0.15409896 0.11833914 -0.43327522
v 0.14039965 0.10758486 -0.42604454
v 0.16365904 0.12157881 -0.45446736
v 0.16814872 0.12688807 -0.43985925
v 0.15292951 -0.00540015 -0.24918418
v 0.14284597 -0.00336000 -0.26351881
v 0.14360425 0.00571116 -0.26280698
v 0.15247980 0.00397092 -0.24754911
v 0.13206100 -0.00048417 -0.27696962
v 0.13346572 0.00844434 -0.27704144
v 0.12065187 0.00291517 -0.28947960
v 0.12335294 0.01134168 -0.29097591
v 0.10936649 0.00580708 -0.30211496
v 0.11258213 0.01411012 -0.30446621
v 0.15259301 0.01330697 -0.24694075
v 0.14477122 0.01514707 -0.26297281
v 0.13586005 0.01753274 -0.27815275
v 0.12698260 0.01980636 -0.29327243
v 0.11673188 0.02246459 -0.30754435
v 0.13528076 0.05174501 -0.32133998
v 0.14234483 0.05052073 -0.30450432
v 0.13615306 0.03928875 -0.29989873
v 0.12811629 0.04091541 -0.31606358
v 0.14810291 0.04956307 -0.28716138
v 0.14318656 0.03774093 -0.28339115
v 0.15252551 0.04887791 -0.26948889
v 0.14893073 0.03657941 -0.26634752
v 0.15640884 0.04808843 -0.25182677
v 0.15471462 0.03512218 -0.24931725
v 0.13111909 0.02901883 -0.29615593
v 0.12189546 0.03120521 -0.31141957
v 0.13914303 0.02712196 -0.28029691
v 0.14642197 0.02536273 -0.26412837
v 0.14848630 0.06361211 -0.30943260
v 0.14239041 0.06446671 -0.32679833
v 0.15354893 0.06292382 -0.29158235
v 0.15861315 0.06251065 -0.25513573
v 0.15702682 0.06256388 -0.27344220
v 0.12936896 0.10367922 -0.45375759
v 0.14386982 0.11080468 -0.46109804
v 0.15832972 0.11583708 -0.46820525
v 0.18610986 -0.01075116 -0.16775047
v 0.18416090 -0.00143802 -0.16730468
v 0.18167097 -0.01032644 -0.18320717
v 0.17997259 -0.00054175 -0.18170278
v 0.17622444 -0.00951718 -0.19986408
v 0.17457839 0.00033860 -0.19831078
v 0.16185058 -0.00731109 -0.23361128
v 0.16979117 -0.00859295 -0.21701622
v 0.16099577 0.00210166 -0.23174299
v 0.16862881 0.00114453 -0.21510076
v 0.18183316 0.00732294 -0.16639973
v 0.17954478 0.01689627 -0.16455919
v 0.17801069 0.00880782 -0.18058060
v 0.17573727 0.01872608 -0.17977425
v 0.17276883 0.01012504 -0.19715037
v 0.16019613 0.01168942 -0.23073526
v 0.16712529 0.01086501 -0.21395625
v 0.17096298 0.02048569 -0.19659047
v 0.15969048 0.02211499 -0.23081947
v 0.16562930 0.02122665 -0.21368059
v 0.15337798 0.02354659 -0.24758839
v 0.17717130 0.02914208 -0.16023844
v 0.17313529 0.03052313 -0.17935105
v 0.15968164 0.03379759 -0.23202302
v 0.16423612 0.03271496 -0.21439603
v 0.17824714 0.03392990 -0.14614410
v 0.17880818 0.03656884 -0.13487155
v 0.17923781 0.03762808 -0.12486877
v 0.17285410 0.04482808 -0.16407402
v 0.16906217 0.06118030 -0.16720757
v 0.17102005 0.06239844 -0.15210611
v 0.17456250 0.04692319 -0.14955553
v 0.17549495 0.04874655 -0.13675730
v 0.17633918 0.05037381 -0.12557298
v 0.16367064 0.07876248 -0.17050211
v 0.16567316 0.08017324 -0.15524424
v 0.15486625 0.09682481 -0.17389800
v 0.15587441 0.09881184 -0.15849686
v 0.15675374 0.10074586 -0.14423286
v 0.16013275 0.06204997 -0.23701329
v 0.16165159 0.06123880 -0.21896976
v 0.16291688 0.04598689 -0.21622153
v 0.15977734 0.04706281 -0.23409677
v 0.16029961 0.07862822 -0.24067244
v 0.16032840 0.07825778 -0.22241291
v 0.15921804 0.09642632 -0.24485338
v 0.15766265 0.09640720 -0.22628006
v 0.15719532 0.11447774 -0.24938961
v 0.15396592 0.11475669 -0.23043988
v 0.14491051 0.11401420 -0.17717575
v 0.14478493 0.11613488 -0.16104422
v 0.14551163 0.11855277 -0.14592559
v 0.15613640 0.13158660 -0.25388699
v 0.15071588 0.13181871 -0.23485205
v 0.15730870 0.10269724 -0.13047980
v 0.14635260 0.12056209 -0.13167218
v 0.03028103 0.06300281 -0.52602542
v 0.03224089 0.05888566 -0.53575564
v 0.04707881 0.05936868 -0.53340942
v 0.04448874 0.06354420 -0.52421679
v 0.09744172 0.00856378 -0.31414708
v 0.10114344 0.01677674 -0.31752955
v 0.11910535 0.04262407 -0.33183536
v 0.12710703 0.05333839 -0.33756325
v 0.11192174 0.03321170 -0.32648932
v 0.13530144 0.06565988 -0.34354004
v 0.14305318 0.07978772 -0.34965149
v 0.10593753 0.02482793 -0.32165746
v 0.08556723 0.01034315 -0.32600403
v 0.08958422 0.01849485 -0.33050104
v 0.10946193 0.04398252 -0.34703792
v 0.11828905 0.05466835 -0.35323800
v 0.10144269 0.03472159 -0.34109199
v 0.12746447 0.06676941 -0.35965180
v 0.13638773 0.08055615 -0.36615119
v 0.09486122 0.02643008 -0.33556369
v 0.15087501 0.11449088 -0.21195410
v 0.15643537 0.09622969 -0.20812782
v 0.16383564 0.06064029 -0.20120265
v 0.16615712 0.04519097 -0.19855365
v 0.16066358 0.07781056 -0.20440998
v 0.16847911 0.03191702 -0.19694131
v 0.14773554 0.11400047 -0.19416560
v 0.15520469 0.09602272 -0.19056372
v 0.16635809 0.06056635 -0.18375875
v 0.16990198 0.04450472 -0.18092818
v 0.16150116 0.07784661 -0.18693170
v 0.13716512 0.13118809 -0.18041606
v 0.13420848 0.13205023 -0.16376780
v 0.13376640 0.13439236 -0.14798763
v 0.13457522 0.13665548 -0.13318403
v 0.14573249 0.13159699 -0.21610895
v 0.14131529 0.13127788 -0.19780825
v 0.15028418 0.09546457 -0.35586051
v 0.14483879 0.09574017 -0.37258137
v 0.11557618 0.08187628 -0.41207087
v 0.10869480 0.08219285 -0.42634901
v 0.12141065 0.09476577 -0.43310098
v 0.12741832 0.09538376 -0.41881323
v 0.09565911 0.06983128 -0.41964747
v 0.08827203 0.07109472 -0.43347374
v 0.10213964 0.08251477 -0.43997913
v 0.07318961 0.06053066 -0.42688319
v 0.08174281 0.05863370 -0.41255731
v 0.11537222 0.09408450 -0.44657574
v 0.08154426 0.07305709 -0.44665327
v 0.09569331 0.08320631 -0.45273294
v 0.06635911 0.06363384 -0.44087737
v 0.10927367 0.09336323 -0.45913230
v 0.07567901 0.07514171 -0.45917335
v 0.08964622 0.08393805 -0.46465213
v 0.06114124 0.06713918 -0.45429692
v 0.10337032 0.09216848 -0.47075924
v 0.07094961 0.07711905 -0.47103336
v 0.08448462 0.08408350 -0.47577112
v 0.05739218 0.07023493 -0.46720788
v 0.09789559 0.09023769 -0.48135404
v 0.05495356 0.07213572 -0.47966404
v 0.04142141 0.06836692 -0.47755211
v 0.04072330 0.06944007 -0.49050613
v 0.05379181 0.07242513 -0.49153038
v 0.04107390 0.06896027 -0.50284887
v 0.05411853 0.07110331 -0.50271750
v 0.06785552 0.07778248 -0.48242763
v 0.08061563 0.08302841 -0.48610354
v 0.06633630 0.07663448 -0.49313614
v 0.07811958 0.08077340 -0.49531717
v 0.08875953 0.08390260 -0.49833570
v 0.09300359 0.08738510 -0.49068592
v 0.06647608 0.07444022 -0.50291901
v 0.07758578 0.07817802 -0.50324381
v 0.08561320 0.08095299 -0.50331559
v 0.02737457 0.06692145 -0.47617318
v 0.02707989 0.06835061 -0.49002771
v 0.02749118 0.06810954 -0.50322003
v 0.09072537 0.03594814 -0.35527918
v 0.09959034 0.04511046 -0.36191343
v 0.08360517 0.02760298 -0.34897309
v 0.07803522 0.01959202 -0.34296974
v 0.07383974 0.01150704 -0.33743574
v 0.07860845 0.04732273 -0.39048334
v 0.08924374 0.04623471 -0.37631305
v 0.07956320 0.03692533 -0.36903634
v 0.06771689 0.03772794 -0.38260252
v 0.07192076 0.02834005 -0.36184733
v 0.05966772 0.02850260 -0.37430492
v 0.06622122 0.01995065 -0.35487386
v 0.05395972 0.01969636 -0.36603959
v 0.06197009 0.01165519 -0.34827492
v 0.04984868 0.01117776 -0.35821544
v 0.04092408 0.01881830 -0.37614447
v 0.04633151 0.02818005 -0.38619538
v 0.03720784 0.01007199 -0.36691697
v 0.05448401 0.03851558 -0.39643537
v 0.06743166 0.04868593 -0.40480445
v 0.03113013 0.02714913 -0.39669272
v 0.03777450 0.04038453 -0.41228377
v 0.02693793 0.01709729 -0.38456141
v 0.02405341 0.00831833 -0.37393320
v 0.10351789 0.06901097 -0.40532246
v 0.09091341 0.05756545 -0.39809998
v 0.16114964 0.12382775 -0.40208129
v 0.17385847 0.13494164 -0.40801106
v 0.12953605 0.08111611 -0.38205632
v 0.13930959 0.09572613 -0.38864654
v 0.11956270 0.06754769 -0.37540612
v 0.10942946 0.05553233 -0.36866985
v 0.17151957 0.13123353 -0.42424391
v 0.15804367 0.12131517 -0.41803135
v 0.12258417 0.08152929 -0.39732292
v 0.13352991 0.09557090 -0.40404470
v 0.11143897 0.06839244 -0.39053122
v 0.10015352 0.05663166 -0.38354451
v 0.05668259 0.05128573 -0.41973786
v 0.05008166 0.05636764 -0.43534962
v 0.04584880 0.06169765 -0.45006411
v 0.04309074 0.06580377 -0.46407529
v 0.01043966 0.00608370 -0.37874981
v 0.01208782 0.01477914 -0.38999988
v 0.01428963 0.02431010 -0.40272761
v 0.01617842 0.03504212 -0.41698618
v 0.03015613 0.05767259 -0.44732953
v 0.03301684 0.04995677 -0.43169487
v 0.02836138 0.06342597 -0.46191209
v 0.01537453 0.04569112 -0.43203424
v 0.01420500 0.05505523 -0.44646331
v 0.01343550 0.06218082 -0.46086471
v 0.01311893 0.06669090 -0.47547000
v 0.01718534 0.05871398 -0.53757935
v 0.01583968 0.06278116 -0.52746458
v 0.01372964 0.06781078 -0.50368533
v 0.01324530 0.06847372 -0.48995894
v 0.14966340 0.11031396 -0.39540427
v 0.14528925 0.10904173 -0.41105048
v 0.14886632 0.14776170 -0.23917876
v 0.15628823 0.14747211 -0.25820304
v 0.13033398 0.14704554 -0.18394276
v 0.12569730 0.14726560 -0.16697035
v 0.12281169 0.14837773 -0.15062258
v 0.12256100 0.15081824 -0.13515670
v 0.14162084 0.14762010 -0.22033724
v 0.13535339 0.14711254 -0.20170031
v 0.09053121 0.08016779 -0.50784697
v 0.01463225 0.06590111 -0.51628612
v 0.02860864 0.06628348 -0.51528098
v 0.04241251 0.06690727 -0.51413464
v 0.08032514 0.07568394 -0.51043162
v -0.18060268 0.08988873 -0.12859768
v -0.18048175 0.09215431 -0.11686688
v -0.17419070 0.11206533 -0.11810774
v -0.17494605 0.10971148 -0.13077429
v -0.20372613 0.08129347 -0.04541898
v -0.20106563 0.09408495 -0.04256500
v -0.19735259 0.09198978 -0.05319202
v -0.20117321 0.07972514 -0.05644374
v -0.20702239 0.09427125 -0.02201936
v -0.20860706 0.09268209 -0.01199204
v -0.20288909 0.10890006 -0.00746323
v -0.20115318 0.11038092 -0.01853790
v -0.18083143 0.09432760 -0.10542645
v -0.17367792 0.11449684 -0.10594016
v -0.18163775 0.09670036 -0.09423536
v -0.17386782 0.11705112 -0.09405812
v -0.18837553 0.10537810 -0.06178418
v -0.18507908 0.10215987 -0.07226462
v -0.19109173 0.08521123 -0.07455016
v -0.19391647 0.08892989 -0.06395635
v -0.18281742 0.09928615 -0.08307582
v -0.18894145 0.08158554 -0.08493442
v -0.17713287 0.12254047 -0.07097748
v -0.17507039 0.11977009 -0.08233996
v -0.17977629 0.12505541 -0.06009242
v -0.17713944 0.14066850 0.13640748
v -0.17927469 0.13495118 0.15464541
v -0.16335069 0.15465083 0.16413703
v -0.16207506 0.16140432 0.14584817
v -0.11159090 0.20267740 -0.04286829
v -0.12685407 0.18922973 -0.04284177
v -0.12860900 0.19111080 -0.02995197
v -0.11270473 0.20466224 -0.02959369
v -0.21639513 0.04886084 0.02275843
v -0.21579403 0.04470890 0.01837957
v -0.21698746 0.03680362 0.02332335
v -0.21813144 0.04109656 0.02752471
v -0.21077694 0.07618787 -0.00711755
v -0.21280939 0.06881443 -0.01068965
v -0.21248394 0.06463905 -0.00240909
v -0.21094115 0.07165379 0.00176833
v -0.21093496 0.07363042 -0.02698018
v -0.21273764 0.07195942 -0.01873593
v -0.21102020 0.07972507 -0.01575035
v -0.20953577 0.08191147 -0.02474233
v -0.18472389 0.07110021 -0.12658666
v -0.18740748 0.05659058 -0.12543552
v -0.16620724 0.12914455 -0.13227198
v -0.19004847 0.04548142 -0.12539993
v -0.14588179 0.17113864 0.17238576
v -0.14480183 0.17787854 0.15361603
v -0.09436677 0.21528634 -0.04246765
v -0.09477675 0.21710424 -0.02888350
v -0.12652887 0.18534754 0.17958453
v -0.12569583 0.19243740 0.16020075
v -0.19866608 0.11098441 -0.02944016
v -0.20430197 0.09473629 -0.03231814
v -0.20681027 0.08198018 -0.03481831
v -0.20711529 0.07256605 -0.03746526
v -0.19540166 0.11021310 -0.04023844
v -0.19184329 0.10830292 -0.05110863
v -0.18505496 0.12863568 -0.03770699
v -0.17212381 0.14626819 -0.03480295
v -0.16959276 0.14505018 -0.04671170
v -0.18256910 0.12722997 -0.04909419
v -0.15544487 0.16131118 -0.04466397
v -0.15782793 0.16251097 -0.03242857
v -0.15438439 0.14582996 -0.13398725
v -0.11423770 0.18505701 -0.15371870
v -0.12943761 0.17214968 -0.15167546
v -0.12775790 0.17455018 -0.13638763
v -0.11283548 0.18769607 -0.13787820
v -0.02974476 0.22304137 -0.12447119
v -0.00520927 0.22374955 -0.12360351
v -0.00535109 0.22147120 -0.13988610
v -0.03030836 0.22103445 -0.14067580
v -0.14361674 0.17707115 -0.03091990
v -0.14150945 0.17557060 -0.04360889
v -0.14124723 0.16057679 -0.13489435
v -0.21705978 0.06208911 0.03348290
v -0.21972839 0.05022730 0.03930694
v -0.20966388 0.08524106 0.00765366
v -0.20897860 0.08942455 -0.00220437
v -0.00531853 0.22330892 -0.15758533
v -0.03128427 0.22213304 -0.15828492
v -0.05603430 0.21717364 -0.15794062
v -0.07811622 0.20840474 -0.15700688
v -0.07616921 0.20931875 -0.14013347
v -0.05450539 0.21723385 -0.14037372
v -0.09665136 0.19693730 -0.15550240
v -0.09495490 0.19922913 -0.13924156
v -0.16499903 0.13156042 -0.11908253
v -0.15324395 0.14816012 -0.12015462
v -0.12634643 0.17654273 -0.12172057
v -0.11143008 0.18969761 -0.12300754
v -0.13989020 0.16298775 -0.12070844
v -0.07529453 0.21199145 -0.12448048
v -0.05375123 0.21953866 -0.12442902
v -0.09419577 0.20157141 -0.12396918
v -0.16722000 0.14321243 -0.05833534
v -0.16542707 0.14115751 -0.06988067
v -0.16459180 0.13873848 -0.08184247
v -0.16424124 0.13630686 -0.09399536
v -0.16424358 0.13383191 -0.10639909
v -0.15365168 0.15950778 -0.05686826
v -0.15224747 0.15744052 -0.06898779
v -0.15170516 0.15511306 -0.08138784
v -0.15180327 0.15279293 -0.09399280
v -0.15226280 0.15030751 -0.10686080
v -0.14008414 0.17408264 -0.05619865
v -0.13931220 0.17228170 -0.06881602
v -0.13878949 0.17003533 -0.08147069
v -0.13847517 0.16747314 -0.09414504
v -0.13871994 0.16510424 -0.10717363
v -0.12536418 0.18569602 -0.06857296
v -0.12581981 0.18758516 -0.05571982
v -0.11094433 0.20106951 -0.05608861
v -0.11024085 0.19904938 -0.06909022
v -0.12506395 0.18350198 -0.08143018
v -0.10986500 0.19649870 -0.08192490
v -0.12523036 0.17866563 -0.10781394
v -0.12489870 0.18104570 -0.09444721
v -0.11004948 0.19416923 -0.09511612
v -0.11070086 0.19217220 -0.10883956
v -0.02950487 0.22636994 -0.10948887
v -0.00520461 0.22695651 -0.10853989
v -0.05347004 0.22221224 -0.10965902
v -0.07463751 0.21448304 -0.10978709
v -0.09370749 0.20385527 -0.10950166
v -0.02962902 0.22943340 -0.09545221
v -0.00509608 0.23023779 -0.09450559
v -0.05325277 0.22490958 -0.09566225
v -0.07415720 0.21677278 -0.09590741
v -0.09348144 0.20638377 -0.09574054
v -0.02951147 0.23435180 -0.06858553
v -0.00496525 0.23601289 -0.06786925
v -0.00506908 0.23345170 -0.08117831
v -0.02968226 0.23193139 -0.08195868
v -0.05293707 0.22724820 -0.08209743
v -0.05261781 0.22954751 -0.06883835
v -0.07413937 0.21929981 -0.08249878
v -0.07426933 0.22176801 -0.06922769
v -0.09356140 0.21127897 -0.06906707
v -0.09327348 0.20864782 -0.08230056
v -0.02926135 0.23625353 -0.05495199
v -0.00479826 0.23782911 -0.05419930
v -0.05238628 0.23174078 -0.05536403
v -0.07446445 0.22396484 -0.05595643
v -0.09407721 0.21356073 -0.05583713
v -0.02853963 0.24030873 -0.02690370
v -0.00426849 0.24232768 -0.02621083
v -0.00460413 0.23972972 -0.04032544
v -0.02891354 0.23800263 -0.04110966
v -0.05223788 0.23347869 -0.04166175
v -0.05212467 0.23504949 -0.02762311
v -0.07453050 0.22568523 -0.04239421
v -0.07448884 0.22696574 -0.02837792
v -0.03174155 0.22314192 0.19887542
v -0.00521361 0.22614908 0.20091272
v -0.00428484 0.23477397 0.17998506
v -0.03155809 0.23235956 0.17835929
v -0.10481662 0.20554667 0.16595515
v -0.10550712 0.19809840 0.18595435
v -0.08292806 0.20932121 0.19139972
v -0.08243997 0.21701935 0.17096258
v -0.05850312 0.21777779 0.19552597
v -0.05803391 0.22649529 0.17512364
v -0.18983890 0.04778307 -0.11575991
v -0.18904780 0.04943782 -0.10583189
v -0.18784818 0.06043690 -0.10515405
v -0.18753627 0.05878814 -0.11534159
v -0.18883039 0.05172542 -0.09581351
v -0.18831874 0.06271333 -0.09523982
v -0.19054396 0.05663716 -0.08712656
v -0.19074611 0.06687262 -0.08612913
v -0.19478411 0.06254614 -0.07858802
v -0.19907382 0.06850395 -0.07032889
v -0.19825012 0.07668859 -0.06741974
v -0.19473661 0.07196624 -0.07716555
v -0.20282317 0.07170650 -0.05982361
v -0.20465258 0.07254722 -0.04853579
v -0.18586520 0.07580100 -0.10528767
v -0.18514945 0.07343008 -0.11574324
v -0.18713596 0.07841699 -0.09511482
v -0.20799575 0.09968140 0.02614280
v -0.21155648 0.07968972 0.01715834
v -0.21422251 0.07205369 0.02571418
v -0.21002860 0.09332907 0.03717043
v -0.21191710 0.06594718 0.01009022
v -0.21367319 0.05858516 0.01741798
v -0.21230818 0.05887911 0.00575671
v -0.21395489 0.05308267 0.01287904
v -0.20645155 0.10402278 0.01503197
v -0.20463593 0.10695227 0.00373934
v -0.13646685 -0.03383686 0.29556771
v -0.12652639 -0.05031089 0.29608850
v -0.11337235 -0.04212449 0.30729728
v -0.12357351 -0.02481137 0.30689581
v -0.14625327 -0.01722603 0.29420743
v -0.13295112 -0.00739081 0.30564514
v -0.15562256 -0.00030227 0.29139377
v -0.14160408 0.01052901 0.30289767
v -0.16480231 0.01695062 0.28690309
v -0.14964935 0.02918329 0.29855909
v -0.17334791 0.03510333 0.28092653
v -0.15663113 0.04824414 0.29189200
v -0.18013133 0.05426894 0.27230024
v -0.16242223 0.06752590 0.28250840
v -0.18557830 0.07245802 0.26075179
v -0.16714233 0.08626927 0.27075169
v -0.18798492 0.08815245 0.24552525
v -0.17013465 0.10332871 0.25621354
v -0.18761265 0.10084095 0.22787219
v -0.17010776 0.11746637 0.23872503
v -0.18615158 0.11103505 0.20932871
v -0.16903120 0.12902741 0.21993800
v -0.18425446 0.12010207 0.19093265
v -0.16748125 0.13896162 0.20128386
v -0.21907855 0.02856070 0.02714215
v -0.21994956 0.03097758 0.03231732
v -0.22285829 0.03590330 0.04155907
v -0.21805214 0.06954705 0.06006517
v -0.22455869 0.04185670 0.05560917
v 0.20075802 0.06805971 -0.02881106
v 0.19963629 0.06850093 -0.04057649
v 0.19591523 0.08470666 -0.03903787
v 0.19686877 0.08467694 -0.02745880
v 0.19816848 0.08154614 -0.00566867
v 0.19400098 0.10217287 -0.00325456
v 0.19670707 0.10130854 0.00776333
v 0.19968010 0.07990710 0.00470083
v 0.18699338 0.10224997 -0.04885697
v 0.19325912 0.08343020 -0.05049307
v 0.18976471 0.08142620 -0.06218407
v 0.18389923 0.10008949 -0.06028716
v 0.18644867 0.07889361 -0.07360604
v 0.18013650 0.09736043 -0.07143858
v 0.16973363 0.11741386 -0.06983560
v 0.17320560 0.12043139 -0.05848124
v 0.17658922 0.12266793 -0.04737350
v 0.17586752 0.14618650 0.14904231
v 0.15932831 0.16839798 0.15787880
v 0.15957824 0.16129903 0.17677053
v 0.17631335 0.13976982 0.16751620
v 0.10703668 0.20673501 -0.03571766
v 0.10861821 0.20913748 -0.02248560
v 0.12479136 0.19431958 -0.02133499
v 0.12274105 0.19209350 -0.03416754
v 0.21246338 0.03819173 0.04197124
v 0.21423626 0.03096338 0.04803909
v 0.21258584 0.02334067 0.04078587
v 0.21150781 0.02871038 0.03568999
v 0.20480847 0.05750088 0.01087078
v 0.20679415 0.05540374 0.01907614
v 0.20757263 0.04015410 0.01500717
v 0.20762669 0.04188947 0.00715968
v 0.20481190 0.05081620 -0.00877081
v 0.20088080 0.06239632 -0.00706228
v 0.20234647 0.05925860 0.00233388
v 0.20653333 0.04550329 -0.00092416
v 0.16924602 0.08872554 -0.10454300
v 0.16809309 0.08679891 -0.11643101
v 0.15866217 0.10506410 -0.11736312
v 0.16027120 0.10759969 -0.10473066
v 0.17183634 0.09112230 -0.09317466
v 0.16247591 0.11044679 -0.09273379
v 0.17585067 0.09419865 -0.08230376
v 0.16616231 0.11408172 -0.08133420
v 0.17509607 0.06815913 -0.11594437
v 0.17718430 0.05185331 -0.11552934
v 0.14735273 0.12278231 -0.11795967
v 0.17938764 0.03813589 -0.11613932
v 0.14078129 0.18556785 0.16483640
v 0.14060617 0.17803418 0.18436581
v 0.08803586 0.21915503 -0.03655880
v 0.08903672 0.22139296 -0.02309888
v 0.12075410 0.20091239 0.17057402
v 0.12003599 0.19281056 0.19057909
v 0.19211227 0.10342550 -0.01442666
v 0.19749757 0.08344551 -0.01630967
v 0.20036573 0.06602972 -0.01732397
v 0.20312006 0.05622624 -0.01888158
v 0.18948628 0.10389810 -0.03740079
v 0.19119305 0.10428493 -0.02584855
v 0.18160148 0.12467896 -0.02412713
v 0.17925468 0.12396044 -0.03583577
v 0.16577441 0.14319539 -0.03430806
v 0.16844994 0.14428047 -0.02238332
v 0.15155696 0.16088500 -0.03329037
v 0.15430854 0.16222881 -0.02124242
v 0.13531956 0.13919167 -0.11896702
v 0.09689412 0.17788915 -0.14129808
v 0.09634522 0.18066110 -0.12591974
v 0.10992571 0.16727623 -0.12270481
v 0.11022637 0.16439290 -0.13781529
v 0.13720620 0.17702029 -0.03327069
v 0.13980784 0.17887869 -0.02083102
v 0.12297042 0.15351834 -0.12045815
v 0.21265682 0.05602729 0.05194264
v 0.21513415 0.04462537 0.05953757
v 0.20156365 0.07802414 0.01453468
v 0.20410352 0.07522381 0.02410737
v 0.01937324 0.21926929 -0.13822575
v 0.02035089 0.22038804 -0.15576110
v 0.06261234 0.20452148 -0.13224847
v 0.06518172 0.20477754 -0.14849007
v 0.04437905 0.21495549 -0.15220198
v 0.04225899 0.21356047 -0.13536820
v 0.08091126 0.19388596 -0.12903797
v 0.08299702 0.19291112 -0.14485206
v 0.14869075 0.12541160 -0.10481582
v 0.13628081 0.14198401 -0.10537303
v 0.09656625 0.18383239 -0.11137687
v 0.11024619 0.17032253 -0.10837906
v 0.12327315 0.15632267 -0.10642669
v 0.06246462 0.20777381 -0.11729953
v 0.04201363 0.21635685 -0.11992784
v 0.08059731 0.19646703 -0.11433533
v 0.01919664 0.22192035 -0.12229320
v 0.15955894 0.13884441 -0.05718627
v 0.16291135 0.14135341 -0.04588497
v 0.15608280 0.13536593 -0.06861595
v 0.15083530 0.12867186 -0.09234609
v 0.15327646 0.13198683 -0.08027190
v 0.14556860 0.15545266 -0.05684435
v 0.14872639 0.15851454 -0.04527167
v 0.14250969 0.15173249 -0.06836958
v 0.13757065 0.14463536 -0.09242244
v 0.13968110 0.14791057 -0.08010111
v 0.13146985 0.17078359 -0.05745687
v 0.13419821 0.17418800 -0.04552534
v 0.12881275 0.16684718 -0.06901100
v 0.12416598 0.15933758 -0.09310108
v 0.12599647 0.16270166 -0.08063022
v 0.11744588 0.18494718 -0.05837532
v 0.10225755 0.19927717 -0.06062384
v 0.10477666 0.20326557 -0.04838459
v 0.12011154 0.18888059 -0.04640424
v 0.11473586 0.18064857 -0.07018457
v 0.09974114 0.19486401 -0.07255625
v 0.11096910 0.17340659 -0.09489051
v 0.09686413 0.18698055 -0.09759781
v 0.09782146 0.19067986 -0.08474936
v 0.11245292 0.17672161 -0.08217107
v 0.01927243 0.22531976 -0.10761009
v 0.04226070 0.21970641 -0.10545812
v 0.06276291 0.21090991 -0.10320144
v 0.08105868 0.19995944 -0.10053136
v 0.01941955 0.22868627 -0.09372654
v 0.04259995 0.22329732 -0.09181760
v 0.06343782 0.21482406 -0.08987730
v 0.08194147 0.20390678 -0.08732852
v 0.01950404 0.23476217 -0.06709613
v 0.01937233 0.23169388 -0.08032839
v 0.04296886 0.22701058 -0.07860067
v 0.04315035 0.23028326 -0.06550515
v 0.06539663 0.22281621 -0.06415577
v 0.06453950 0.21924478 -0.07703721
v 0.08507832 0.21233188 -0.06217378
v 0.08339122 0.20814876 -0.07463707
v 0.01973552 0.23704084 -0.05359374
v 0.04338781 0.23294787 -0.05216913
v 0.06607991 0.22571129 -0.05108613
v 0.08679456 0.21602000 -0.04955988
v 0.04370065 0.23534968 -0.03857397
v 0.04429366 0.23788387 -0.02464359
v 0.06735355 0.23047369 -0.02390088
v 0.06666403 0.22837438 -0.03775052
v 0.02176154 0.22616559 0.20197618
v 0.02241052 0.23491805 0.18104264
v 0.09854768 0.21340144 0.17515267
v 0.07431080 0.22422782 0.17879797
v 0.07359873 0.21513569 0.19929387
v 0.09784844 0.20500446 0.19560988
v 0.04870827 0.23214930 0.18100560
v 0.04795777 0.22219270 0.20132704
v 0.02052656 0.24182694 -0.02566053
v 0.02000748 0.23903898 -0.03983328
v 0.17905061 0.03867277 -0.10742399
v 0.17847696 0.05311974 -0.10575477
v 0.18065112 0.05592700 -0.09636418
v 0.17886179 0.04324124 -0.09842400
v 0.18397237 0.06012940 -0.08661024
v 0.18241963 0.05003850 -0.08926023
v 0.18824623 0.06390421 -0.07596268
v 0.18831149 0.05590282 -0.07926699
v 0.19325399 0.05887260 -0.06745293
v 0.19267962 0.06638625 -0.06421274
v 0.19655384 0.06788133 -0.05213182
v 0.19811742 0.05943140 -0.05521877
v 0.20287682 0.05794694 -0.03108327
v 0.20108457 0.05817861 -0.04329917
v 0.17628849 0.06982693 -0.10507150
v 0.17870265 0.07243412 -0.09453801
v 0.18259881 0.07567190 -0.08431066
v 0.20273997 0.09383498 0.04133546
v 0.20466156 0.08791727 0.05279104
v 0.21007939 0.06457010 0.04292223
v 0.20725997 0.07095265 0.03358586
v 0.20827939 0.05139788 0.02724014
v 0.21035476 0.04531385 0.03489944
v 0.20861348 0.03697168 0.02234885
v 0.21000993 0.03284729 0.02900279
v 0.19891752 0.10004071 0.01883626
v 0.20086575 0.09769338 0.03005021
v 0.13379890 -0.11122285 0.23595602
v 0.12547026 -0.12232902 0.23753306
v 0.11745963 -0.13347989 0.23840688
v 0.10928114 -0.14405655 0.23808784
v 0.10117728 -0.15419465 0.23684983
v 0.09331592 -0.16375763 0.23505532
v 0.08597296 -0.17292541 0.23312854
v 0.07885368 -0.18105806 0.23113772
v 0.07177104 -0.18751620 0.22893522
v 0.06494524 -0.19265504 0.22801524
v 0.14211225 -0.10013052 0.23389756
v 0.15067948 -0.08916451 0.23153656
v 0.15975300 -0.07820238 0.22896421
v 0.16901673 -0.06691228 0.22614353
v 0.17890718 -0.05539964 0.22299645
v 0.18923517 -0.04377272 0.21863844
v 0.19915046 -0.03176625 0.21236685
v 0.20828676 -0.01963387 0.20397037
v 0.21531970 -0.00772144 0.19294488
v 0.21930734 0.00341359 0.17974752
v 0.22105531 0.01314134 0.16531664
v 0.22131135 0.02165758 0.15075839
v 0.21492714 0.02210563 0.05214085
v 0.21351894 0.01745287 0.04476831
v 0.21671614 0.02907989 0.06229111
v 0.21161065 0.06474331 0.07775790
v 0.21703112 0.03697591 0.07600903
v -0.22986667 0.01724142 0.15210138
v -0.22933937 0.02520820 0.13674715
v -0.22957084 0.00846406 0.16729289
v -0.22889184 -0.00180680 0.18154902
v -0.22652103 -0.01357705 0.19423601
v -0.22236883 -0.02654103 0.20508458
v -0.21620332 -0.03983959 0.21392031
v -0.20749256 -0.05248231 0.22025545
v -0.19826026 -0.06477845 0.22480082
v -0.18901301 -0.07675483 0.22834218
v -0.17970952 -0.08813113 0.23158468
v -0.17055783 -0.09923431 0.23445552
v -0.16190700 -0.11063528 0.23687719
v -0.15368383 -0.12229591 0.23898770
v -0.14557412 -0.13392613 0.24031741
v -0.13750848 -0.14526108 0.24079674
v -0.12951127 -0.15623024 0.24031745
v -0.12141418 -0.16643654 0.23887403
v -0.11350921 -0.17593130 0.23691427
v -0.10556535 -0.18425923 0.23470608
v -0.09804767 -0.19117696 0.23272609
v -0.09085601 -0.19612223 0.23167806
v 0.21713285 0.04671929 0.16464524
v 0.21733553 0.03761807 0.18048807
v 0.21554311 0.02682446 0.19591842
v 0.21143426 0.01461417 0.21014791
v 0.20425954 0.00148423 0.22195805
v 0.19475578 -0.01199484 0.23086395
v 0.18422598 -0.02537781 0.23728459
v 0.17323047 -0.03817513 0.24166733
v 0.16289542 -0.05075837 0.24502979
v 0.15328807 -0.06330642 0.24773318
v 0.14358699 -0.07543937 0.24947959
v 0.13426717 -0.08752209 0.25077422
v 0.12562964 -0.09974687 0.25211213
v 0.11766632 -0.11222254 0.25335561
v 0.10987295 -0.12462415 0.25383942
v 0.10167165 -0.13622098 0.25258955
v 0.09362535 -0.14717061 0.25023148
v 0.08602531 -0.15760556 0.24714801
v 0.07888390 -0.16719904 0.24362230
v 0.07270650 -0.17609016 0.24019762
v 0.06721848 -0.18339402 0.23648296
v -0.22470919 0.04051507 0.16713183
v -0.22333893 0.04886863 0.15079076
v -0.22554513 0.03116763 0.18295011
v -0.22550083 0.02003714 0.19813410
v -0.22350338 0.00708545 0.21186134
v -0.21776746 -0.00705698 0.22315629
v -0.21002585 -0.02127741 0.23178804
v -0.20082993 -0.03500811 0.23804397
v -0.19093102 -0.04832327 0.24258318
v -0.18114549 -0.06140555 0.24603057
v -0.17191720 -0.07431507 0.24897854
v -0.16293046 -0.08701866 0.25122613
v -0.15400981 -0.09958792 0.25295141
v -0.14560567 -0.11241986 0.25445105
v -0.13757726 -0.12529386 0.25534987
v -0.12975710 -0.13774759 0.25513755
v -0.12203845 -0.14954198 0.25379796
v -0.11437091 -0.16042825 0.25123838
v -0.10683322 -0.17044338 0.24778197
v -0.09970710 -0.17944540 0.24378366
v -0.09358165 -0.18696795 0.24016158
v 0.20744544 0.07279065 0.17881160
v 0.20836915 0.06325793 0.19573795
v 0.20689811 0.05169906 0.21205979
v 0.20278558 0.03843820 0.22682640
v 0.19616587 0.02376900 0.23945504
v 0.18725311 0.00850081 0.24915037
v 0.17658335 -0.00645699 0.25579185
v 0.16517584 -0.02058281 0.26034703
v 0.15384172 -0.03412864 0.26342062
v 0.14331378 -0.04763480 0.26564124
v 0.13309362 -0.06080496 0.26684235
v 0.12357931 -0.07424702 0.26769518
v 0.11497132 -0.08805395 0.26865274
v 0.10699655 -0.10185215 0.26942430
v 0.09947770 -0.11552994 0.26915077
v 0.09168618 -0.12831106 0.26715560
v 0.08383528 -0.14019890 0.26345802
v 0.07651296 -0.15145478 0.25903778
v 0.07002245 -0.16207787 0.25386647
v 0.06462837 -0.17215000 0.24853809
v 0.06031260 -0.18113069 0.24277960
v -0.21582451 0.06495821 0.18276573
v -0.21380920 0.07375446 0.16568222
v -0.21743050 0.05492254 0.19926402
v -0.21762451 0.04320331 0.21495016
v -0.21600106 0.02929494 0.22960448
v -0.21032281 0.01354433 0.24168775
v -0.20151683 -0.00218141 0.25027944
v -0.19184700 -0.01705244 0.25645661
v -0.18178780 -0.03149315 0.26109011
v -0.17147214 -0.04565379 0.26424032
v -0.16150261 -0.05963551 0.26653718
v -0.15200694 -0.07374275 0.26803579
v -0.14272941 -0.08780885 0.26868974
v -0.13440398 -0.10197518 0.26946047
v -0.12706884 -0.11622994 0.27005690
v -0.11939534 -0.12980638 0.26913409
v -0.11176072 -0.14257235 0.26646406
v -0.10451680 -0.15440321 0.26264661
v -0.09769173 -0.16547275 0.25779501
v -0.09162086 -0.17571188 0.25233134
v -0.08661984 -0.18470998 0.24642608
v 0.19442634 0.09902036 0.19203999
v 0.19518022 0.08878647 0.20956283
v 0.19397605 0.07653543 0.22681723
v 0.18991101 0.06229504 0.24251802
v 0.18305384 0.04646972 0.25548551
v 0.17415990 0.02985024 0.26541367
v 0.16426913 0.01322858 0.27229040
v 0.15329925 -0.00237917 0.27674327
v 0.14222974 -0.01723762 0.27981741
v 0.13142695 -0.03198416 0.28163439
v 0.12110390 -0.04676615 0.28283516
v 0.11155589 -0.06183206 0.28336582
v 0.05762043 -0.18880396 0.23659458
v 0.05169708 -0.17992221 0.24834874
v 0.04945635 -0.18945166 0.24026338
v -0.20307348 0.08926340 0.19698122
v -0.20089037 0.09819209 0.17903061
v -0.20438330 0.07871155 0.21460265
v -0.20498620 0.06646340 0.23127718
v -0.20318909 0.05179873 0.24637369
v -0.19755111 0.03497268 0.25844303
v -0.18936502 0.01748208 0.26724913
v -0.17973713 0.00110526 0.27335906
v -0.16958675 -0.01459485 0.27771344
v -0.15945713 -0.03018633 0.28070472
v -0.14926001 -0.04541720 0.28249070
v -0.13947080 -0.06078813 0.28312519
v -0.08353308 -0.19231651 0.24017255
v -0.07516800 -0.19294088 0.24364104
v -0.07780860 -0.18356535 0.25189572
v 0.17906944 0.12362237 0.20413403
v 0.17982397 0.11330324 0.22259660
v 0.17737663 0.10022987 0.24012028
v 0.17194427 0.08460628 0.25528269
v 0.16484297 0.06753831 0.26793469
v 0.15718015 0.04964091 0.27851581
v 0.14929321 0.03110787 0.28638524
v 0.13944234 0.01346514 0.29086551
v 0.12913024 -0.00312787 0.29391540
v 0.11888464 -0.01922702 0.29537787
v 0.10898880 -0.03525757 0.29639006
v 0.09984146 -0.05184199 0.29760254
v 0.04260917 -0.17983221 0.25349720
v 0.04070548 -0.19063584 0.24410740
v -0.06819098 -0.18307537 0.25637901
v -0.06585575 -0.19380953 0.24707391
v -0.05607965 -0.19457950 0.24990430
v -0.05833437 -0.18310995 0.26018692
v 0.16160454 0.14326231 0.21440646
v 0.16158176 0.13205063 0.23298140
v 0.15840503 0.11747006 0.24978331
v 0.15359401 0.10074426 0.26492053
v 0.14812945 0.08303134 0.27864161
v 0.14179222 0.06428400 0.29013582
v 0.13396651 0.04493433 0.29798209
v 0.12486559 0.02593923 0.30243239
v 0.11569190 0.00776047 0.30540669
v 0.10647005 -0.00966528 0.30706850
v 0.09743870 -0.02676346 0.30870796
v 0.08809799 -0.04445672 0.31041882
v 0.02172767 -0.19250734 0.24989063
v 0.02292534 -0.18054117 0.26130998
v 0.01171982 -0.18076679 0.26362277
v 0.01122254 -0.19297708 0.25198361
v -0.08198096 -0.17298160 0.25955446
v 0.05525142 -0.16952059 0.25583406
v -0.07180339 -0.17127345 0.26519843
v -0.06151586 -0.17055991 0.26987184
v 0.04546818 -0.16808890 0.26216490
v -0.03881176 -0.16960101 0.27643178
v -0.03682668 -0.18324001 0.26546525
v -0.02465735 -0.18297234 0.26660882
v -0.02581103 -0.16899496 0.27785524
v 0.01277466 -0.16730663 0.27462137
v 0.02465488 -0.16738662 0.27167891
v -0.08730315 -0.16154243 0.26654335
v 0.05999729 -0.15837570 0.26286673
v -0.07657046 -0.15871939 0.27341945
v -0.06558965 -0.15713479 0.27907840
v 0.04951999 -0.15575837 0.27008163
v -0.04117462 -0.15511421 0.28640365
v -0.02727605 -0.15421434 0.28799332
v 0.01469226 -0.15323038 0.28433333
v 0.02744079 -0.15383906 0.28097865
v -0.09353018 -0.14942273 0.27282605
v 0.06590412 -0.14656563 0.26941041
v -0.08215878 -0.14557493 0.28112543
v -0.07058360 -0.14313127 0.28782198
v 0.05478452 -0.14293304 0.27796322
v -0.04415599 -0.14008860 0.29590890
v -0.02898408 -0.13913847 0.29766180
v 0.01722490 -0.13846165 0.29341411
v 0.03103812 -0.13926270 0.28952392
v -0.10027314 -0.13635897 0.27816451
v 0.07263165 -0.13406106 0.27539930
v -0.04756114 -0.12502504 0.30522355
v -0.03075968 -0.12398794 0.30695915
v 0.02017214 -0.12326660 0.30203598
v 0.03521604 -0.12429743 0.29762052
v -0.11500710 -0.10760952 0.28373071
v -0.12235840 -0.09201122 0.28389487
v 0.08772759 -0.10733258 0.28339704
v 0.09521722 -0.09252335 0.28452015
v -0.13039413 -0.07634698 0.28345506
v 0.10295298 -0.07717829 0.28398246
v -0.11837593 0.00093483 0.31556209
v -0.12666392 0.01956295 0.31351063
v 0.09290943 -0.00163273 0.31771771
v 0.10097420 0.01677041 0.31522133
v -0.13431972 0.03913228 0.30958052
v 0.10916517 0.03587770 0.31212821
v -0.14028124 0.05920729 0.30280545
v 0.11729825 0.05588714 0.30759781
v -0.14515985 0.07934835 0.29328773
v 0.12506589 0.07649517 0.30087743
v -0.22736654 0.03776448 0.10561494
v -0.22630110 0.04139111 0.08931536
v -0.22824360 0.03209446 0.12136369
v -0.22553896 0.04305544 0.07251059
v 0.21817024 0.03770271 0.10634182
v 0.21963666 0.03447342 0.12130083
v 0.22080268 0.02903307 0.13619681
v 0.21751439 0.03884775 0.09126290
v -0.22057152 0.06226071 0.11749494
v -0.21941902 0.06673147 0.10020346
v -0.22173282 0.05616958 0.13430293
v -0.21848011 0.06950260 0.08192598
v 0.21247410 0.06387210 0.11603304
v 0.21408294 0.06002427 0.13255889
v 0.21585664 0.05422949 0.14863471
v 0.21176839 0.06577139 0.09851659
v -0.07622493 -0.12839873 0.29527831
v -0.08843049 -0.13146656 0.28767949
v 0.06099484 -0.12946441 0.28525706
v -0.10199676 -0.10036890 0.29520090
v -0.10961358 -0.08383366 0.29655057
v 0.08256896 -0.08464004 0.29749976
v 0.07475622 -0.10026559 0.29508480
v -0.11743448 -0.06694437 0.29634344
v 0.09100386 -0.06843083 0.29813771
v -0.08840772 -0.09584030 0.30472106
v -0.09554788 -0.07840244 0.30685594
v 0.06918194 -0.07933703 0.30803544
v 0.06146822 -0.09580296 0.30421821
v -0.10367752 -0.06002699 0.30757721
v 0.07825075 -0.06206969 0.31044029
v -0.04937342 0.02842959 0.33308180
v -0.05357452 0.04633583 0.33453590
v -0.07329563 0.04143709 0.33410950
v -0.06754481 0.02319939 0.33371962
v 0.02653364 0.04538632 0.33168561
v 0.02251771 0.02765502 0.33043981
v 0.04031324 0.02228632 0.32947310
v 0.04613923 0.04015725 0.33033499
v -0.03143934 0.03113078 0.33254932
v -0.01323074 0.03198987 0.33207963
v -0.01353355 0.04957500 0.33318272
v -0.03361422 0.04881804 0.33380280
v 0.00471932 0.03083190 0.33113987
v 0.00659435 0.04849023 0.33243529
v -0.08588627 0.01631436 0.33265554
v -0.09268630 0.03506701 0.33044806
v 0.05862941 0.01502853 0.32849429
v 0.06607418 0.03328338 0.32894909
v -0.10248238 0.00883318 0.32487350
v -0.11023391 0.02771059 0.32263506
v 0.07739305 0.00689426 0.32672891
v 0.08457861 0.02540652 0.32362962
v -0.05682173 0.06650207 0.33483525
v -0.07768215 0.06179602 0.33162893
v 0.03024419 0.06525755 0.33247144
v 0.05185611 0.06018949 0.33126276
v -0.01357239 0.06942957 0.33400504
v -0.03510185 0.06864577 0.33459744
v 0.00828026 0.06843117 0.33328478
v -0.09771521 0.05530051 0.32569286
v 0.07277724 0.05326441 0.32794694
v -0.11674654 0.04773390 0.31857430
v 0.09153148 0.04499712 0.32025350
v -0.05876844 0.08772415 0.32923175
v -0.08067423 0.08303331 0.32491240
v 0.03352214 0.08680450 0.32996271
v 0.05648252 0.08144690 0.32760122
v -0.01326900 0.09075892 0.33022982
v -0.03603440 0.09010585 0.33055749
v 0.00994575 0.08975939 0.32961476
v -0.10230458 0.07687397 0.31997693
v 0.07840095 0.07414348 0.32258678
v -0.12233977 0.06875442 0.31250888
v 0.09840977 0.06550554 0.31531905
v -0.06024752 0.10964227 0.32034542
v -0.08329000 0.10490636 0.31615745
v 0.03642812 0.10865303 0.32226176
v 0.06021033 0.10229925 0.31813464
v -0.01275661 0.11209760 0.32121865
v -0.03654718 0.11229981 0.32272505
v 0.01154729 0.11079218 0.32033335
v -0.10630855 0.09908890 0.31232867
v 0.08332920 0.09509822 0.31365251
v -0.12739125 0.09012366 0.30413875
v 0.10510765 0.08664764 0.30840278
v -0.14876329 0.09859384 0.28089062
v 0.13117988 0.09650480 0.28987798
v -0.06077809 0.13009037 0.30705349
v -0.08516232 0.12650499 0.30486880
v 0.03920692 0.12943557 0.31001318
v 0.06326987 0.12222099 0.30496053
v -0.01158494 0.13356590 0.30984297
v -0.03643044 0.13378731 0.31055413
v 0.01360302 0.13191082 0.30921969
v -0.11011820 0.12226412 0.30300627
v 0.08770588 0.11564202 0.30212659
v -0.13056394 0.11075991 0.29184508
v 0.11085262 0.10753227 0.29808044
v -0.15109310 0.11608423 0.26585866
v 0.13571962 0.11502456 0.27553167
v -0.06095415 0.14924066 0.29117501
v -0.08586465 0.14557409 0.28887468
v 0.04132271 0.14803646 0.29406248
v 0.06632124 0.14157188 0.29051508
v -0.01004811 0.15346946 0.29524473
v -0.03592204 0.15350527 0.29502085
v 0.01577321 0.15159604 0.29493930
v -0.11035340 0.13911715 0.28428838
v 0.09126470 0.13498960 0.28779455
v -0.13147192 0.12808673 0.27520749
v 0.11501628 0.12685137 0.28385735
v -0.15121067 0.13075601 0.24802841
v 0.13882557 0.13177352 0.25907775
v -0.06090864 0.16747201 0.27427900
v -0.08629640 0.16274741 0.27078499
v 0.04338122 0.16591462 0.27710923
v 0.06897058 0.15997531 0.27480262
v -0.00883349 0.17201851 0.27879476
v -0.03507857 0.17110822 0.27742661
v 0.01764627 0.17038846 0.27885237
v -0.11006816 0.15414864 0.26457213
v 0.09421725 0.15312843 0.27191066
v -0.13123204 0.14305546 0.25668586
v 0.11795034 0.14409141 0.26718103
v -0.15070981 0.14351205 0.22931778
v 0.14154627 0.14697517 0.24186456
v -0.06048816 0.18347095 0.25577183
v -0.08616782 0.17757935 0.25149797
v 0.04550735 0.18256271 0.25933277
v 0.07176539 0.17773770 0.25838576
v -0.00771693 0.18932529 0.26114121
v -0.03422661 0.18763422 0.25912509
v 0.01917801 0.18763062 0.26113349
v -0.10940641 0.16805665 0.24538499
v 0.09726767 0.17041358 0.25531056
v -0.13043056 0.15647832 0.23779387
v 0.12063546 0.16006841 0.24971504
v -0.14919952 0.15408781 0.21037076
v 0.14224228 0.15915602 0.22307577
v -0.05994617 0.19690208 0.23602044
v -0.08508280 0.18952380 0.23149513
v 0.04723466 0.19844788 0.24141387
v 0.07339477 0.19291547 0.23984760
v -0.00673358 0.20480046 0.24238441
v -0.03376570 0.20236464 0.24008822
v 0.02040079 0.20311797 0.24256656
v -0.10803016 0.17961876 0.22581142
v 0.09888881 0.18489381 0.23659929
v -0.12883398 0.16784531 0.21864128
v 0.12140955 0.17299574 0.23042772
v -0.16505634 0.14715000 0.18258685
v -0.18180476 0.12840748 0.17286337
v -0.21136437 0.08126409 0.14821002
v -0.19761392 0.10570883 0.16124751
v -0.14736557 0.16307542 0.19119933
v -0.05933473 0.20850700 0.21610406
v -0.08404454 0.20066859 0.21175831
v 0.02110299 0.21593557 0.22275667
v -0.00621024 0.21694932 0.22205126
v -0.03292681 0.21365528 0.21966255
v -0.10681739 0.18990661 0.20610628
v -0.12771372 0.17753232 0.19916128
v 0.04757237 0.21112322 0.22169282
v 0.07352540 0.20509044 0.22002319
v 0.09841854 0.19618539 0.21658991
v 0.12043032 0.18350696 0.21073173
v 0.14126019 0.16920087 0.20394770
v 0.16039582 0.15288946 0.19584967
v 0.17710830 0.13234458 0.18600082
v 0.19286779 0.10789467 0.17464359
v 0.20571516 0.08076036 0.16195366
v -0.16041678 0.16682591 0.12782180
v -0.17555662 0.14621436 0.11854336
v -0.14344948 0.18306031 0.13500604
v -0.12476668 0.19809922 0.14099501
v -0.00405922 0.24295930 0.15940072
v -0.03140175 0.24044463 0.15781614
v -0.08198807 0.22373268 0.15088019
v -0.10427659 0.21197185 0.14641922
v -0.05769125 0.23407908 0.15480058
v 0.17482234 0.15163633 0.13082667
v 0.15927992 0.17424510 0.13909657
v 0.14138910 0.19185760 0.14544784
v 0.12138096 0.20722250 0.15063237
v 0.02303429 0.24311445 0.16033910
v 0.10008892 0.22163232 0.15537018
v 0.07561796 0.23289004 0.15864489
v 0.04958676 0.24053927 0.16045230
v 0.20409995 0.08729368 0.14485482
v 0.19120901 0.11487292 0.15671901
v -0.19499445 0.11206116 0.14325542
v -0.20903045 0.08757832 0.13046996
v 0.20257848 0.09250617 0.12743378
v 0.18988612 0.12061760 0.13854167
v -0.19279892 0.11768208 0.12524112
v -0.20734062 0.09276223 0.11280056
v 0.20117810 0.09662783 0.10967261
v 0.18858935 0.12561502 0.12051859
v -0.19080799 0.12304849 0.10761054
v -0.20622940 0.09730334 0.09508569
v -0.14242064 0.18745889 0.11622714
v -0.15910217 0.17139405 0.10978116
v 0.15855087 0.17840023 0.12026534
v 0.14149639 0.19652336 0.12599734
v -0.17444059 0.15134935 0.10093513
v 0.17363458 0.15618163 0.11285888
v 0.19982902 0.10042650 0.09194448
v 0.18713385 0.13042269 0.10314999
v -0.18958920 0.12872362 0.09041301
v -0.20481903 0.10231746 0.07744134
v -0.14133877 0.19106459 0.09758869
v -0.15753238 0.17502000 0.09199068
v 0.15765828 0.18133219 0.10173472
v 0.14061204 0.19945161 0.10682942
v -0.17341989 0.15611402 0.08391846
v 0.17287398 0.16023063 0.09525420
v 0.20733701 0.07917328 0.06465042
v 0.19743391 0.10744247 0.07651376
v 0.18569914 0.13544437 0.08678174
v -0.18855947 0.13499136 0.07430064
v -0.20200878 0.11030501 0.06254071
v -0.21319463 0.08406514 0.04806997
v -0.13987532 0.19344043 0.07916409
v -0.15592379 0.17753752 0.07443863
v 0.17223331 0.16369988 0.07815929
v 0.15719603 0.18407438 0.08372462
v 0.19552468 0.11376676 0.06249692
v 0.18475180 0.13986862 0.07114848
v -0.17189299 0.15970774 0.06750532
v -0.18705868 0.13998865 0.05896766
v -0.19955543 0.11686404 0.04884185
v -0.19737559 0.12163686 0.03577900
v -0.19536354 0.12470559 0.02306575
v -0.19397367 0.12683657 0.01032994
v -0.19273311 0.12855130 -0.00209903
v -0.19059331 0.12932128 -0.01427701
v -0.18766459 0.12925480 -0.02608190
v 0.19440381 0.11855178 0.04912791
v 0.19293619 0.12155869 0.03619669
v 0.19082784 0.12305403 0.02350828
v 0.18827247 0.12388197 0.01138091
v 0.18588986 0.12439804 -0.00051892
v 0.18376596 0.12475777 -0.01233719
v -0.12419594 0.20253430 0.12175645
v -0.00362290 0.24884262 0.13831425
v -0.03077454 0.24628829 0.13677407
v -0.08168233 0.22923421 0.13063357
v -0.10381275 0.21661281 0.12664462
v -0.05742810 0.23987379 0.13409548
v 0.12173325 0.21213549 0.13062269
v 0.02380429 0.25033646 0.13946922
v 0.10103408 0.22746016 0.13505874
v 0.07647753 0.23880727 0.13796311
v 0.05041629 0.24672294 0.13940063
v -0.12355513 0.20595370 0.10258002
v -0.00324618 0.25289452 0.11699834
v -0.03037463 0.25002096 0.11557901
v -0.08096583 0.23240538 0.11021415
v -0.10332296 0.21989253 0.10678297
v -0.05698621 0.24331380 0.11320875
v 0.12194336 0.21599879 0.11095112
v 0.02392864 0.25413234 0.11797878
v 0.10108176 0.23095200 0.11463156
v 0.07680121 0.24285804 0.11707866
v 0.05047812 0.25056596 0.11814382
v -0.12234285 0.20829386 0.08350428
v -0.00327325 0.25498431 0.09584161
v -0.02971822 0.25149050 0.09444605
v -0.08009744 0.23428263 0.09003550
v -0.10247109 0.22222168 0.08710563
v -0.05628040 0.24452192 0.09254820
v 0.13908037 0.20123273 0.08813994
v 0.12095524 0.21817491 0.09154904
v 0.02363083 0.25561514 0.09662328
v 0.09999921 0.23278583 0.09438617
v 0.07628912 0.24492785 0.09640739
v 0.05002189 0.25281602 0.09714115
v 0.18374723 0.14337784 0.05614958
v 0.17058613 0.16566113 0.06181651
v 0.15550061 0.18513539 0.06640267
v 0.13761185 0.20203869 0.06995890
v 0.11941056 0.21829176 0.07264089
v 0.09840346 0.23250805 0.07472606
v 0.07478581 0.24422337 0.07627619
v 0.04921677 0.25300705 0.07667935
v 0.02340296 0.25595055 0.07613494
v -0.00334311 0.25571913 0.07541598
v -0.02944231 0.25213557 0.07423066
v -0.05564821 0.24469928 0.07250805
v -0.07907093 0.23479415 0.07043273
v -0.10092460 0.22261029 0.06789436
v -0.12059719 0.20900842 0.06487850
v -0.13796348 0.19420814 0.06129353
v -0.15423928 0.17897702 0.05733618
v -0.16981556 0.16193585 0.05156224
v -0.18453327 0.14297748 0.04430797
v 0.18184420 0.14526222 0.04178202
v 0.16811146 0.16616708 0.04621267
v 0.15263416 0.18453033 0.04989102
v 0.13634132 0.20206922 0.05253219
v 0.11767438 0.21722666 0.05454693
v 0.09660714 0.23066844 0.05605782
v 0.07335605 0.24266859 0.05727572
v 0.04843731 0.25159625 0.05715442
v 0.02303503 0.25485979 0.05681171
v -0.00345741 0.25504939 0.05597206
v -0.02921574 0.25114875 0.05490186
v -0.05468667 0.24342573 0.05329983
v -0.07765359 0.23351440 0.05166564
v -0.09904109 0.22152891 0.04950567
v -0.11864023 0.20852949 0.04702641
v -0.13609186 0.19406262 0.04410350
v -0.15230233 0.17938480 0.04069645
v -0.16775455 0.16289167 0.03594392
v -0.18172483 0.14463450 0.03025526
v 0.17940248 0.14562891 0.02793375
v 0.16552435 0.16583378 0.03145550
v 0.15028489 0.18371376 0.03421204
v 0.13412446 0.20051346 0.03617198
v 0.11544652 0.21542505 0.03738144
v 0.09446705 0.22781303 0.03848148
v 0.07199357 0.24060506 0.03909438
v 0.04780760 0.24937194 0.03872824
v 0.02259461 0.25270220 0.03850485
v -0.00352174 0.25299622 0.03758759
v -0.02875355 0.24894971 0.03665008
v -0.05385186 0.24173764 0.03505662
v -0.07639151 0.23188589 0.03382159
v -0.09767722 0.22057211 0.03194315
v -0.11724626 0.20816943 0.02994384
v -0.13476270 0.19400837 0.02761146
v -0.15034551 0.17925761 0.02485839
v -0.16555377 0.16309024 0.02111974
v -0.17984552 0.14562288 0.01644656
v 0.17676231 0.14563076 0.01475859
v 0.16275744 0.16498732 0.01745151
v 0.14750417 0.18249513 0.01946609
v 0.13126822 0.19848824 0.02078600
v 0.11290026 0.21322830 0.02125298
v 0.09252133 0.22550185 0.02182335
v 0.07044877 0.23756159 0.02197788
v 0.04690357 0.24628939 0.02138773
v 0.02203386 0.24963928 0.02110952
v -0.00344184 0.25003144 0.02024247
v -0.02837965 0.24673595 0.01942197
v -0.05299174 0.23951254 0.01803278
v -0.07543475 0.23051080 0.01700134
v -0.09662813 0.21983764 0.01550031
v -0.11633894 0.20812939 0.01385486
v -0.13381247 0.19412251 0.01194436
v -0.14899330 0.17935219 0.00990397
v -0.16373100 0.16336898 0.00702736
v -0.17830714 0.14653455 0.00304322
v 0.17378523 0.14524752 0.00214859
v 0.15979262 0.16403787 0.00408970
v 0.14462984 0.18109478 0.00550687
v 0.12879567 0.19694707 0.00612359
v 0.11082261 0.21130553 0.00605574
v 0.09100075 0.22383911 0.00601718
v 0.06917988 0.23473464 0.00590599
v 0.04582788 0.24267782 0.00538706
v 0.02146195 0.24638184 0.00482527
v -0.00346151 0.24692496 0.00399461
v -0.02820529 0.24422116 0.00326215
v -0.05244623 0.23790340 0.00209354
v -0.07498712 0.22942596 0.00110474
v -0.09616800 0.21951795 -0.00002977
v -0.11579280 0.20805688 -0.00146374
v -0.13270350 0.19383018 -0.00286859
v -0.14763145 0.17903225 -0.00428204
v -0.16217732 0.16360414 -0.00651535
v -0.17646795 0.14699159 -0.00995666
v 0.17091830 0.14475099 -0.01012209
v 0.15698109 0.16316712 -0.00883098
v 0.14217880 0.17999446 -0.00793901
v 0.12668812 0.19565662 -0.00788012
v 0.10960539 0.21025319 -0.00848975
v 0.09001347 0.22273385 -0.00889730
v 0.06823548 0.23261833 -0.00934959
v 0.04497736 0.24006608 -0.00993597
v 0.02099811 0.24396872 -0.01073255
v -0.00383223 0.24449351 -0.01142891
v -0.02826190 0.24219652 -0.01213140
v -0.05217024 0.23660470 -0.01310851
v -0.07470134 0.22848129 -0.01397715
v -0.09556568 0.21877315 -0.01481565
v -0.11443995 0.20674530 -0.01590949
v -0.13080127 0.19279372 -0.01675921
v -0.14574171 0.17817423 -0.01784339
v -0.16014485 0.16322465 -0.01970810
v -0.17444580 0.14690871 -0.02255249
v 0.05731206 -0.19582882 0.22920112
v -0.08292528 -0.19933078 0.23287425
v 0.04869961 -0.19812671 0.23137991
v -0.07376244 -0.20144231 0.23491888
v 0.03974211 -0.20026238 0.23403292
v -0.06415076 -0.20328987 0.23707533
v 0.03049733 -0.20219932 0.23662113
v -0.05442158 -0.20509642 0.23887144
v -0.01148312 -0.20571012 0.24202929
v -0.02276532 -0.20646472 0.24224329
v 0.02070886 -0.20344351 0.23855977
v -0.04449444 -0.20617658 0.24033368
v 0.01040973 -0.20420557 0.24008009
v -0.03395823 -0.20663198 0.24170868
v -0.00037931 -0.20502904 0.24140700
v 0.06334906 -0.18835897 0.23371692
v -0.08939684 -0.19189736 0.23739378
v 0.03154052 -0.19185023 0.24741869
v -0.01213979 -0.19463499 0.25448476
v -0.02377596 -0.19536875 0.25458142
v -0.04602873 -0.19501230 0.25215447
v -0.03536872 -0.19537860 0.25377895
v -0.00040266 -0.19381302 0.25369925
v 0.04338369 -0.14061204 0.28459118
v 0.04872173 -0.12631850 0.29227722
v 0.03884525 -0.15448439 0.27623953
v 0.03539196 -0.16758990 0.26750999
v 0.03316553 -0.18027364 0.25794701
v -0.04805163 -0.18320312 0.26334741
v -0.05070432 -0.17015755 0.27374148
v -0.05391529 -0.15622224 0.28350575
v -0.05804825 -0.14149201 0.29278951
v -0.06283401 -0.12652081 0.30132429
v -0.01331603 -0.13843358 0.29766028
v 0.00216701 -0.13809731 0.29612558
v 0.00365516 -0.12306879 0.30523902
v -0.01345023 -0.12327694 0.30691186
v -0.01313239 -0.15356655 0.28809858
v 0.00090924 -0.15313053 0.28675813
v -0.01280913 -0.16823566 0.27775834
v 0.00002702 -0.16771854 0.27667335
v -0.01250165 -0.18211357 0.26651207
v -0.00036681 -0.18136817 0.26542721
v -0.10753408 -0.12236909 0.28188232
v 0.08005241 -0.12102516 0.28028010
v -0.09507112 -0.11642631 0.29243804
v 0.06757634 -0.11522375 0.29101816
v 0.05471528 -0.11156820 0.29908668
v -0.08217760 -0.11272126 0.30106084
v -0.06767965 -0.11055088 0.30824958
v 0.04020578 -0.10916092 0.30538168
v -0.07303016 -0.09323215 0.31326422
v 0.04627055 -0.09324357 0.31223739
v -0.07914286 -0.07460247 0.31657142
v 0.05297080 -0.07566295 0.31763899
v -0.08698433 -0.05446254 0.31834551
v 0.06165071 -0.05669133 0.32124581
v -0.09844450 -0.03532561 0.31798661
v 0.07350465 -0.03775071 0.32148488
v -0.10927410 -0.01712529 0.31671304
v 0.08426143 -0.01949607 0.31995235
v -0.01341223 -0.10763973 0.31561524
v -0.03236218 -0.10812758 0.31556182
v 0.00538609 -0.10755954 0.31375076
v 0.02356677 -0.10790600 0.31029167
v -0.05077750 -0.10908604 0.31332430
v 0.02784915 -0.09162607 0.31813626
v 0.00751194 -0.09127365 0.32132018
v -0.01321594 -0.09111539 0.32287626
v -0.03400095 -0.09107268 0.32250330
v -0.05443639 -0.09149137 0.31967869
v 0.01823179 0.01230631 0.32950330
v 0.03377457 0.00640022 0.32865537
v 0.00280506 0.01549959 0.33039375
v -0.01302225 0.01664506 0.33099017
v -0.02917177 0.01566739 0.33160378
v -0.04475951 0.01279379 0.33197553
v 0.00027896 -0.00914892 0.32888992
v 0.01019384 -0.00867706 0.32852340
v 0.01394295 -0.00030388 0.32897017
v 0.00103696 0.00227110 0.32953200
v -0.01296549 -0.00937401 0.32949117
v -0.01298775 0.00297451 0.33001109
v -0.02632084 -0.00908358 0.33000365
v -0.02716595 0.00236256 0.33055869
v -0.03636351 -0.00843613 0.33035062
v -0.04023376 0.00003096 0.33098072
v 0.01007068 -0.05244719 0.32617232
v 0.03682029 -0.04803548 0.32540722
v 0.02497319 -0.02915616 0.32698424
v 0.00666234 -0.03506579 0.32734102
v -0.01271449 -0.05347032 0.32700292
v -0.01270016 -0.03647261 0.32800318
v -0.03614491 -0.05230751 0.32779073
v -0.03231200 -0.03474619 0.32869126
v -0.06329088 -0.04744398 0.32840883
v -0.05116468 -0.02863528 0.32977737
v -0.06058212 0.00725487 0.33231682
v -0.07704958 -0.00072555 0.33197682
v 0.04989679 -0.00178676 0.32774249
v -0.09348119 -0.00928344 0.32614623
v 0.06756240 -0.01094395 0.32632642
v -0.01291229 -0.07247297 0.32575262
v 0.00943920 -0.07240280 0.32486192
v -0.03552104 -0.07212328 0.32616445
v 0.03224135 -0.07248079 0.32356774
v -0.05849673 -0.07184679 0.32425426
v -0.04223927 -0.01597383 0.33004790
v -0.02840620 -0.02059948 0.32932317
v -0.01284068 -0.02195073 0.32864274
v 0.00253079 -0.02082512 0.32815166
v 0.01607490 -0.01641427 0.32812980
v -0.05251335 -0.00615821 0.33117614
v 0.02598170 -0.00686881 0.32819908
v -0.06597564 -0.01601034 0.33091732
v 0.03908805 -0.01689151 0.32721750
v -0.08184744 -0.02745610 0.32793764
v 0.05501493 -0.02863782 0.32587681
v 0.18339696 0.02900347 -0.11024306
v 0.18220915 0.02902011 -0.11775589
v 0.21323856 0.01521397 0.04010550
v 0.21518188 0.01771277 0.04188322
v 0.21770655 0.03334489 0.03834214
v 0.21755780 0.02561337 0.04189773
v 0.18358865 0.03203447 -0.10083631
v 0.19246530 0.02814347 -0.11394408
v 0.19484287 0.03243253 -0.10539129
v 0.19586262 0.04109474 -0.09512257
v 0.20008954 0.04591552 -0.08391565
v 0.21560896 0.02075776 0.03756982
v 0.21671015 0.02666719 0.03366647
v 0.20767558 0.04753137 -0.01287127
v 0.20637496 0.05293803 -0.02347984
v 0.21058731 0.05076499 -0.04850300
v 0.21122592 0.05069782 -0.03711166
v 0.21773573 0.03888300 0.01492278
v 0.21681829 0.03888952 0.00551472
v 0.21187159 0.04175883 -0.00402002
v 0.21010377 0.05009154 -0.02612541
v 0.20980497 0.04829246 -0.01406455
v 0.21007339 0.04556887 -0.00387237
v 0.21603873 0.04603651 0.02638847
v 0.21640564 0.04037663 0.03289330
v 0.20516463 0.05038581 -0.07227483
v 0.20840807 0.05096939 -0.06028981
v 0.18766262 0.02641828 -0.12012575
v 0.21375257 0.04596792 0.00674105
v 0.21657752 0.04866706 0.01776666
v 0.18601012 0.04202531 -0.09250503
v 0.19219000 0.04995414 -0.08256328
v 0.20199272 0.05452704 -0.05860060
v 0.19757414 0.05425052 -0.07099859
v 0.20613706 0.05344785 -0.03517940
v 0.20488406 0.05344944 -0.04680868
v 0.21706394 0.03232930 0.02843645
v 0.21688127 0.03687092 0.02238703
v -0.19240874 0.04016287 -0.11740424
v -0.19290960 0.03770150 -0.12653737
v -0.21957279 0.02784513 0.02521536
v -0.21980057 0.02928585 0.02398490
v -0.21668233 0.04469878 0.01620062
v -0.21793790 0.04513722 0.01235711
v -0.21895550 0.03814540 0.02001808
v -0.21837349 0.03640884 0.02165245
v -0.19166959 0.04138309 -0.10700319
v -0.19526452 0.03436435 -0.11800034
v -0.19538552 0.03531575 -0.10699840
v -0.19740374 0.03802316 -0.09783881
v -0.19246791 0.04388215 -0.09691456
v -0.20272852 0.04249030 -0.08946785
v -0.19380235 0.04786560 -0.08765743
v -0.21075637 0.06740184 -0.04291868
v -0.21314545 0.06740336 -0.03251934
v -0.20922642 0.06818689 -0.05368472
v -0.20727931 0.06700069 -0.06443610
v -0.21368627 0.06266549 -0.06842859
v -0.21559272 0.06681442 -0.05908146
v -0.21583843 0.06232052 -0.00605036
v -0.21650395 0.06572674 -0.01477479
v -0.21592943 0.06738722 -0.02349812
v -0.21700344 0.06714242 -0.04859034
v -0.21848432 0.06626400 -0.03844194
v -0.22020526 0.06591941 -0.02895711
v -0.21959338 0.05722613 -0.00292927
v -0.21836843 0.05162822 0.00452445
v -0.21565293 0.05112155 0.00946100
v -0.21546770 0.05680595 0.00213602
v -0.20809165 0.04842685 -0.08188281
v -0.19840722 0.05413002 -0.07973134
v -0.21081067 0.05609693 -0.07578976
v -0.20300043 0.06211142 -0.07331463
v -0.19465587 0.03152343 -0.12657485
v -0.22133144 0.06472915 -0.01976758
v -0.22094959 0.06163309 -0.01109705
v -0.14546083 0.08360672 -0.51926607
v -0.15811916 0.08108370 -0.52593234
v -0.14737601 0.07198100 -0.53223810
v -0.13590508 0.07484867 -0.52541996
v -0.18191313 0.08878449 -0.52457491
v -0.17176280 0.07819970 -0.53256201
v -0.16712343 0.09099989 -0.51838212
v -0.15355949 0.09283091 -0.51164517
v -0.10991465 0.05927566 -0.53497295
v -0.11820976 0.05582942 -0.54242216
v -0.10000446 0.04905810 -0.54632943
v -0.09322217 0.05279250 -0.53858800
v -0.08172186 0.04445344 -0.54949820
v -0.07663523 0.04873924 -0.54136419
v -0.15943971 0.06869568 -0.53936489
v -0.10740610 0.04518492 -0.55480084
v -0.12684784 0.05210985 -0.55056924
v -0.13638560 0.04853477 -0.55982412
v -0.14674225 0.04562684 -0.57059151
v -0.12398766 0.03817699 -0.57507612
v -0.11544703 0.04150051 -0.56432177
v -0.10078857 0.03247814 -0.57843215
v -0.09400464 0.03620714 -0.56780538
v -0.21628115 0.31777054 -0.37324785
v -0.24873279 0.32090706 -0.38843679
v -0.25476278 0.28653711 -0.38271726
v -0.22379468 0.28891294 -0.36773337
v -0.29360985 0.29383643 -0.40190077
v -0.32117023 0.26361577 -0.41513570
v -0.30520395 0.24491471 -0.41202743
v -0.28368215 0.26862069 -0.39644439
v -0.13420208 0.06357708 -0.53770720
v -0.12425375 0.06670735 -0.53060853
v -0.14447090 0.06004874 -0.54539329
v -0.21637911 0.08592806 -0.53886306
v -0.20313771 0.07427949 -0.54897868
v -0.18684703 0.07562252 -0.53999286
v -0.19834562 0.08678880 -0.53107370
v -0.18696630 0.06375569 -0.55753660
v -0.17261350 0.06563102 -0.54752587
v -0.16797547 0.05418657 -0.56475885
v -0.15569361 0.05664559 -0.55419154
v -0.13283060 0.03558112 -0.58711406
v -0.10766894 0.02928383 -0.59005066
v -0.15757429 0.04370397 -0.58307164
v -0.22036082 0.07464842 -0.56042616
v -0.20224592 0.06337715 -0.56997056
v -0.18107365 0.05306925 -0.57744813
v -0.14158005 0.03361810 -0.60031421
v -0.14994716 0.03171908 -0.61431538
v -0.12115470 0.02459337 -0.61527773
v -0.11452379 0.02680455 -0.60242298
v -0.16873264 0.04241061 -0.59711461
v -0.17968702 0.04113266 -0.61260276
v -0.23849829 0.07668836 -0.57437160
v -0.25823313 0.07924344 -0.59045364
v -0.23700847 0.06506477 -0.60319577
v -0.21870411 0.06419162 -0.58505105
v -0.20961298 0.05235849 -0.60948463
v -0.19491012 0.05268620 -0.59234440
v -0.18759796 0.03986832 -0.62498287
v -0.15547442 0.03007224 -0.62522750
v -0.29126591 0.09698341 -0.58445301
v -0.27402031 0.08098585 -0.60373878
v -0.27511173 0.09385244 -0.57403623
v -0.25261434 0.06553844 -0.61988979
v -0.22135916 0.05181838 -0.62404468
v -0.05633743 0.02849603 -0.58316160
v -0.03563671 0.02954762 -0.58478331
v -0.03368149 0.03452745 -0.57491634
v -0.05293217 0.03312520 -0.57303036
v -0.06402694 0.04255600 -0.55217160
v -0.06048276 0.04734464 -0.54367819
v -0.08763428 0.04025238 -0.55817262
v -0.06827578 0.03786530 -0.56103506
v -0.07801819 0.02922403 -0.58104130
v -0.07300863 0.03339631 -0.57062059
v -0.12590219 0.02300433 -0.62514429
v -0.09498879 0.01765082 -0.62463446
v -0.09243835 0.01957275 -0.61564631
v -0.17266768 0.15334487 -0.31921033
v -0.17303514 0.16911580 -0.32503385
v -0.17620948 0.16642503 -0.34425900
v -0.17433499 0.15106225 -0.33875790
v -0.34025631 0.16809388 -0.48966945
v -0.33236211 0.14729849 -0.51340041
v -0.31240237 0.14297214 -0.51062353
v -0.31928139 0.16204649 -0.48921459
v -0.30640429 0.11254904 -0.56349836
v -0.28962699 0.10876881 -0.55511165
v -0.18156371 0.18290936 -0.34945202
v -0.18830629 0.17922450 -0.36730280
v -0.17950642 0.16372953 -0.36302661
v -0.20542974 0.13653308 -0.47317760
v -0.20193854 0.12593615 -0.48851238
v -0.18599760 0.12302631 -0.48280366
v -0.18968707 0.13164919 -0.46780477
v -0.19531774 0.17466592 -0.38526870
v -0.20128614 0.16868321 -0.40373213
v -0.18843777 0.15668331 -0.39972605
v -0.18423005 0.16073919 -0.38135565
v -0.19020558 0.10096146 -0.51456762
v -0.17467494 0.10198150 -0.50863949
v -0.20150974 0.21856564 -0.35717074
v -0.21597975 0.21232407 -0.37310133
v -0.20104653 0.19525683 -0.37062907
v -0.19069939 0.20007574 -0.35376192
v -0.18609909 0.22301564 -0.34163661
v -0.17975866 0.20391058 -0.33672437
v -0.22849726 0.20356975 -0.39019348
v -0.23830562 0.19282718 -0.40842347
v -0.21793494 0.18079715 -0.40662814
v -0.21028832 0.18882089 -0.38815589
v -0.24546039 0.14604679 -0.48147443
v -0.24127479 0.13130288 -0.49738292
v -0.22034506 0.12842382 -0.49326240
v -0.22402769 0.14110621 -0.47770200
v -0.24446868 0.18234621 -0.42709381
v -0.22320551 0.17217192 -0.42529997
v -0.22688640 0.09966551 -0.52664847
v -0.20766910 0.09980056 -0.52036501
v -0.19270500 0.24343307 -0.34624238
v -0.21240210 0.23879881 -0.36020650
v -0.24821997 0.22015799 -0.39188000
v -0.26050520 0.20649605 -0.40981063
v -0.26776512 0.19308996 -0.42851044
v -0.23530756 0.08702706 -0.54884149
v -0.19763375 0.26506634 -0.35064783
v -0.22102746 0.26203958 -0.36326631
v -0.26751205 0.24128618 -0.39314631
v -0.28314365 0.22360642 -0.41063686
v -0.29220784 0.20588703 -0.42915162
v -0.25479631 0.08992653 -0.56081655
v -0.19813002 0.28691386 -0.35525331
v -0.31725068 0.22186322 -0.42909717
v -0.24561836 0.25509849 -0.37740155
v -0.23164070 0.23137771 -0.37529542
v -0.17529616 0.14906037 -0.35798246
v -0.16880313 0.15559154 -0.29941672
v -0.16735398 0.17170126 -0.30571317
v -0.16669743 0.18880128 -0.31244915
v -0.17512643 0.18604716 -0.33104003
v -0.16987669 0.22641726 -0.32616606
v -0.16746311 0.20702245 -0.31940778
v -0.17293524 0.24670129 -0.33280615
v -0.17569136 0.26714758 -0.33933187
v -0.17688672 0.28604004 -0.34560941
v -0.16389495 0.15805462 -0.27941346
v -0.15978745 0.17428774 -0.28602967
v -0.15647737 0.19163696 -0.29338909
v -0.15369315 0.21004347 -0.30154849
v -0.15223485 0.22961025 -0.31029716
v -0.15331191 0.27016208 -0.32884929
v -0.15547614 0.28920279 -0.33821685
v -0.13867495 0.21324651 -0.28271056
v -0.13248700 0.23281203 -0.29381360
v -0.12863144 0.27377719 -0.31923598
v -0.13046849 0.29377271 -0.33191552
v -0.13516424 0.31323960 -0.34495426
v -0.16015042 0.30616782 -0.34791191
v -0.12247488 0.21631292 -0.26242749
v -0.10958781 0.23590889 -0.27572528
v -0.10084394 0.27744366 -0.31014219
v -0.10156020 0.29809706 -0.32627058
v -0.10472037 0.31924855 -0.34206986
v -0.10645880 0.21833861 -0.23980310
v -0.07946113 0.23853296 -0.25300841
v -0.06959391 0.28074324 -0.30193421
v -0.06938200 0.30175484 -0.32075499
v -0.07081085 0.32380050 -0.33886630
v -0.09426071 0.21466746 -0.21664504
v -0.06843602 0.22873195 -0.22213747
v -0.03520032 0.28409004 -0.29545798
v -0.03462253 0.30502273 -0.31534116
v -0.03457382 0.32727233 -0.33503745
v -0.16051806 0.10227885 -0.50183319
v -0.17712187 0.14707392 -0.37671167
v -0.17892721 0.14464624 -0.39510265
v -0.19136902 0.15173117 -0.41758660
v -0.18009918 0.14138794 -0.41280571
v -0.20547484 0.16196617 -0.42202486
v -0.33598220 0.23669033 -0.43030326
v -0.17200320 0.11921772 -0.47642457
v -0.17619561 0.12608232 -0.46182429
v -0.24733859 0.10108721 -0.53449952
v -0.26825452 0.10415932 -0.54428482
v -0.18094370 0.11302369 -0.49668524
v -0.16667179 0.11127243 -0.48999631
v -0.19687853 0.11381558 -0.50253240
v -0.23515909 0.11528662 -0.51256765
v -0.21493455 0.11423913 -0.50766616
v -0.32029456 0.12862678 -0.53923616
v -0.30217593 0.12481156 -0.53346603
v -0.26390242 0.13459974 -0.50152948
v -0.25685327 0.11727281 -0.51824465
v -0.28755387 0.13832386 -0.50608261
v -0.27921257 0.12037533 -0.52541662
v -0.15903837 0.16090343 -0.25930810
v -0.15253519 0.17739635 -0.26566220
v -0.08638013 0.21129177 -0.19497343
v -0.06235255 0.22289407 -0.19802961
v 0.00076495 0.28599798 -0.29112522
v 0.00200848 0.30707289 -0.31101233
v 0.00322190 0.32913582 -0.33120114
v -0.04475097 0.04807777 -0.54573970
v -0.04701491 0.04305762 -0.55455419
v -0.03034782 0.04486205 -0.55643067
v -0.02912538 0.04990249 -0.54734513
v -0.08139410 0.20933792 -0.17516357
v -0.05845142 0.21913932 -0.17707370
v -0.04978430 0.03801660 -0.56352958
v -0.06709189 0.01495575 -0.62433304
v -0.06579567 0.01713653 -0.61592002
v -0.08311275 0.02547393 -0.59213516
v -0.08807037 0.02232024 -0.60374361
v -0.15290334 0.16311183 -0.23960653
v -0.14539301 0.18035199 -0.24491577
v -0.14553837 0.16404335 -0.22086048
v -0.13601984 0.18088854 -0.22548134
v -0.34308341 0.21156053 -0.44833503
v -0.32260969 0.20070362 -0.44830716
v -0.29601318 0.18940339 -0.44835164
v -0.27097740 0.18006197 -0.44732208
v -0.24739419 0.17153258 -0.44546277
v -0.22584320 0.16289218 -0.44311201
v -0.20747744 0.15450350 -0.43953646
v -0.19254848 0.14597629 -0.43482033
v -0.18037755 0.13708884 -0.42970731
v -0.34404126 0.18940771 -0.46804646
v -0.32280039 0.18135395 -0.46842652
v -0.24755767 0.15939671 -0.46407076
v -0.22592372 0.15251009 -0.46097097
v -0.20736097 0.14595144 -0.45667882
v -0.19195443 0.13921757 -0.45162526
v -0.17910436 0.13194508 -0.44607474
v -0.29308011 0.15619003 -0.48738799
v -0.26860284 0.15114340 -0.48462933
v -0.05981307 0.02420194 -0.59379242
v -0.06309015 0.02042582 -0.60473779
v -0.03188223 0.03967706 -0.56552841
v -0.04090681 0.01680090 -0.61614187
v -0.03946248 0.02058616 -0.60548073
v -0.03760049 0.02485537 -0.59504338
v -0.01689113 0.01762558 -0.61619944
v -0.01701540 0.01506476 -0.62425146
v 0.00756803 0.01621424 -0.62374733
v 0.00709144 0.01885631 -0.61564410
v -0.01648913 0.02180624 -0.60581333
v 0.00645320 0.02317861 -0.60537654
v -0.01590402 0.02633793 -0.59567051
v 0.00582060 0.02779842 -0.59536921
v -0.01526197 0.03123326 -0.58565886
v 0.00517610 0.03275864 -0.58548947
v 0.00453222 0.03801068 -0.57588295
v -0.01464072 0.03641738 -0.57599459
v -0.01410033 0.04177242 -0.56667892
v 0.00389157 0.04340159 -0.56668390
v 0.00324106 0.04868064 -0.55755742
v -0.01368319 0.04702551 -0.55750384
v -0.01340631 0.05201318 -0.54825154
v 0.00258953 0.05364396 -0.54831976
v -0.27101341 0.16626607 -0.46639338
v -0.29598057 0.17321593 -0.46800511
v -0.14566630 0.19472477 -0.27347796
v -0.13488457 0.19767202 -0.25257589
v -0.12366716 0.19894997 -0.23148797
v -0.11329704 0.19745850 -0.21112897
v -0.10561047 0.19622539 -0.19152762
v -0.10013884 0.19600271 -0.17290912
v -0.13932720 0.16487701 -0.20244841
v -0.12762447 0.18040348 -0.20645428
v -0.13468942 0.16651528 -0.18473274
v -0.12109863 0.18058264 -0.18806258
v -0.13165564 0.16925053 -0.16779956
v -0.11641861 0.18189177 -0.17043160
v -0.07243422 0.26021057 -0.28047034
v -0.03869302 0.24783089 -0.24869414
v -0.03679356 0.26447463 -0.27364667
v -0.00201632 0.24955965 -0.24669303
v -0.00060404 0.26611847 -0.27007902
v -0.03653810 0.23686047 -0.22262222
v -0.00319250 0.23927629 -0.22170398
v -0.03414857 0.23024679 -0.19871730
v -0.03250921 0.22539490 -0.17749083
v -0.00414876 0.23237029 -0.19809652
v -0.00490695 0.22726351 -0.17682153
v -0.10307337 0.25653366 -0.29313999
v -0.12914928 0.25309896 -0.30652433
v -0.15215264 0.24987558 -0.31951224
v -0.04151091 0.01441096 -0.62424728
v -0.07411090 0.34718076 -0.35792361
v -0.10983557 0.34194839 -0.35884329
v -0.03542851 0.35066360 -0.35614464
v 0.00450048 0.35220649 -0.35319416
v -0.14312497 0.33348823 -0.35923321
v -0.08068704 0.37190054 -0.37932818
v -0.12019173 0.36538269 -0.37740541
v -0.03756514 0.37540709 -0.37999813
v 0.00588156 0.37663173 -0.37810953
v -0.18965236 0.34022206 -0.37462285
v -0.20924727 0.35543435 -0.38839510
v -0.15659710 0.35473002 -0.37550887
v -0.17090150 0.37187426 -0.38963431
v -0.19113593 0.30677279 -0.35909279
v -0.17638621 0.29981998 -0.35053515
v -0.17111926 0.32209211 -0.35951543
v -0.13144872 0.38353549 -0.39279521
v -0.08664896 0.39085512 -0.39715038
v -0.03963806 0.39454577 -0.40037943
v 0.00708149 0.39582779 -0.40009789
v 0.15048145 0.09391346 -0.50659439
v 0.14047837 0.08617109 -0.51387919
v 0.15276229 0.08267374 -0.51967766
v 0.16386151 0.09087938 -0.51227004
v 0.18852949 0.09726181 -0.50892373
v 0.17331749 0.09987510 -0.50370028
v 0.17804876 0.08754901 -0.51792672
v 0.15914254 0.10203346 -0.49793546
v 0.12348563 0.06746951 -0.53240407
v 0.11429373 0.07148667 -0.52590010
v 0.09783372 0.06452082 -0.53090727
v 0.10556484 0.06031843 -0.53779103
v 0.08161020 0.05925281 -0.53503206
v 0.08769529 0.05465113 -0.54243636
v 0.16549653 0.07888550 -0.52583155
v 0.15474514 0.05592247 -0.55785769
v 0.14342533 0.05923135 -0.54799629
v 0.12289486 0.05195727 -0.55409375
v 0.13244252 0.04829108 -0.56402406
v 0.10979058 0.04187626 -0.56917158
v 0.10196820 0.04585560 -0.55926757
v 0.22691803 0.32001267 -0.34863005
v 0.23369021 0.29091724 -0.34289118
v 0.26559513 0.28780797 -0.35626630
v 0.26053720 0.32249293 -0.36165292
v 0.30561436 0.29411643 -0.37353135
v 0.29477546 0.26907606 -0.36918767
v 0.31612697 0.24473803 -0.38482501
v 0.33282807 0.26293059 -0.38676408
v 0.12863488 0.07871472 -0.52025384
v 0.13943622 0.07495205 -0.52634638
v 0.15047721 0.07090037 -0.53308115
v 0.13299115 0.06323969 -0.53964144
v 0.11389697 0.05601555 -0.54541139
v 0.21061168 0.08259144 -0.53226809
v 0.22393769 0.09325621 -0.52110051
v 0.20536981 0.09474977 -0.51440703
v 0.19366944 0.08448998 -0.52434289
v 0.19446636 0.07300875 -0.54199263
v 0.17933166 0.07537289 -0.53299948
v 0.17565515 0.06414844 -0.55052850
v 0.16248681 0.06704850 -0.54092648
v 0.11774652 0.03846186 -0.58010472
v 0.14233704 0.04540184 -0.57526941
v 0.21066808 0.07216063 -0.55337397
v 0.22866215 0.08242560 -0.54259998
v 0.18973876 0.06262605 -0.56225912
v 0.16660505 0.05364059 -0.56946165
v 0.15216545 0.04319851 -0.58773270
v 0.12568330 0.03581302 -0.59182738
v 0.13337549 0.03351657 -0.60408629
v 0.16159540 0.04117436 -0.60105884
v 0.24777789 0.08396597 -0.55543435
v 0.22818421 0.07254215 -0.56737935
v 0.24761078 0.07304318 -0.58442969
v 0.26851178 0.08606140 -0.57038200
v 0.20465009 0.06189006 -0.57618888
v 0.22046542 0.06128173 -0.59237413
v 0.19087051 0.05057930 -0.59736374
v 0.17883541 0.05205760 -0.58265658
v 0.16788556 0.03951772 -0.61154288
v 0.19956806 0.04926030 -0.60920878
v 0.30184761 0.10223133 -0.56244897
v 0.28509391 0.09946364 -0.55287329
v 0.28502685 0.08756354 -0.58281636
v 0.26413504 0.07336162 -0.60024689
v 0.23305428 0.06064525 -0.60622681
v 0.04584238 0.03403596 -0.58113049
v 0.06629626 0.03495684 -0.57764953
v 0.06175544 0.03963539 -0.56798441
v 0.04267966 0.03899615 -0.57157820
v 0.07036988 0.05114366 -0.54659355
v 0.06573123 0.05606957 -0.53868216
v 0.09458920 0.05016464 -0.55036150
v 0.07567852 0.04629651 -0.55484579
v 0.08756232 0.03736058 -0.57364443
v 0.08147314 0.04168183 -0.56382414
v 0.13887247 0.03194230 -0.61354278
v 0.10528047 0.02740389 -0.60668252
v 0.10864252 0.02545136 -0.61539634
v 0.16922325 0.15985676 -0.30196561
v 0.17463038 0.15787294 -0.32082671
v 0.18156515 0.17157773 -0.32438064
v 0.17363566 0.17451517 -0.30648214
v 0.35025737 0.16831424 -0.46408523
v 0.32902252 0.16314754 -0.46455302
v 0.32198976 0.14498559 -0.48675506
v 0.34222631 0.14850974 -0.48866178
v 0.31665891 0.11645921 -0.54054251
v 0.29937181 0.11314972 -0.53298550
v 0.18997051 0.18660513 -0.32785512
v 0.18884179 0.16794787 -0.34204833
v 0.19907550 0.18213836 -0.34490682
v 0.21312839 0.14232962 -0.45438778
v 0.19676135 0.13821480 -0.45025130
v 0.19301781 0.12998370 -0.46579160
v 0.20948747 0.13230145 -0.47035016
v 0.20577464 0.17746869 -0.36331492
v 0.19377363 0.16459088 -0.36067675
v 0.19703707 0.16109136 -0.37987953
v 0.21077778 0.17205138 -0.38253440
v 0.19718522 0.10863457 -0.49797115
v 0.18128567 0.11003746 -0.49304099
v 0.22588239 0.21438792 -0.34909091
v 0.21050222 0.22112589 -0.33368121
v 0.19953396 0.20309897 -0.33112741
v 0.21118123 0.19774217 -0.34748414
v 0.19345043 0.22619616 -0.31937306
v 0.18607559 0.20759598 -0.31542382
v 0.24813361 0.19473046 -0.38495492
v 0.23861680 0.20541014 -0.36628991
v 0.22053345 0.19115174 -0.36522450
v 0.22766249 0.18344527 -0.38425162
v 0.24968567 0.13606282 -0.47692537
v 0.25417378 0.15008945 -0.46029118
v 0.23221774 0.14609089 -0.45772803
v 0.22830132 0.13406930 -0.47396895
v 0.25394360 0.18453538 -0.40414102
v 0.23238793 0.17529198 -0.40350009
v 0.23462991 0.10606898 -0.50791668
v 0.21497222 0.10691651 -0.50273353
v 0.22151186 0.24105878 -0.33608817
v 0.20061048 0.24627585 -0.32341881
v 0.27044561 0.20768992 -0.38523062
v 0.25832140 0.22148298 -0.36699558
v 0.27746274 0.19446702 -0.40440338
v 0.24358592 0.09374349 -0.52993457
v 0.23040191 0.26408393 -0.33870186
v 0.20600489 0.26768797 -0.32752379
v 0.29342891 0.22410699 -0.38482227
v 0.27788740 0.24209863 -0.36718299
v 0.30225935 0.20643842 -0.40379358
v 0.26392307 0.09607975 -0.54077414
v 0.20700451 0.28946942 -0.33207310
v 0.32782782 0.22150879 -0.40238946
v 0.25569856 0.25649496 -0.35183333
v 0.24150094 0.23308591 -0.35049094
v 0.17967840 0.15542998 -0.33941779
v 0.16494672 0.17688556 -0.28824068
v 0.16308078 0.16149402 -0.28284276
v 0.16757609 0.19345152 -0.29394222
v 0.17938841 0.19043111 -0.31103850
v 0.17508943 0.23013836 -0.30573036
v 0.17093403 0.21122051 -0.29988952
v 0.18289456 0.27021512 -0.31797785
v 0.17929854 0.25004553 -0.31176978
v 0.18482445 0.28895722 -0.32412630
v 0.15524068 0.17882385 -0.26934707
v 0.15598139 0.16282718 -0.26320303
v 0.15460645 0.19594670 -0.27623833
v 0.15439394 0.21421241 -0.28386540
v 0.15507917 0.23348175 -0.29200939
v 0.16260283 0.29239989 -0.31870323
v 0.15927565 0.27352067 -0.30968196
v 0.13659080 0.21664509 -0.26699301
v 0.13292613 0.23625569 -0.27805888
v 0.13677913 0.29703679 -0.31503516
v 0.13333223 0.27716011 -0.30280976
v 0.16838181 0.30926042 -0.32785350
v 0.14300154 0.31643344 -0.32740547
v 0.11753334 0.21818901 -0.24905542
v 0.10769471 0.23843491 -0.26288841
v 0.10715086 0.30121927 -0.31265664
v 0.10434506 0.28053400 -0.29700167
v 0.11218439 0.32232255 -0.32790113
v 0.09871570 0.21827561 -0.22886429
v 0.07525352 0.23985194 -0.24403970
v 0.07434183 0.30440619 -0.31106935
v 0.07214582 0.28327874 -0.29264290
v 0.07793954 0.32639106 -0.32878992
v 0.08581872 0.21566365 -0.20604063
v 0.06151128 0.23001316 -0.21436525
v 0.16654996 0.11054830 -0.48726771
v 0.18326020 0.15298066 -0.35808598
v 0.18542122 0.15066538 -0.37699881
v 0.18655219 0.14770361 -0.39525620
v 0.19919150 0.15681719 -0.39847125
v 0.21418428 0.16599142 -0.40148866
v 0.34713020 0.23563208 -0.40249905
v 0.18234715 0.13331112 -0.44556470
v 0.17824799 0.12658148 -0.46063859
v 0.25565455 0.10677166 -0.51461996
v 0.27726602 0.10918961 -0.52327369
v 0.18783390 0.12044010 -0.48031025
v 0.17291803 0.11891224 -0.47475763
v 0.20419128 0.12079107 -0.48509012
v 0.24322015 0.12083024 -0.49293036
v 0.22257927 0.12058678 -0.48915253
v 0.31176860 0.12796281 -0.51045402
v 0.33026775 0.13115396 -0.51539574
v 0.26537318 0.12199289 -0.49746482
v 0.27271729 0.13845971 -0.47990832
v 0.28825227 0.12431910 -0.50351253
v 0.29675590 0.14129397 -0.48333508
v 0.14538791 0.18043356 -0.24975494
v 0.14780262 0.16375310 -0.24372174
v 0.07649781 0.21170309 -0.18494667
v 0.05343972 0.22373113 -0.19094416
v 0.05009591 0.05467724 -0.54203737
v 0.03444005 0.05427239 -0.54488616
v 0.03691368 0.04929416 -0.55369976
v 0.05354946 0.04965453 -0.55043083
v 0.06968748 0.20764860 -0.16601551
v 0.04800810 0.21879837 -0.17063506
v 0.03702759 0.28548794 -0.29061585
v 0.03897873 0.30662806 -0.31017777
v 0.04130188 0.32881298 -0.32973131
v 0.05746984 0.04457191 -0.55894708
v 0.07918600 0.02344618 -0.60918656
v 0.08132439 0.02121693 -0.61741287
v 0.09375994 0.03347892 -0.58416334
v 0.09982507 0.03021925 -0.59523692
v 0.13435563 0.18115075 -0.23064467
v 0.13849308 0.16385248 -0.22491710
v 0.12397010 0.18091842 -0.21153417
v 0.13019437 0.16330910 -0.20620511
v 0.33284045 0.20057245 -0.42223901
v 0.35372300 0.21058781 -0.42125336
v 0.30585711 0.19031349 -0.42354682
v 0.28050054 0.18186631 -0.42373045
v 0.25658553 0.17420210 -0.42305165
v 0.23458720 0.16654255 -0.42189852
v 0.19993417 0.15160334 -0.41625032
v 0.21569893 0.15912773 -0.41959235
v 0.18654743 0.14384787 -0.41261933
v 0.35430477 0.18889653 -0.44168402
v 0.33277490 0.18174113 -0.44302935
v 0.25651159 0.16273553 -0.44224604
v 0.23434979 0.15681119 -0.44037258
v 0.21524036 0.15117673 -0.43730858
v 0.19910168 0.14534171 -0.43355494
v 0.18516620 0.13900345 -0.42939439
v 0.30251661 0.15835169 -0.46387730
v 0.27771333 0.15425674 -0.46226047
v 0.07092614 0.03061096 -0.58782117
v 0.07534985 0.02679167 -0.59835403
v 0.03967336 0.04413493 -0.56250043
v 0.05207851 0.02506750 -0.60121251
v 0.05472002 0.02125827 -0.61163738
v 0.04901573 0.02934842 -0.59107263
v 0.03097667 0.01995429 -0.61393057
v 0.03202572 0.01739464 -0.62191184
v 0.02932410 0.02413290 -0.60367203
v 0.02749039 0.02866009 -0.59368072
v 0.02559465 0.03353778 -0.58383224
v 0.02371207 0.03869435 -0.57432980
v 0.02189511 0.04401970 -0.56516805
v 0.02019822 0.04924134 -0.55613565
v 0.01863099 0.05418011 -0.54701720
v 0.28035615 0.16869258 -0.44337061
v 0.30563531 0.17468622 -0.44380944
v 0.14104830 0.19791188 -0.25769137
v 0.12703154 0.19909181 -0.23872139
v 0.11422993 0.19953060 -0.21862352
v 0.10314409 0.19810694 -0.19856200
v 0.09423337 0.19578850 -0.17945835
v 0.08735055 0.19361239 -0.16158638
v 0.11478899 0.17963461 -0.19278442
v 0.12323743 0.16267674 -0.18790811
v 0.10735730 0.17887170 -0.17479363
v 0.11743544 0.16276841 -0.17049045
v 0.10115842 0.17793998 -0.15759451
v 0.11294459 0.16319626 -0.15377540
v 0.03446938 0.24744532 -0.24518854
v 0.03576677 0.26512758 -0.26935292
v 0.02987876 0.23739738 -0.21916268
v 0.02557893 0.23035618 -0.19557245
v 0.02239119 0.22454826 -0.17474748
v 0.10407900 0.25944812 -0.28033850
v 0.13194281 0.25660201 -0.29044941
v 0.15675422 0.25349112 -0.30070282
v 0.07203754 0.26239586 -0.27143016
v 0.05621106 0.01884753 -0.61962175
v 0.11910838 0.34495333 -0.34400922
v 0.08330561 0.34971784 -0.34732909
v 0.04449945 0.35215564 -0.35059399
v 0.15250448 0.33662680 -0.34075490
v 0.13137217 0.36844493 -0.36120801
v 0.09207313 0.37448011 -0.36778922
v 0.04919987 0.37695622 -0.37402046
v 0.22154082 0.35811403 -0.36349792
v 0.20060015 0.34298287 -0.35173775
v 0.18334962 0.37514540 -0.36780748
v 0.16762061 0.35785335 -0.35551187
v 0.20046834 0.30945165 -0.33636509
v 0.18488478 0.30272910 -0.32901686
v 0.18056168 0.32503815 -0.33839417
v 0.14418187 0.38689357 -0.37495439
v 0.09985304 0.39375942 -0.38455119
v 0.05343830 0.39623272 -0.39388725
f 1 2 3
f 3 2 5
f 7 8 9
f 11 12 13
f 15 13 12
f 17 11 14
f 19 20 14
f 21 22 23
f 22 25 26
f 27 28 29
f 20 31 18
f 32 33 34
f 36 27 30
f 38 39 40
f 42 43 44
f 46 42 45
f 46 47 48
f 50 51 52
f 44 43 54
f 56 44 55
f 58 59 41
f 51 60 61
f 62 63 60
f 64 62 51
f 65 66 67
f 65 69 70
f 69 65 47
f 56 69 45
f 69 56 71
f 71 56 57
f 71 73 74
f 73 71 72
f 62 64 76
f 62 77 78
f 79 77 76
f 66 81 82
f 83 84 63
f 84 85 86
f 85 84 83
f 63 84 87
f 61 60 87
f 90 83 78
f 83 90 92
f 87 86 93
f 94 95 96
f 98 99 100
f 102 103 104
f 99 106 107
f 108 109 110
f 112 108 111
f 114 112 113
f 116 114 115
f 118 101 119
f 121 120 119
f 123 98 101
f 95 102 105
f 124 19 13
f 125 126 127
f 129 130 131
f 133 134 135
f 130 137 138
f 139 125 128
f 141 142 128
f 143 142 86
f 142 141 93
f 144 145 146
f 145 148 149
f 148 150 151
f 152 153 154
f 155 156 157
f 158 154 153
f 160 143 85
f 161 140 143
f 162 161 160
f 164 165 161
f 165 139 140
f 137 166 167
f 166 168 169
f 163 160 88
f 70 74 81
f 79 91 78
f 150 170 171
f 143 140 128
f 172 173 174
f 176 177 178
f 177 180 181
f 182 183 184
f 186 182 185
f 188 189 190
f 189 192 193
f 134 188 191
f 194 195 196
f 194 197 198
f 116 117 200
f 202 203 204
f 206 207 208
f 210 211 212
f 214 215 216
f 218 219 220
f 222 223 224
f 226 227 228
f 230 231 232
f 156 234 235
f 224 235 234
f 231 210 213
f 236 230 233
f 238 239 240
f 173 186 187
f 185 184 242
f 244 175 174
f 187 246 245
f 246 187 185
f 247 248 249
f 251 252 250
f 253 252 251
f 206 255 256
f 228 227 257
f 259 260 261
f 263 259 262
f 265 266 267
f 269 270 271
f 266 265 270
f 273 274 268
f 273 275 276
f 277 278 279
f 281 282 272
f 283 284 285
f 284 282 281
f 287 288 289
f 291 292 293
f 295 296 294
f 297 298 299
f 298 297 301
f 303 304 305
f 307 295 293
f 309 302 301
f 311 309 310
f 313 314 315
f 317 318 319
f 318 317 321
f 323 324 325
f 326 307 308
f 322 321 327
f 329 317 320
f 331 332 333
f 328 327 335
f 329 337 321
f 338 339 340
f 342 343 341
f 344 345 333
f 345 344 346
f 336 335 348
f 337 350 327
f 351 329 330
f 329 351 353
f 354 355 356
f 339 354 357
f 358 342 340
f 359 358 357
f 360 361 362
f 349 348 364
f 350 366 335
f 337 353 367
f 366 368 348
f 348 368 369
f 350 367 370
f 366 370 371
f 358 359 372
f 374 375 376
f 378 379 380
f 382 381 380
f 384 374 377
f 386 387 388
f 390 391 392
f 387 394 395
f 392 391 396
f 398 399 387
f 400 401 402
f 404 405 406
f 408 406 405
f 410 411 412
f 414 402 401
f 399 416 394
f 417 418 419
f 421 422 423
f 425 426 427
f 429 430 431
f 404 407 432
f 433 418 417
f 435 417 420
f 437 438 439
f 426 441 442
f 424 443 444
f 445 446 447
f 449 450 451
f 434 417 435
f 454 439 438
f 440 439 456
f 458 459 460
f 462 463 464
f 464 463 466
f 468 458 461
f 470 471 472
f 447 446 471
f 439 454 474
f 475 476 477
f 475 478 479
f 457 456 481
f 483 484 485
f 487 488 489
f 488 462 465
f 459 485 484
f 491 492 493
f 495 496 497
f 478 499 500
f 478 477 501
f 456 474 502
f 503 504 505
f 476 504 503
f 507 508 509
f 511 512 513
f 515 516 517
f 473 472 518
f 499 501 519
f 521 503 506
f 477 503 521
f 523 524 525
f 527 528 529
f 531 532 533
f 532 507 510
f 512 529 528
f 535 536 516
f 537 538 539
f 541 5 2
f 494 493 543
f 411 449 452
f 501 521 545
f 546 545 521
f 526 525 547
f 549 550 551
f 524 550 549
f 553 554 555
f 557 558 536
f 2 1 559
f 548 547 560
f 562 549 552
f 525 549 562
f 564 565 566
f 568 569 570
f 570 531 534
f 530 564 567
f 572 573 574
f 554 553 576
f 578 579 562
f 547 562 579
f 580 581 582
f 551 583 582
f 565 584 585
f 586 569 568
f 588 589 590
f 592 593 594
f 596 590 175
f 589 172 175
f 597 596 244
f 599 600 601
f 603 604 605
f 552 582 607
f 581 608 607
f 580 609 610
f 584 611 612
f 613 614 615
f 617 618 619
f 621 622 586
f 623 591 590
f 624 623 596
f 600 599 625
f 604 603 627
f 629 630 631
f 563 607 633
f 608 634 633
f 581 610 635
f 636 637 610
f 638 639 640
f 642 615 614
f 644 645 646
f 648 649 650
f 652 618 617
f 654 655 656
f 658 659 660
f 662 663 664
f 666 667 668
f 630 629 670
f 630 672 673
f 674 634 608
f 637 675 635
f 639 676 677
f 639 638 678
f 680 681 682
f 684 685 686
f 688 689 690
f 692 693 694
f 696 697 698
f 658 661 700
f 662 665 702
f 704 705 706
f 708 709 710
f 672 630 671
f 672 713 714
f 675 715 674
f 676 716 717
f 676 639 679
f 683 682 719
f 721 722 723
f 725 726 727
f 691 729 730
f 731 692 695
f 729 733 734
f 735 731 732
f 711 710 737
f 705 739 740
f 741 708 711
f 713 672 712
f 744 716 676
f 720 719 745
f 747 721 724
f 749 725 728
f 727 751 752
f 751 753 754
f 742 711 738
f 739 756 757
f 758 759 741
f 760 761 749
f 762 763 747
f 728 752 764
f 752 754 765
f 758 742 755
f 450 767 768
f 750 764 769
f 764 765 770
f 492 491 771
f 773 774 775
f 777 778 779
f 781 782 778
f 782 781 783
f 783 785 786
f 246 243 787
f 246 788 789
f 244 245 789
f 130 129 790
f 137 130 791
f 166 137 792
f 168 166 793
f 795 796 797
f 10 9 381
f 799 378 381
f 58 40 391
f 40 39 396
f 54 43 406
f 43 42 407
f 49 429 432
f 432 407 42
f 264 262 800
f 262 261 802
f 803 218 221
f 289 288 304
f 283 286 287
f 805 774 773
f 807 805 806
f 361 21 24
f 809 810 811
f 813 814 815
f 809 812 400
f 817 818 819
f 820 819 821
f 820 822 436
f 817 820 420
f 453 435 823
f 825 823 435
f 822 826 825
f 822 821 827
f 828 829 830
f 829 832 833
f 834 811 810
f 836 819 818
f 819 836 838
f 821 838 839
f 832 840 841
f 53 52 446
f 446 52 61
f 472 471 61
f 472 89 93
f 141 515 518
f 535 515 141
f 126 557 535
f 129 553 556
f 553 129 132
f 575 574 780
f 593 133 136
f 842 843 844
f 846 847 843
f 847 846 848
f 543 846 842
f 849 848 851
f 852 851 853
f 368 371 855
f 17 36 776
f 856 803 804
f 858 856 857
f 860 861 857
f 306 862 863
f 306 222 225
f 289 303 225
f 290 289 234
f 283 290 156
f 284 283 155
f 857 861 864
f 272 282 158
f 154 158 282
f 299 298 266
f 298 302 267
f 273 267 302
f 275 273 309
f 292 323 308
f 277 280 314
f 866 300 299
f 299 269 272
f 867 868 869
f 868 775 774
f 867 871 16
f 868 867 12
f 17 775 868
f 776 36 37
f 871 867 870
f 815 386 389
f 375 875 876
f 816 815 874
f 878 879 880
f 882 883 878
f 883 882 805
f 881 880 873
f 869 882 881
f 882 869 774
f 884 885 886
f 885 888 889
f 888 890 891
f 892 893 894
f 887 886 896
f 886 889 898
f 889 891 899
f 544 543 850
f 773 776 872
f 902 813 816
f 903 816 877
f 851 492 772
f 905 383 380
f 379 907 906
f 423 393 392
f 424 392 397
f 405 464 467
f 405 404 465
f 465 404 431
f 489 431 430
f 447 510 509
f 893 908 909
f 510 447 470
f 908 910 911
f 533 470 473
f 912 913 914
f 534 473 517
f 915 914 885
f 516 568 571
f 568 516 536
f 913 916 917
f 558 621 587
f 914 917 888
f 554 617 620
f 916 918 919
f 617 554 577
f 650 573 572
f 698 592 595
f 694 588 591
f 920 495 498
f 922 920 921
f 732 695 591
f 624 736 732
f 840 924 925
f 926 839 838
f 928 836 837
f 851 848 493
f 543 493 848
f 836 928 927
f 930 360 363
f 806 773 901
f 808 806 932
f 903 904 934
f 936 808 933
f 938 939 940
f 939 942 943
f 944 923 411
f 921 498 450
f 875 945 946
f 923 921 449
f 945 936 937
f 15 16 947
f 948 947 300
f 949 107 106
f 951 952 949
f 953 954 948
f 954 124 15
f 955 104 103
f 955 956 957
f 331 334 959
f 960 959 316
f 961 338 341
f 324 961 962
f 343 963 962
f 963 326 325
f 963 964 965
f 353 351 966
f 968 967 843
f 367 353 967
f 969 968 847
f 370 367 968
f 970 969 849
f 371 370 969
f 855 371 970
f 970 852 854
f 374 384 372
f 297 300 947
f 972 947 16
f 973 972 871
f 973 301 297
f 873 880 974
f 973 974 310
f 880 879 975
f 974 975 312
f 976 952 951
f 966 351 352
f 27 36 17
f 31 28 27
f 148 120 121
f 145 118 120
f 123 118 145
f 121 979 170
f 33 32 94
f 347 346 936
f 355 875 375
f 374 359 356
f 253 254 980
f 369 855 982
f 364 369 983
f 985 986 987
f 989 990 991
f 986 985 992
f 993 994 988
f 898 899 995
f 896 898 996
f 897 896 997
f 999 1000 1001
f 982 1003 1004
f 996 995 1005
f 997 996 1006
f 998 997 1007
f 1009 999 1002
f 983 1004 1011
f 1005 989 992
f 985 1007 1006
f 1012 1013 1014
f 1014 1016 1017
f 1016 1018 1019
f 1020 1021 1022
f 1024 1025 1026
f 1027 1026 1028
f 1030 1031 1032
f 1030 1034 1035
f 1036 1037 745
f 1038 1036 719
f 1039 1038 682
f 645 1040 1041
f 1042 1043 648
f 1044 1042 651
f 1045 1044 572
f 1046 1045 575
f 1047 1046 779
f 1048 1047 778
f 1049 1048 782
f 1050 1049 784
f 720 746 744
f 683 720 718
f 680 683 679
f 643 644 647
f 649 652 653
f 653 577 573
f 574 573 577
f 780 574 576
f 777 780 132
f 138 781 777
f 781 138 167
f 167 169 785
f 982 855 971
f 895 1001 1000
f 1003 982 1051
f 280 279 276
f 314 280 275
f 314 311 312
f 960 315 312
f 331 960 975
f 879 878 332
f 883 344 332
f 344 883 807
f 346 807 808
f 347 945 875
f 345 347 355
f 345 354 339
f 334 333 339
f 959 334 338
f 959 961 324
f 313 316 324
f 277 313 323
f 292 291 278
f 1053 1054 90
f 1055 1056 1057
f 1059 1060 1061
f 1063 1064 1060
f 1065 1056 1061
f 1062 1061 1056
f 1067 1068 1069
f 1069 1068 164
f 1071 1072 169
f 1073 1074 1075
f 1071 1077 1078
f 1073 1076 193
f 1079 1080 184
f 1081 1070 1082
f 1070 1069 1084
f 1082 1084 1085
f 1087 1088 1089
f 1091 1067 1070
f 1077 1092 1093
f 1074 1094 1095
f 1096 1097 1098
f 1100 1101 1102
f 1104 1105 1106
f 1108 1109 1110
f 1109 1112 1113
f 1114 1115 1087
f 1115 1117 1088
f 1084 1069 162
f 1085 1084 163
f 1118 1119 1120
f 1122 1119 1118
f 1124 1118 1121
f 1118 1124 1126
f 1127 1128 1129
f 1131 1132 1133
f 1135 1136 1137
f 1132 1139 1140
f 1141 1142 1143
f 1143 1142 1135
f 1149 1150 1151
f 1066 1152 1151
f 1127 1130 1159
f 1129 1128 1161
f 1163 1164 1165
f 1164 1163 1169
f 1171 1172 1173
f 1175 1176 1177
f 1177 1179 1180
f 1152 1066 1061
f 1181 1065 1066
f 1056 1065 1183
f 1064 1149 1152
f 1184 1185 1186
f 1188 1189 1122
f 1190 1184 1187
f 1192 1193 1194
f 1193 1196 1197
f 1198 1199 1200
f 1200 1202 1203
f 1112 1190 1191
f 1122 1116 1204
f 1189 1114 1116
f 1205 1188 1123
f 1199 1211 1212
f 1200 1212 1213
f 1214 1215 1216
f 1218 1214 1217
f 1222 1223 1224
f 1226 1227 1228
f 1230 1178 1180
f 1232 1228 1227
f 1234 1235 1228
f 1236 1237 1238
f 1240 1241 1242
f 1244 1245 1246
f 1247 1246 1248
f 1054 1085 92
f 1116 1087 1090
f 1105 1250 1251
f 1252 1198 1201
f 1103 1253 1254
f 1256 1257 1258
f 1260 1100 1103
f 1261 1256 1259
f 1258 1219 1263
f 1257 1218 1219
f 1259 1258 1264
f 1266 1262 1259
f 1098 1267 1268
f 1203 1254 1253
f 1102 1252 1253
f 1250 1192 1195
f 1269 1270 1271
f 1271 1175 1178
f 1237 1272 1273
f 1235 1275 1229
f 1079 1096 1099
f 1135 1142 1139
f 1136 1135 1132
f 1133 1140 1276
f 1134 1133 1277
f 1280 1281 1282
f 1159 1130 1170
f 1277 1276 1128
f 1278 1277 1127
f 1139 1142 1141
f 1287 1263 1219
f 1288 1173 1289
f 1172 1291 1289
f 1292 1287 1217
f 1293 1294 1295
f 1235 1238 1273
f 1238 1235 1234
f 1245 1244 1243
f 1297 1240 1243
f 1299 1297 1298
f 1301 1299 1300
f 1303 1301 1302
f 1305 1306 1307
f 247 1309 1310
f 1311 1288 1222
f 1311 1174 1173
f 1309 1305 1308
f 1312 1313 786
f 1314 1313 1312
f 1315 1316 1317
f 1318 1319 1320
f 1320 1322 1323
f 1324 1323 1322
f 1324 1325 1326
f 1326 1328 1329
f 1202 1213 1215
f 1203 1202 1214
f 1254 1203 1218
f 1255 1254 1257
f 1261 1260 1255
f 1268 1267 1332
f 1334 1071 168
f 1077 1071 1334
f 1092 1077 1335
f 1109 1108 1337
f 1112 1109 1338
f 1190 1112 1339
f 1184 1190 1340
f 1185 1184 1341
f 1180 1179 1345
f 1346 1345 1347
f 1346 1348 1349
f 1231 1180 1346
f 1272 1351 1352
f 1275 1273 1352
f 1231 1354 1269
f 1313 1355 1050
f 1356 1355 1313
f 1357 1356 1314
f 1358 1359 1318
f 1360 1358 1321
f 1361 1360 1323
f 1362 1361 1324
f 1363 1362 1327
f 1072 1312 785
f 1315 1312 1072
f 1078 1093 1316
f 1319 1111 1110
f 1110 1113 1322
f 1325 1322 1113
f 1326 1325 1191
f 1187 1186 1328
f 1367 1183 1065
f 1088 1081 1083
f 1117 1091 1081
f 1108 1092 1336
f 1092 1108 1111
f 1316 1093 1111
f 1317 1316 1319
f 1359 1357 1317
f 1094 1104 1107
f 1098 1097 1101
f 1260 1267 1098
f 1332 1267 1260
f 1332 1261 1262
f 1293 1296 1262
f 1306 1303 1304
f 1083 1082 1086
f 1089 1083 1368
f 1119 1204 1370
f 1204 1090 1371
f 1090 1089 1369
f 1372 1373 67
f 67 1373 1374
f 68 1374 1375
f 48 1375 1376
f 49 1376 1377
f 429 1377 1378
f 1378 1379 490
f 490 1379 1380
f 486 1381 1382
f 505 1383 1384
f 506 1384 1385
f 522 1385 1386
f 1387 1388 1389
f 1120 1391 1392
f 65 68 48
f 1392 1391 1393
f 1391 1395 1396
f 1391 1120 1370
f 1395 1397 1398
f 1395 1370 1371
f 1385 548 561
f 526 548 1385
f 523 526 1384
f 1381 511 514
f 508 1380 1379
f 1379 1378 448
f 445 448 1378
f 53 445 1377
f 50 53 1376
f 1374 64 50
f 64 1374 1373
f 1373 1372 80
f 1369 1399 1397
f 1369 1368 1400
f 1399 1400 1401
f 1397 1399 1402
f 1400 1368 1086
f 1400 1403 1404
f 1275 1353 1226
f 1354 1231 1350
f 814 398 386
f 1405 1406 320
f 320 1406 1407
f 1408 1409 296
f 295 307 1410
f 1411 1412 1413
f 1415 1416 1417
f 1407 1419 352
f 307 326 965
f 1420 1415 1418
f 1013 1422 1423
f 1014 1423 1424
f 1016 1424 1425
f 1021 1426 1427
f 1025 1428 1429
f 1028 1026 1429
f 978 352 1419
f 1432 1433 1434
f 1436 922 923
f 1433 1432 1428
f 1437 1433 1427
f 1438 410 413
f 1429 1436 944
f 850 842 845
f 900 850 1440
f 1430 944 410
f 1438 1439 1030
f 1413 1412 828
f 1051 971 854
f 1052 1051 1442
f 1444 1423 1422
f 1446 1420 1447
f 1420 1421 1449
f 1450 1444 1445
f 1448 1447 1452
f 1447 1449 1454
f 1435 1434 1455
f 1457 1450 1451
f 1453 1452 1459
f 1452 1454 1461
f 1462 1434 1433
f 1463 1455 1434
f 1456 1455 1464
f 1466 1457 1458
f 1460 1459 1468
f 1459 1461 1470
f 1471 1464 1455
f 1465 1464 1472
f 1442 854 853
f 1443 1442 1474
f 1474 853 772
f 1475 1474 1476
f 1478 911 910
f 1480 913 912
f 913 1480 1482
f 498 497 767
f 1483 1472 1464
f 767 1484 1485
f 496 1486 1487
f 772 771 1488
f 1484 767 497
f 1473 1472 1489
f 1489 1472 1483
f 1477 1476 1488
f 1493 1494 1495
f 1496 1497 1498
f 1499 1500 1496
f 1500 1501 1497
f 1502 537 540
f 1504 1505 1506
f 1508 1509 1504
f 1507 1506 1510
f 1511 1512 1508
f 1494 1484 1487
f 1486 1499 1495
f 1505 1490 1489
f 1506 1489 1491
f 1511 1510 1513
f 1510 1491 1515
f 1516 1515 1491
f 1483 1471 1517
f 1471 1463 1518
f 1463 1462 1519
f 1462 1437 1520
f 1437 1426 1425
f 1512 1511 1514
f 1460 1469 1467
f 1453 1460 1458
f 1448 1453 1451
f 1446 1448 1445
f 5 1508 1512
f 1509 1508 5
f 1501 1502 1503
f 1522 457 482
f 440 457 1522
f 437 440 1524
f 1526 425 428
f 422 1528 1529
f 1529 1530 393
f 390 393 1530
f 58 390 1531
f 1149 1064 1143
f 1150 1149 1138
f 1533 1522 1523
f 1522 1533 1535
f 1524 1535 1536
f 1527 1537 1538
f 1528 1539 907
f 907 379 1530
f 1531 1530 379
f 1532 1531 378
f 1144 1143 1064
f 1484 1494 1540
f 1493 1498 1541
f 1543 1544 1545
f 1544 1547 1548
f 1543 1498 1497
f 1503 540 1544
f 1547 1544 540
f 6 1512 1521
f 1 4 1550
f 559 1 1551
f 538 1553 1554
f 1555 1547 539
f 1547 1555 1556
f 918 916 1482
f 917 919 890
f 1541 1498 1543
f 1288 1290 1558
f 1559 1223 1222
f 1247 1249 1560
f 1562 1244 1247
f 1561 1560 1563
f 1300 1298 1562
f 1244 1562 1298
f 942 1566 1567
f 1566 1568 1569
f 1568 1570 1571
f 1403 1054 1053
f 1403 1086 1085
f 1572 1559 1558
f 196 1572 1573
f 1574 1575 1576
f 1573 1558 1578
f 197 1573 1579
f 199 198 1580
f 1582 1583 73
f 1393 1583 1582
f 1584 1053 91
f 1393 1396 1585
f 1396 1398 1586
f 1398 1402 1587
f 1401 1404 1588
f 1402 1401 1589
f 1404 1053 1584
f 1583 1585 74
f 1585 1586 81
f 1586 1587 82
f 1589 1588 80
f 1587 1589 1372
f 1588 1584 79
f 1590 1591 1592
f 1594 1590 1593
f 1596 1594 1595
f 1598 1599 1600
f 1593 1592 1602
f 1595 1593 1603
f 1605 1606 1607
f 1599 1598 1609
f 1611 981 980
f 703 702 1613
f 738 737 1615
f 766 755 1617
f 701 700 1619
f 755 738 1616
f 1621 1608 1607
f 1622 1607 1623
f 1600 1596 1597
f 1598 1625 1626
f 1606 1627 1623
f 1597 1595 1604
f 1625 1598 1601
f 979 121 122
f 1631 1630 1632
f 101 100 1634
f 1632 1630 122
f 1635 122 119
f 1636 1637 1550
f 243 242 1639
f 1640 1641 1642
f 1641 1640 1644
f 905 906 1646
f 1648 1649 1650
f 1652 1653 1645
f 907 1539 1646
f 1649 1538 1537
f 1536 1535 1645
f 1535 1533 1641
f 1641 1533 1534
f 1654 1655 1581
f 1656 1657 1658
f 1660 1661 1662
f 1571 1660 1663
f 1658 1664 1665
f 1666 1667 1668
f 1670 1656 1659
f 1663 1662 1672
f 1569 1663 1673
f 1659 1665 1674
f 1665 1666 1669
f 1669 1668 1675
f 1670 1671 1677
f 1673 1672 1679
f 1567 1673 1680
f 1671 1674 1681
f 1674 1669 1676
f 1682 1683 1676
f 1684 1685 1678
f 1679 1686 1687
f 1687 940 943
f 1688 1684 1677
f 1683 1688 1681
f 1683 1682 1689
f 1685 1684 1691
f 1687 1686 1693
f 940 1687 1694
f 1684 1688 1695
f 1688 1683 1690
f 1696 1697 1698
f 1697 1654 1580
f 1664 1700 1666
f 1700 1701 1667
f 1702 1703 1668
f 1702 1161 1704
f 1703 1705 1675
f 1703 1704 1706
f 1705 1707 1682
f 1285 1707 1705
f 1708 239 238
f 1294 1708 1709
f 1704 1161 1128
f 1706 1704 1276
f 1139 1285 1706
f 1710 1711 1696
f 1161 1702 1712
f 1282 1711 1710
f 1712 1702 1667
f 1707 1713 1689
f 1707 1285 1141
f 1713 1714 1715
f 1713 1141 1144
f 1714 1144 1063
f 1714 1716 1717
f 1716 1718 1719
f 1716 1063 1059
f 1718 1720 1721
f 1718 1059 1062
f 1720 1722 1723
f 1720 1062 1055
f 1695 1690 1724
f 1691 1695 1725
f 1692 1691 1726
f 1694 1693 1728
f 941 1694 1729
f 938 941 1576
f 144 147 34
f 144 33 97
f 123 97 96
f 99 98 96
f 105 104 106
f 950 106 104
f 950 955 958
f 977 951 958
f 110 1731 237
f 113 111 237
f 233 232 115
f 232 213 117
f 212 200 117
f 216 202 205
f 229 228 207
f 207 228 258
f 1732 1577 1576
f 1728 1733 1732
f 1734 1735 1727
f 1736 1734 1726
f 26 1737 1738
f 1737 1739 1740
f 1741 1742 1743
f 1742 1745 7
f 1722 1746 1747
f 1722 1055 1058
f 520 1748 500
f 1749 38 41
f 1751 1752 1749
f 1750 41 59
f 1750 1753 1754
f 1745 1755 8
f 1756 1736 1725
f 23 1738 1757
f 1738 1740 1758
f 1759 1744 1743
f 1743 7 10
f 24 1757 1761
f 1757 1758 1762
f 1759 1760 1763
f 1760 10 382
f 362 1761 1765
f 1761 1762 1766
f 1764 1763 1767
f 1763 382 383
f 1765 1766 1769
f 1771 1768 1767
f 1767 383 905
f 1773 1774 1771
f 1772 905 1647
f 1769 1775 1776
f 1777 1778 1779
f 1778 1781 1782
f 1782 1781 1783
f 1783 1652 1644
f 1780 1779 1785
f 1779 1782 1787
f 1787 1782 1784
f 1784 1644 1640
f 1786 1785 1789
f 1785 1787 1791
f 1792 1791 1787
f 1788 1640 1643
f 1690 1689 1715
f 934 930 931
f 928 929 1777
f 928 1780 1786
f 1790 926 927
f 924 1793 1794
f 741 759 756
f 708 741 739
f 709 708 705
f 660 659 655
f 666 664 663
f 796 1795 1796
f 1797 1795 796
f 1268 1333 1797
f 110 109 976
f 1730 1731 110
f 1799 236 237
f 1731 1730 1800
f 957 1800 1730
f 1793 1801 1802
f 1801 1803 1804
f 1804 1803 1805
f 1805 1807 1808
f 1807 1809 1810
f 1810 1809 1811
f 1811 1813 1814
f 1813 1815 1816
f 1816 1815 1817
f 1818 1817 1819
f 1821 1822 1823
f 1823 1825 1826
f 1827 1828 1829
f 1831 1832 1833
f 1829 1831 1834
f 1833 1832 1835
f 1836 1835 1837
f 1839 1840 1841
f 1843 1844 1845
f 1841 1840 1847
f 1849 1850 1851
f 1853 1854 1855
f 1855 1857 1858
f 1857 1859 1860
f 1845 1844 1861
f 1847 1843 1846
f 1825 1863 1864
f 1865 1866 1867
f 1866 1828 1827
f 1869 1870 1871
f 1870 1865 1868
f 1864 1863 1869
f 170 1873 1874
f 1873 170 979
f 1597 1628 1629
f 673 714 1876
f 631 673 1877
f 632 631 1878
f 602 601 1880
f 171 1874 1570
f 151 171 1568
f 149 151 1566
f 146 149 942
f 147 146 939
f 34 147 938
f 1574 35 34
f 30 29 25
f 37 30 22
f 872 37 21
f 901 872 361
f 932 901 360
f 934 933 932
f 934 904 937
f 904 877 946
f 877 874 876
f 376 876 874
f 388 377 376
f 395 385 377
f 1033 1032 1029
f 1438 1033 1028
f 241 240 1882
f 1875 979 1630
f 1281 1129 1162
f 1711 1282 1162
f 1711 1712 1701
f 1697 1696 1701
f 1654 1697 1700
f 1655 1654 1664
f 1884 1655 1658
f 1885 1886 1661
f 1887 1885 1660
f 1888 1887 1571
f 1874 1889 1888
f 1889 1874 1873
f 1891 1890 1873
f 1891 1875 1631
f 1893 1892 1894
f 1896 1893 1895
f 1898 1899 1896
f 1900 1901 1902
f 1904 1905 1906
f 1904 1907 1908
f 1633 1894 1892
f 1281 1280 1164
f 1164 1280 1910
f 1129 1281 1170
f 1580 198 1579
f 1698 1579 1578
f 1911 1710 1699
f 1283 1710 1911
f 1910 1280 1283
f 1290 1911 1578
f 1611 1913 1914
f 1915 253 981
f 1915 1882 252
f 250 252 1882
f 247 250 240
f 1309 247 239
f 1305 1309 1708
f 1306 1305 1294
f 1303 1306 1293
f 1301 1303 1266
f 1265 1264 1299
f 1264 1263 1297
f 1240 1297 1263
f 1241 1240 1287
f 1272 1237 1916
f 1351 1272 1917
f 1270 1919 1920
f 1175 1271 1920
f 1388 1387 1172
f 1291 1172 1387
f 1291 1390 1165
f 1289 1291 1910
f 1290 1289 1912
f 1166 1165 1390
f 343 342 1924
f 342 358 373
f 963 343 1925
f 1926 1927 1928
f 1930 1926 1929
f 1035 1034 1930
f 1927 978 1431
f 967 966 844
f 1268 1932 1080
f 1080 1932 242
f 787 1639 180
f 787 177 176
f 740 757 743
f 706 740 712
f 707 706 671
f 657 656 626
f 668 628 627
f 180 795 798
f 1932 1933 1639
f 1933 795 180
f 1933 1932 1268
f 795 1933 1798
f 1009 1011 1004
f 999 1004 1003
f 1000 1003 1052
f 892 1052 1443
f 893 1443 1475
f 908 1475 1477
f 1492 1479 910
f 1493 1542 1540
f 911 1478 1481
f 909 911 912
f 894 909 915
f 895 894 884
f 1001 895 887
f 1002 1001 897
f 1010 1002 998
f 1416 1411 1414
f 453 824 1012
f 434 453 1015
f 433 434 1017
f 414 415 1020
f 416 1024 1027
f 395 394 1027
f 1032 385 395
f 384 385 1032
f 384 1031 1035
f 372 1035 1931
f 1924 373 1931
f 1925 1924 1929
f 964 1925 1928
f 964 1431 1419
f 965 1419 1407
f 1410 1407 1406
f 1406 1405 1409
f 1934 1466 1467
f 1469 1468 1936
f 1468 1470 1938
f 1467 1469 1937
f 1939 1937 1936
f 1940 1936 1938
f 1940 1941 1942
f 1939 1940 1943
f 1945 1946 1947
f 1946 1949 1950
f 1946 1945 1951
f 1952 1951 1953
f 1955 1952 1954
f 3 6 1549
f 1007 985 988
f 1010 1008 988
f 365 364 984
f 1959 1958 984
f 994 993 1959
f 1010 994 1960
f 1960 1959 1011
f 1124 1125 1638
f 1366 1367 1181
f 1182 1181 1153
f 1153 1151 1145
f 1150 1146 1145
f 1146 1150 1137
f 1148 1147 1137
f 1148 1136 1131
f 1155 1131 1134
f 1156 1134 1278
f 1157 1279 1278
f 1160 1159 1158
f 1284 1158 1159
f 1167 1163 1166
f 1168 1166 1389
f 1922 1389 1388
f 1177 1176 1171
f 1179 1177 1174
f 1179 1311 1225
f 1224 1347 1345
f 1232 1233 1248
f 1245 1234 1232
f 1239 1234 1245
f 1236 1239 1242
f 1274 1236 1241
f 1274 1292 1216
f 1215 1220 1221
f 1220 1215 1213
f 1212 1210 1209
f 1210 1212 1211
f 1364 1363 1329
f 1328 1331 1330
f 1186 1365 1331
f 1365 1186 1185
f 1343 1185 1342
f 1206 1205 1126
f 1207 1126 1124
f 1171 1176 1923
f 1175 1921 1923
f 1236 1274 1916
f 4 3 1957
f 1961 1962 1963
f 1962 1965 1966
f 1967 1968 1969
f 1971 1969 1968
f 1973 1971 1972
f 1954 1962 1961
f 1953 1965 1962
f 1974 1975 1976
f 1977 1976 1975
f 1944 1943 1947
f 1943 1942 1948
f 1967 1970 1979
f 1981 1980 1979
f 1981 1982 1934
f 1949 1946 1952
f 1981 1935 1937
f 1944 1980 1981
f 1944 1950 1967
f 1968 1967 1950
f 1968 1949 1955
f 1972 1955 1956
f 1975 1974 1956
f 1975 1961 1964
f 1284 1169 1163
f 1367 1366 1983
f 1183 1367 1984
f 1057 1183 1985
f 1058 1057 1986
f 1746 1058 1987
f 1746 1988 1989
f 1749 1752 72
f 38 1749 57
f 39 38 55
f 396 39 54
f 397 396 408
f 443 397 409
f 466 444 443
f 441 468 469
f 455 480 479
f 454 479 500
f 474 500 1748
f 1819 1822 1821
f 1990 1991 259
f 1991 1992 260
f 219 1993 1994
f 1995 1996 223
f 1996 1998 224
f 1998 1999 235
f 1999 2000 157
f 2000 2001 152
f 2001 2002 153
f 2002 2003 159
f 2003 953 866
f 865 158 159
f 2004 2005 1528
f 2005 2006 1539
f 1646 1539 2006
f 1647 1646 2007
f 835 810 813
f 810 809 814
f 809 403 398
f 402 399 398
f 402 414 416
f 414 1023 1024
f 1023 1022 1025
f 1022 1427 1428
f 703 1614 1619
f 662 703 700
f 660 663 662
f 667 663 660
f 667 654 657
f 657 625 628
f 599 604 628
f 599 602 605
f 605 602 1881
f 2010 2011 731
f 2011 2012 692
f 2012 2013 693
f 2014 697 696
f 648 1043 2016
f 2017 2018 649
f 2018 2019 652
f 2020 618 652
f 619 618 2020
f 586 622 2022
f 2023 2024 569
f 570 569 2024
f 2025 2026 531
f 2026 2027 532
f 2027 2028 507
f 2028 2029 508
f 2029 2030 1380
f 487 1380 2030
f 2032 488 487
f 2032 2033 462
f 2033 2034 463
f 466 463 2034
f 2036 444 466
f 421 444 2036
f 2037 2004 422
f 415 401 418
f 1020 415 433
f 1018 1021 1020
f 1018 1425 1426
f 1432 1436 1429
f 922 1436 1432
f 920 922 1435
f 495 920 1456
f 496 495 1465
f 1486 496 1473
f 1499 1486 1490
f 1500 1499 1505
f 1509 1501 1500
f 1502 1501 1509
f 542 537 1502
f 538 537 542
f 1553 538 559
f 701 1620 1615
f 658 701 737
f 709 659 658
f 655 659 709
f 655 704 707
f 626 656 707
f 629 600 626
f 629 632 601
f 601 632 1879
f 730 734 753
f 688 730 751
f 726 689 688
f 722 685 684
f 646 1041 1039
f 647 646 681
f 642 647 680
f 638 615 642
f 616 615 638
f 585 612 636
f 566 585 609
f 567 566 580
f 527 567 583
f 550 528 527
f 513 528 550
f 514 513 524
f 1382 514 523
f 483 1382 1383
f 504 484 483
f 460 484 504
f 461 460 476
f 469 461 475
f 442 469 480
f 427 442 455
f 428 427 438
f 1527 428 437
f 1525 1536 1537
f 1650 1537 1536
f 1651 1650 1653
f 2038 1651 1652
f 1781 2039 2038
f 2040 2039 1781
f 2041 2040 1778
f 2042 2041 1777
f 837 834 2042
f 837 818 811
f 812 811 818
f 400 812 817
f 418 401 400
f 2043 2044 840
f 2044 2045 924
f 2045 2046 1793
f 2046 2047 1801
f 2047 2048 1803
f 1805 1803 2048
f 2049 2050 1807
f 2050 2051 1809
f 1811 1809 2051
f 2052 2053 1813
f 2053 2054 1815
f 1817 1815 2054
f 1819 1817 2055
f 2056 2057 1822
f 1823 1822 2057
f 2058 2059 1825
f 2059 2060 1863
f 1869 1863 2060
f 2061 2062 1870
f 2062 2063 1865
f 2063 2064 1866
f 2064 2065 1828
f 1829 1828 2065
f 2066 2067 1831
f 2067 2068 1832
f 1835 1832 2068
f 2070 1837 1835
f 2071 2072 1840
f 1847 1840 2072
f 2073 2074 1843
f 2074 2075 1844
f 2076 1861 1844
f 1851 1850 2077
f 1855 1854 2079
f 2080 2081 1857
f 2081 2082 1859
f 2083 2084 1976
f 1973 1976 2084
f 2086 1971 1973
f 2086 2087 1969
f 1970 1969 2087
f 1979 1970 2088
f 1982 1979 2089
f 1934 1982 2090
f 2092 1466 1934
f 2093 1457 1466
f 2094 1450 1457
f 2095 1444 1450
f 1424 1423 1444
f 1446 2096 1415
f 2096 2097 1416
f 2098 1411 1416
f 2098 2099 1412
f 828 1412 2099
f 2100 2101 829
f 2101 2043 832
f 1520 1425 1424
f 1519 1520 2095
f 1518 1519 2094
f 1517 1518 2093
f 1516 1517 2092
f 2091 2090 1515
f 1513 1515 2090
f 1514 1513 2089
f 1521 1514 2088
f 1549 1521 2087
f 1957 1549 2086
f 1636 1957 2085
f 2083 1637 1636
f 766 1618 2102
f 758 766 2103
f 2105 759 758
f 756 759 2105
f 756 2106 2107
f 743 757 2107
f 2109 713 743
f 2109 2110 714
f 714 2110 2111
f 769 770 2082
f 760 769 2081
f 2079 761 760
f 2077 763 762
f 745 1037 2076
f 746 745 2075
f 744 746 2074
f 2072 716 744
f 717 716 2072
f 674 715 2070
f 2068 634 674
f 633 634 2068
f 578 633 2067
f 2065 579 578
f 560 579 2065
f 561 560 2064
f 1386 561 2063
f 546 1386 2062
f 2060 545 546
f 519 545 2060
f 520 519 2059
f 2057 1748 520
f 502 1748 2057
f 481 502 2056
f 482 481 2055
f 1523 482 2054
f 1534 1523 2053
f 1642 1534 2052
f 1643 1642 2051
f 1792 1643 2050
f 2048 1791 1792
f 1789 1791 2048
f 1790 1789 2047
f 2045 926 1790
f 2045 2044 839
f 827 839 2044
f 826 827 2043
f 825 826 2101
f 2099 823 825
f 824 823 2099
f 1012 824 2098
f 2096 1013 1012
f 2096 1446 1422
f 1852 1851 1854
f 2079 1854 1851
f 2078 762 761
f 749 761 762
f 748 724 725
f 724 723 726
f 723 684 689
f 687 690 689
f 693 2013 2015
f 694 693 696
f 699 595 588
f 595 594 589
f 136 172 589
f 136 135 173
f 191 186 173
f 191 190 182
f 190 193 183
f 1076 1079 183
f 1076 1075 1096
f 1075 1095 1097
f 1101 1097 1095
f 1102 1101 1107
f 1106 1251 1252
f 1251 1195 1198
f 1195 1194 1199
f 1194 1197 1211
f 1286 1211 1197
f 1344 1342 1205
f 1342 1341 1188
f 1341 1340 1189
f 1340 1339 1114
f 1339 1338 1115
f 1338 1337 1117
f 1337 1336 1091
f 1336 1335 1067
f 1335 1334 1068
f 1068 1334 794
f 794 793 165
f 793 792 139
f 792 791 125
f 791 790 126
f 790 556 557
f 556 555 558
f 555 620 621
f 620 619 622
f 2022 622 619
f 611 613 616
f 636 612 616
f 641 640 637
f 640 677 675
f 677 717 715
f 2070 715 717
f 1839 1837 2070
f 1838 1837 1839
f 1196 1193 1362
f 1193 1192 1361
f 1192 1250 1360
f 1250 1105 1358
f 1105 1104 1359
f 1104 1094 1357
f 1094 1074 1356
f 1074 1073 1355
f 1355 1073 192
f 192 189 1049
f 189 188 1048
f 188 134 1047
f 134 133 1046
f 133 593 1045
f 593 592 1044
f 592 698 1042
f 698 697 1043
f 2016 1043 697
f 1040 686 685
f 1039 1041 685
f 722 721 1038
f 721 747 1036
f 747 763 1037
f 2076 1037 763
f 1850 1861 2076
f 1862 1861 1850
f 1196 1363 1364
f 2112 1197 1196
f 1333 1332 1296
f 1333 1295 1709
f 1795 238 241
f 1795 1797 1709
f 179 178 2114
f 178 181 2116
f 181 798 2117
f 798 797 2118
f 797 1796 2119
f 1796 241 1883
f 2114 2116 2120
f 2117 2122 2120
f 2117 2118 2123
f 2118 2119 2124
f 2119 1883 2125
f 2126 2127 2128
f 2130 2131 2128
f 2130 2132 2133
f 2132 2134 2135
f 2136 2137 2129
f 2131 2138 2136
f 2139 2138 2131
f 2140 2139 2133
f 2141 2142 2124
f 2142 2141 2143
f 2145 2146 2147
f 2147 2146 2140
f 2149 2150 2148
f 2149 2147 2135
f 2121 2120 2127
f 2122 2130 2127
f 2122 2123 2132
f 2123 2124 2134
f 2142 2149 2134
f 2150 2149 2142
f 2114 2121 2151
f 2121 2126 2152
f 2126 2129 2153
f 2154 176 179
f 788 176 2154
f 2155 179 2115
f 2129 2137 2156
f 2157 2154 2155
f 789 2154 2157
f 2158 2155 2151
f 2159 2157 2158
f 598 2157 2159
f 2160 2158 2152
f 2161 2159 2160
f 597 2159 2161
f 2162 2160 2153
f 2163 2164 2165
f 1881 1880 754
f 1880 1879 765
f 1879 1878 770
f 1876 2111 1860
f 1877 1876 1859
f 1878 1877 2082
f 733 2167 2009
f 2168 2164 735
f 2164 2163 2010
f 2009 1881 753
f 2143 2141 1914
f 1915 1914 2141
f 2125 1883 1882
f 2168 736 624
f 2156 2137 2169
f 2168 2161 2162
f 2136 2172 2169
f 2145 2173 2174
f 2175 2140 2146
f 2140 2175 2176
f 2138 2177 2172
f 2139 2176 2177
f 2171 2162 2156
f 2174 2173 2178
f 2175 2174 2179
f 2180 2181 2176
f 2181 2182 2177
f 2177 2182 2183
f 2169 2172 2183
f 2170 2169 2184
f 2171 2170 2185
f 2164 2168 2171
f 2179 2178 2186
f 2180 2179 2187
f 2188 2189 2181
f 2189 2190 2182
f 2182 2190 2191
f 2184 2183 2191
f 2185 2184 2192
f 2165 2185 2193
f 606 605 2009
f 1565 1562 1561
f 1302 1300 1565
f 2194 1565 1564
f 2195 1564 1563
f 1591 2194 2195
f 2195 2196 1602
f 2194 1591 1304
f 1307 1304 1591
f 1308 1307 1590
f 1594 1596 1310
f 1596 1600 248
f 249 248 1600
f 862 2197 860
f 863 862 804
f 1997 863 221
f 1994 1995 1997
f 2198 2199 214
f 2200 2198 217
f 204 2201 2200
f 1902 2202 2203
f 1606 1609 1626
f 1605 1610 1609
f 306 305 2197
f 223 222 863
f 212 211 2199
f 2200 200 212
f 201 200 2200
f 2202 1899 1898
f 251 249 1599
f 254 251 1610
f 980 254 1605
f 1612 980 1608
f 363 1765 1770
f 935 931 1770
f 935 1776 2204
f 935 2205 902
f 2205 2204 2206
f 2205 2207 835
f 2207 2206 2041
f 835 2207 2042
f 2008 2007 1649
f 2006 1538 1649
f 1526 1538 2006
f 2004 425 1526
f 2037 426 425
f 2037 2036 441
f 2036 2035 468
f 2034 458 468
f 2034 2033 459
f 2033 2032 485
f 486 485 2032
f 2031 2030 1381
f 2029 511 1381
f 2029 2028 512
f 2028 2027 529
f 530 529 2027
f 2026 2025 564
f 2024 565 564
f 2023 584 565
f 2022 611 584
f 2021 613 611
f 2020 614 613
f 643 614 2020
f 2018 644 643
f 2018 2017 645
f 2016 1040 645
f 2014 686 1040
f 687 686 2014
f 2013 690 687
f 691 690 2013
f 2012 2011 729
f 2011 2010 733
f 2163 2167 733
f 606 2167 2163
f 603 606 2166
f 627 603 2193
f 669 627 2192
f 2190 666 669
f 2189 664 666
f 665 664 2189
f 702 665 2188
f 1613 702 2187
f 2040 2041 2206
f 2039 2040 2208
f 2038 2039 2209
f 1651 2038 2210
f 1661 1886 1884
f 1662 1661 1657
f 1672 1662 1656
f 1679 1672 1670
f 1685 1686 1679
f 1693 1686 1685
f 1728 1693 1692
f 1735 1733 1728
f 1739 1741 1744
f 1758 1740 1744
f 1762 1758 1759
f 1766 1762 1764
f 1769 1766 1768
f 1771 1774 1775
f 1647 2008 2211
f 2211 2008 1648
f 1773 2211 2212
f 2212 2211 2210
f 2209 2208 2213
f 2213 2208 2206
f 1775 1774 2212
f 1776 1775 2213
f 2214 1754 1753
f 2215 1753 59
f 2216 59 58
f 2217 2216 1532
f 8 2217 799
f 1755 1745 1736
f 1745 1742 1734
f 1742 1741 1735
f 1741 1739 1733
f 1732 1733 1739
f 1737 26 1577
f 1574 1577 26
f 29 35 1574
f 32 35 29
f 94 32 28
f 31 20 95
f 20 19 102
f 19 124 103
f 956 103 124
f 957 956 954
f 953 2003 1800
f 1799 1800 2003
f 2001 236 1799
f 2001 2000 230
f 2000 1999 231
f 1999 1998 210
f 1996 211 210
f 2199 211 1996
f 214 2199 1995
f 1994 1993 215
f 1992 1991 227
f 257 227 1991
f 1756 1724 1715
f 8 1755 2218
f 1717 1719 2219
f 1756 2219 2218
f 1482 1548 1556
f 1545 1548 1482
f 1546 1545 1480
f 1478 1541 1546
f 1542 1541 1478
f 1540 1542 1479
f 1492 1488 1485
f 768 1485 1488
f 451 768 771
f 452 451 491
f 412 452 494
f 413 412 544
f 1439 413 900
f 196 195 1602
f 2196 1563 1572
f 1563 1560 1559
f 1249 1223 1559
f 1224 1223 1249
f 1233 1347 1224
f 1348 1347 1233
f 1349 1348 1227
f 1353 1354 1349
f 1269 1354 1353
f 1351 1270 1269
f 1918 1919 1270
f 1984 1983 1638
f 1985 1984 1125
f 1986 1985 1121
f 1987 1986 1392
f 1988 1987 1394
f 1988 1582 75
f 1989 75 72
f 1747 1989 1752
f 1723 1747 1751
f 1721 1723 1754
f 2217 2218 2215
f 2218 2219 2214
f 2214 2219 1719
f 978 1927 844
f 1927 1926 845
f 1926 1930 1440
f 1930 1034 1441
f 1034 1030 1439
f 2220 2221 2222
f 2222 2224 2225
f 2226 2227 2228
f 2230 2231 2232
f 2234 2235 2233
f 2236 2237 2231
f 2238 2232 2231
f 2240 2241 2242
f 2243 2242 2244
f 2246 2247 2248
f 2239 2231 2237
f 2251 2252 2253
f 2247 2255 2256
f 2257 2258 2259
f 2261 2262 2263
f 2265 2266 2262
f 2265 2267 2268
f 2269 2270 2271
f 2263 2273 2274
f 2275 2276 2273
f 2277 2259 2258
f 2272 2271 2279
f 2281 2272 2280
f 2283 2269 2272
f 2284 2285 2286
f 2284 2287 2288
f 2289 2262 2266
f 2275 2263 2262
f 2289 2288 2290
f 2290 2291 2276
f 2290 2288 2292
f 2293 2294 2291
f 2281 2295 2296
f 2281 2282 2297
f 2298 2299 2296
f 2287 2286 2300
f 2302 2297 2282
f 2303 2304 2305
f 2306 2307 2302
f 2282 2280 2304
f 2279 2308 2304
f 2309 2310 2297
f 2302 2307 2311
f 2304 2308 2312
f 2313 2314 2315
f 2317 2318 2319
f 2321 2322 2323
f 2320 2319 2325
f 2327 2328 2329
f 2331 2332 2328
f 2333 2334 2332
f 2335 2336 2334
f 2337 2338 2339
f 2340 2341 2339
f 2342 2337 2318
f 2316 2315 2322
f 2343 2234 2232
f 2344 2345 2346
f 2348 2349 2350
f 2352 2353 2354
f 2351 2350 2356
f 2358 2359 2345
f 2360 2346 2345
f 2362 2306 2305
f 2361 2305 2312
f 2363 2364 2365
f 2367 2363 2366
f 2369 2367 2368
f 2371 2372 2373
f 2372 2371 2375
f 2377 2378 2374
f 2379 2307 2306
f 2380 2379 2362
f 2381 2382 2379
f 2383 2381 2380
f 2384 2380 2359
f 2357 2356 2385
f 2386 2385 2387
f 2382 2311 2307
f 2288 2287 2301
f 2298 2295 2297
f 2389 2369 2370
f 2362 2361 2345
f 2391 2392 2393
f 2395 2396 2397
f 2399 2400 2396
f 2401 2402 2403
f 2404 2403 2405
f 2355 2354 2402
f 2407 2408 2409
f 2411 2412 2413
f 2411 2415 2416
f 2335 2417 2418
f 2419 2420 2421
f 2423 209 208
f 2425 2426 2427
f 2429 2430 2431
f 2433 2434 2435
f 2437 2438 2439
f 2441 2442 2443
f 2445 2446 2447
f 2376 2375 2449
f 2439 2438 2450
f 2448 2447 2426
f 2451 2452 2446
f 2453 2454 2455
f 2408 2457 2458
f 2394 2393 2400
f 2396 2459 2460
f 2461 2462 2393
f 2400 2393 2462
f 2463 2459 2396
f 2464 2465 2466
f 2468 2469 2467
f 2470 2471 2469
f 2423 2424 2472
f 2443 258 257
f 2474 2475 2476
f 263 264 2475
f 2478 2479 2480
f 2482 2483 2484
f 2481 2482 2485
f 2486 2480 2479
f 2486 2487 2488
f 2490 2491 2492
f 2494 2484 2483
f 2496 2497 2498
f 2499 2498 2494
f 2500 2501 2502
f 2504 2505 2506
f 2508 2506 2505
f 2510 2511 2512
f 2513 2514 2515
f 2516 2517 2518
f 2520 2521 2506
f 2522 2523 2515
f 2524 2525 2523
f 2526 2527 2528
f 2530 2531 2532
f 2533 2534 2535
f 2536 2521 2537
f 2539 2537 2521
f 2534 2540 2541
f 2542 2543 2531
f 2544 2545 2546
f 2540 2548 2549
f 2542 2530 2535
f 2551 2552 2553
f 2555 2553 2552
f 2557 2547 2546
f 2558 2559 2560
f 2548 2561 2562
f 2550 2535 2541
f 2564 2565 2543
f 2542 2550 2566
f 2567 2568 2569
f 2554 2553 2568
f 2571 2568 2553
f 2572 2569 2568
f 2573 2574 2575
f 2561 2577 2578
f 2563 2541 2549
f 2550 2563 2580
f 2579 2549 2562
f 2562 2578 2582
f 2563 2579 2583
f 2579 2581 2584
f 2571 2585 2586
f 2587 2588 2589
f 2591 2592 2593
f 2595 2596 2593
f 2588 2597 2598
f 2599 2600 2601
f 2603 2604 2605
f 2602 2601 2607
f 2605 2609 2610
f 2611 2599 2602
f 2613 2614 2615
f 2617 2618 2619
f 2621 2622 2620
f 2623 2624 2625
f 2627 2628 2616
f 2612 2602 2608
f 2630 2631 2632
f 2634 2635 2636
f 2638 2639 2640
f 2642 2643 2644
f 2617 2644 2643
f 2646 2647 2630
f 2648 2649 2631
f 2650 2651 2652
f 2641 2640 2654
f 2635 2634 2656
f 2658 2659 2660
f 2662 2663 2664
f 2647 2666 2648
f 2667 2668 2653
f 2651 2669 2670
f 2671 2672 2673
f 2675 2676 2677
f 2677 2679 2680
f 2681 2682 2672
f 2683 2684 2685
f 2660 2683 2686
f 2652 2670 2687
f 2688 2689 2690
f 2688 2692 2693
f 2669 2694 2695
f 2696 2697 2698
f 2700 2701 2702
f 2703 2702 2676
f 2674 2673 2699
f 2704 2705 2706
f 2708 2709 2710
f 2689 2693 2712
f 2689 2713 2714
f 2670 2695 2715
f 2716 2717 2718
f 2691 2690 2716
f 2720 2721 2722
f 2724 2725 2726
f 2728 2729 2730
f 2684 2730 2729
f 2713 2732 2733
f 2734 2735 2717
f 2690 2714 2734
f 2736 2737 2738
f 2740 2741 2742
f 2744 2745 2746
f 2747 2746 2721
f 2727 2726 2743
f 2748 2728 2731
f 2750 2751 2752
f 2754 2755 2223
f 2705 2756 2757
f 2663 2623 2626
f 2714 2733 2758
f 2759 2735 2734
f 2737 2760 2761
f 2762 2763 2764
f 2739 2738 2762
f 2766 2767 2768
f 2770 2748 2749
f 2223 2755 2772
f 2760 2773 2774
f 2775 2776 2763
f 2738 2761 2775
f 2777 2778 2779
f 2781 2782 2783
f 2783 2782 2745
f 2741 2740 2778
f 2785 2786 2787
f 2769 2789 2790
f 2791 2776 2775
f 2761 2774 2792
f 2793 2794 2795
f 2764 2763 2795
f 2780 2779 2797
f 2799 2800 2781
f 2801 2802 2803
f 2805 2806 2807
f 2809 2461 2392
f 2804 2803 2392
f 2810 2811 2461
f 2812 2813 2814
f 2816 2817 2818
f 2763 2776 2820
f 2796 2795 2820
f 2793 2796 2822
f 2798 2797 2824
f 2826 2827 2828
f 2830 2831 2832
f 2834 2800 2799
f 2836 2809 2803
f 2837 2810 2809
f 2812 2838 2839
f 2816 2840 2841
f 2842 2843 2844
f 2776 2791 2846
f 2821 2820 2846
f 2796 2821 2848
f 2849 2823 2822
f 2851 2852 2853
f 2855 2856 2829
f 2857 2858 2859
f 2861 2862 2863
f 2865 2866 2830
f 2867 2868 2869
f 2871 2872 2873
f 2875 2876 2877
f 2879 2880 2881
f 2842 2883 2884
f 2885 2842 2845
f 2887 2848 2821
f 2850 2822 2848
f 2854 2853 2889
f 2854 2891 2892
f 2893 2894 2895
f 2897 2898 2899
f 2901 2902 2903
f 2905 2906 2907
f 2909 2910 2911
f 2872 2871 2913
f 2876 2875 2915
f 2917 2918 2919
f 2921 2922 2923
f 2885 2925 2883
f 2926 2885 2886
f 2888 2848 2887
f 2890 2889 2929
f 2890 2931 2891
f 2894 2932 2933
f 2934 2935 2936
f 2938 2939 2940
f 2902 2901 2942
f 2944 2945 2906
f 2943 2942 2946
f 2948 2949 2945
f 2923 2922 2950
f 2952 2917 2920
f 2954 2955 2922
f 2926 2956 2925
f 2957 2931 2890
f 2932 2958 2959
f 2960 2961 2935
f 2962 2963 2939
f 2940 2939 2964
f 2965 2964 2966
f 2922 2955 2968
f 2969 2952 2953
f 2971 2955 2954
f 2973 2963 2962
f 2975 2961 2960
f 2939 2963 2977
f 2964 2977 2978
f 2955 2971 2979
f 2980 2662 2665
f 2963 2973 2982
f 2977 2982 2983
f 2707 2984 2985
f 2986 2987 2988
f 2990 2991 2992
f 2994 2990 2993
f 2995 2996 2997
f 2997 2996 2998
f 2463 3000 3001
f 2463 2462 3002
f 2461 2811 3002
f 2351 3003 3004
f 2357 3005 3003
f 2386 3006 3005
f 2388 3007 3006
f 3008 3009 3010
f 2227 2595 2592
f 3012 2228 2592
f 2277 2603 2606
f 2259 2606 2610
f 2274 2621 2619
f 2264 2619 2618
f 2267 2265 2643
f 2643 2265 2261
f 264 801 3013
f 2475 3013 3014
f 2434 3015 3016
f 2502 2516 2519
f 2496 2501 2500
f 3017 3018 2986
f 3019 3020 3018
f 2576 2575 2241
f 3021 3022 3023
f 3025 3026 3027
f 3021 2614 2613
f 3029 3030 3031
f 3030 3033 3034
f 3030 2631 2649
f 3029 2632 2631
f 2666 3035 3036
f 3037 2649 2648
f 3033 2649 3037
f 3033 3038 3039
f 3040 3041 3042
f 3043 3042 3044
f 3046 3047 3024
f 3048 3049 3032
f 3031 3034 3050
f 3034 3039 3051
f 3045 3044 3052
f 2270 2658 2661
f 2661 2686 2279
f 2685 2308 2279
f 2685 2729 2312
f 2360 2312 2729
f 2748 2346 2360
f 2347 2346 2748
f 2348 3004 2767
f 2766 2790 2349
f 2786 2992 2991
f 2808 2807 2353
f 3054 3055 3056
f 3058 3054 3057
f 3059 3060 3061
f 2757 3062 3054
f 3060 3063 3064
f 3063 3065 3066
f 2581 2582 3067
f 2236 2988 2987
f 3015 3068 3069
f 3068 858 859
f 3070 3016 3069
f 2517 2437 3072
f 2517 2516 2438
f 2502 2450 2438
f 2501 2376 2450
f 2496 2372 2376
f 2499 2373 2372
f 3069 859 864
f 2483 3074 2377
f 2373 2499 2495
f 2512 2482 2481
f 2513 2481 2480
f 2486 2522 2514
f 2489 2524 2522
f 2507 2506 2521
f 2490 2526 2529
f 3075 3074 2512
f 2512 3074 2483
f 3076 3077 3078
f 3079 3078 2989
f 3076 2233 2235
f 3079 2230 2233
f 2236 2230 3079
f 2255 2987 3081
f 3080 3082 3077
f 3027 3083 2600
f 3084 2587 2590
f 3026 3086 3083
f 3087 3088 3089
f 3091 3088 3087
f 3092 3019 3017
f 3088 3077 3082
f 3078 3077 3088
f 3091 3017 2989
f 3093 3094 3095
f 3096 3095 3097
f 3098 3097 891
f 3099 3100 3101
f 3094 3103 3104
f 3095 3104 3105
f 3097 3105 899
f 2756 3106 3062
f 2987 2986 3107
f 3108 3109 3026
f 3109 3110 3086
f 3064 3066 2984
f 3111 3112 2593
f 2594 2593 3112
f 2636 2635 2605
f 2635 2657 2609
f 2620 2622 2679
f 2620 2677 2676
f 2676 2702 2644
f 2702 2701 2645
f 2660 2659 2722
f 3102 3101 3114
f 2721 2746 2683
f 3115 3114 3116
f 2746 2745 2684
f 3118 3119 3120
f 2745 2782 2730
f 3119 3093 3096
f 2731 2730 2782
f 2781 2800 2749
f 3121 3120 3122
f 2771 2749 2800
f 3120 3096 3098
f 2769 2768 2831
f 3123 3122 919
f 2830 2866 2789
f 2863 2862 2785
f 2911 2910 2806
f 2907 2906 2802
f 3124 3125 2709
f 3126 3127 3125
f 2945 2836 2802
f 2837 2836 2945
f 3053 3052 3128
f 3130 3131 3050
f 3132 3133 3049
f 3064 2707 2706
f 2757 3058 3061
f 3048 3050 3131
f 3134 3135 2574
f 2986 3018 3136
f 3018 3020 3137
f 3109 3138 3139
f 3020 3140 3141
f 3142 3143 3144
f 3145 3144 3146
f 3148 2624 2623
f 3125 2663 2662
f 3149 3084 3085
f 3127 2623 2663
f 3140 3149 3150
f 2234 3151 3152
f 3151 3075 2511
f 3153 3154 2326
f 3155 3154 3153
f 3157 3075 3151
f 3158 3151 2234
f 3159 3160 2324
f 3159 3161 3162
f 2544 3163 3164
f 3163 2528 2527
f 3165 3166 2552
f 2538 2537 3166
f 2556 2552 3166
f 3167 3166 2537
f 3167 2539 3168
f 2566 3170 3171
f 3172 3059 3057
f 2580 3172 3170
f 3173 3060 3059
f 2583 3173 3172
f 3174 3063 3060
f 2584 3174 3173
f 3067 3175 3174
f 3174 3175 3065
f 2588 2572 2586
f 2510 3176 3152
f 3176 3080 2235
f 3177 3082 3080
f 3177 3176 2510
f 3082 3177 3178
f 3177 2515 2523
f 3089 3178 3179
f 3178 2523 2525
f 3180 3181 3155
f 3171 3182 2565
f 2247 2237 2236
f 2250 2237 2247
f 2367 2369 2340
f 2363 2367 2338
f 2342 2364 2363
f 2340 2369 2389
f 2251 2314 2313
f 2559 3149 3140
f 2570 2569 2587
f 2588 2587 2569
f 2471 2470 3184
f 2582 3186 3187
f 2578 3188 3186
f 3189 3190 3191
f 989 3193 3194
f 3192 3194 3193
f 3195 3191 3190
f 3105 3197 995
f 3104 3198 3197
f 3103 3199 3198
f 3200 3201 3202
f 3187 3186 3204
f 3197 3206 1005
f 3198 3207 3206
f 3199 3208 3207
f 3209 3210 3201
f 3186 3188 3211
f 1005 3206 3193
f 3189 3193 3206
f 3212 3213 3214
f 3214 3213 3216
f 3217 3216 3218
f 3220 3221 3222
f 3224 3225 3226
f 3225 3228 3229
f 3230 3231 3232
f 3231 3230 3234
f 3236 2933 2959
f 3238 2895 2933
f 3239 2896 2895
f 2860 2859 3240
f 3242 2862 2861
f 3244 2785 2862
f 3245 2786 2785
f 3246 2992 2786
f 3247 2993 2992
f 3248 2995 2993
f 3249 2996 2995
f 3250 2998 2996
f 2932 2931 2957
f 2894 2891 2931
f 2893 2892 2891
f 2856 2855 2858
f 2864 2863 2866
f 2866 2863 2788
f 2787 2790 2789
f 2991 2349 2790
f 2990 2350 2349
f 2356 2350 2990
f 2994 2997 2385
f 2385 2997 2999
f 3187 3251 3175
f 3100 3099 3203
f 3205 3252 3251
f 2491 2489 2488
f 2529 2524 2489
f 2529 2528 2525
f 3163 3179 2525
f 2544 3090 3179
f 3090 2544 2547
f 3092 3087 2547
f 2557 2560 3019
f 2560 3140 3020
f 2559 2570 3084
f 2558 2567 2570
f 2558 2546 2554
f 2545 2551 2554
f 3164 3165 2551
f 3164 2527 2538
f 2526 2536 2538
f 2490 2507 2536
f 2507 2490 2493
f 3253 3254 2310
f 3255 3256 3257
f 3259 3260 3261
f 3263 3259 3262
f 3265 3266 3261
f 3260 3255 3258
f 3267 3268 3269
f 3270 3269 2381
f 3271 3272 2388
f 3273 3274 3275
f 3272 3271 3277
f 3274 3273 2406
f 3279 3280 2398
f 3281 3282 3283
f 3268 3283 3284
f 3283 3285 3286
f 3287 3288 3289
f 3291 3281 3268
f 3278 3277 3292
f 3276 3275 3294
f 3296 3297 3298
f 3300 3301 3302
f 3304 3305 3306
f 3308 3309 3310
f 3311 3310 3312
f 3314 3315 3287
f 3316 3287 3290
f 3269 3284 2382
f 3284 3286 2311
f 3318 3319 3320
f 3322 3323 3318
f 3324 3325 3319
f 3318 3323 3326
f 3327 3328 3329
f 3331 3332 3333
f 3335 3336 3337
f 3334 3333 3339
f 3341 3342 3343
f 3343 3336 3335
f 3349 3350 3351
f 3266 3353 3351
f 3327 3359 3360
f 3329 3361 3362
f 3363 3364 3365
f 3366 3369 3370
f 3371 3372 3373
f 3375 3376 3377
f 3377 3376 3379
f 3350 3262 3261
f 3381 3353 3266
f 3258 3257 3383
f 3264 3262 3350
f 3384 3385 3386
f 3388 3323 3322
f 3390 3391 3385
f 3392 3393 3394
f 3395 3394 3396
f 3398 3399 3400
f 3400 3399 3402
f 3313 3312 3391
f 3322 3321 3404
f 3389 3322 3315
f 3405 3326 3323
f 3401 3400 3411
f 3400 3403 3413
f 3414 3415 3416
f 3418 3419 3415
f 3422 3423 3424
f 3426 3427 3428
f 3430 3431 3379
f 3432 3433 3429
f 3434 3435 3432
f 3436 3437 3438
f 3440 3441 3442
f 3444 3445 3446
f 3446 3448 3449
f 3286 3253 2309
f 3315 3404 3288
f 3307 3306 3450
f 3452 3453 3399
f 3301 3454 3455
f 3456 3457 3458
f 3460 3454 3301
f 3461 3462 3457
f 3458 3463 3464
f 3459 3458 3419
f 3457 3465 3463
f 3466 3465 3457
f 3298 3297 3467
f 3402 3399 3453
f 3302 3301 3453
f 3451 3450 3393
f 3469 3430 3470
f 3470 3430 3376
f 3439 3438 3472
f 3475 3434 3428
f 3280 3279 3297
f 3335 3334 3340
f 3338 3331 3334
f 3333 3476 3477
f 3332 3478 3476
f 3480 3481 3482
f 3360 3370 3369
f 3476 3327 3330
f 3478 3359 3327
f 3340 3485 3341
f 3487 3415 3419
f 3488 3489 3490
f 3374 3373 3490
f 3492 3416 3415
f 3493 3494 3495
f 3434 3475 3472
f 3438 3437 3435
f 3444 3442 3441
f 3497 3498 3441
f 3499 3500 3498
f 3501 3502 3500
f 3503 3504 3502
f 3505 3506 3507
f 2465 2464 3509
f 3488 3511 3423
f 3511 3488 3373
f 3510 3509 3506
f 3512 3513 2999
f 3514 3515 3513
f 3515 3514 3516
f 3518 3519 3520
f 3520 3519 3522
f 3524 3525 3523
f 3524 3526 3527
f 3527 3526 3528
f 3403 3414 3417
f 3402 3418 3414
f 3455 3459 3418
f 3454 3456 3459
f 3461 3456 3454
f 3467 3532 3533
f 3272 3534 3007
f 3278 3535 3534
f 3293 3536 3535
f 3311 3537 3538
f 3313 3539 3537
f 3390 3540 3539
f 3384 3541 3540
f 3387 3542 3541
f 3380 3379 3545
f 3545 3547 3548
f 3545 3549 3550
f 3379 3431 3549
f 3473 3472 3551
f 3475 3553 3551
f 3431 3430 3469
f 3555 3512 2998
f 3556 3514 3512
f 3557 3516 3514
f 3558 3519 3518
f 3560 3522 3519
f 3561 3524 3522
f 3562 3526 3524
f 3563 3528 3526
f 3513 3271 2387
f 3515 3277 3271
f 3277 3515 3517
f 3521 3520 3310
f 3310 3520 3523
f 3525 3391 3312
f 3527 3385 3391
f 3385 3527 3529
f 3567 3381 3265
f 3290 3289 3282
f 3317 3290 3281
f 3308 3538 3536
f 3293 3292 3309
f 3517 3521 3309
f 3516 3518 3521
f 3559 3518 3516
f 3295 3294 3305
f 3298 3300 3303
f 3460 3300 3298
f 3533 3461 3460
f 3533 3494 3462
f 3493 3466 3462
f 3508 3507 3504
f 3282 3568 3285
f 3289 3569 3568
f 3321 3320 3570
f 3404 3570 3571
f 3288 3571 3569
f 3572 2300 2286
f 2286 2285 3574
f 2285 2268 3575
f 2268 2267 3576
f 2267 2642 3577
f 2642 2645 3578
f 3578 2645 2701
f 2701 2700 3580
f 2697 2696 3581
f 2718 2717 3583
f 2717 2735 3585
f 2735 2759 3586
f 3587 3588 3589
f 3320 3319 3591
f 2284 2266 2268
f 3591 3593 3594
f 3592 3594 3595
f 3592 3596 3570
f 3596 3595 3597
f 3596 3598 3571
f 3585 3586 2773
f 2737 3583 3585
f 2736 3584 3583
f 3582 3581 2725
f 2723 2722 3579
f 3579 2722 2659
f 2658 3577 3578
f 2270 3576 3577
f 2269 3575 3576
f 3574 3575 2269
f 2283 2296 3573
f 3573 2296 2299
f 3569 3571 3598
f 3569 3599 3600
f 3599 3601 3602
f 3598 3597 3601
f 3600 3603 3285
f 3600 3602 3604
f 3553 3475 3427
f 3431 3554 3550
f 3028 3027 2599
f 3605 2532 2531
f 2531 2543 3607
f 3608 2508 2509
f 2508 3608 3610
f 3611 3612 3613
f 3615 3616 3617
f 3607 2543 2565
f 2520 3610 3168
f 3620 3621 3616
f 3215 3214 3622
f 3214 3217 3624
f 3217 3219 3625
f 3223 3222 3626
f 3227 3226 3628
f 3229 3630 3628
f 3182 3631 3619
f 3632 3633 3634
f 3636 3148 3127
f 3635 3626 3629
f 3637 3627 3626
f 2624 3638 3639
f 3628 3630 3148
f 3062 3640 3055
f 3106 3641 3640
f 3630 3638 2624
f 3231 3639 3638
f 3613 3041 3040
f 3251 3642 3065
f 3252 3643 3642
f 3644 3645 3623
f 3646 3647 3648
f 3620 3648 3649
f 3650 3651 3645
f 3647 3652 3653
f 3648 3653 3654
f 3633 3655 3656
f 3657 3658 3651
f 3652 3659 3660
f 3653 3660 3661
f 3662 3637 3635
f 3663 3662 3634
f 3655 3664 3665
f 3666 3667 3658
f 3659 3668 3669
f 3660 3669 3670
f 3671 3663 3656
f 3664 3672 3673
f 3642 3674 3066
f 3643 3675 3674
f 3674 3676 2984
f 3675 3677 3676
f 3678 3679 3117
f 3680 3681 3118
f 3121 3123 3682
f 2709 2662 2980
f 3683 3671 3665
f 3684 2980 2981
f 2711 2710 3686
f 2984 3676 3688
f 3684 3686 2710
f 3672 3689 3690
f 3690 3691 3683
f 3677 3692 3688
f 3693 3694 3695
f 3694 3693 3697
f 3699 3695 3694
f 3700 3694 3698
f 3702 3703 2751
f 3704 3705 3706
f 3708 3705 3704
f 3705 3710 3711
f 3710 3705 3708
f 3696 3695 3686
f 3687 3686 3695
f 3707 3706 3690
f 3706 3711 3691
f 3710 3713 3714
f 3711 3714 3715
f 3716 3683 3691
f 3683 3716 3717
f 3671 3717 3718
f 3663 3718 3719
f 3662 3719 3720
f 3637 3720 3625
f 3712 3721 3713
f 3659 3658 3667
f 3652 3651 3658
f 3647 3645 3651
f 3646 3623 3645
f 2225 2224 3712
f 3709 2754 2225
f 3701 3698 3703
f 3722 3723 2694
f 2651 3724 3722
f 2650 3725 3724
f 3726 3727 2639
f 2637 2636 3728
f 3728 2636 2604
f 2603 3731 3730
f 2277 3732 3731
f 3349 3336 3343
f 3352 3337 3336
f 3733 3734 3723
f 3722 3724 3735
f 3724 3725 3736
f 3727 3726 3737
f 3729 3728 3113
f 3113 3728 3730
f 3731 2591 2594
f 3732 3012 2591
f 3342 3263 3264
f 3696 3684 3685
f 3697 3693 3741
f 3743 3744 3745
f 3747 3743 3746
f 3744 3703 3698
f 3703 3744 3743
f 3747 2752 2751
f 2224 3749 3721
f 2220 1551 1550
f 2772 1552 1551
f 2753 2752 1554
f 1555 1554 2752
f 1556 1555 3747
f 918 1557 3682
f 3122 3098 890
f 3745 3744 3697
f 3489 3488 3422
f 3751 3750 3422
f 3446 3752 3753
f 3445 3754 3752
f 3752 3755 3756
f 3500 3757 3754
f 3445 3441 3498
f 3147 3146 3758
f 3759 3758 3760
f 3761 3760 3762
f 3603 3604 3254
f 3603 3253 3286
f 3764 3765 3750
f 2413 2412 3765
f 3766 3767 3768
f 3765 3770 3771
f 2412 2416 3770
f 2415 3772 3773
f 3774 3775 2294
f 3594 3593 3775
f 3254 3776 2298
f 3594 3774 3777
f 3595 3777 3778
f 3597 3778 3779
f 3602 3780 3781
f 3601 3779 3780
f 3604 3781 3776
f 3777 3774 2293
f 3778 3777 2292
f 3779 3778 2301
f 3781 3780 3572
f 3780 3779 2300
f 3776 3781 2299
f 3782 3783 3784
f 3783 3786 3787
f 3786 3788 3789
f 3790 3791 3792
f 3784 3794 3795
f 3787 3796 3794
f 3797 3798 3799
f 3791 3790 3801
f 1611 1612 3185
f 2915 1614 1613
f 2950 1616 1615
f 2979 1618 1617
f 2913 1620 1619
f 2968 1617 1616
f 3799 1621 1622
f 1622 1624 3803
f 3788 3793 3792
f 3804 3791 3802
f 3806 3797 3800
f 3789 3807 3796
f 3791 3804 3808
f 3183 3809 2341
f 3810 3811 3812
f 2318 2339 3813
f 3812 3814 2341
f 3814 3813 2339
f 3815 2221 1550
f 2459 3001 3817
f 3818 3819 3820
f 3821 3822 3823
f 3111 3824 3825
f 3826 3827 3828
f 3830 3823 3822
f 3113 3112 3825
f 3829 3828 3738
f 3736 3831 3822
f 3735 3822 3821
f 3821 3820 3734
f 3832 3773 3772
f 3834 3835 3836
f 3838 3839 3840
f 3762 3760 3839
f 3836 3835 3842
f 3844 3845 3846
f 3848 3849 3835
f 3839 3850 3851
f 3760 3758 3850
f 3835 3849 3852
f 3842 3852 3845
f 3845 3853 3854
f 3848 3855 3856
f 3850 3857 3858
f 3758 3146 3857
f 3849 3856 3859
f 3852 3859 3853
f 3860 3854 3853
f 3862 3856 3855
f 3858 3857 3864
f 3864 3857 3146
f 3866 3859 3856
f 3861 3853 3859
f 3861 3867 3868
f 3863 3869 3870
f 3864 3871 3872
f 3144 3143 3871
f 3862 3870 3873
f 3866 3873 3867
f 3874 3875 3876
f 3877 3876 3773
f 3843 3842 3844
f 3878 3844 3847
f 3880 3881 3847
f 3881 3880 3882
f 3883 3880 3846
f 3880 3883 3884
f 3885 3883 3854
f 3485 3884 3883
f 3886 3887 2454
f 3496 3495 3887
f 3882 3477 3330
f 3884 3339 3477
f 3340 3339 3884
f 3888 3889 3875
f 3362 3361 3890
f 3482 3481 3889
f 3881 3890 3879
f 3891 3885 3860
f 3885 3891 3341
f 3892 3891 3868
f 3891 3892 3342
f 3892 3894 3263
f 3894 3892 3893
f 3896 3894 3895
f 3894 3896 3259
f 3898 3896 3897
f 3896 3898 3260
f 3900 3898 3899
f 3898 3900 3255
f 3873 3902 3903
f 3870 3904 3902
f 3869 3905 3904
f 3871 3906 3907
f 3143 3768 3906
f 3142 3769 3768
f 2251 2254 2365
f 2364 2342 2314
f 2342 2317 2315
f 2320 2322 2315
f 2322 2320 2326
f 3154 3159 2323
f 3154 3155 3161
f 3181 3908 3161
f 2329 2328 2452
f 2332 2446 2452
f 2446 2332 2334
f 2447 2334 2336
f 2427 2426 2336
f 2420 2431 2430
f 2442 2472 2424
f 2424 208 258
f 3910 3906 3768
f 3907 3906 3910
f 3912 3904 3905
f 3914 3902 3904
f 2244 2242 3915
f 3916 3915 3917
f 3919 3920 3921
f 3922 3921 2226
f 3924 3900 3901
f 3900 3924 3256
f 2732 2713 2712
f 3927 3928 2258
f 3929 3928 3927
f 3928 3931 2278
f 3928 3929 3932
f 3923 2226 2229
f 3934 3903 3902
f 2242 2241 3935
f 3915 3935 3936
f 3937 3938 3921
f 3921 3938 2227
f 2241 2575 3939
f 3935 3939 3940
f 3937 3941 3942
f 3938 3942 2595
f 2575 2574 3943
f 3939 3943 3944
f 3941 3945 3946
f 3942 3946 2596
f 3943 3947 3948
f 3949 3950 3946
f 3946 3950 3111
f 3951 3950 3949
f 3950 3951 3824
f 3948 3947 3953
f 3955 3956 3957
f 3958 3957 3959
f 3959 3961 3962
f 3962 3961 3823
f 3956 3963 3964
f 3957 3964 3965
f 3965 3966 3961
f 3961 3966 3818
f 3963 3967 3968
f 3964 3968 3969
f 3970 3966 3965
f 3966 3970 3819
f 3867 3903 3893
f 3139 3138 3135
f 3132 3956 3955
f 3132 3131 3963
f 3967 3963 3131
f 3129 3128 3971
f 2954 2952 2969
f 2921 2917 2952
f 2924 2918 2917
f 2873 2868 2867
f 2880 2879 2878
f 3973 3008 3011
f 3975 3976 3008
f 3467 3976 3975
f 2329 3181 3180
f 3908 3181 2329
f 3977 3909 2452
f 3909 3977 3978
f 3162 3161 3908
f 3972 3971 3979
f 3980 3979 3981
f 3981 3983 3984
f 3984 3983 3985
f 3986 3985 3987
f 3987 3989 3990
f 3990 3989 3991
f 3992 3991 3993
f 3993 3995 3996
f 3995 3997 3998
f 3999 4000 4001
f 4001 4000 4003
f 4005 4006 4007
f 4009 4010 4011
f 4007 4006 4010
f 4011 4013 4014
f 4013 4015 4016
f 4017 4018 4019
f 4021 4022 4023
f 4019 4025 4026
f 4027 4028 4029
f 4031 4032 4033
f 4033 4032 4035
f 4036 4035 4037
f 4023 4039 4040
f 4026 4025 4022
f 4004 4003 4041
f 4043 4044 4045
f 4046 4045 4005
f 4047 4048 4049
f 4050 4049 4044
f 4041 4048 4047
f 4051 2389 2390
f 4051 4053 3183
f 3789 3792 3808
f 2927 2886 4054
f 2886 2845 4056
f 2845 2844 4057
f 2815 2814 4058
f 2390 3761 3763
f 2370 3759 3761
f 2368 3147 3759
f 2366 3145 3147
f 2365 3142 3145
f 2254 3769 3142
f 3766 3769 2254
f 2248 2243 2245
f 2256 2240 2243
f 3081 2576 2240
f 3107 2573 2576
f 3136 3134 2573
f 3139 3134 3136
f 3139 3137 3141
f 3110 3141 3150
f 3086 3150 3085
f 2590 2600 3083
f 2601 2600 2590
f 2607 2601 2589
f 3232 3229 3228
f 3638 3630 3229
f 2456 2455 4060
f 4053 3810 3809
f 3483 3482 3361
f 3888 3890 3361
f 3890 3888 3874
f 3877 3878 3879
f 3832 3843 3878
f 3833 3836 3843
f 4062 3837 3836
f 4063 3838 3841
f 4065 3762 3838
f 4066 3763 3762
f 4052 3763 4066
f 4051 4052 4067
f 4069 4053 4051
f 4069 4070 3810
f 4071 4072 4070
f 4074 4075 4071
f 4076 4075 4074
f 4078 4079 4080
f 4082 4083 4084
f 4082 1909 1908
f 3811 3810 4070
f 3483 3369 3366
f 3366 3365 4086
f 3329 3328 3369
f 3773 3876 3770
f 3876 3875 3771
f 3889 4087 3771
f 3481 4088 4087
f 4086 4088 3481
f 4087 3489 3750
f 1611 3184 4089
f 2470 4090 4089
f 4090 2470 2468
f 2456 4061 2468
f 2453 2456 2466
f 3510 3886 2453
f 3505 3496 3886
f 3508 3493 3496
f 3503 3466 3493
f 3501 3465 3466
f 3465 3501 3499
f 3463 3499 3497
f 3440 3487 3464
f 3443 3492 3487
f 3473 4091 4092
f 3552 4093 4091
f 3471 3470 4094
f 3375 4096 4094
f 3590 3371 3374
f 3491 3588 3587
f 3491 4086 3365
f 3490 4088 4086
f 3489 4087 4088
f 3364 3589 3588
f 2556 4099 4100
f 2555 4100 2585
f 3167 3169 4099
f 4101 4102 4103
f 4105 4106 4102
f 3234 4106 4105
f 4104 4103 3631
f 3170 3057 3056
f 3467 3297 3279
f 4107 3279 2397
f 3001 2408 2407
f 3001 3000 2457
f 2953 2925 2956
f 2920 2883 2925
f 2919 2884 2883
f 2869 2839 2838
f 2882 2881 2841
f 3009 2407 2410
f 4108 4107 2460
f 3009 4108 3817
f 4108 3976 3467
f 3009 3008 3976
f 3209 3200 3204
f 3200 3203 3205
f 3203 3099 3252
f 3099 3102 3643
f 3102 3115 3675
f 3115 3117 3677
f 3692 3677 3117
f 3696 3740 3741
f 3116 3118 3681
f 3114 3119 3118
f 3101 3093 3119
f 3100 3094 3093
f 3202 3103 3094
f 3201 3199 3103
f 3210 3208 3199
f 3618 3617 3612
f 2666 3213 3212
f 2647 3216 3213
f 2646 3218 3216
f 2627 3221 3220
f 2629 2608 3225
f 2607 3228 3225
f 3233 3228 2607
f 3230 3233 2598
f 2597 2586 3234
f 2586 2585 4106
f 4100 4102 4106
f 4099 4103 4102
f 3169 3631 4103
f 3169 3168 3619
f 3168 3610 3607
f 3610 3608 3606
f 3606 3608 3609
f 4109 4110 3667
f 3668 4111 4112
f 3669 4112 4113
f 3667 4110 4111
f 4114 4115 4112
f 4115 4116 4113
f 4115 4117 4118
f 4114 4119 4117
f 4120 4121 4122
f 4123 4122 4124
f 4123 4126 4127
f 4126 4128 4129
f 4130 4131 4128
f 2222 4132 3749
f 3207 3208 3190
f 3210 3196 3190
f 2577 4133 3188
f 4134 3211 3188
f 3196 4135 4134
f 3210 3209 4135
f 4135 3209 3211
f 3324 3408 3816
f 3566 3382 3381
f 3382 3354 3353
f 3353 3354 3345
f 3352 3351 3345
f 3346 3347 3337
f 3348 3338 3337
f 3348 3356 3331
f 3356 3355 3332
f 3355 3479 3478
f 3357 3359 3478
f 3359 3357 3358
f 3484 3370 3360
f 3368 3367 3364
f 3367 4097 3589
f 4097 4098 3590
f 3377 3372 3371
f 3380 3511 3372
f 3511 3380 3546
f 3424 3423 3546
f 3432 3447 3449
f 3435 3444 3447
f 3437 3442 3444
f 3436 3443 3442
f 3474 3492 3443
f 3474 3421 3416
f 3417 3416 3421
f 3420 3409 3413
f 3411 3413 3409
f 3410 3486 3412
f 3564 3530 3528
f 3529 3528 3530
f 3386 3529 3531
f 3565 3544 3387
f 3544 3543 3542
f 3407 3406 3326
f 3406 3408 3324
f 3371 3590 4098
f 3375 3378 4098
f 3436 3439 4092
f 2221 3815 4132
f 4136 1964 1963
f 4137 1963 1966
f 4139 4140 4141
f 4143 4144 4142
f 4145 4146 4144
f 4128 4131 4136
f 4129 4128 4137
f 4146 4145 4147
f 1977 1978 4148
f 4119 4124 4122
f 4117 4122 4121
f 4139 4149 4150
f 4151 4152 4150
f 4151 4110 4109
f 4125 4130 4126
f 4151 4114 4111
f 4119 4114 4151
f 4119 4149 4139
f 4142 4125 4124
f 4142 4144 4130
f 4144 4146 4131
f 4148 4136 4131
f 4148 1978 1964
f 3484 3368 3363
f 3567 4154 4153
f 3383 4155 4154
f 3257 4156 4155
f 3256 4157 4156
f 3924 4158 4157
f 4158 3924 3925
f 3927 2276 2291
f 2257 2273 2276
f 2260 2274 2273
f 2610 2621 2274
f 2609 2622 2621
f 2657 2679 2622
f 2680 2679 2657
f 2655 2654 2682
f 2668 2667 2693
f 2667 2687 2712
f 2687 2715 3926
f 3998 3997 3999
f 1990 263 2474
f 4160 2474 2477
f 4162 2433 2436
f 4164 4165 2440
f 4166 2440 2439
f 4167 2439 2449
f 4168 2449 2375
f 4169 2375 2371
f 4170 2371 2374
f 4171 2374 2378
f 4172 2378 3075
f 3074 3075 2378
f 4173 2637 3729
f 4174 3729 3739
f 3825 4176 4175
f 3824 4177 4176
f 3047 3108 3025
f 3024 3025 3028
f 3021 3028 2611
f 2615 2614 2611
f 2615 2612 2629
f 2627 2629 3224
f 3221 3224 3227
f 3222 3227 3629
f 2915 2914 1619
f 2872 2914 2915
f 2873 2872 2875
f 2879 2868 2873
f 2868 2879 2882
f 2869 2882 2840
f 2813 2839 2840
f 2816 2819 2814
f 2814 2819 4178
f 4179 2948 2944
f 4180 2944 2905
f 4181 2905 2908
f 4183 4184 2909
f 2861 4185 4186
f 4185 2861 2864
f 4187 2864 2865
f 4189 4188 2865
f 2832 4190 4189
f 2799 4191 4192
f 4191 2799 2784
f 2783 4194 4193
f 4194 2783 2744
f 4195 2744 2747
f 4196 2747 2720
f 4197 2720 2723
f 4198 2723 3580
f 2700 4200 4199
f 4201 4200 2700
f 4201 2703 2675
f 4202 2675 2678
f 2680 4204 4203
f 4205 4204 2680
f 2634 4206 4205
f 4206 2634 2637
f 2628 2646 2633
f 3220 3218 2646
f 3219 3218 3220
f 3219 3223 3627
f 3632 3629 3628
f 3126 3633 3632
f 3124 3655 3633
f 2708 3664 3655
f 2711 3672 3664
f 3687 3689 3672
f 3699 3707 3689
f 3700 3704 3707
f 3709 3704 3700
f 3702 2754 3709
f 2755 2754 3702
f 2753 2772 2755
f 1553 1552 2772
f 2913 2951 1615
f 2923 2951 2913
f 2924 2923 2871
f 2867 2918 2924
f 2918 2867 2870
f 2838 2884 2919
f 2843 2884 2838
f 2812 2815 2844
f 2844 2815 4059
f 2942 2965 2967
f 2901 2940 2965
f 2941 2940 2901
f 2937 2936 2897
f 2859 2896 3239
f 2858 2893 2896
f 2855 2892 2893
f 2851 2892 2855
f 2827 2852 2851
f 2797 2823 2849
f 2779 2793 2823
f 2778 2794 2793
f 2740 2764 2794
f 2765 2764 2740
f 2726 2739 2765
f 2725 2736 2739
f 3581 3584 2736
f 2696 2718 3584
f 2719 2718 2696
f 2673 2691 2719
f 2672 2688 2691
f 2682 2692 2688
f 2654 2668 2692
f 2640 2653 2668
f 2639 2650 2653
f 3727 3725 2650
f 3725 3727 3738
f 3828 3831 3736
f 3827 3830 3831
f 4207 3962 3830
f 3960 3962 4207
f 4209 3958 3960
f 4210 3955 3958
f 4211 3133 3955
f 3049 3133 4211
f 3049 3046 3023
f 3022 3029 3032
f 2613 2632 3029
f 2633 2632 2613
f 4212 3045 3053
f 4213 3053 3129
f 4214 3129 3972
f 4215 3972 3980
f 4216 3980 3982
f 3984 4218 4217
f 4218 3984 3986
f 4219 3986 3988
f 3990 4221 4220
f 4221 3990 3992
f 4222 3992 3994
f 3996 4224 4223
f 3998 4225 4224
f 4225 3998 4002
f 4001 4227 4226
f 4227 4001 4004
f 4228 4004 4042
f 4047 4230 4229
f 4230 4047 4050
f 4231 4050 4043
f 4232 4043 4046
f 4233 4046 4008
f 4007 4235 4234
f 4235 4007 4009
f 4236 4009 4012
f 4014 4238 4237
f 4239 4238 4014
f 4240 4017 4020
f 4026 4242 4241
f 4242 4026 4021
f 4243 4021 4024
f 4245 4244 4024
f 4029 4246 4247
f 4033 4248 4249
f 4248 4033 4036
f 4250 4036 4038
f 2083 1977 4147
f 4145 4253 4252
f 4254 4253 4145
f 4254 4143 4141
f 4140 4256 4255
f 4150 4257 4256
f 4152 4258 4257
f 4109 4259 4258
f 4260 4259 4109
f 4261 4260 3666
f 4262 4261 3657
f 4263 4262 3650
f 3624 4263 3644
f 3646 3620 3615
f 4264 3615 3618
f 4266 4265 3618
f 4266 3611 3614
f 3040 4268 4267
f 4268 3040 3043
f 4269 3043 3045
f 3720 4263 3624
f 3719 4262 4263
f 3718 4261 4262
f 3717 4260 4261
f 3716 4259 4260
f 4259 3716 3715
f 3714 4257 4258
f 3713 4256 4257
f 3721 4255 4256
f 3749 4254 4255
f 4132 4253 4254
f 3815 4252 4253
f 2083 4252 3815
f 2979 4270 2102
f 4271 4270 2979
f 4272 4271 2971
f 2969 4273 4272
f 4273 2969 2970
f 2956 4275 4274
f 4276 4275 2956
f 2926 2927 4277
f 4277 2927 4055
f 2982 4250 4251
f 2973 4248 4250
f 4249 4248 2973
f 4247 4246 2975
f 2959 4244 4245
f 2958 4243 4244
f 2957 4242 4243
f 4241 4242 2957
f 2929 4240 4241
f 2887 4238 4239
f 4237 4238 2887
f 2846 4236 4237
f 2791 4235 4236
f 4234 4235 2791
f 2774 4233 4234
f 2773 4232 4233
f 3586 4231 4232
f 2759 4230 4231
f 4229 4230 2759
f 2733 4228 4229
f 2732 4227 4228
f 4226 4227 2732
f 2715 4225 4226
f 2695 4224 4225
f 2694 4223 4224
f 3723 4222 4223
f 3734 4221 4222
f 3820 4220 4221
f 3819 4219 4220
f 3970 4218 4219
f 4217 4218 3970
f 3968 4216 4217
f 3967 4215 4216
f 4214 4215 3967
f 4214 3130 3051
f 3039 4212 4213
f 3038 4269 4212
f 3037 4268 4269
f 4267 4268 3037
f 3035 4266 4267
f 3212 4265 4266
f 4264 4265 3212
f 4264 3215 3623
f 4028 4031 4034
f 4249 4246 4029
f 4246 4249 2974
f 2962 2961 2975
f 2961 2962 2938
f 2935 2938 2941
f 2936 2941 2904
f 2898 2897 2904
f 2908 2909 4184
f 2907 2910 2909
f 2910 2907 2801
f 2806 2801 2804
f 2353 2807 2804
f 2353 2391 2394
f 2402 2354 2394
f 2402 2399 2395
f 2403 2395 2398
f 3280 3274 2405
f 3274 3280 3296
f 3275 3296 3299
f 3303 3305 3294
f 3302 3306 3305
f 3306 3302 3452
f 3450 3452 3398
f 3393 3398 3401
f 3394 3401 3412
f 3486 4279 3396
f 3543 3407 3405
f 3542 3405 3388
f 3541 3388 3389
f 3540 3389 3314
f 3539 3314 3316
f 3537 3316 3317
f 3538 3317 3291
f 3536 3291 3267
f 3535 3267 3270
f 3534 3270 2383
f 3007 2383 2384
f 3006 2384 2358
f 3005 2358 2344
f 3003 2344 2347
f 3004 2347 2770
f 2767 2770 2771
f 2768 2771 2834
f 2831 2834 2835
f 4192 4190 2832
f 2825 2824 2827
f 2849 2852 2827
f 2852 2849 2850
f 2853 2850 2888
f 2889 2888 2928
f 4239 4240 2929
f 4017 4240 4239
f 4015 4018 4017
f 3397 3563 3562
f 3395 3562 3561
f 3392 3561 3560
f 3451 3560 3558
f 3307 3558 3559
f 3304 3559 3557
f 3295 3557 3556
f 3276 3556 3555
f 3273 3555 3250
f 2406 3250 3249
f 2404 3249 3248
f 2401 3248 3247
f 2355 3247 3246
f 2352 3246 3245
f 2808 3245 3244
f 2805 3244 3242
f 2911 3242 3243
f 4186 4183 2912
f 3241 3240 2900
f 3239 2937 2900
f 2937 3239 3238
f 2934 3238 3236
f 2960 3236 3237
f 4245 4247 2976
f 4030 4247 4245
f 4039 4027 4030
f 3397 4280 3564
f 4279 4280 3397
f 3532 3495 3494
f 3532 3975 3887
f 2455 2454 3973
f 3973 2454 3887
f 2409 2458 4281
f 2410 2409 4282
f 3010 2410 4283
f 3011 3010 4284
f 3974 3011 4285
f 2455 3974 4286
f 4282 4287 4288
f 4289 4284 4283
f 4284 4289 4290
f 4285 4290 4291
f 4286 4291 4292
f 4293 4294 4295
f 4297 4298 4296
f 4298 4297 4299
f 4300 4299 4301
f 4303 4295 4294
f 4305 4297 4295
f 4306 4299 4297
f 4307 4301 4299
f 4308 4309 4292
f 4308 2144 2143
f 2145 2148 4310
f 4311 4310 4301
f 4312 4310 2148
f 4310 4312 4302
f 4287 4293 4296
f 4298 4289 4288
f 4289 4298 4300
f 4290 4300 4302
f 4312 4308 4291
f 2150 2144 4308
f 4282 4281 4313
f 4287 4313 4314
f 4293 4314 4315
f 2458 2457 4316
f 3000 3002 4316
f 4281 2458 4317
f 4294 4315 4318
f 4317 4316 4319
f 3002 2811 4319
f 4313 4317 4320
f 4320 4319 4321
f 2811 2810 4321
f 4314 4320 4322
f 4322 4321 4323
f 2810 2837 4323
f 4315 4322 4324
f 4058 2967 2966
f 4059 2966 2978
f 4057 2978 2983
f 4055 4038 4037
f 4054 4251 4038
f 4056 2983 4251
f 2947 2946 4178
f 4326 2949 2948
f 4327 2948 4179
f 4178 2946 2967
f 2143 1913 4089
f 4292 4309 4089
f 4292 4090 4061
f 4326 4323 2837
f 4318 4329 4330
f 4331 4324 4323
f 4303 4304 4330
f 2145 4311 4333
f 4311 4307 4334
f 4307 4306 4335
f 4336 4305 4303
f 4306 4305 4336
f 4318 4324 4331
f 4333 4337 2178
f 4337 4333 4334
f 4338 4334 4335
f 4339 4335 4336
f 4340 4336 4332
f 4330 4342 4341
f 4329 4343 4342
f 4343 4329 4331
f 4337 4345 2186
f 4345 4337 4338
f 4346 4338 4339
f 4347 4339 4340
f 4348 4340 4341
f 4342 4350 4349
f 4343 4351 4350
f 4351 4343 4344
f 4344 4331 4326
f 2819 2818 4325
f 4352 4344 4327
f 3754 3757 3755
f 3502 4353 3757
f 3757 4353 4354
f 4354 4355 3756
f 4353 3782 3785
f 4354 3785 3795
f 4353 3502 3504
f 3507 3783 3782
f 3506 3786 3783
f 3786 3506 3509
f 3788 3509 2464
f 3073 3016 3070
f 3072 2435 3016
f 4165 2436 2435
f 4163 2436 4165
f 4357 2430 2429
f 4359 2421 2430
f 2422 2421 4359
f 4081 4080 4361
f 3797 3806 3805
f 3801 3798 3797
f 2517 3073 4356
f 2440 4165 3072
f 2427 4357 4358
f 4359 4357 2427
f 2417 4360 4359
f 4362 4361 4076
f 3790 3793 2464
f 3801 3790 2467
f 2471 3798 3801
f 3799 3798 2471
f 1612 1621 3799
f 2574 3135 3947
f 3138 3953 3947
f 3138 4363 4364
f 3138 3109 3108
f 4363 4365 4366
f 4363 3108 3047
f 4365 4211 4210
f 3047 3046 4211
f 4177 3826 3829
f 4175 4176 3829
f 3726 4174 4175
f 4173 4174 3726
f 4206 4173 2638
f 4206 2641 2655
f 4205 2655 2681
f 4203 4204 2681
f 4203 2671 2674
f 4202 2674 2698
f 2697 4200 4201
f 4200 2697 3582
f 4198 4199 3582
f 4198 2724 2727
f 4197 2727 2742
f 2741 4195 4196
f 4195 2741 2777
f 4193 4194 2777
f 4191 4193 2780
f 4192 4191 2798
f 4190 4192 2825
f 4189 4190 2826
f 2856 4188 4189
f 4187 4188 2856
f 4187 2857 2860
f 4186 4185 2860
f 4183 4186 3241
f 2898 4184 4183
f 4182 4184 2898
f 2902 4181 4182
f 4181 2902 2943
f 4180 2943 2947
f 4328 4179 2947
f 4352 4328 4325
f 4351 4352 2818
f 2841 4350 4351
f 2881 4349 4350
f 2880 4348 4349
f 4347 4348 2880
f 2876 4346 4347
f 4345 4346 2876
f 1613 2186 4345
f 4209 4367 4366
f 4208 4368 4367
f 4207 4369 4368
f 3827 3826 4369
f 3841 3837 4062
f 3840 3834 3837
f 3851 3848 3834
f 3858 3855 3848
f 3863 3855 3858
f 3872 3869 3863
f 3907 3905 3869
f 3913 3905 3907
f 3918 3917 3920
f 3936 3937 3920
f 3940 3941 3937
f 3944 3945 3941
f 3948 3949 3945
f 3949 3948 3954
f 3824 3951 4370
f 4370 4369 3826
f 3951 3952 4371
f 4371 4368 4369
f 4368 4371 4372
f 4372 4364 4366
f 3954 4372 4371
f 3953 4364 4372
f 4373 4374 3931
f 4374 4375 2278
f 4375 3732 2277
f 4376 3012 3732
f 2229 2228 3012
f 3933 3934 3914
f 3923 3914 3912
f 3922 3912 3913
f 3919 3913 3911
f 3910 3916 3918
f 3916 3910 3767
f 3766 2245 2244
f 2249 2245 3766
f 2246 2249 2253
f 2313 2250 2246
f 2250 2313 2316
f 2239 2316 2321
f 2238 2321 2324
f 3160 3158 2343
f 3162 3157 3158
f 3157 3162 3978
f 3977 4171 4172
f 4170 4171 3977
f 4170 2451 2445
f 4169 2445 2448
f 4168 2448 2425
f 4166 4167 2425
f 4358 4164 4166
f 2429 4163 4164
f 4163 2429 2432
f 4161 2441 2444
f 257 1990 4160
f 3934 3895 3893
f 2229 4376 4377
f 3895 3934 4378
f 3934 3933 4377
f 3682 1557 1556
f 3746 3680 3682
f 3745 3681 3680
f 3678 3681 3745
f 3741 3679 3678
f 3740 3692 3679
f 3692 3740 3685
f 2981 2985 3688
f 2665 2704 2985
f 2664 2705 2704
f 2626 2756 2705
f 2625 3106 2756
f 3639 3641 3106
f 2413 4355 3795
f 4355 2413 3764
f 3756 3764 3751
f 3448 3753 3751
f 3424 3449 3448
f 3433 3449 3424
f 3547 3429 3433
f 3550 3426 3429
f 3554 3553 3426
f 3469 3551 3553
f 3552 3551 3469
f 4093 3552 3471
f 4154 3325 3816
f 4155 3319 3325
f 4156 3591 3319
f 4157 3593 3591
f 4158 3775 3593
f 3775 4158 4159
f 4159 3930 2291
f 3925 3929 3930
f 3901 3932 3929
f 3899 4373 3932
f 4376 4375 4374
f 4377 4374 4373
f 4373 3899 3897
f 3182 3171 3056
f 4104 3056 3055
f 4101 3055 3640
f 4105 3640 3641
f 3235 3641 3639
f 1602 195 4379
f 2414 3795 3794
f 195 194 4381
f 2411 2414 4380
f 194 199 4383
f 2415 2411 4382
f 199 1581 4385
f 3772 2415 4384
f 4385 1581 1655
f 3772 4386 4062
f 1604 1603 4379
f 3794 3796 4388
f 4387 4379 4381
f 4380 4388 4390
f 4389 4381 4383
f 4382 4390 4392
f 4391 4383 4385
f 4384 4392 4394
f 4393 4385 1884
f 4386 4394 4064
f 1887 1888 4395
f 1886 1885 4397
f 1885 1887 4396
f 1888 1889 4398
f 4398 1889 1890
f 4400 4068 4067
f 4066 4065 4402
f 4063 4064 4394
f 4065 4063 4404
f 4067 4066 4403
f 4396 4395 4405
f 4403 4402 4407
f 4393 4397 4409
f 4397 4396 4406
f 4404 4394 4392
f 4402 4404 4410
f 4406 4405 4411
f 4408 4407 4413
f 4391 4409 4415
f 4409 4406 4412
f 4410 4392 4390
f 4407 4410 4416
f 4412 4411 4417
f 4414 4413 4419
f 4389 4415 4421
f 4415 4412 4418
f 4416 4390 4388
f 4413 4416 4422
f 4418 4417 1625
f 4420 4419 3808
f 4387 4421 1628
f 4421 4418 1629
f 4422 4388 3796
f 4419 4422 3807
f 4395 4398 4423
f 4401 4403 4408
f 4405 4423 4425
f 4424 4408 4414
f 4411 4425 4427
f 4426 4414 4420
f 4417 4427 4429
f 4428 4420 3804
f 4423 4398 4399
f 4432 4400 4401
f 4432 4424 4426
f 4423 4431 4434
f 4435 4429 4427
f 4430 4437 4438
f 4436 4427 4425
f 4428 4438 4433
f 2202 1902 4439
f 4081 4362 4441
f 1899 2202 4440
f 4362 4077 4444
f 4441 4444 4433
f 4442 4441 4438
f 4440 4439 4435
f 4443 4440 4436
f 4077 4074 4445
f 1896 1899 4443
f 1893 1896 4446
f 4074 4073 4448
f 1892 1893 4447
f 4073 4070 4069
f 4447 4446 4431
f 4445 4448 4400
f 4444 4445 4432
f 4446 4443 4434
f 1891 4447 4399
f 4448 4069 4068
f 4449 4450 4451
f 4450 4453 4454
f 4455 4449 4452
f 4453 4457 4458
f 4454 4458 3806
f 4451 4454 3803
f 4452 4451 1624
f 4456 4452 1623
f 1627 1626 4459
f 3805 3806 4458
f 4459 1626 1625
f 4430 3804 3805
f 4430 4460 4461
f 4459 4429 4435
f 4463 4464 4449
f 4464 4465 4450
f 4465 4466 4453
f 4466 4467 4457
f 1905 1904 4464
f 1904 1909 4465
f 1909 4082 4466
f 4082 4085 4467
f 4463 4455 4462
f 4457 4467 4469
f 4455 4456 4459
f 4458 4457 4461
f 4085 4084 4079
f 2473 2472 2420
f 2472 2442 2431
f 2432 2431 2442
f 4162 2432 2441
f 4161 2477 2433
f 2477 2476 2434
f 2476 3014 3015
f 3013 3068 3015
f 3013 801 858
f 800 856 858
f 800 802 803
f 261 218 803
f 260 219 218
f 1992 1993 219
f 215 1993 1992
f 216 215 226
f 256 202 216
f 255 203 202
f 1905 1901 1900
f 4463 4468 1901
f 4469 4467 4085
f 1902 1901 4468
f 4078 4081 4442
f 4439 4468 4462
f 4469 4442 4437
f 4470 109 108
f 100 107 4472
f 4474 4475 4476
f 4478 4479 4474
f 4480 4474 4477
f 4482 4483 4484
f 4486 4487 4488
f 4490 4486 4489
f 4484 4483 4492
f 4494 4495 4496
f 4498 4499 4500
f 4502 4494 4497
f 4504 4505 4506
f 4508 4509 4510
f 4500 4512 4513
f 116 201 4514
f 204 4516 4517
f 4519 4520 4521
f 4523 4524 4518
f 4525 4519 4522
f 4520 4527 4528
f 4521 4529 4530
f 4528 4531 4529
f 203 4532 4516
f 4515 4533 4534
f 4536 4535 4534
f 4538 4539 4536
f 4540 4541 4539
f 4540 4542 4543
f 4544 4545 4546
f 4545 4548 4511
f 4548 4549 4508
f 4550 4526 4522
f 4505 4551 4552
f 4553 4554 4555
f 4543 4542 4557
f 4559 4490 4491
f 4510 4560 4546
f 4560 4561 4547
f 4500 4499 4562
f 4500 4563 4564
f 4505 4504 4565
f 4505 4566 4567
f 4568 4554 4553
f 4570 4571 4554
f 206 4572 4573
f 4572 206 209
f 4554 4571 4575
f 4576 949 952
f 4472 107 949
f 4578 4579 4580
f 4582 4583 4578
f 4584 4585 4586
f 4588 4589 4585
f 4590 4591 4592
f 4594 4590 4593
f 4596 4597 4598
f 4597 4600 4601
f 976 4602 4577
f 4603 4583 4582
f 4605 4594 4595
f 4587 4586 4607
f 4609 4596 4599
f 4611 4584 4587
f 4587 4608 4613
f 4588 4584 4611
f 4515 4514 4615
f 4543 4558 4487
f 4541 4543 4486
f 4539 4541 4490
f 4536 4539 4559
f 112 4559 4471
f 4535 4536 112
f 4515 4535 114
f 4616 4617 4618
f 4524 4523 4620
f 4622 4525 4526
f 4534 4533 4624
f 4537 4534 4625
f 4538 4537 4626
f 4540 4538 4627
f 4542 4540 4628
f 4544 4547 4630
f 4557 4542 4629
f 4547 4561 4633
f 4533 4615 4634
f 4550 4635 4623
f 4636 4480 4481
f 4627 4626 4638
f 4625 4624 4640
f 4626 4625 4641
f 4642 4636 4637
f 4619 4618 4644
f 4632 4629 4646
f 4648 4649 4644
f 4646 4629 4628
f 4650 4628 4627
f 4621 4620 4651
f 4653 4622 4623
f 4631 4630 4655
f 4630 4633 4657
f 4623 4635 4658
f 4624 4634 4659
f 4660 4653 4654
f 4641 4640 4662
f 4638 4641 4663
f 4652 4651 4665
f 4640 4659 4667
f 4668 4642 4643
f 4645 4644 4670
f 4647 4646 4672
f 4649 4674 4670
f 4656 4655 4675
f 4655 4657 4677
f 4654 4658 4678
f 4679 4668 4669
f 4662 4667 4681
f 4673 4672 4683
f 4674 4685 4686
f 4670 4686 4687
f 4682 4681 4688
f 4683 4690 4691
f 4684 4683 4692
f 4685 4694 4695
f 4687 4686 4695
f 4697 4679 4680
f 4699 4697 4698
f 4696 4695 4701
f 4693 4692 4703
f 4691 4705 4703
f 4694 4706 4701
f 4688 4707 4708
f 4702 4701 4709
f 4706 4711 4709
f 4712 4699 4700
f 4704 4703 4714
f 4703 4705 4716
f 4707 4717 4718
f 4710 4709 4719
f 4715 4714 4721
f 4714 4716 4723
f 4717 4724 4725
f 4726 4712 4713
f 4711 4728 4719
f 4724 4729 4730
f 4721 4723 4731
f 4722 4721 4732
f 4728 4734 4735
f 4720 4719 4735
f 4737 4726 4727
f 4639 4638 4664
f 4650 4639 4739
f 4646 4650 4740
f 4672 4740 4690
f 4663 4662 4682
f 4664 4663 4741
f 4739 4664 4742
f 4740 4739 4743
f 4691 4690 4743
f 4705 4691 4744
f 4716 4705 4745
f 4723 4716 4746
f 4731 4723 4747
f 4749 4748 4747
f 4750 4747 4746
f 4751 4746 4745
f 4752 4745 4744
f 4743 4742 4753
f 4754 4749 4750
f 4755 4750 4751
f 4756 4751 4752
f 4757 4752 4753
f 4758 4753 4742
f 4758 4741 4682
f 4757 4758 4689
f 4756 4757 4708
f 4755 4756 4718
f 4754 4755 4725
f 4759 1895 1894
f 1897 4761 4762
f 1907 4763 4764
f 4765 4763 1907
f 4766 4767 1900
f 4582 4594 4605
f 4581 4590 4594
f 4591 4590 4581
f 4759 4761 1897
f 1894 1633 4768
f 1633 1632 4769
f 100 4473 4770
f 4769 1632 1635
f 4771 1635 1634
f 4473 4772 4773
f 4473 4472 4774
f 4771 4770 4773
f 4769 4771 4775
f 4768 4769 4776
f 4760 4768 4777
f 4774 4472 4576
f 4779 4576 4577
f 4780 4577 4602
f 4782 4470 4471
f 4783 4782 4491
f 4775 4773 4784
f 4772 4786 4784
f 4772 4774 4787
f 4787 4774 4779
f 4788 4779 4780
f 4789 4780 4781
f 4776 4775 4785
f 4777 4776 4791
f 4778 4777 4792
f 4593 4793 4794
f 4593 4592 4792
f 4606 4595 4794
f 4793 4796 4797
f 4793 4792 4791
f 4795 4794 4797
f 4799 4783 4489
f 4800 4789 4790
f 4802 4788 4789
f 4787 4788 4802
f 4558 4557 4803
f 4804 4803 4617
f 4487 4558 4804
f 4806 4804 4805
f 4488 4487 4806
f 4808 4806 4807
f 4799 4488 4808
f 4800 4801 4811
f 4802 4800 4812
f 4786 4802 4813
f 4810 4808 4809
f 4812 4811 4815
f 4785 4784 4813
f 4796 4791 4785
f 4812 4816 4817
f 4796 4817 4816
f 4797 4816 4815
f 4818 4819 4820
f 4820 4822 4823
f 4822 4824 4825
f 4824 4814 4809
f 4823 4825 4826
f 4825 4809 4807
f 4475 4482 4485
f 4509 4502 4503
f 4512 4564 4565
f 4512 4504 4507
f 4827 4826 4828
f 4826 4807 4805
f 4823 4827 4476
f 4827 4829 4477
f 4484 4493 4818
f 4821 4823 4485
f 4499 4498 4830
f 4562 4499 4831
f 4496 4495 4833
f 4492 4835 4836
f 4493 4492 4837
f 4818 4493 4838
f 4648 4618 4617
f 4617 4616 4828
f 4839 4840 4616
f 4841 4839 4619
f 4842 4841 4645
f 4843 4842 4671
f 4844 4843 4687
f 4845 4844 4696
f 4846 4845 4702
f 4847 4846 4710
f 4848 4847 4720
f 4616 4840 4829
f 4637 4481 4840
f 4643 4637 4839
f 4669 4643 4841
f 4680 4669 4842
f 4698 4680 4843
f 4700 4698 4844
f 4713 4700 4845
f 4727 4713 4846
f 4738 4727 4847
f 4840 4481 4477
f 4632 4647 4649
f 4685 4674 4673
f 4694 4685 4684
f 4706 4694 4693
f 4711 4706 4704
f 4728 4711 4715
f 4734 4728 4722
f 4557 4632 4648
f 4730 4729 4849
f 4848 4736 4851
f 4738 4848 4852
f 4854 4737 4738
f 4735 4734 4851
f 4732 4731 4855
f 4749 4754 4857
f 4732 4856 4858
f 4851 4734 4733
f 4855 4731 4748
f 4754 4730 4850
f 4852 4851 4858
f 4853 4852 4859
f 4861 4854 4853
f 4859 4858 4856
f 4860 4859 4862
f 4860 4863 4864
f 4857 4850 4863
f 4862 4856 4855
f 4863 4850 4849
f 4830 4613 4608
f 4832 4831 4608
f 4834 4833 4609
f 4837 4836 4865
f 4838 4837 4603
f 4819 4838 4604
f 4820 4819 4605
f 4606 4795 4822
f 4795 4798 4824
f 4798 4815 4814
f 4810 4814 4815
f 4801 4799 4810
f 4790 4783 4799
f 4781 4782 4783
f 4602 4470 4782
f 4602 976 109
f 4866 4676 4675
f 4661 4678 4868
f 4870 4660 4661
f 4665 4871 4872
f 4869 4868 4873
f 4875 4870 4869
f 4872 4871 4876
f 4675 4677 4878
f 4867 4878 4879
f 4880 4879 4881
f 4882 4881 4883
f 4885 4866 4867
f 4886 4885 4880
f 4874 4873 4887
f 4889 4875 4874
f 4877 4876 4890
f 4886 4882 4884
f 4888 4887 4893
f 4895 4889 4888
f 4891 4890 4896
f 4884 4883 4898
f 4892 4884 4899
f 4894 4893 4901
f 4903 4895 4894
f 4897 4896 4904
f 4899 4898 4906
f 4905 4904 4908
f 4910 4903 4902
f 4902 4901 4912
f 4913 4900 4899
f 4913 4907 4906
f 4911 4912 4915
f 4904 4903 4910
f 4896 4895 4903
f 4890 4889 4895
f 4876 4875 4889
f 4871 4870 4875
f 4665 4660 4870
f 4651 4653 4660
f 4620 4622 4653
f 4523 4525 4622
f 4523 4517 4519
f 4517 4516 4520
f 4516 4532 4527
f 4573 4572 4571
f 4571 4572 4574
f 4910 4911 4916
f 4909 4908 4910
f 4913 4914 4915
f 4900 4913 4912
f 4892 4900 4901
f 4886 4892 4893
f 4885 4886 4887
f 4866 4885 4873
f 4676 4866 4868
f 4656 4676 4678
f 4631 4656 4658
f 4544 4631 4635
f 4545 4544 4550
f 4548 4545 4530
f 4531 4549 4548
f 4551 4567 4569
f 4552 4551 4553
f 4649 4647 4673
f 4592 4591 4918
f 4580 4919 4918
f 4919 4580 4579
f 4600 4921 4922
f 4588 4923 4924
f 4923 4588 4614
f 4778 4918 4759
f 4918 4919 4761
f 4920 4762 4761
f 4922 4921 4767
f 4924 4923 4763
f 4763 4923 4925
f 204 4518 4926
f 4927 4926 4518
f 4928 4927 4524
f 4929 4928 4621
f 4930 4929 4652
f 4931 4930 4666
f 4932 4931 4872
f 4933 4932 4877
f 4934 4933 4891
f 4897 4905 4935
f 4936 4935 4905
f 4909 4917 4937
f 4917 4916 4938
f 4916 4915 4939
f 4914 4940 4939
f 4906 4941 4940
f 4898 4942 4941
f 4883 4943 4942
f 4881 4944 4943
f 4879 4945 4944
f 4878 4946 4945
f 4677 4947 4946
f 4657 4948 4947
f 4633 4949 4948
f 4478 4949 4633
f 4561 4560 4479
f 4560 4510 4950
f 4503 4951 4950
f 4497 4952 4951
f 4952 4497 4496
f 4836 4835 4496
f 4865 4836 4834
f 4599 4953 4865
f 4598 4954 4953
f 4601 4955 4954
f 4601 4922 4956
f 4957 4956 4922
f 2203 4957 4766
f 4514 201 2201
f 4615 4514 4926
f 4634 4615 4927
f 4659 4634 4928
f 4667 4659 4929
f 4681 4667 4930
f 4688 4681 4931
f 4707 4688 4932
f 4717 4707 4933
f 4724 4717 4934
f 4729 4724 4935
f 4849 4729 4936
f 4938 4864 4849
f 4939 4861 4864
f 4940 4854 4861
f 4941 4737 4854
f 4942 4726 4737
f 4943 4712 4726
f 4944 4699 4712
f 4945 4697 4699
f 4946 4679 4697
f 4947 4668 4679
f 4948 4642 4668
f 4949 4636 4642
f 4478 4480 4636
f 4475 4474 4479
f 4951 4482 4475
f 4483 4482 4951
f 4492 4483 4952
f 4953 4583 4603
f 4954 4578 4583
f 4579 4578 4954
f 4920 4579 4955
f 4957 4762 4920
f 1898 4762 4957
f 4958 4959 2327
f 2319 4960 4961
f 4962 4963 4964
f 4966 4967 4962
f 4967 4969 4963
f 4970 4971 4972
f 4974 4975 4976
f 4978 4979 4975
f 4973 4972 4980
f 4982 4983 4984
f 4986 4498 4501
f 4984 4988 4989
f 4990 4507 4506
f 4992 4993 4994
f 4987 4501 4513
f 2335 4997 4998
f 2422 4999 5000
f 5002 5003 5004
f 5006 5000 4999
f 5008 5009 5003
f 5005 5004 5010
f 5004 5003 5012
f 5014 5010 5004
f 5015 2419 2422
f 4997 5016 5017
f 5019 5020 5017
f 5021 5020 5019
f 5023 5021 5022
f 5023 5024 5025
f 5027 5028 5029
f 5030 5029 4994
f 5031 4994 4993
f 5033 5012 5003
f 4991 4506 4552
f 5035 4556 4555
f 5025 5037 5038
f 5039 4959 4979
f 4995 4994 5029
f 5040 5029 5028
f 5042 5043 4986
f 4987 4996 5044
f 4991 5045 5046
f 4991 5034 5047
f 5048 5049 5035
f 5050 5048 5036
f 2423 2473 5052
f 5053 4574 209
f 5036 4555 4575
f 5054 5055 3156
f 4961 5054 3153
f 5056 5057 5058
f 5060 5057 5056
f 5062 5063 5064
f 5066 5062 5065
f 5068 5069 5070
f 5069 5072 5073
f 5074 5075 5076
f 5078 5074 5077
f 3180 3156 5055
f 5081 5082 5060
f 5073 5072 5083
f 5063 5085 5086
f 5075 5087 5088
f 4611 4612 5063
f 5063 4612 4613
f 5066 4614 4611
f 4997 5018 5089
f 5025 4974 4977
f 5024 4978 4974
f 5022 5039 4978
f 5019 2331 5039
f 2331 2327 4959
f 5016 2333 2331
f 4997 2335 2333
f 5090 5091 5092
f 5007 5094 5095
f 5096 5097 5009
f 5017 5098 5099
f 5020 5100 5098
f 5021 5101 5100
f 5023 5102 5101
f 5026 5103 5102
f 5027 5104 5105
f 5038 5106 5103
f 5028 5105 5107
f 5018 5099 5108
f 5033 5009 5097
f 5110 5111 4969
f 5101 5112 5113
f 5098 5114 5115
f 5100 5113 5114
f 5116 5117 5111
f 5091 5118 5119
f 5106 5120 5121
f 5122 5092 5119
f 5121 5124 5102
f 5124 5112 5101
f 5094 5125 5126
f 5127 5128 5097
f 5104 5129 5130
f 5105 5130 5131
f 5097 5128 5132
f 5099 5115 5133
f 5134 5135 5128
f 5114 5136 5137
f 5113 5138 5136
f 5125 5139 5140
f 5115 5137 5141
f 5142 5143 5117
f 5118 5144 5145
f 5120 5146 5147
f 5123 5119 5145
f 5129 5149 5150
f 5130 5150 5151
f 5128 5135 5152
f 5153 5154 5143
f 5137 5155 5156
f 5146 5157 5158
f 5148 5145 5159
f 5145 5144 5161
f 5155 5162 5163
f 5158 5164 5165
f 5157 5167 5164
f 5160 5159 5168
f 5161 5170 5168
f 5171 5172 5154
f 5173 5174 5172
f 5170 5175 5176
f 5167 5177 5178
f 5165 5164 5178
f 5169 5168 5176
f 5163 5162 5181
f 5175 5183 5184
f 5180 5176 5184
f 5186 5187 5174
f 5177 5188 5189
f 5178 5189 5190
f 5182 5181 5191
f 5183 5193 5194
f 5188 5195 5196
f 5189 5196 5197
f 5192 5191 5198
f 5200 5201 5187
f 5185 5184 5194
f 5199 5198 5203
f 5196 5205 5206
f 5195 5207 5205
f 5202 5194 5208
f 5193 5210 5208
f 5211 5212 5201
f 5112 5213 5138
f 5124 5214 5213
f 5121 5147 5214
f 5147 5158 5166
f 5136 5215 5155
f 5138 5216 5215
f 5213 5217 5216
f 5214 5166 5217
f 5165 5218 5217
f 5179 5219 5218
f 5190 5220 5219
f 5197 5221 5220
f 5206 5222 5221
f 5223 5224 5221
f 5224 5225 5220
f 5225 5226 5219
f 5226 5227 5218
f 5217 5218 5227
f 5228 5229 5224
f 5229 5230 5225
f 5230 5231 5226
f 5231 5232 5227
f 5232 5215 5216
f 5232 5162 5155
f 5231 5181 5162
f 5230 5191 5181
f 5229 5198 5191
f 5228 5203 5198
f 4071 5233 5234
f 4075 4076 5235
f 4083 1908 4764
f 5238 4084 4083
f 5239 4080 4079
f 5060 5082 5083
f 5057 5060 5072
f 5068 5058 5057
f 5233 4071 4075
f 4072 5234 5241
f 3811 5241 5242
f 2319 3813 5243
f 5242 5244 3814
f 5244 5243 3813
f 4960 5243 5245
f 4960 5246 5247
f 5244 5248 5245
f 5242 5249 5248
f 5241 5250 5249
f 5234 5251 5250
f 5247 5252 5054
f 5252 5253 5055
f 5253 5254 5080
f 5255 4979 4959
f 5256 4975 4979
f 5248 5257 5258
f 5246 5245 5258
f 5246 5259 5260
f 5260 5261 5252
f 5261 5262 5253
f 5262 5263 5254
f 5249 5264 5257
f 5250 5265 5264
f 5251 5071 5265
f 5070 5073 5266
f 5070 5267 5265
f 5084 5268 5266
f 5267 5266 5269
f 5267 5270 5264
f 5268 5271 5269
f 5272 4976 4975
f 5273 5274 5263
f 5275 5273 5262
f 5260 5259 5275
f 5037 5276 5277
f 5276 5278 5093
f 4977 5279 5276
f 5279 5280 5278
f 4976 5281 5279
f 5281 5282 5280
f 5272 5283 5281
f 5273 5284 5285
f 5275 5286 5284
f 5259 5258 5286
f 5283 5287 5282
f 5284 5288 5289
f 5257 5290 5286
f 5270 5290 5257
f 5284 5286 5290
f 5270 5269 5288
f 5269 5271 5289
f 5291 5292 5293
f 5294 5293 5295
f 5296 5295 5297
f 5298 5297 5282
f 5295 5299 5300
f 5297 5300 5280
f 4965 4964 4971
f 4988 4992 4995
f 4996 4990 5046
f 4996 4513 4507
f 5299 5301 5302
f 5300 5302 5278
f 5295 4971 4964
f 5299 4964 4963
f 5293 5292 4980
f 5293 4972 4971
f 4986 5303 4830
f 5043 5304 5303
f 4982 5305 5306
f 4981 5307 5308
f 4980 5310 5307
f 5292 5291 5310
f 5122 5277 5093
f 5093 5278 5302
f 5311 5091 5090
f 5313 5118 5091
f 5314 5144 5118
f 5315 5161 5144
f 5316 5170 5161
f 5317 5175 5170
f 5318 5183 5175
f 5319 5193 5183
f 5320 5210 5193
f 5090 5302 5301
f 5111 5311 5312
f 5117 5313 5311
f 5143 5314 5313
f 5154 5315 5314
f 5172 5316 5315
f 5174 5317 5316
f 5187 5318 5317
f 5201 5319 5318
f 5212 5320 5319
f 5312 5301 4963
f 5106 5122 5123
f 5160 5157 5146
f 5169 5167 5157
f 5180 5177 5167
f 5185 5188 5177
f 5202 5195 5188
f 5209 5207 5195
f 5038 5277 5122
f 5203 5321 5322
f 5320 5323 5324
f 5212 5325 5323
f 5326 5325 5212
f 5208 5210 5324
f 5205 5327 5328
f 5223 5328 5329
f 5205 5207 5330
f 5324 5330 5207
f 5328 5223 5222
f 5228 5329 5321
f 5323 5331 5330
f 5325 5332 5331
f 5333 5332 5325
f 5331 5334 5327
f 5332 5335 5334
f 5332 5333 5336
f 5329 5334 5335
f 5334 5329 5328
f 5335 5336 5322
f 4830 5303 5085
f 5304 5086 5085
f 5305 5088 5087
f 5307 5081 5337
f 5310 5082 5081
f 5291 5083 5082
f 5084 5083 5291
f 5084 5294 5296
f 5268 5296 5298
f 5271 5298 5287
f 5283 5285 5289
f 5274 5285 5283
f 5263 5274 5272
f 5254 5263 5256
f 5080 5254 5255
f 5080 4958 2330
f 5338 5339 5150
f 5135 5340 5341
f 5342 5340 5135
f 5140 5139 5343
f 5340 5345 5346
f 5347 5345 5340
f 5343 5348 5349
f 5150 5339 5350
f 5339 5351 5352
f 5351 5353 5354
f 5353 5355 5356
f 5357 5351 5339
f 5358 5353 5351
f 5345 5359 5360
f 5361 5359 5345
f 5348 5362 5363
f 5358 5364 5355
f 5359 5365 5366
f 5367 5365 5359
f 5362 5368 5369
f 5355 5370 5371
f 5364 5372 5370
f 5365 5373 5374
f 5375 5373 5365
f 5368 5376 5377
f 5370 5378 5379
f 5376 5380 5381
f 5382 5383 5373
f 5373 5383 5384
f 5385 5378 5370
f 5385 5386 5379
f 5383 5387 5388
f 5377 5381 5382
f 5369 5377 5375
f 5363 5369 5367
f 5349 5363 5361
f 5344 5349 5347
f 5140 5344 5342
f 5126 5140 5134
f 5095 5126 5127
f 5006 5095 5096
f 5006 5008 5002
f 5000 5002 5005
f 5001 5005 5011
f 5052 5050 5051
f 5051 4575 4574
f 5382 5389 5387
f 5380 5389 5382
f 5385 5384 5388
f 5372 5374 5384
f 5364 5366 5374
f 5358 5360 5366
f 5357 5346 5360
f 5338 5341 5346
f 5149 5152 5341
f 5129 5132 5152
f 5104 5109 5132
f 5027 5033 5109
f 5030 5012 5033
f 5031 5013 5012
f 5032 5014 5013
f 5034 5035 5049
f 4552 4556 5035
f 5123 5148 5146
f 5390 5068 5071
f 5058 5068 5390
f 5391 5392 5059
f 5393 5078 5079
f 5066 5067 5395
f 5396 4925 4614
f 5233 5390 5251
f 5390 5233 5236
f 5392 5391 5236
f 5394 5239 5240
f 5395 5238 5237
f 5237 4764 4925
f 2422 4360 5397
f 5398 5007 4999
f 5399 5094 5007
f 5400 5125 5094
f 5401 5139 5125
f 5402 5343 5139
f 5403 5348 5343
f 5404 5362 5348
f 5405 5368 5362
f 5368 5405 5406
f 5407 5380 5376
f 5380 5407 5408
f 5389 5408 5409
f 5387 5409 5410
f 5386 5388 5410
f 5379 5386 5411
f 5371 5379 5412
f 5356 5371 5413
f 5354 5356 5414
f 5352 5354 5415
f 5350 5352 5416
f 5151 5350 5417
f 5131 5151 5418
f 5107 5131 5419
f 4966 5041 5107
f 5041 4966 4968
f 5040 4968 5421
f 4989 4995 5421
f 4985 4989 5422
f 4982 4985 5423
f 5308 5305 4982
f 5337 5088 5305
f 5076 5088 5337
f 5077 5076 5424
f 5079 5077 5425
f 5079 5426 5427
f 5428 5239 5394
f 4361 4080 5239
f 4998 5397 4360
f 5089 5398 5397
f 5108 5399 5398
f 5133 5400 5399
f 5141 5401 5400
f 5156 5402 5401
f 5163 5403 5402
f 5182 5404 5403
f 5192 5405 5404
f 5199 5406 5405
f 5204 5407 5406
f 5322 5408 5407
f 5409 5408 5322
f 5410 5409 5336
f 5411 5410 5333
f 5412 5411 5326
f 5413 5412 5211
f 5414 5413 5200
f 5415 5414 5186
f 5416 5415 5173
f 5417 5416 5171
f 5418 5417 5153
f 5419 5418 5142
f 5420 5419 5116
f 4966 5420 5110
f 4965 5421 4968
f 5422 5421 4965
f 4973 5423 5422
f 5309 5423 4973
f 5424 5337 5081
f 5425 5424 5061
f 5059 5426 5425
f 5392 5427 5426
f 5428 5427 5392
f 4076 4361 5428
f 5240 4079 4084
f 5393 5240 5238
f 5067 5078 5393
f 5067 5065 5074
f 5065 5064 5075
f 5064 5086 5087
f 5306 5087 5086
f 4983 5306 5304
f 4984 4983 5043
f 5042 5044 4988
f 5044 5046 4992
f 5046 5045 4993
f 5032 4993 5045
f 5047 5049 5014
f 5048 5010 5014
f 5011 5010 5048
f 5015 5011 5050
f 2473 2419 5015
f 255 4573 4532
f 4527 4532 4573
f 4528 4527 4570
f 4568 4569 4531
f 4567 4549 4531
f 4508 4549 4567
f 4565 4509 4508
f 4564 4502 4509
f 4563 4494 4502
f 4562 4495 4494
f 4833 4495 4562
f 4609 4833 4832
f 4586 4596 4609
f 4585 4597 4596
f 4589 4600 4597
f 4589 4924 4921
f 4767 4921 4924
f 1900 4767 4765
f 5429 5430 5431
f 5433 5430 5429
f 5435 5436 5437
f 5437 5436 5439
f 5430 5433 5439
f 5431 5430 5436
f 5441 5433 5434
f 5443 5429 5432
f 5429 5443 5445
f 5443 5446 5447
f 5446 5443 5444
f 5432 5431 5449
f 5440 5439 5451
f 5433 5441 5451
f 5453 5435 5438
f 5449 5431 5435
f 5455 5441 5442
f 5434 5445 5457
f 5445 5447 5458
f 5459 5460 5461
f 5460 5459 5463
f 5444 5432 5450
f 5448 5444 5465
f 5450 5449 5467
f 5437 5469 5470
f 5471 5469 5437
f 5452 5451 5472
f 5441 5455 5472
f 5474 5453 5454
f 5467 5449 5453
f 5476 5455 5456
f 5442 5457 5478
f 5457 5458 5479
f 5464 5463 5480
f 5459 5482 5483
f 5482 5459 5462
f 5462 5461 5485
f 5465 5450 5468
f 5466 5465 5487
f 5468 5467 5489
f 5491 5492 5493
f 5492 5491 5495
f 5491 5469 5471
f 5469 5491 5494
f 5497 5471 5440
f 5438 5470 5498
f 5472 5499 5500
f 5455 5476 5499
f 5501 5474 5475
f 5489 5467 5474
f 5503 5476 5477
f 5478 5505 5477
f 5478 5479 5506
f 5481 5480 5507
f 5463 5483 5509
f 5483 5482 5510
f 5482 5484 5512
f 5484 5462 5486
f 5486 5485 5514
f 5487 5468 5490
f 5488 5487 5516
f 5496 5495 5518
f 5495 5471 5497
f 5494 5493 5520
f 5470 5494 5521
f 5522 5497 5452
f 5454 5498 5523
f 5499 5524 5525
f 5476 5503 5524
f 5526 5504 5477
f 5526 5505 5506
f 5528 5508 5507
f 5480 5509 5530
f 5509 5483 5511
f 5532 5533 5511
f 5534 5532 5510
f 5484 5513 5535
f 5513 5486 5515
f 265 268 5490
f 5537 5538 5539
f 5538 5537 5541
f 5519 5518 5543
f 5518 5497 5522
f 5521 5520 5545
f 5498 5521 5546
f 5547 5522 5473
f 5475 5523 5548
f 271 270 5501
f 270 265 5489
f 5549 5528 5529
f 5529 5507 5530
f 5530 5509 5531
f 5533 5553 5531
f 5554 5532 5534
f 5532 5554 5556
f 5557 5558 5559
f 5558 5561 5562
f 5563 5534 5512
f 5513 5536 5564
f 268 274 5516
f 274 276 5517
f 5565 5566 5567
f 5566 5569 5570
f 5542 5541 5571
f 5540 5539 5573
f 5543 5575 5576
f 5543 5522 5547
f 5546 5545 5577
f 5523 5546 5578
f 5579 5547 5500
f 5550 5529 5551
f 5551 5530 5552
f 5553 5582 5552
f 5533 5556 5583
f 5584 5557 5560
f 5555 5534 5563
f 5561 5587 5588
f 5589 5563 5535
f 5590 5570 5569
f 5592 5565 5568
f 5572 5571 5594
f 5574 5573 5596
f 5576 5575 5598
f 5598 5575 5547
f 5548 281 271
f 5580 5551 5581
f 5582 5601 5581
f 5553 5583 5602
f 5603 5584 5585
f 5586 5563 5589
f 5587 5606 5607
f 5608 5609 5610
f 5610 5609 5612
f 5614 5590 5591
f 5616 5592 5593
f 5618 5595 5594
f 5597 5596 5620
f 286 285 5578
f 285 281 5548
f 5601 5622 5600
f 5602 5623 5601
f 5624 5603 5604
f 5626 5627 5559
f 5627 5628 5560
f 5628 5627 5629
f 5629 5627 5626
f 5611 5610 5632
f 5634 5632 5610
f 5613 5612 5635
f 5637 5608 5611
f 5615 5639 5640
f 5641 5616 5617
f 5643 5618 5619
f 5623 5645 5622
f 5646 5624 5625
f 5628 5648 5585
f 5648 5628 5630
f 5630 5629 5650
f 5650 5629 5631
f 5653 5626 5562
f 5631 5626 5653
f 5634 5613 5636
f 5638 5611 5633
f 5636 5635 5657
f 5659 5637 5638
f 5661 5640 5639
f 288 287 5621
f 5648 5663 5604
f 5663 5648 5649
f 5649 5630 5651
f 5651 5650 5666
f 5666 5650 5652
f 5652 5631 5654
f 5670 5653 5588
f 5654 5653 5670
f 5672 5655 5636
f 5660 5638 5656
f 5657 5674 5675
f 5676 5659 5660
f 5642 305 304
f 5663 5678 5625
f 5678 5663 5664
f 5664 5649 5665
f 5665 5651 5667
f 5667 5666 5682
f 5682 5666 5668
f 5668 5652 5669
f 5669 5654 5671
f 5687 5670 5607
f 5671 5670 5687
f 5658 5675 5690
f 5677 5660 5673
f 5674 5692 5693
f 5678 5694 5647
f 5694 5678 5679
f 5679 5664 5680
f 5680 5665 5681
f 5681 5667 5683
f 5683 5682 5699
f 5682 5684 5701
f 5684 5668 5685
f 5685 5669 5686
f 5686 5671 5689
f 5695 5679 5696
f 5696 5680 5697
f 5697 5681 5698
f 5698 5683 5700
f 5684 5702 5709
f 5702 5685 5703
f 5703 5686 5704
f 861 5677 5691
f 5705 5696 5706
f 5706 5697 5707
f 5707 5698 5708
f 5715 5700 5699
f 5702 5710 5717
f 5710 5703 5711
f 5712 5706 5713
f 5713 5707 5714
f 5721 5708 5700
f 5722 5723 5724
f 5726 5727 5728
f 5716 5699 5701
f 5710 5718 5731
f 5719 5713 5720
f 5733 5714 5708
f 5725 5724 5734
f 5727 5736 5737
f 5738 5727 5726
f 5740 5741 5723
f 5742 5726 5729
f 5730 5701 5709
f 5732 5720 5745
f 5720 5714 5733
f 5735 5734 5747
f 5736 5749 5750
f 5751 5736 5727
f 5738 5739 5752
f 5739 5726 5742
f 5755 5756 5741
f 5757 5742 5743
f 5744 5709 5717
f 5747 5760 5761
f 5760 5762 5763
f 5764 5765 5766
f 5749 5764 5767
f 5768 5749 5736
f 5751 5738 5753
f 5754 5742 5757
f 5771 5772 5756
f 5773 5757 5758
f 5759 5717 5731
f 5765 5764 5776
f 5764 5749 5768
f 5768 5751 5769
f 5754 5770 5779
f 5770 5757 5773
f 5782 5783 5772
f 5784 5773 5774
f 5778 5786 5776
f 5770 5781 5787
f 5781 5773 5784
f 5781 5788 5789
f 5676 5677 861
f 5662 5639 5618
f 5639 5615 5595
f 5572 5595 5615
f 5542 5572 5591
f 5538 5542 5569
f 5538 5566 5565
f 5539 5565 5592
f 5573 5592 5616
f 5596 5616 5641
f 304 288 5620
f 5644 5619 5576
f 5619 5594 5544
f 5519 5544 5594
f 5496 5519 5571
f 5492 5496 5541
f 5492 5537 5540
f 5493 5540 5574
f 5520 5574 5597
f 5545 5597 5621
f 287 286 5577
f 319 318 5687
f 318 322 5689
f 322 328 5704
f 328 336 5711
f 336 349 5718
f 986 991 5788
f 991 990 5789
f 5675 5693 5790
f 5527 5506 5528
f 5506 5479 5508
f 5481 5508 5479
f 5464 5481 5458
f 5460 5464 5447
f 5460 5446 5448
f 5461 5448 5466
f 5485 5466 5488
f 5514 5488 5517
f 5791 5517 276
f 5786 5792 5777
f 5515 5514 5791
f 278 291 5794
f 5515 5793 5794
f 5688 5607 5606
f 296 5796 5797
f 5536 5794 5797
f 5605 5589 5796
f 5796 5589 5564
f 291 294 5797
f 296 1409 5798
f 1405 319 5688
f 5752 5739 5754
f 986 5784 5785
f 5783 5782 1959
f 5775 5731 365
f 349 365 5731
f 5791 279 278
f 5761 5763 5746
f 5748 5761 5745
f 5735 5748 5733
f 5725 5735 5721
f 5722 5725 5715
f 5740 5722 5716
f 5755 5740 5730
f 5771 5755 5744
f 5782 5771 5759
f 5782 5775 1958
f 5785 5783 993
f 5772 5783 5785
f 5756 5772 5774
f 5741 5756 5758
f 5723 5741 5743
f 5724 5723 5729
f 5734 5724 5728
f 5747 5734 5737
f 5760 5747 5750
f 5762 5760 5767
f 1409 1405 5795
f 5605 5798 5795
f 5586 5605 5606
f 5555 5586 5587
f 5554 5555 5561
f 5554 5558 5557
f 5556 5557 5584
f 5583 5584 5603
f 5603 5624 5623
f 5646 5645 5623
f 5692 5674 5800
f 5674 5657 5801
f 5802 5801 5657
f 5803 5802 5635
f 5804 5803 5612
f 5805 5804 5609
f 5806 5805 5608
f 5807 5806 5637
f 5808 5807 5659
f 860 2197 5808
f 5800 5640 5661
f 5801 5614 5640
f 5802 5590 5614
f 5803 5570 5590
f 5804 5567 5570
f 5568 5567 5804
f 5593 5568 5805
f 5617 5593 5806
f 5642 5617 5807
f 305 5642 5808
f 5809 5810 5811
f 5813 5814 5809
f 5815 5816 5817
f 5817 5819 5820
f 5812 5818 5820
f 5811 5815 5818
f 5821 5822 5814
f 5823 5824 5810
f 5809 5814 5825
f 5823 5825 5826
f 5827 5828 5824
f 5810 5829 5830
f 5819 5831 5832
f 5813 5820 5832
f 5833 5834 5816
f 5830 5833 5815
f 5835 5836 5822
f 5814 5822 5837
f 5825 5837 5838
f 5839 5840 5841
f 5842 5843 5844
f 5824 5845 5829
f 5828 5846 5845
f 5829 5847 5848
f 5817 5816 5849
f 5851 5819 5817
f 5831 5852 5853
f 5821 5832 5853
f 5854 5855 5834
f 5848 5854 5833
f 5856 5857 5836
f 5822 5836 5858
f 5837 5858 5859
f 5843 5860 5861
f 5839 5844 5862
f 5863 5864 5840
f 5840 5865 5866
f 5845 5867 5847
f 5846 5868 5867
f 5847 5869 5870
f 5871 5872 5873
f 5874 5875 5876
f 5871 5876 5851
f 5850 5849 5872
f 5877 5831 5819
f 5816 5834 5878
f 5853 5852 5879
f 5835 5853 5880
f 5881 5882 5855
f 5870 5881 5854
f 5883 5884 5857
f 5858 5836 5857
f 5858 5885 5886
f 5860 5887 5888
f 5844 5861 5889
f 5862 5890 5891
f 5863 5891 5892
f 5864 5893 5865
f 5865 5894 5895
f 5867 5896 5869
f 5868 5897 5896
f 5875 5898 5899
f 5876 5899 5877
f 5872 5900 5901
f 5849 5878 5900
f 5902 5852 5831
f 5834 5855 5903
f 5880 5879 5904
f 5856 5880 5905
f 5906 5885 5857
f 5906 5907 5886
f 5908 5909 5888
f 5861 5888 5910
f 5889 5911 5890
f 5912 5891 5890
f 5914 5892 5891
f 5864 5892 5915
f 5893 5916 5894
f 2478 5870 5869
f 5917 5918 5919
f 5920 5921 5922
f 5898 5923 5924
f 5899 5924 5902
f 5900 5925 5926
f 5878 5903 5925
f 5927 5879 5852
f 5855 5882 5928
f 2484 5882 5881
f 2485 5881 5870
f 5929 5930 5909
f 5909 5931 5910
f 5910 5932 5911
f 5913 5890 5911
f 5934 5935 5914
f 5912 5913 5936
f 5937 5938 5939
f 5940 5939 5941
f 5943 5915 5892
f 5893 5915 5944
f 2479 5869 5896
f 2487 5896 5897
f 5945 5946 5947
f 5948 5947 5949
f 5921 5951 5952
f 5918 5953 5954
f 5924 5923 5955
f 5924 5956 5927
f 5925 5957 5958
f 5903 5928 5957
f 5959 5904 5879
f 5930 5960 5931
f 5931 5961 5932
f 5933 5911 5932
f 5913 5933 5963
f 5964 5965 5938
f 5935 5966 5943
f 5942 5941 5967
f 5969 5944 5915
f 5970 5971 5950
f 5972 5973 5946
f 5951 5974 5975
f 5953 5976 5977
f 5955 5978 5979
f 5979 5959 5927
f 5928 5882 2484
f 5960 5980 5961
f 5962 5932 5961
f 5933 5962 5982
f 5983 5984 5965
f 5966 5985 5969
f 5968 5967 5986
f 5988 5989 5990
f 5990 5992 5993
f 5994 5995 5971
f 5996 5997 5973
f 5998 5999 5975
f 5976 6000 6001
f 2497 5958 5957
f 2498 5957 5928
f 5981 5961 5980
f 5982 5962 5981
f 6004 6005 5984
f 6006 5941 5939
f 6007 5939 5938
f 6008 6009 6010
f 6010 6011 6006
f 5989 5633 5632
f 5634 5992 5990
f 5992 6012 6013
f 6014 6015 5989
f 5995 5994 6016
f 6018 6019 5997
f 6020 6021 5999
f 6003 5981 6002
f 6024 6023 6005
f 6008 5938 5965
f 6025 6026 6009
f 6009 6027 6028
f 6028 6029 6011
f 6030 5967 5941
f 6011 6031 6030
f 5634 5655 6012
f 6015 5656 5633
f 6012 6032 6033
f 6034 6035 6015
f 6036 6037 6017
f 2503 6001 6000
f 6025 5965 5984
f 6038 6039 6026
f 6026 6040 6027
f 6027 6041 6042
f 6042 6043 6029
f 6029 6044 6031
f 6045 5986 5967
f 6031 6046 6045
f 5672 6032 6012
f 6035 5673 5656
f 6033 6032 6047
f 6049 6050 6035
f 6019 6018 2519
f 6038 5984 6005
f 6051 6052 6039
f 6039 6053 6040
f 6040 6054 6041
f 6041 6055 6056
f 6056 6057 6043
f 6043 6058 6044
f 6044 6059 6046
f 6060 6061 5986
f 6046 6062 6060
f 6032 5672 5690
f 6050 5691 5673
f 6048 6047 6063
f 6051 6005 6023
f 6065 6066 6052
f 6052 6067 6053
f 6053 6068 6054
f 6054 6069 6055
f 6055 6070 6071
f 6056 6071 6072
f 6057 6073 6058
f 6058 6074 6059
f 6059 6075 6062
f 6066 6076 6067
f 6067 6077 6068
f 6068 6078 6069
f 6069 6079 6070
f 6057 6072 6080
f 6073 6081 6074
f 6074 6082 6075
f 3071 864 5691
f 6076 6083 6077
f 6077 6084 6078
f 6078 6085 6079
f 6086 6087 6071
f 6073 6080 6088
f 6081 6089 6082
f 6083 6090 6084
f 6084 6091 6085
f 6092 6086 6070
f 6093 6094 6095
f 6097 6098 6099
f 6087 6101 6072
f 6081 6088 6102
f 6090 6103 6091
f 6104 6092 6079
f 6094 6105 6106
f 6100 6099 6107
f 6109 6110 6097
f 6111 6093 6096
f 6113 6114 6098
f 6101 6115 6080
f 6103 6116 6117
f 6091 6117 6104
f 6105 6118 6119
f 6108 6107 6120
f 6122 6109 6100
f 6109 5753 5752
f 6110 6123 6113
f 6124 6111 6112
f 6126 6127 6114
f 6115 6128 6088
f 6119 6118 6129
f 6130 6129 6131
f 6133 6134 6135
f 6121 6120 6134
f 6137 6122 6108
f 6122 5769 5753
f 6123 6138 6126
f 6139 6124 6125
f 6141 6142 6127
f 6128 6143 6102
f 6136 6144 6145
f 6133 6145 6137
f 6137 5778 5769
f 6123 5780 5779
f 6138 6146 6141
f 6147 6139 6140
f 6149 6150 6142
f 5778 6137 6145
f 6138 5779 5787
f 6146 6151 6149
f 6146 5787 5789
f 6049 3070 3071
f 6037 6020 5998
f 6017 5998 5974
f 5951 5971 5995
f 5921 5950 5971
f 5920 5948 5950
f 5920 5919 5945
f 5919 5954 5972
f 5954 5977 5996
f 5977 6001 6018
f 2519 6018 6001
f 6021 5978 5955
f 5999 5955 5923
f 5898 5952 5975
f 5875 5922 5952
f 5874 5917 5922
f 5874 5873 5918
f 5873 5901 5953
f 5901 5926 5976
f 5926 5958 6000
f 2500 6000 5958
f 2532 6061 6060
f 2533 6060 6062
f 2534 6062 6075
f 2540 6075 6082
f 2548 6082 6089
f 3192 6149 6151
f 3194 6151 5789
f 6047 5690 5790
f 5907 5929 5908
f 5886 5908 5887
f 5860 5838 5859
f 5843 5826 5838
f 5842 5827 5826
f 5842 5841 5828
f 5841 5866 5846
f 5866 5895 5868
f 5895 6152 5897
f 6152 2492 2488
f 5786 6145 6144
f 5894 6153 6152
f 2493 6153 6154
f 5894 5916 6154
f 6061 6155 5987
f 2509 2505 6156
f 5916 5944 6156
f 5985 6158 6157
f 6157 6156 5944
f 2504 6154 6156
f 2509 6157 6158
f 3605 6155 6061
f 5752 5780 6123
f 3192 3191 6150
f 6148 3195 4134
f 6143 4133 2577
f 2561 6089 6102
f 6152 6153 2493
f 6129 6117 6116
f 6118 6104 6117
f 6105 6092 6104
f 6094 6086 6092
f 6093 6087 6086
f 6111 6101 6087
f 6124 6115 6101
f 6139 6128 6115
f 6147 6143 6128
f 6147 4134 4133
f 6150 3191 3195
f 6140 6142 6150
f 6125 6127 6142
f 6112 6114 6127
f 6096 6098 6114
f 6095 6099 6098
f 6106 6107 6099
f 6119 6120 6107
f 6130 6134 6120
f 6132 6135 6134
f 3609 6158 6155
f 5985 5987 6155
f 5966 5968 5987
f 5935 5942 5968
f 5934 5940 5942
f 5934 5936 5937
f 5936 5963 5964
f 5963 5982 5983
f 5983 5982 6003
f 6024 6004 6003
f 6064 6159 6160
f 6048 6160 6161
f 6162 6013 6033
f 6163 5993 6013
f 6164 5991 5993
f 6165 5988 5991
f 6166 6014 5988
f 6167 6034 6014
f 6168 6049 6034
f 3070 6049 6168
f 6160 6159 6036
f 6161 6160 6016
f 6162 6161 5994
f 6163 6162 5970
f 6164 6163 5949
f 5946 6165 6164
f 5973 6166 6165
f 5997 6167 6166
f 6019 6168 6167
f 2518 4356 6168
f 6169 6170 6171
f 6172 6171 6173
f 6175 6176 6169
f 6176 6177 6178
f 6174 6179 6175
f 6180 6181 6176
f 6181 6182 6177
f 6179 6183 6180
f 6180 6184 6185
f 6184 6186 6187
f 6182 6188 6189
f 6181 6185 6190
f 6185 6187 6191
f 6192 6193 6186
f 6192 6184 6180
f 6182 6190 6194
f 6190 6191 6195
f 6196 6197 6198
f 6200 6201 6202
f 6204 6198 6197
f 6199 6198 6206
f 6208 6209 6210
f 6211 6212 6213
f 6215 6216 6217
f 6219 6220 6221
f 6223 6224 6225
f 6227 6228 6201
f 6229 6230 6228
f 6205 6231 6232
f 6204 6233 6206
f 6206 6234 6208
f 6235 6236 6237
f 6238 6237 6209
f 6239 6240 6212
f 6241 6242 6243
f 6245 6246 6247
f 6220 6249 6250
f 6226 6225 6251
f 6253 6254 6252
f 6232 6255 6233
f 6256 6257 6258
f 6233 6260 6234
f 6261 6262 6235
f 6208 6234 6261
f 6239 6236 6235
f 6212 6263 6264
f 6265 6247 6246
f 6267 6268 6269
f 6271 6272 6268
f 6273 6274 6275
f 6277 6273 6276
f 6259 6258 6278
f 6255 6280 6260
f 6281 6282 6283
f 6285 6286 6262
f 6260 6285 6261
f 6212 6240 6287
f 6235 6262 6287
f 6242 6288 6289
f 6290 6291 6264
f 6292 6293 6294
f 6270 6269 6296
f 6298 6299 6300
f 6298 6301 6269
f 6298 6268 6272
f 6276 6275 6299
f 6254 6253 6302
f 6278 6304 6305
f 6284 6283 6306
f 6308 6309 6286
f 6280 6308 6285
f 6310 6311 6312
f 6263 6287 6314
f 6286 6314 6287
f 6315 6316 6289
f 6317 6318 6291
f 6246 6319 6320
f 6321 6322 6319
f 6324 6325 6293
f 6301 6300 6326
f 6269 6301 6327
f 6275 6274 6328
f 6307 6306 6330
f 6332 6333 6334
f 6305 6304 6332
f 6313 6312 6336
f 6338 6312 6311
f 6290 6314 6340
f 6309 6340 6314
f 6341 6342 6316
f 6343 6344 6345
f 6344 6343 6347
f 6266 6320 6349
f 6322 6351 6320
f 6352 6353 6322
f 6354 6355 6356
f 6357 6356 6325
f 6358 6359 6360
f 6360 6359 6300
f 6360 6299 6275
f 6362 6363 6364
f 6366 6333 6332
f 6336 6368 6369
f 6336 6312 6338
f 6371 6372 6373
f 6345 6375 6376
f 6334 6333 6376
f 6347 6377 6378
f 6378 6377 6379
f 6346 6381 6382
f 6383 6384 6385
f 6387 6388 6389
f 6351 6391 6349
f 6322 6353 6392
f 6393 6394 6395
f 6396 6395 6353
f 6397 6398 6359
f 6300 6359 6398
f 6399 6400 6401
f 6403 6404 6363
f 6401 6400 6405
f 6407 6408 6409
f 6369 6368 6407
f 6411 6368 6336
f 6412 6413 6372
f 6376 6414 6381
f 6333 6366 6414
f 6415 6416 6417
f 6417 6419 6420
f 6347 6421 6422
f 6423 6424 6425
f 6425 6424 6427
f 6384 6429 6430
f 6388 6387 6431
f 6351 6392 6433
f 6395 6394 6434
f 6353 6395 6435
f 6436 6437 6438
f 6438 6437 6355
f 6440 6397 6358
f 6406 6405 6442
f 6444 6445 6446
f 6448 6408 6407
f 6449 6407 6368
f 6450 6451 6413
f 6409 6408 6452
f 6453 6452 6423
f 6379 6454 6455
f 6456 6455 6457
f 6458 6459 6460
f 6462 6463 6464
f 6427 6466 6467
f 6467 6466 6468
f 6470 6424 6423
f 6429 6472 6473
f 6474 6475 6432
f 6435 6434 6476
f 6392 6435 6477
f 6478 6479 6480
f 6480 6479 6394
f 6482 6483 6436
f 6484 6485 6486
f 6488 6489 6490
f 6492 6445 6444
f 6494 6495 6496
f 6497 6496 6451
f 6423 6452 6498
f 6498 6452 6408
f 6463 6462 6469
f 6463 6499 6500
f 6501 6502 6503
f 6505 6506 6507
f 6472 6505 6508
f 6509 6510 6511
f 6512 6511 6475
f 6513 6514 6479
f 6394 6479 6514
f 6515 6478 6481
f 6517 6518 6519
f 6521 6522 6523
f 6525 6526 6527
f 6529 6530 6495
f 6468 6531 6499
f 6532 6533 6534
f 6536 6537 6538
f 6540 6541 6514
f 6434 6514 6541
f 6542 6513 6478
f 6543 6544 6518
f 6545 6524 6523
f 6547 6521 6524
f 6549 6550 6533
f 6551 6552 6553
f 6551 6555 6556
f 6506 6556 6555
f 6557 6558 6559
f 6558 6557 6510
f 6561 6540 6513
f 6562 6563 6544
f 6564 6565 6566
f 6524 6545 6565
f 6568 6547 6548
f 6570 6571 6572
f 6574 6575 6576
f 6560 6559 6578
f 6580 6581 6582
f 6548 6565 6564
f 6584 6585 6586
f 6588 6589 6571
f 6590 6591 6587
f 6592 6593 6400
f 6594 6595 6596
f 6598 6599 6600
f 6600 6601 6362
f 6601 6602 6403
f 6593 6603 6405
f 6603 6604 6442
f 6595 6594 6605
f 6456 6416 6415
f 6608 6609 6460
f 6416 6457 6419
f 6488 6484 6487
f 6521 6517 6520
f 6441 6610 6611
f 6486 6485 6483
f 6518 6515 6516
f 6544 6542 6515
f 6214 6213 6242
f 6213 6264 6288
f 6291 6315 6288
f 6315 6291 6318
f 6421 6347 6343
f 6539 6538 6504
f 6574 6554 6553
f 6563 6561 6542
f 6579 6578 6581
f 6244 6243 6612
f 6243 6289 6614
f 6614 6289 6316
f 6342 6616 6615
f 6454 6379 6377
f 6531 6468 6466
f 6550 6549 6537
f 6517 6521 6547
f 6568 6562 6543
f 6588 6577 6576
f 6583 6582 6585
f 6501 6530 6529
f 6178 6618 6170
f 6619 6277 6272
f 6231 6256 6259
f 6232 6259 6279
f 6279 6305 6280
f 6280 6305 6335
f 6334 6309 6308
f 6309 6334 6375
f 6317 6340 6375
f 6345 6344 6318
f 6341 6318 6344
f 6378 6342 6341
f 6616 6342 6378
f 6620 6621 6622
f 6622 6250 6249
f 6361 6624 6441
f 6624 6625 6610
f 6625 6624 6626
f 6628 6629 6491
f 6361 6360 6329
f 6624 6361 6630
f 6626 6631 6632
f 6630 6329 6328
f 6631 6626 6630
f 6634 6635 6636
f 6638 6456 6607
f 6613 6612 6640
f 6642 6643 6641
f 6640 6644 6645
f 6645 6644 6646
f 6648 6638 6639
f 6650 6651 6652
f 6654 6655 6653
f 6655 6654 6656
f 6658 6659 6660
f 6662 6663 6659
f 6664 6665 6663
f 6665 6664 6666
f 6667 6666 6668
f 6670 6671 6672
f 6673 6672 6674
f 6676 6677 6678
f 6677 6676 6680
f 6682 6683 6684
f 6591 6590 6686
f 6612 6614 6644
f 6661 6660 6657
f 6646 6648 6649
f 6615 6646 6644
f 6380 6379 6456
f 6616 6380 6638
f 6648 6646 6615
f 6613 6641 6688
f 6643 6690 6688
f 6691 6692 6693
f 6694 6695 6696
f 6695 6697 6698
f 6697 6699 6700
f 6697 6701 6702
f 6703 6702 6701
f 6704 6701 6705
f 6707 6706 6705
f 6708 6709 6710
f 6708 6694 6693
f 6708 6705 6695
f 6695 6705 6701
f 6711 6225 6224
f 6713 6251 6225
f 6714 6253 6251
f 6715 6302 6253
f 6716 6717 6597
f 6717 6716 6718
f 6719 6718 6720
f 6699 6702 6703
f 6710 6709 6693
f 6688 6722 6723
f 6690 6724 6722
f 6725 6726 6727
f 6729 6730 6692
f 6691 6696 6731
f 6698 6732 6731
f 6700 6733 6732
f 6703 6734 6733
f 6734 6703 6704
f 6735 6704 6706
f 6737 6736 6706
f 6707 6710 6738
f 6730 6738 6710
f 6739 6733 6734
f 6733 6739 6621
f 6634 6637 6734
f 6740 6734 6735
f 6741 6735 6736
f 6743 6742 6736
f 6743 6737 6738
f 6732 6621 6620
f 6226 6220 6219
f 6252 6249 6220
f 6252 6254 6623
f 6303 6620 6623
f 6731 6620 6303
f 6303 6302 6730
f 6728 6727 6651
f 6745 6746 6721
f 6746 6745 6747
f 6749 6750 6748
f 6751 6752 6753
f 6203 6202 6750
f 6755 6756 6757
f 6622 6621 6739
f 6637 6636 6759
f 6759 6760 6250
f 6759 6600 6599
f 6636 6601 6600
f 6635 6602 6601
f 6730 6761 6744
f 6761 6730 6302
f 6294 6216 6215
f 6319 6246 6245
f 6174 6762 6763
f 6174 6173 6764
f 6762 6764 6765
f 6766 6765 6767
f 6768 6767 6769
f 6766 6771 6763
f 6766 6768 6772
f 6770 6773 6772
f 6771 6772 6774
f 6773 6776 6774
f 6775 6774 6777
f 6776 6779 6777
f 6779 6780 6210
f 6770 6769 6781
f 6770 6782 6783
f 6773 6783 6784
f 6776 6784 6785
f 6779 6785 6786
f 6782 6781 6787
f 6783 6787 6788
f 6784 6788 6789
f 6790 6191 6187
f 6792 6195 6191
f 6793 6794 6756
f 6795 6796 6794
f 6795 6797 6798
f 6795 6194 6195
f 6194 6795 6793
f 6188 6793 6755
f 6799 6751 6754
f 6756 6801 6802
f 6794 6803 6801
f 6796 6804 6803
f 6798 6805 6804
f 6723 6797 6195
f 6726 6725 6230
f 6797 6723 6722
f 6798 6722 6724
f 6187 6186 6806
f 6186 6193 6807
f 6179 6763 6808
f 6809 6810 6193
f 6183 6808 6809
f 6193 6810 6811
f 6763 6771 6775
f 6812 6813 6810
f 6808 6775 6812
f 6810 6813 6814
f 6815 6816 6236
f 6775 6778 6817
f 6817 6816 6813
f 6817 6237 6236
f 6813 6816 6815
f 6814 6815 6239
f 6211 6214 6811
f 6811 6214 6241
f 6807 6241 6244
f 6806 6244 6613
f 6791 6613 6689
f 6790 6689 6723
f 6778 6209 6237
f 6778 6777 6210
f 6207 6210 6780
f 6199 6780 6786
f 6800 6754 6818
f 6818 6757 6802
f 6754 6753 6820
f 6820 6758 6757
f 6821 6822 6758
f 6821 6820 6753
f 6752 6824 6823
f 6822 6825 6755
f 6825 6826 6189
f 6177 6189 6826
f 6826 6827 6618
f 6825 6828 6827
f 6822 6829 6828
f 6821 6830 6829
f 6823 6831 6830
f 6824 6832 6831
f 6833 6427 6424
f 6617 6466 6427
f 6282 6310 6313
f 6283 6313 6337
f 6369 6330 6306
f 6330 6369 6410
f 6409 6835 6834
f 6835 6409 6453
f 6837 6836 6453
f 6425 6838 6837
f 6838 6425 6428
f 6467 6840 6839
f 6840 6467 6469
f 6462 6461 6841
f 6458 6461 6462
f 6675 6674 6679
f 6446 6406 6443
f 6363 6603 6593
f 6404 6604 6603
f 6671 6670 6669
f 6419 6609 6608
f 6457 6460 6609
f 6455 6461 6460
f 6454 6841 6461
f 6840 6841 6454
f 6421 6839 6840
f 6838 6839 6421
f 6381 6837 6838
f 6414 6836 6837
f 6366 6835 6836
f 6834 6835 6366
f 6525 6528 6492
f 6683 6682 6681
f 6499 6532 6535
f 6531 6549 6532
f 6537 6549 6531
f 6537 6617 6833
f 6538 6833 6470
f 6501 6504 6470
f 6498 6530 6501
f 6495 6530 6498
f 6496 6495 6448
f 6451 6496 6449
f 6413 6451 6411
f 6338 6372 6413
f 6373 6372 6338
f 6526 6567 6566
f 6687 6686 6685
f 6533 6570 6573
f 6550 6588 6570
f 6577 6588 6550
f 6577 6536 6539
f 6574 6539 6503
f 6502 6551 6554
f 6529 6555 6551
f 6507 6555 6529
f 6507 6494 6497
f 6473 6508 6497
f 6473 6450 6412
f 6430 6412 6371
f 6385 6371 6374
f 6257 6281 6284
f 6258 6284 6307
f 6278 6307 6331
f 6332 6304 6331
f 6367 6331 6330
f 6364 6842 6598
f 6843 6844 6606
f 6592 6842 6364
f 6845 6846 6844
f 6846 6845 6847
f 6849 6850 6848
f 6446 6851 6401
f 6565 6545 6852
f 6566 6852 6853
f 6527 6853 6854
f 6492 6855 6856
f 6492 6528 6854
f 6446 6445 6856
f 6850 6849 6857
f 6402 6401 6851
f 6627 6632 6628
f 6489 6625 6627
f 6487 6610 6625
f 6486 6611 6610
f 6440 6611 6486
f 6440 6482 6439
f 6438 6398 6397
f 6326 6398 6438
f 6327 6326 6354
f 6296 6327 6357
f 6297 6296 6324
f 6297 6292 6295
f 6215 6861 6860
f 6861 6215 6218
f 6856 6863 6859
f 6864 6865 6858
f 6523 6491 6629
f 6522 6488 6491
f 6520 6484 6488
f 6519 6485 6484
f 6516 6483 6485
f 6481 6436 6483
f 6480 6437 6436
f 6355 6437 6480
f 6356 6355 6393
f 6325 6356 6396
f 6293 6325 6352
f 6293 6321 6323
f 6245 6216 6294
f 6248 6217 6216
f 6865 6864 6866
f 6863 6856 6855
f 6867 6866 6869
f 6868 6855 6854
f 6388 6384 6383
f 6384 6388 6432
f 6475 6472 6429
f 6511 6505 6472
f 6510 6506 6505
f 6557 6556 6506
f 6552 6556 6557
f 6552 6560 6579
f 6575 6553 6579
f 6575 6580 6583
f 6589 6576 6583
f 6589 6584 6587
f 6591 6572 6571
f 6572 6591 6687
f 6573 6687 6684
f 6683 6535 6534
f 6535 6683 6680
f 6676 6464 6500
f 6465 6464 6676
f 6674 6458 6465
f 6672 6459 6458
f 6671 6608 6459
f 6608 6671 6668
f 6666 6418 6420
f 6664 6415 6418
f 6607 6415 6664
f 6607 6662 6658
f 6639 6658 6661
f 6647 6649 6661
f 6654 6645 6647
f 6642 6645 6654
f 6651 6643 6642
f 6727 6690 6643
f 6726 6724 6690
f 6805 6724 6726
f 6804 6805 6229
f 6803 6804 6227
f 6803 6200 6203
f 6801 6203 6749
f 6819 6802 6749
f 6745 6800 6819
f 6799 6800 6745
f 6718 6872 6799
f 6716 6873 6872
f 6873 6716 6596
f 6595 6277 6619
f 6273 6277 6595
f 6844 6274 6273
f 6846 6328 6274
f 6328 6846 6848
f 6850 6631 6633
f 6631 6850 6858
f 6865 6628 6632
f 6628 6865 6867
f 6629 6867 6870
f 6870 6852 6545
f 6866 6868 6871
f 6864 6863 6868
f 6863 6864 6857
f 6849 6402 6859
f 6402 6849 6847
f 6845 6592 6399
f 6592 6845 6843
f 6842 6843 6605
f 6594 6599 6598
f 6760 6599 6594
f 6717 6250 6760
f 6250 6717 6719
f 6222 6221 6719
f 6746 6219 6222
f 6223 6219 6746
f 6750 6224 6223
f 6202 6712 6224
f 6201 6711 6712
f 6228 6713 6711
f 6230 6714 6713
f 6725 6715 6714
f 6761 6715 6725
f 6744 6761 6728
f 6743 6744 6650
f 6655 6742 6743
f 6742 6655 6657
f 6660 6740 6741
f 6659 6634 6740
f 6663 6635 6634
f 6665 6602 6635
f 6602 6665 6667
f 6404 6403 6667
f 6670 6604 6404
f 6604 6670 6673
f 6443 6442 6673
f 6443 6675 6678
f 6677 6444 6447
f 6493 6444 6677
f 6682 6525 6493
f 6526 6525 6682
f 6686 6567 6526
f 6590 6564 6567
f 6569 6564 6590
f 6585 6568 6569
f 6582 6562 6568
f 6581 6563 6562
f 6578 6561 6563
f 6559 6540 6561
f 6558 6541 6540
f 6476 6541 6558
f 6477 6476 6509
f 6433 6477 6512
f 6391 6433 6474
f 6387 6349 6391
f 6350 6349 6387
f 6869 6853 6852
f 6871 6854 6853
f 6751 6799 6872
f 6874 6872 6873
f 6875 6873 6619
f 6752 6751 6874
f 6876 6874 6875
f 6877 6875 6271
f 6877 6267 6878
f 6878 6267 6270
f 6880 6270 6297
f 6860 6861 6881
f 6880 6881 6882
f 6878 6882 6883
f 6879 6883 6884
f 6879 6885 6876
f 6876 6885 6824
f 6885 6884 6832
f 6831 6832 3987
f 6830 6831 3985
f 6829 6830 3983
f 6828 6829 3981
f 6827 6828 3979
f 6618 6827 3971
f 6170 6618 3128
f 6171 6170 3052
f 6173 6171 3044
f 6764 6173 3042
f 6765 6764 6886
f 6767 6765 6887
f 6769 6767 6888
f 6781 6769 6889
f 6787 6781 6890
f 6788 6787 6891
f 6789 6788 6892
f 6881 6861 6862
f 6882 6881 6894
f 6883 6882 6895
f 6884 6883 3991
f 6832 6884 3989
f 6896 6897 833
f 6897 6898 830
f 6899 6900 6901
f 6902 6901 6903
f 6905 6900 6899
f 6907 6899 6902
f 6908 6902 6904
f 6906 6899 6907
f 6907 6908 6911
f 6912 6911 6913
f 6909 6904 6915
f 6908 6909 6917
f 6911 6917 6918
f 6919 6912 6914
f 6919 6910 6907
f 6909 6916 6921
f 6917 6921 6922
f 6923 6924 6925
f 6927 6928 6929
f 6931 6932 6926
f 6924 6933 6934
f 6935 6933 6936
f 6938 6939 6940
f 6942 6943 6944
f 6946 6947 6948
f 6950 6927 6930
f 6952 6950 6951
f 6932 6931 6954
f 6931 6925 6934
f 6934 6933 6935
f 6958 6959 6960
f 6959 6935 6937
f 6962 6938 6941
f 6964 6965 6966
f 6945 6944 6968
f 6947 6970 6971
f 6972 6971 6970
f 6954 6931 6956
f 6975 6976 6977
f 6956 6934 6957
f 6980 6959 6958
f 6935 6959 6980
f 6962 6963 6958
f 6941 6940 6982
f 6984 6985 6986
f 6988 6984 6987
f 6990 6991 6992
f 6994 6989 6991
f 6976 6995 6996
f 6974 6956 6979
f 6998 6999 7000
f 7002 6980 6981
f 6979 6957 6980
f 6941 6983 7004
f 6958 6963 7004
f 6967 6966 7005
f 7007 6983 6982
f 7009 7010 7011
f 6985 7013 7014
f 7015 7016 7017
f 7015 6987 6986
f 7015 6991 6989
f 6991 7015 7018
f 6973 7019 7020
f 6996 6995 7021
f 6999 7023 7024
f 7025 7002 7003
f 6997 6979 7002
f 7027 7028 7029
f 6983 7007 7031
f 7003 6981 7004
f 7032 7006 7005
f 7034 7007 7008
f 7036 7037 7038
f 7040 7041 7039
f 7043 7009 7012
f 7016 7045 7046
f 6986 7014 7045
f 6992 7047 7048
f 7023 7049 7050
f 7051 7052 7053
f 7021 7052 7051
f 7028 7055 7056
f 7057 7058 7030
f 7007 7034 7059
f 7026 7003 7031
f 7060 7032 7033
f 7062 7063 7064
f 7065 7066 7067
f 7037 7068 7069
f 7042 7039 7038
f 7071 7040 7042
f 7073 7074 7075
f 7074 7043 7044
f 7077 7078 7079
f 7079 7018 7017
f 7079 7047 6992
f 7081 7082 7083
f 7085 7086 7051
f 7056 7055 7087
f 7056 7089 7057
f 7090 7091 7092
f 7064 7063 7094
f 7053 7095 7094
f 7067 7066 7096
f 7096 7098 7099
f 7063 7062 7100
f 7102 7103 7104
f 7106 7107 7108
f 7070 7038 7069
f 7042 7070 7111
f 7112 7113 7114
f 7113 7071 7072
f 7116 7077 7080
f 7017 7046 7117
f 7118 7119 7120
f 7122 7081 7084
f 7120 7124 7125
f 7126 7127 7128
f 7087 7127 7126
f 7130 7089 7056
f 7131 7090 7093
f 7094 7063 7101
f 7054 7094 7133
f 7134 7135 7136
f 7136 7135 7138
f 7067 7097 7140
f 7142 7143 7144
f 7144 7146 7147
f 7105 7104 7148
f 7109 7150 7151
f 7070 7110 7152
f 7114 7153 7154
f 7072 7111 7153
f 7155 7156 7157
f 7157 7073 7076
f 7159 7160 7077
f 7124 7161 7162
f 7163 7164 7165
f 7167 7168 7126
f 7168 7130 7088
f 7169 7131 7132
f 7128 7171 7172
f 7171 7143 7142
f 7099 7173 7174
f 7173 7137 7176
f 7177 7178 7179
f 7181 7182 7183
f 7147 7146 7185
f 7185 7187 7188
f 7189 7190 7142
f 7149 7148 7191
f 7193 7151 7150
f 7153 7195 7196
f 7111 7152 7195
f 7197 7198 7199
f 7199 7112 7115
f 7201 7156 7155
f 7203 7204 7205
f 7207 7208 7209
f 7211 7212 7163
f 7213 7214 7215
f 7214 7169 7170
f 7142 7190 7217
f 7217 7167 7129
f 7184 7188 7187
f 7184 7183 7218
f 7220 7221 7222
f 7224 7225 7226
f 7192 7191 7225
f 7228 7229 7230
f 7229 7193 7194
f 7232 7197 7200
f 7115 7154 7233
f 7234 7235 7198
f 7236 7237 7238
f 7240 7241 7242
f 7244 7245 7246
f 7248 7213 7216
f 7188 7184 7219
f 7251 7252 7253
f 7255 7256 7257
f 7259 7232 7233
f 7154 7196 7260
f 7261 7234 7197
f 7262 7236 7239
f 7264 7265 7242
f 7266 7267 7241
f 7268 7251 7254
f 7270 7271 7272
f 7270 7273 7274
f 7227 7226 7275
f 7276 7277 7278
f 7279 7228 7231
f 7280 7261 7232
f 7281 7262 7263
f 7283 7284 7285
f 7241 7267 7286
f 7287 7288 7267
f 7289 7290 7291
f 7293 7294 7295
f 7277 7297 7298
f 7299 7300 7301
f 7267 7288 7283
f 7303 7304 7305
f 7307 7289 7292
f 7309 7305 7304
f 7311 7118 7121
f 7313 7314 7315
f 7317 7082 7318
f 7318 7082 7081
f 7320 7081 7122
f 7312 7121 7125
f 7322 7125 7162
f 7316 7324 7325
f 7173 7326 7134
f 7327 7180 7179
f 7137 7136 7139
f 7207 7210 7204
f 7240 7243 7237
f 7160 7159 7329
f 7205 7201 7202
f 7239 7238 7235
f 7263 7239 7234
f 6939 6964 6967
f 6940 6967 7006
f 7008 6982 7006
f 7032 7060 7035
f 7141 7100 7062
f 7256 7222 7221
f 7293 7296 7272
f 7282 7263 7261
f 7297 7299 7302
f 6965 7331 7332
f 6966 7332 7333
f 7333 7334 7033
f 7061 7033 7334
f 7175 7140 7097
f 7250 7336 7186
f 7269 7255 7258
f 7236 7262 7266
f 7287 7266 7262
f 7307 7308 7295
f 7300 7303 7306
f 7220 7223 7248
f 7337 6896 841
f 7338 6988 6989
f 6955 6954 6976
f 6954 6974 6995
f 6995 6974 6997
f 6997 7025 7052
f 7053 7052 7025
f 7026 7059 7095
f 7034 7064 7095
f 7064 7034 7035
f 7060 7066 7065
f 7096 7066 7060
f 7335 7098 7096
f 7339 7340 7341
f 7341 7340 6969
f 7078 7077 7160
f 7343 7160 7330
f 7344 7345 7346
f 7347 7209 7208
f 7078 7349 7047
f 7343 7346 7349
f 7346 7345 7350
f 7349 7352 7048
f 7351 7352 7349
f 7353 7354 7355
f 7357 7358 7326
f 7331 7359 7360
f 7361 7360 7359
f 7360 7361 7363
f 7363 7365 7366
f 7367 7368 7358
f 7369 7370 7371
f 7373 7371 7370
f 7374 7375 7376
f 7377 7378 7379
f 7381 7377 7380
f 7383 7381 7382
f 7384 7385 7386
f 7385 7387 7388
f 7389 7390 7391
f 7390 7393 7394
f 7395 7396 7397
f 7398 7399 7400
f 7401 7402 7403
f 7310 7405 7406
f 7332 7360 7364
f 7378 7376 7375
f 7366 7365 7368
f 7334 7333 7364
f 7098 7357 7173
f 7335 7367 7357
f 7367 7335 7334
f 7331 7407 7408
f 7362 7359 7408
f 7410 7411 7412
f 7411 7410 7414
f 7415 7414 7416
f 7417 7416 7418
f 7417 7419 7420
f 7422 7423 7421
f 7423 7424 7425
f 7426 7427 7425
f 7427 7426 7428
f 7427 7429 7412
f 7427 7411 7415
f 7415 7417 7421
f 7430 7431 6949
f 7432 7430 6948
f 7433 7432 6971
f 7434 7433 6972
f 7435 7315 7314
f 7436 7437 7438
f 7437 7439 7440
f 7419 7418 7422
f 7428 7413 7412
f 7408 7407 7441
f 7409 7408 7442
f 7444 7445 7446
f 7448 7410 7413
f 7410 7448 7450
f 7416 7414 7450
f 7418 7416 7451
f 7422 7418 7452
f 7453 7454 7423
f 7454 7455 7424
f 7456 7426 7424
f 7426 7456 7457
f 7449 7413 7428
f 7458 7354 7453
f 7452 7451 7342
f 7353 7459 7453
f 7459 7460 7454
f 7460 7461 7455
f 7462 7456 7455
f 7462 7463 7457
f 7451 7450 7339
f 6947 6946 6942
f 6970 6947 6945
f 6970 6969 7340
f 7019 6973 7340
f 7450 7448 7019
f 7019 7448 7449
f 7445 7369 7372
f 7464 7440 7439
f 7465 7466 7467
f 7468 7467 7466
f 7470 7471 7472
f 6928 7468 7469
f 7474 7475 7476
f 7341 7478 7458
f 7354 7458 7478
f 7478 7341 6968
f 7478 7479 7319
f 7355 7478 7318
f 7356 7355 7320
f 7449 7457 7463
f 7480 7434 7020
f 7011 7010 7481
f 7039 7041 7483
f 6905 6906 7484
f 6898 7486 7487
f 7486 7488 7489
f 7488 7490 7491
f 7490 7492 7493
f 7494 7485 7484
f 7494 7495 7496
f 7498 7497 7496
f 7495 7500 7501
f 7499 7496 7501
f 7500 7503 7504
f 7502 7501 7504
f 7505 7504 6936
f 7492 7507 7508
f 7498 7499 7509
f 7499 7502 7511
f 7502 7505 7512
f 7505 7506 7513
f 7507 7514 7515
f 7514 7516 7517
f 7516 7518 7519
f 7520 7521 6913
f 7522 7520 6918
f 7523 7474 7477
f 7525 7523 7524
f 7525 7526 7527
f 7525 7528 6922
f 6921 6916 7523
f 6916 6915 7474
f 7529 7530 7471
f 7477 7476 7531
f 7524 7477 7532
f 7526 7524 7533
f 7527 7526 7534
f 7441 7522 6922
f 7447 6952 6953
f 7528 7527 7442
f 7527 7535 7443
f 6913 7521 7536
f 6914 7536 7537
f 6906 6910 7538
f 7539 6919 6920
f 6910 6919 7539
f 6920 7537 7541
f 7484 7538 7500
f 7542 7539 7540
f 7538 7539 7542
f 7540 7541 7544
f 7545 6962 6961
f 7500 7542 7547
f 7547 7542 7543
f 7547 7546 6961
f 7543 7544 7545
f 7544 6938 6962
f 6938 7544 7541
f 7541 7537 6964
f 7537 7536 6965
f 7536 7521 7331
f 7521 7520 7407
f 7520 7522 7441
f 7503 7547 6960
f 7503 6937 6936
f 6933 6924 7506
f 6924 6923 7513
f 7530 7548 7549
f 7549 7548 7531
f 7471 7549 7550
f 7550 7549 7476
f 7551 7550 7475
f 7551 7553 7472
f 7473 7472 7553
f 7552 7475 7474
f 7555 7474 6915
f 6904 6903 7556
f 7557 7337 925
f 7558 7557 1794
f 7559 7558 1802
f 7560 7559 1804
f 7561 7560 1806
f 7562 7561 1808
f 7563 7189 7145
f 7336 7563 7147
f 7001 7000 7028
f 7000 7024 7055
f 7087 7055 7024
f 7050 7564 7127
f 7128 7127 7564
f 7565 7566 7171
f 7567 7143 7171
f 7144 7143 7567
f 7568 7569 7146
f 7185 7146 7569
f 7570 7571 7187
f 7181 7187 7571
f 7177 7182 7181
f 7393 7397 7396
f 7165 7164 7161
f 7084 7083 7312
f 7123 7084 7322
f 7392 7388 7387
f 7139 7138 7327
f 7176 7139 7328
f 7174 7176 7179
f 7175 7174 7178
f 7570 7140 7175
f 7141 7140 7570
f 7568 7100 7141
f 7101 7100 7568
f 7133 7101 7567
f 7085 7133 7566
f 7564 7086 7085
f 7244 7212 7211
f 7404 7400 7399
f 7219 7218 7252
f 7250 7219 7251
f 7258 7336 7250
f 7258 7257 7563
f 7257 7221 7189
f 7220 7190 7189
f 7217 7190 7220
f 7216 7167 7217
f 7215 7168 7167
f 7170 7130 7168
f 7132 7089 7130
f 7057 7089 7132
f 7092 7058 7057
f 7247 7246 7285
f 7405 7403 7402
f 7254 7253 7290
f 7269 7254 7289
f 7294 7255 7269
f 7294 7293 7256
f 7293 7271 7222
f 7223 7222 7271
f 7248 7223 7270
f 7226 7213 7248
f 7226 7225 7214
f 7191 7169 7214
f 7191 7148 7131
f 7148 7104 7090
f 7104 7103 7091
f 6978 6977 6999
f 6977 6996 7023
f 6996 7022 7049
f 7051 7086 7049
f 7086 7564 7050
f 7083 7082 7317
f 7573 7325 7324
f 7311 7312 7083
f 7575 7573 7574
f 7576 7577 7578
f 7579 7578 7577
f 7165 7124 7120
f 7286 7285 7582
f 7285 7246 7583
f 7246 7245 7584
f 7211 7166 7585
f 7211 7586 7584
f 7165 7581 7585
f 7580 7587 7588
f 7119 7589 7581
f 7345 7209 7347
f 7210 7209 7345
f 7204 7210 7344
f 7205 7204 7330
f 7159 7201 7205
f 7159 7116 7156
f 7157 7156 7116
f 7046 7073 7157
f 7045 7074 7073
f 7014 7043 7074
f 7013 7009 7043
f 7013 7590 7010
f 7481 7010 7590
f 7585 7581 7589
f 7593 7588 7587
f 7242 7265 7348
f 7243 7242 7208
f 7237 7243 7207
f 7238 7237 7203
f 7235 7238 7206
f 7198 7235 7202
f 7199 7198 7155
f 7076 7112 7199
f 7075 7113 7112
f 7044 7071 7113
f 7012 7040 7071
f 7012 7011 7041
f 7483 7041 7011
f 7594 7595 7596
f 7592 7597 7586
f 7595 7598 7599
f 7597 7600 7584
f 7109 7108 7102
f 7105 7149 7150
f 7194 7150 7149
f 7230 7194 7192
f 7231 7230 7224
f 7276 7231 7227
f 7273 7277 7276
f 7273 7272 7297
f 7296 7299 7297
f 7296 7295 7300
f 7308 7303 7300
f 7308 7292 7304
f 7310 7304 7292
f 7291 7290 7405
f 7290 7253 7403
f 7404 7403 7253
f 7252 7218 7400
f 7395 7400 7218
f 7182 7396 7395
f 7394 7396 7182
f 7391 7394 7177
f 7392 7391 7180
f 7327 7138 7388
f 7386 7388 7138
f 7383 7386 7135
f 7326 7381 7383
f 7326 7358 7377
f 7358 7368 7378
f 7365 7376 7378
f 7373 7376 7365
f 7361 7371 7373
f 7372 7371 7361
f 7446 7372 7362
f 7447 7446 7409
f 7535 6952 7447
f 7534 6950 6952
f 7533 6927 6950
f 7533 7532 6928
f 7532 7531 7468
f 7548 7467 7468
f 7464 7467 7548
f 7529 7440 7464
f 7438 7440 7529
f 7435 7438 7601
f 7602 7338 7315
f 7316 7315 7338
f 6990 7324 7316
f 7574 7324 6990
f 7576 7574 6993
f 7048 7352 7577
f 7580 7577 7352
f 7351 7350 7587
f 7594 7587 7350
f 7347 7348 7595
f 7348 7265 7598
f 7598 7265 7264
f 7596 7599 7600
f 7593 7596 7597
f 7592 7589 7588
f 7579 7588 7589
f 7119 7118 7578
f 7575 7578 7118
f 7311 7572 7573
f 7572 7317 7325
f 7313 7325 7317
f 7479 7314 7313
f 7436 7314 7479
f 6968 6944 7437
f 6943 7439 7437
f 7465 7439 6943
f 6946 7466 7465
f 7469 7466 6946
f 6929 7469 6949
f 6930 6929 7431
f 6951 6930 7430
f 6953 6951 7432
f 7444 6953 7433
f 7480 7445 7444
f 7463 7369 7445
f 7462 7370 7369
f 7374 7370 7462
f 7461 7460 7375
f 7379 7375 7460
f 7380 7379 7459
f 7382 7380 7353
f 7384 7382 7356
f 7321 7122 7385
f 7123 7387 7385
f 7389 7387 7123
f 7323 7162 7390
f 7161 7393 7390
f 7161 7164 7397
f 7398 7397 7164
f 7212 7399 7398
f 7401 7399 7212
f 7247 7402 7401
f 7406 7402 7247
f 7309 7406 7284
f 7288 7305 7309
f 7306 7305 7288
f 7301 7306 7287
f 7302 7301 7281
f 7298 7302 7282
f 7278 7298 7280
f 7279 7278 7259
f 7196 7228 7279
f 7195 7229 7228
f 7152 7193 7229
f 7110 7151 7193
f 7106 7151 7110
f 7068 7107 7106
f 7599 7598 7582
f 7600 7599 7583
f 7529 7470 7603
f 7601 7603 7604
f 7602 7604 6988
f 7470 7473 7605
f 7603 7605 7606
f 7604 7606 6984
f 6984 7606 7607
f 6984 7608 7609
f 6985 7609 7590
f 7591 7590 7609
f 7610 7609 7608
f 7611 7608 7607
f 7612 7607 7613
f 7613 7607 7606
f 7613 7605 7473
f 7614 7613 7554
f 7554 7553 7561
f 7553 7551 7560
f 7551 7552 7559
f 7552 7555 7558
f 7555 7556 7557
f 7556 6903 7337
f 6903 6901 6896
f 6901 6900 6897
f 6900 6905 6898
f 6905 7485 7486
f 7485 7494 7488
f 7494 7497 7490
f 7497 7498 7492
f 7498 7510 7507
f 7510 7509 7514
f 7509 7511 7516
f 7511 7512 7518
f 7615 7616 7037
f 7483 7617 7615
f 7618 7617 7483
f 7481 7619 7618
f 7591 7620 7619
f 7591 7610 7621
f 7610 7611 7622
f 7611 7612 1814
f 7612 7614 1812
f 7614 7562 1810
f 7618 7619 7623
f 7625 7626 7627
f 7615 7617 7629
f 7626 7625 7616
f 7624 7623 7630
f 7632 7633 7634
f 7633 7632 7636
f 7638 7639 7640
f 7641 7640 7642
f 7643 7642 7644
f 7645 7644 7646
f 7639 7638 7648
f 7650 7651 7652
f 7654 7655 7656
f 7658 7654 7657
f 7651 7658 7659
f 7660 7661 7656
f 7662 7663 7664
f 7666 7662 7665
f 7668 7669 7670
f 7672 7673 7674
f 7676 7677 7678
f 7679 7680 7681
f 7680 7682 7683
f 7684 7685 7686
f 7685 7684 7688
f 7690 7691 7692
f 7694 7691 7690
f 7696 7694 7695
f 7696 7697 7698
f 7699 7698 7700
f 7702 7666 7667
f 7703 7671 7670
f 7704 7650 7653
f 7706 7704 7705
f 7708 7709 7710
f 7709 7712 7713
f 7713 7712 1816
f 7629 7714 7627
f 7627 7714 7715
f 7631 7630 7717
f 7711 7710 7719
f 7710 7713 7721
f 7721 7713 1818
f 7722 7723 7724
f 7726 7727 7728
f 7730 7731 7732
f 7731 7734 7735
f 1824 7735 7734
f 7736 7737 7738
f 7740 7741 7742
f 7744 7740 7743
f 7746 7744 7745
f 7748 7706 7707
f 7750 7746 7747
f 7752 7748 7749
f 7739 7750 7751
f 7687 7686 7754
f 7635 7634 7756
f 7688 7693 7692
f 7636 7649 7648
f 7721 1820 1821
f 7719 7721 7734
f 7720 7719 7731
f 7718 7717 7727
f 7716 7715 7723
f 7737 7758 7759
f 1871 7748 7752
f 1868 7706 7748
f 1867 7704 7706
f 7650 7704 1867
f 7651 7650 1827
f 1834 7658 7651
f 7654 7658 1834
f 7655 7654 1833
f 1836 1838 7660
f 1842 1841 7665
f 1841 1848 7667
f 7703 7667 1848
f 1845 7671 7703
f 1845 1862 7668
f 1849 1852 7675
f 7678 1853 1856
f 7680 7679 1856
f 7682 7680 1858
f 7760 7756 7634
f 7633 7762 7761
f 7762 7633 7637
f 7648 7764 7763
f 7638 7765 7764
f 7638 7641 7766
f 7766 7641 7643
f 7767 7643 7645
f 7769 7768 7645
f 7681 7683 7770
f 7676 7681 7771
f 7772 7773 7677
f 7774 7775 7673
f 7669 7776 7777
f 7702 7670 7777
f 7778 7779 7666
f 7779 7780 7662
f 7780 7781 7663
f 7661 7782 7783
f 7657 7656 7783
f 7659 7657 7784
f 7652 7659 7785
f 7653 7652 7786
f 7705 7653 7787
f 7707 7705 7788
f 7749 7707 7789
f 7753 7749 7790
f 7792 7793 7794
f 7796 7792 7795
f 7797 7798 7799
f 7800 7801 7802
f 7804 7805 7806
f 7808 7804 7807
f 7809 7810 7811
f 7810 7812 7813
f 7812 7814 7815
f 7816 7817 7818
f 7820 7816 7819
f 7822 7820 7821
f 7824 7822 7823
f 7826 7824 7825
f 7828 7826 7827
f 7830 7828 7829
f 7832 7830 7831
f 7834 7832 7833
f 7752 7836 1864
f 7835 7837 7838
f 7791 7839 7840
f 7753 7840 7836
f 1826 7841 7735
f 7732 7735 7841
f 7733 7732 7842
f 7844 7729 7728
f 7844 7845 7838
f 7843 7842 7840
f 7842 7841 7836
f 1864 7836 7841
f 2110 7635 7757
f 2109 7632 7635
f 7632 2109 2108
f 2107 7649 7636
f 2106 7639 7649
f 7640 7639 2106
f 7642 7640 2105
f 7644 7642 2104
f 7646 7644 2103
f 7803 7799 7798
f 7677 7773 7774
f 7678 7677 7672
f 1852 1853 7678
f 7660 1838 1842
f 7663 7661 7660
f 7781 7782 7661
f 7814 7818 7817
f 7668 1862 1849
f 7673 7669 7668
f 7775 7776 7669
f 7801 7806 7805
f 7757 7756 7683
f 2111 7757 7682
f 7756 7760 7770
f 7793 7755 7754
f 7846 7742 7741
f 7848 7846 7847
f 7850 7851 7852
f 7850 7854 7855
f 7856 7857 7858
f 7856 7860 7861
f 7860 7862 7863
f 7863 7862 7864
f 7864 7866 7867
f 7868 7869 7853
f 7870 7871 7872
f 7874 7870 7873
f 7876 7874 7875
f 7878 7879 7880
f 7882 7883 7884
f 7886 7882 7885
f 7888 7886 7887
f 7890 7888 7889
f 7892 7890 7891
f 7894 7895 7896
f 7849 7894 7897
f 7854 7859 7858
f 7879 7876 7877
f 7895 7892 7893
f 7871 7869 7868
f 7619 7620 7708
f 7630 7623 7708
f 7717 7630 7711
f 7727 7717 7720
f 7728 7727 7730
f 7845 7728 7733
f 7838 7845 7843
f 7834 7838 7839
f 7791 7790 7832
f 7790 7789 7830
f 7789 7788 7828
f 7788 7787 7826
f 7786 7824 7826
f 7786 7785 7822
f 7784 7820 7822
f 7783 7816 7820
f 7782 7817 7816
f 7815 7817 7782
f 7813 7815 7781
f 7811 7813 7780
f 7808 7811 7779
f 7778 7777 7804
f 7776 7805 7804
f 7802 7805 7776
f 7803 7802 7775
f 7773 7799 7803
f 7796 7799 7773
f 7772 7771 7792
f 7771 7770 7793
f 7760 7755 7793
f 7687 7755 7760
f 7684 7687 7761
f 7688 7684 7762
f 7763 7764 7693
f 7765 7690 7693
f 7695 7690 7765
f 7697 7695 7766
f 7698 7697 7767
f 7700 7698 7768
f 7624 7629 7617
f 7624 7631 7714
f 7715 7714 7631
f 7723 7715 7718
f 7724 7723 7726
f 7759 7724 7729
f 7738 7759 7844
f 7739 7738 7837
f 7833 7750 7739
f 7831 7746 7750
f 7831 7829 7744
f 7829 7827 7740
f 7827 7825 7741
f 7847 7741 7825
f 7849 7847 7823
f 7821 7819 7894
f 7819 7818 7895
f 7818 7814 7892
f 7814 7812 7890
f 7812 7810 7888
f 7810 7809 7886
f 7809 7807 7882
f 7807 7806 7883
f 7806 7801 7878
f 7801 7800 7879
f 7800 7798 7876
f 7798 7797 7874
f 7797 7795 7870
f 7795 7794 7871
f 7794 7754 7869
f 7853 7869 7754
f 7850 7853 7686
f 7685 7689 7854
f 7689 7692 7859
f 7691 7856 7859
f 7691 7694 7860
f 7694 7696 7862
f 7864 7862 7696
f 7699 7701 7866
f 7898 7899 7900
f 7902 7903 7904
f 7906 7907 7908
f 7906 7910 7911
f 7912 7913 7914
f 7913 7916 7917
f 7917 7916 7918
f 7918 7647 7646
f 7912 7915 7920
f 7922 7923 7924
f 7926 7927 7928
f 7930 7931 7927
f 7925 7924 7931
f 7932 7929 7928
f 7934 7935 7936
f 7938 7939 7935
f 7940 7941 7942
f 7944 7945 7946
f 7948 7949 7950
f 7949 7948 7952
f 7953 7952 7954
f 7956 7957 7958
f 7956 7960 7961
f 7962 7963 7964
f 7966 7967 7963
f 7968 7969 7967
f 7969 7968 7970
f 7970 7701 7700
f 7972 7973 7939
f 7973 7972 7942
f 7974 7975 7923
f 7976 7977 7975
f 7978 7979 7980
f 7981 7980 7982
f 7982 3995 3993
f 7984 7901 7900
f 7900 7986 7987
f 7903 7988 7989
f 7979 7990 7991
f 7980 7991 7992
f 7992 3997 3995
f 7993 7994 7995
f 7997 7998 7999
f 8001 8002 8003
f 8004 8003 8005
f 4000 3999 8006
f 8007 8008 8009
f 8011 8012 8013
f 8015 8016 8012
f 8017 8018 8016
f 8019 8020 7977
f 8021 8022 8018
f 8023 8024 8020
f 8009 8008 8022
f 7959 7958 8025
f 7909 7908 8027
f 7961 7960 7965
f 7911 7910 7921
f 7992 8006 3999
f 7991 8004 8006
f 7990 8001 8004
f 7988 7997 8000
f 7986 7993 7996
f 8029 8007 8010
f 4049 4048 8023
f 4044 4049 8019
f 4045 4044 7976
f 7922 4005 4045
f 7925 4006 4005
f 4010 4006 7925
f 7926 4011 4010
f 7929 4013 4011
f 4013 7929 7932
f 4018 7936 7935
f 4019 7935 7939
f 7973 4022 4025
f 4023 4022 7973
f 4023 7941 7940
f 4027 7946 7945
f 7950 7949 4032
f 7953 4035 4032
f 7955 4037 4035
f 8031 7909 8028
f 8033 7906 7909
f 8033 8034 7910
f 7921 7910 8034
f 8036 7912 7921
f 7912 8036 8037
f 8037 8038 7916
f 7918 7916 8038
f 7769 7647 7918
f 7952 8040 8041
f 7948 8042 8040
f 8042 7948 7951
f 8044 7944 7947
f 7943 7942 8046
f 7972 8048 8046
f 8048 7972 7938
f 8049 7938 7934
f 8050 7934 7937
f 7933 7928 8052
f 7927 8054 8052
f 7931 8055 8054
f 7924 8056 8055
f 7923 8057 8056
f 7975 8058 8057
f 7977 8059 8058
f 8020 8060 8059
f 8024 8061 8060
f 8062 8063 8064
f 8066 8067 8063
f 8067 8066 8068
f 8070 8071 8072
f 8074 8075 8076
f 8078 8079 8075
f 8079 8078 8080
f 8081 8080 8082
f 8083 8082 8084
f 8086 8087 8088
f 8090 8091 8087
f 8092 8093 8091
f 8094 8095 8093
f 8096 8097 8095
f 8098 8099 8097
f 8100 8101 8099
f 8102 8103 8101
f 8104 8105 8103
f 8023 4048 4041
f 8105 8104 8107
f 8061 8024 8109
f 8024 8023 8106
f 4003 4000 8005
f 8003 8112 8111
f 8002 8113 8112
f 8114 8115 7999
f 8114 8108 8107
f 8113 8110 8109
f 8112 8109 8106
f 4041 4003 8111
f 7908 4277 4278
f 7907 4276 4277
f 7907 7911 4275
f 4274 4275 7911
f 7915 4273 4274
f 7914 4272 4273
f 7917 4271 4272
f 4271 7917 7919
f 7646 2102 4270
f 8071 8070 8069
f 7951 7944 8044
f 7950 7945 7944
f 4028 7945 7950
f 7932 7936 4018
f 7937 7936 7932
f 8051 7937 7933
f 8085 8084 8089
f 7940 7946 4027
f 7947 7946 7940
f 8045 7947 7943
f 8073 8072 8077
f 8027 7955 7954
f 4278 4037 7955
f 8028 7954 8041
f 8065 8064 8026
f 8013 8116 8117
f 8116 8118 8119
f 8120 8121 8122
f 8121 8120 8124
f 8126 8127 8128
f 8128 8127 8130
f 8131 8130 8132
f 8133 8132 8134
f 8135 8134 7867
f 8136 8137 8138
f 8140 8141 8137
f 8142 8143 8141
f 8144 8145 8146
f 8148 8149 8150
f 8152 8153 8149
f 8154 8155 8153
f 8156 8157 8155
f 8158 8159 8157
f 8160 8161 8162
f 8119 8118 8161
f 8123 8122 8164
f 8125 8124 8126
f 8147 8146 8143
f 8163 8162 8159
f 8139 8138 8165
f 7904 7979 7978
f 7989 7990 7979
f 8000 8001 7990
f 7999 8002 8001
f 8115 8113 8002
f 8107 8110 8113
f 8104 8061 8110
f 8061 8104 8102
f 8060 8102 8100
f 8059 8100 8098
f 8058 8098 8096
f 8056 8057 8096
f 8056 8094 8092
f 8054 8055 8092
f 8052 8054 8090
f 8053 8052 8086
f 8084 8051 8053
f 8082 8050 8051
f 8080 8049 8050
f 8078 8048 8049
f 8048 8078 8074
f 8047 8046 8074
f 8072 8045 8047
f 8071 8044 8045
f 8043 8044 8071
f 8066 8042 8043
f 8042 8066 8062
f 8040 8062 8065
f 8032 8041 8065
f 8031 8032 8025
f 8033 8031 7958
f 7961 8034 8033
f 8034 7961 7964
f 7963 8036 8035
f 7967 8037 8036
f 7969 8038 8037
f 8039 8038 7969
f 7700 7769 8039
f 7902 7984 7985
f 7987 7988 7903
f 7996 7997 7988
f 7995 7998 7997
f 8030 8114 7998
f 8010 8108 8114
f 8009 8105 8108
f 8103 8105 8009
f 8101 8103 8021
f 8101 8017 8015
f 8099 8015 8011
f 8097 8011 8014
f 8117 8093 8095
f 8119 8091 8093
f 8091 8119 8160
f 8087 8160 8163
f 8088 8163 8158
f 8085 8158 8156
f 8083 8156 8154
f 8081 8154 8152
f 8079 8152 8148
f 8075 8148 8151
f 8076 8151 8144
f 8073 8144 8147
f 8070 8147 8142
f 8069 8142 8140
f 8067 8140 8136
f 8063 8136 8139
f 8064 8139 8164
f 7959 8026 8164
f 7956 7959 8122
f 7956 8121 8125
f 7960 8125 8129
f 8128 7962 7965
f 7962 8128 8131
f 7966 8131 8133
f 7970 7968 8133
f 7970 8135 7866
f 7881 7884 7883
f 8151 8150 8145
f 8166 7628 7627
f 7899 8167 7986
f 7725 8168 8169
f 8170 7994 7993
f 7722 8169 8166
f 8171 7993 7986
f 8172 8173 8007
f 8173 8174 8008
f 8022 8008 8174
f 8018 8022 8175
f 8016 8018 8176
f 8012 8016 8177
f 8013 8012 8178
f 8179 8180 8116
f 8180 8181 8118
f 8161 8118 8181
f 8162 8161 8182
f 8159 8162 8183
f 8157 8159 8184
f 8155 8157 8185
f 8153 8155 8186
f 8149 8153 8187
f 8150 8149 8188
f 8145 8150 8189
f 8146 8145 8190
f 8143 8146 8191
f 8141 8143 8192
f 8137 8141 8193
f 8138 8137 8194
f 8165 8138 8195
f 8123 8165 8196
f 8120 8123 8197
f 8124 8120 8198
f 8126 8124 8199
f 8201 8127 8126
f 8130 8127 8201
f 8132 8130 8202
f 8134 8132 8203
f 7867 8134 8204
f 7865 7867 8205
f 7863 7865 8206
f 7861 7863 8207
f 7857 7861 8208
f 7858 7857 8209
f 7855 7858 8210
f 7851 7855 8211
f 7852 7851 8212
f 7868 7852 8213
f 7872 7868 8214
f 7873 7872 8215
f 7875 7873 8216
f 7877 7875 8217
f 7880 7877 8218
f 7881 7880 8219
f 8221 7884 7881
f 7885 7884 8221
f 7887 7885 8222
f 7889 7887 8223
f 7891 7889 8224
f 7893 7891 8225
f 7896 7893 8226
f 7897 7896 8227
f 7848 7897 8228
f 8230 7846 7848
f 8231 7742 7846
f 7743 7742 8231
f 7745 7743 8232
f 7747 7745 8233
f 7751 7747 8234
f 7736 7751 8235
f 8237 7737 7736
f 8238 7758 7737
f 8029 8030 7995
f 7759 7758 7725
f 7758 8238 8168
f 8172 8029 7994
f 7901 6247 6265
f 6248 6247 7901
f 7902 6217 6248
f 6218 6217 7902
f 6862 6218 7905
f 7708 7620 7621
f 6862 7978 7981
f 7709 7621 7622
f 6894 7981 7983
f 7712 7622 1814
f 6895 7983 3993
f 8239 8240 8241
f 8243 8244 8245
f 8244 8247 8248
f 8249 8250 8251
f 8253 8252 8251
f 8251 8255 8256
f 8257 8258 8259
f 8261 8260 8259
f 8242 8241 8263
f 8265 8249 8252
f 8266 8252 8253
f 8268 8269 8261
f 8270 8261 8262
f 8272 8243 8246
f 8274 8239 8242
f 8275 8242 8264
f 8247 8277 8278
f 8241 8240 8279
f 8241 8280 8281
f 8282 8283 8284
f 8255 8286 8287
f 8255 8288 8289
f 8290 8274 8275
f 8291 8275 8276
f 8293 8290 8291
f 8294 8291 8292
f 8296 8293 8294
f 8297 8294 8295
f 8299 8300 8301
f 8302 8301 8303
f 8305 8306 8307
f 8308 8307 8309
f 8310 8309 8311
f 8312 8311 8313
f 8315 8316 8307
f 8316 8317 8309
f 8317 8318 8311
f 8318 8319 8313
f 8320 8321 8322
f 8323 8322 8324
f 8325 8324 8326
f 8327 8326 8328
f 8330 8322 8321
f 8332 8324 8322
f 8333 8326 8324
f 8312 8314 1470
f 8310 8312 1461
f 8308 8310 1454
f 8305 8308 1449
f 8272 8334 8335
f 8243 8335 8336
f 8247 8337 8338
f 8244 8336 8337
f 8339 8299 8302
f 8340 8302 8304
f 8335 8334 8320
f 8336 8335 8323
f 8337 8336 8325
f 8338 8337 8327
f 831 830 7487
f 7487 7489 8343
f 8344 1413 831
f 8345 8344 8342
f 8346 1414 1413
f 8347 8346 8344
f 1418 1417 8348
f 8348 8350 8351
f 1421 1418 8349
f 8305 8349 8351
f 8343 7489 7491
f 7491 7493 8353
f 8354 8345 8343
f 8355 8354 8352
f 8356 8347 8345
f 8351 8350 8357
f 8306 8351 8358
f 8359 8356 8354
f 8358 8357 8360
f 8315 8358 8361
f 8353 7493 7508
f 8364 8355 8353
f 8361 8360 8365
f 8362 8361 8366
f 8363 7508 7515
f 7515 7517 8368
f 7517 7519 8369
f 8370 8371 8372
f 8371 8374 8284
f 8374 8375 8285
f 8373 8372 8376
f 8372 8284 8283
f 8377 8376 8378
f 8376 8283 8380
f 8381 8382 8383
f 8329 8382 8381
f 8385 8381 8384
f 8338 8381 8385
f 8385 8386 8387
f 8277 8385 8388
f 8389 8388 8387
f 8278 8388 8389
f 8379 8378 8391
f 8378 8380 8393
f 8394 8389 8390
f 8280 8279 8389
f 8380 8283 8282
f 8380 8396 8397
f 8330 8331 8319
f 8332 8330 8318
f 8333 8332 8317
f 8382 8329 8328
f 8383 8382 8366
f 8371 8370 8363
f 8374 8371 8367
f 8375 8374 8368
f 8398 8399 8400
f 8288 8340 8341
f 8357 8356 8359
f 8350 8347 8356
f 8348 8346 8347
f 1417 1414 8346
f 8399 8270 8271
f 8402 8272 8273
f 8314 8313 8404
f 8321 8320 8406
f 8331 8321 8407
f 1470 8314 8405
f 8334 8272 8402
f 8320 8334 8409
f 8319 8331 8408
f 8319 8410 8404
f 8411 8402 8403
f 8413 8405 8404
f 8415 8407 8406
f 8417 8408 8407
f 1941 1938 8405
f 8418 8409 8402
f 8416 8406 8409
f 8410 8408 8417
f 8410 8419 8414
f 8387 8420 8421
f 8384 8383 8422
f 8386 8384 8423
f 8387 8386 8424
f 8422 8383 8365
f 8360 8359 8425
f 8420 8426 8427
f 8423 8422 8428
f 8424 8423 8429
f 8420 8424 8430
f 8428 8422 8425
f 8425 8359 8355
f 8427 8426 8379
f 8429 8428 8370
f 8430 8429 8373
f 8426 8430 8377
f 8370 8428 8364
f 8392 8391 8431
f 8391 8393 8433
f 8393 8397 8434
f 8390 8421 8435
f 8421 8427 8436
f 8427 8392 8432
f 8437 8438 8439
f 8441 8437 8440
f 8443 8437 8441
f 8445 8446 8443
f 8447 8441 8442
f 8444 8441 8447
f 8450 8445 8444
f 8451 8447 8448
f 8449 8447 8451
f 8454 8450 8449
f 8455 8451 8452
f 8453 8451 8455
f 8458 8454 8453
f 8459 8460 8461
f 8461 8460 8463
f 8455 8465 8466
f 8466 8459 8458
f 8467 8465 8468
f 8466 8465 8467
f 8460 8459 8466
f 8470 8467 8471
f 8460 8470 8472
f 8471 8467 8469
f 8462 8461 8474
f 8461 8464 8476
f 8417 8415 8477
f 8419 8417 8478
f 8419 8479 8480
f 8413 8414 8480
f 1941 8413 8481
f 8482 8483 8484
f 8483 8486 8487
f 8487 8486 8488
f 8488 8490 8491
f 8490 1945 1948
f 8488 8486 8492
f 8490 8488 8493
f 8482 8495 8496
f 8486 8483 8496
f 1945 8490 8494
f 8492 8496 8497
f 8493 8492 8498
f 8494 8493 8499
f 1951 8494 8500
f 8443 8446 8501
f 8437 8443 8502
f 8503 8297 8298
f 8505 8411 8412
f 8418 8411 8505
f 8416 8418 8507
f 8416 8508 8477
f 8301 8509 8510
f 8438 8511 8512
f 8513 8511 8438
f 8514 8513 8502
f 8485 8514 8501
f 8482 8501 8446
f 8495 8446 8445
f 8496 8495 8515
f 8515 8445 8450
f 8450 8454 8517
f 8517 8454 8458
f 8518 8458 8459
f 1965 8519 8520
f 8519 1965 1953
f 8521 8520 8519
f 8522 8519 8500
f 8521 8522 8523
f 8498 8523 8522
f 8525 8523 8498
f 8526 8524 8523
f 8527 8528 8516
f 8529 8527 8517
f 8529 8518 8462
f 8530 8528 8527
f 8531 8527 8529
f 8533 8534 8530
f 8535 8533 8531
f 8532 8529 8475
f 8536 8537 8535
f 8538 8539 8540
f 8542 8543 8544
f 8536 8545 8544
f 1942 8481 8491
f 8481 8480 8489
f 8479 8487 8489
f 8479 8478 8484
f 8485 8484 8478
f 8485 8477 8508
f 8514 8508 8507
f 8513 8507 8505
f 8511 8505 8506
f 8509 8546 8547
f 8509 8503 8504
f 8548 8549 8394
f 8432 8431 8550
f 8431 8433 8552
f 8433 8434 8553
f 8395 8435 8554
f 8435 8436 8555
f 8551 8555 8436
f 8280 8394 8549
f 8455 8456 8468
f 8539 8398 8401
f 8474 8476 8542
f 8474 8545 8536
f 8525 8497 8528
f 8526 8525 8530
f 8497 8515 8516
f 8257 8556 8265
f 8257 8266 8267
f 8557 8558 8543
f 8559 8557 8542
f 8560 8559 8476
f 8268 8560 8464
f 8269 8268 8463
f 8561 8269 8472
f 8561 8471 8473
f 8265 8556 8473
f 8249 8265 8469
f 8250 8249 8468
f 8286 8250 8456
f 8287 8286 8452
f 8339 8287 8448
f 8299 8339 8442
f 8300 8299 8440
f 8546 8300 8439
f 8547 8546 8512
f 8296 8547 8506
f 8293 8296 8412
f 8290 8293 8403
f 8274 8290 8273
f 8239 8274 8246
f 8240 8239 8245
f 8279 8240 8248
f 8255 8251 8250
f 8339 8340 8288
f 8509 8301 8300
f 8296 8297 8503
f 8539 8538 8558
f 8559 8398 8539
f 8399 8398 8559
f 8268 8270 8399
f 8260 8261 8269
f 8257 8260 8561
f 8326 8333 8362
f 8333 8316 8315
f 8562 8563 8564
f 8566 8567 8568
f 8570 8566 8569
f 8572 8573 8574
f 8576 8577 8574
f 8574 8577 8578
f 8580 8581 8582
f 8584 8585 8583
f 8563 8586 8587
f 8588 8589 8573
f 8589 8590 8576
f 8591 8592 8584
f 8592 8594 8585
f 8567 8595 8596
f 8597 8598 8563
f 8598 8599 8586
f 8600 8570 8571
f 8564 8602 8603
f 8564 8587 8604
f 8605 8606 8607
f 8579 8609 8610
f 8579 8578 8612
f 8613 8614 8598
f 8614 8615 8599
f 8616 8617 8614
f 8617 8618 8615
f 8619 8620 8617
f 8620 8621 8618
f 8622 8623 8624
f 8623 8626 8627
f 8628 8629 8630
f 8629 8632 8633
f 8632 8634 8635
f 8634 8636 8637
f 8638 8631 8630
f 8639 8630 8633
f 8640 8633 8635
f 8641 8635 8637
f 8643 8644 8645
f 8644 8647 8648
f 8647 8649 8650
f 8649 8651 8652
f 8653 8654 8646
f 8655 8653 8645
f 8656 8655 8648
f 8634 3661 3670
f 8632 3654 3661
f 8629 3649 3654
f 8628 3621 3649
f 8595 8567 8657
f 8567 8566 8659
f 8570 8600 8660
f 8566 8570 8661
f 8662 8663 8623
f 8663 8664 8626
f 8657 8644 8643
f 8659 8647 8644
f 8661 8649 8647
f 8660 8651 8649
f 3041 8665 6886
f 6886 8665 8666
f 8667 8665 3041
f 8668 8666 8665
f 8669 8667 3613
f 8670 8668 8667
f 3616 8671 8672
f 8672 8671 8673
f 3621 8628 8671
f 8628 8631 8673
f 8666 8675 6888
f 6888 8675 8676
f 8677 8675 8666
f 8678 8676 8675
f 8679 8677 8668
f 8673 8680 8681
f 8631 8638 8680
f 8682 8678 8677
f 8680 8683 8684
f 8638 8685 8683
f 8676 8686 6890
f 8687 8686 8676
f 8683 8688 8689
f 8685 8652 8688
f 8686 8690 6891
f 6891 8690 8691
f 6892 8691 8692
f 8693 8694 8695
f 8696 8695 8607
f 8697 8607 8606
f 8694 8699 8700
f 8695 8700 8608
f 8700 8699 8701
f 8608 8700 8702
f 8704 8705 8706
f 8651 8660 8704
f 8708 8709 8705
f 8660 8600 8708
f 8709 8708 8710
f 8708 8600 8601
f 8712 8713 8711
f 8601 8603 8712
f 8701 8714 8715
f 8702 8715 8716
f 8717 8718 8713
f 8602 8717 8712
f 8719 8605 8608
f 8703 8716 8720
f 8653 8641 8642
f 8655 8640 8641
f 8656 8639 8640
f 8707 8688 8652
f 8706 8689 8688
f 8696 8690 8686
f 8697 8691 8690
f 8698 8692 8691
f 8721 8722 8723
f 8609 8612 8664
f 8681 8684 8682
f 8674 8681 8679
f 8672 8674 8670
f 3617 8672 8669
f 8724 8723 8594
f 8636 8725 8726
f 8646 8727 8728
f 8654 8729 8727
f 3670 4113 8725
f 8658 8730 8731
f 8643 8728 8730
f 8642 8732 8729
f 8642 8637 8726
f 8733 8734 8726
f 8735 8736 8728
f 8737 8735 8727
f 4116 8733 8725
f 8738 8739 8731
f 8736 8738 8730
f 8732 8740 8737
f 8732 8726 8734
f 8711 8713 8741
f 8705 8743 8744
f 8709 8745 8743
f 8745 8709 8711
f 8744 8746 8689
f 8684 8689 8746
f 8742 8741 8747
f 8743 8749 8750
f 8745 8751 8749
f 8751 8745 8742
f 8750 8687 8746
f 8746 8687 8678
f 8747 8714 8701
f 8749 8694 8693
f 8751 8699 8694
f 8701 8699 8751
f 8693 8686 8687
f 8714 8752 8753
f 8715 8753 8754
f 8716 8754 8755
f 8713 8718 8756
f 8741 8756 8757
f 8747 8757 8752
f 8595 8731 8758
f 8731 8739 8759
f 8760 8761 8762
f 8764 8765 8766
f 8767 8765 8764
f 8761 8766 8769
f 8765 8770 8771
f 8772 8770 8765
f 8766 8771 8773
f 8770 8774 8775
f 8776 8774 8770
f 8771 8775 8777
f 8774 8778 8779
f 8780 8778 8774
f 8775 8779 8781
f 8782 8783 8784
f 8784 8786 8787
f 8779 8778 8788
f 8788 8778 8780
f 8788 8790 8791
f 8785 8790 8788
f 8789 8791 8792
f 8790 8794 8795
f 8785 8787 8794
f 8792 8791 8795
f 8783 8797 8798
f 8784 8798 8799
f 8737 8800 8801
f 8740 8802 8800
f 8740 8734 8803
f 8733 8804 8803
f 4116 4118 8804
f 8805 8806 8807
f 8808 8807 8809
f 8809 8811 8812
f 8812 8811 8813
f 8814 8813 4121
f 8812 8815 8816
f 8814 8817 8815
f 8805 8808 8818
f 8810 8816 8818
f 4120 4127 8817
f 8816 8820 8821
f 8815 8822 8820
f 8817 8823 8822
f 4127 4129 8823
f 8764 8824 8825
f 8761 8760 8824
f 8826 8827 8621
f 8739 8828 8829
f 8738 8830 8828
f 8736 8831 8830
f 8736 8735 8801
f 8624 8627 8832
f 8834 8760 8763
f 8836 8824 8760
f 8837 8825 8824
f 8806 8805 8825
f 8805 8819 8768
f 8819 8838 8767
f 8818 8821 8838
f 8838 8839 8772
f 8772 8839 8840
f 8840 8841 8780
f 8841 8783 8782
f 4138 1966 8520
f 8842 8823 4129
f 8521 8843 8842
f 8843 8822 8823
f 8521 8524 8844
f 8820 8822 8843
f 8845 8821 8820
f 8526 8845 8844
f 8846 8840 8839
f 8848 8841 8840
f 8848 8797 8783
f 8849 8850 8846
f 8850 8851 8848
f 8533 8850 8849
f 8535 8851 8850
f 8851 8852 8797
f 8852 8851 8535
f 8538 8541 8853
f 8855 8856 8544
f 8852 8537 8544
f 4118 4121 8813
f 8804 8813 8811
f 8802 8803 8811
f 8802 8809 8807
f 8806 8801 8800
f 8806 8837 8831
f 8837 8836 8830
f 8836 8834 8828
f 8828 8834 8835
f 8833 8826 8857
f 8833 8832 8827
f 8859 8718 8717
f 8752 8861 8862
f 8753 8862 8863
f 8754 8863 8864
f 8718 8859 8865
f 8756 8865 8866
f 8861 8752 8757
f 8602 8604 8860
f 8789 8793 8781
f 8854 8853 8722
f 8798 8856 8855
f 8798 8797 8852
f 8845 8849 8847
f 8526 8534 8849
f 8821 8847 8839
f 8581 8589 8588
f 8581 8580 8590
f 8868 8855 8543
f 8869 8799 8855
f 8870 8786 8799
f 8591 8787 8786
f 8593 8794 8787
f 8871 8795 8794
f 8796 8795 8871
f 8588 8792 8796
f 8572 8793 8792
f 8575 8781 8793
f 8611 8777 8781
f 8610 8773 8777
f 8662 8769 8773
f 8622 8762 8769
f 8625 8763 8762
f 8858 8835 8763
f 8857 8829 8835
f 8619 8759 8829
f 8616 8758 8759
f 8613 8596 8758
f 8597 8568 8596
f 8562 8569 8568
f 8565 8571 8569
f 8603 8601 8571
f 8579 8611 8575
f 8662 8610 8609
f 8833 8858 8625
f 8619 8857 8826
f 8854 8868 8558
f 8869 8868 8854
f 8724 8870 8869
f 8591 8870 8724
f 8582 8871 8593
f 8867 8871 8582
f 8650 8652 8685
f 8656 8685 8638
f 8872 8873 8874
f 8876 8877 8878
f 8880 8881 8882
f 8873 8884 8885
f 8884 8886 8887
f 8888 8889 8890
f 8890 8889 8892
f 8892 8889 8894
f 8889 8888 8896
f 8897 8898 8899
f 8901 8902 8903
f 8905 8906 8907
f 8909 8910 8911
f 8913 8914 8915
f 8872 8282 8285
f 8282 8872 8875
f 8375 8918 8917
f 8396 8875 8919
f 8918 8375 8369
f 8900 8899 8921
f 8923 8901 8904
f 8922 8921 8925
f 8927 8928 8880
f 8929 8930 8913
f 8877 8931 8932
f 8933 8934 8935
f 8937 8935 8934
f 8933 8936 8932
f 8397 8919 8939
f 8940 8941 8942
f 8944 8945 8946
f 8938 8948 8949
f 8434 8939 8950
f 8951 8905 8908
f 8909 8912 8953
f 8916 8915 8881
f 8928 8929 8916
f 8946 8955 8956
f 8957 8958 8959
f 8958 8961 8962
f 8940 8943 8962
f 8957 8960 8947
f 8919 8875 8874
f 8939 8919 8963
f 8943 8942 8965
f 8950 8939 8964
f 8960 8959 8968
f 8959 8962 8970
f 8943 8966 8970
f 8960 8969 8944
f 8894 8896 8971
f 8895 8894 8972
f 8885 8887 8974
f 8874 8885 8975
f 8972 8971 8976
f 8973 8972 8977
f 8975 8974 8979
f 8963 8975 8980
f 8977 8976 8981
f 8978 8977 8982
f 8980 8979 8984
f 8964 8980 8985
f 8986 8987 8988
f 8990 8986 8989
f 8992 8993 8994
f 8966 8965 8992
f 8996 8997 8945
f 8969 8998 8996
f 8998 8969 8968
f 9000 8999 8968
f 9001 9002 8997
f 8998 9003 9001
f 9003 8998 8999
f 9005 9004 8999
f 9006 9007 9008
f 9010 9011 9006
f 9011 9010 9012
f 9014 9013 9012
f 9016 9017 9007
f 9011 9018 9016
f 9018 9011 9013
f 9020 9019 9013
f 9021 9022 9023
f 9025 9026 9021
f 9026 9025 9027
f 9027 8923 8924
f 8989 8988 9020
f 8991 8989 9014
f 8995 8994 9005
f 8966 8995 9000
f 9029 9030 9031
f 9033 9034 9035
f 9036 9035 9037
f 8926 8925 9034
f 9038 9037 9029
f 8887 8886 8892
f 8887 8895 8973
f 8979 8974 8973
f 8979 8978 8983
f 8994 8993 8990
f 8994 8991 9015
f 9015 9012 9004
f 9003 9004 9012
f 9003 9010 9009
f 9008 9002 9001
f 9039 9040 9041
f 8920 9039 9042
f 9040 9043 9044
f 9043 9045 9046
f 9047 9048 9049
f 9045 9047 9050
f 8876 8879 9051
f 9042 9041 9053
f 8918 9042 9054
f 9041 9044 9055
f 9044 9046 8893
f 9050 9049 8891
f 9046 9050 8890
f 8886 8884 9053
f 8886 9055 8893
f 9054 9053 8884
f 8872 8917 9054
f 9056 9057 9058
f 9060 9061 9058
f 9062 9063 9061
f 8953 9064 9065
f 8942 8941 8553
f 8965 8942 8950
f 8992 8965 8967
f 8993 8992 8985
f 8990 8993 8984
f 8986 8990 8983
f 8987 8986 8982
f 8903 8902 8949
f 9066 9067 9068
f 9070 9066 9069
f 9072 9070 9071
f 9074 9072 9073
f 9076 9074 9075
f 9078 9076 9077
f 9080 9078 9079
f 9082 9080 9081
f 9084 9082 9083
f 9086 9084 9085
f 9088 9086 9087
f 8877 8928 8927
f 8876 8929 8928
f 9052 8930 8929
f 8915 8914 8910
f 8881 8915 8909
f 8882 8881 8954
f 8912 8911 9062
f 8953 8912 9060
f 9057 9056 9064
f 9023 9017 9016
f 9018 9025 9024
f 9027 9025 9018
f 9019 9020 8923
f 8988 8901 8923
f 8987 8902 8901
f 8949 8902 8987
f 8937 8949 8981
f 8971 8935 8937
f 8936 8935 8971
f 8936 8896 8888
f 8878 8932 8888
f 8879 8878 8891
f 9051 8879 9049
f 9058 9061 8905
f 9061 9063 8906
f 8908 8907 9090
f 8952 8908 9091
f 9093 8952 9092
f 9095 9096 9097
f 9099 9100 9101
f 9103 9104 9105
f 9105 9107 9108
f 9106 9108 9109
f 9103 9106 9110
f 9112 9113 9114
f 9116 9117 9118
f 9120 9121 9122
f 9124 9125 9126
f 9128 9129 9130
f 9132 9133 9134
f 9136 9132 9135
f 9138 9136 9137
f 9133 9140 8606
f 9133 8605 8719
f 8698 8606 9140
f 8719 8720 9142
f 9141 9143 8692
f 9113 9144 9145
f 9146 9147 9117
f 9144 9148 9149
f 9150 9100 9099
f 9152 9129 9128
f 9098 9097 9154
f 9156 9157 9158
f 9160 9161 9159
f 9157 9156 9155
f 8720 8755 9162
f 9163 9164 9165
f 9161 9160 9167
f 8755 8864 9169
f 9170 9171 9121
f 9124 9172 9173
f 9129 9099 9102
f 9151 9099 9129
f 9174 9175 8955
f 9176 9177 9178
f 9177 9176 9180
f 9163 9181 9180
f 9142 9182 9135
f 9162 9183 9182
f 9164 9184 9185
f 9169 9186 9183
f 9187 9176 9179
f 9176 9187 9189
f 9164 9180 9189
f 9190 9174 8946
f 9110 9191 9192
f 9109 9193 9191
f 9137 9194 9195
f 9135 9182 9194
f 9191 9196 9197
f 9193 9198 9196
f 9194 9199 9200
f 9182 9183 9199
f 9196 9201 9202
f 9198 9203 9201
f 9199 9204 9205
f 9183 9186 9204
f 9206 9207 9208
f 9210 9211 9207
f 9212 9213 9214
f 9184 9213 9212
f 9216 9190 8945
f 9187 9188 9217
f 9219 9189 9187
f 9220 9216 8997
f 9218 9217 9221
f 9223 9219 9218
f 9224 9225 9008
f 9226 9227 9228
f 9230 9231 9229
f 9232 9224 9007
f 9228 9227 9233
f 9235 9230 9228
f 9236 9237 9238
f 9239 9238 9147
f 9207 9230 9235
f 9211 9231 9230
f 9213 9219 9223
f 9184 9189 9219
f 9240 9241 9031
f 9242 9243 9244
f 9244 9243 9246
f 9148 9242 9245
f 9248 9249 9023
f 9109 9108 9138
f 9139 9195 9193
f 9200 9198 9193
f 9200 9205 9203
f 9214 9211 9210
f 9214 9223 9231
f 9231 9223 9222
f 9226 9229 9222
f 9225 9220 9002
f 9250 9251 9252
f 9143 9141 9251
f 9253 9252 9254
f 9255 9254 9256
f 9258 9259 9260
f 9257 9256 9259
f 9095 9262 9263
f 9251 9264 9265
f 9141 9140 9264
f 9252 9265 9266
f 9254 9266 9107
f 9259 9105 9104
f 9256 9107 9105
f 9138 9266 9265
f 9138 9108 9107
f 9264 9132 9136
f 9133 9132 9264
f 9267 9268 9269
f 9271 9270 9269
f 9273 9271 9272
f 9173 9172 9275
f 9165 9169 8864
f 9185 9186 9169
f 9212 9204 9186
f 9215 9205 9204
f 9210 9203 9205
f 9206 9201 9203
f 9209 9202 9201
f 9118 9168 9167
f 8188 9277 9278
f 9278 9279 8190
f 8190 9279 9280
f 9280 9281 8192
f 8192 9281 9282
f 9282 9283 8194
f 8194 9283 9284
f 8195 9284 9285
f 8196 9285 9286
f 8188 8187 9287
f 8187 8186 9288
f 8186 8185 9289
f 8185 8184 9290
f 8184 8183 9291
f 8183 8182 9292
f 8182 8181 9293
f 8181 8180 9294
f 8180 8179 9295
f 8179 8178 9296
f 8178 8177 9297
f 8177 8176 9298
f 9098 9155 9150
f 9095 9098 9151
f 9262 9095 9152
f 9130 9124 9127
f 9102 9172 9124
f 9101 9275 9172
f 9125 9271 9273
f 9173 9270 9271
f 9270 9173 9276
f 9249 9232 9017
f 9234 9233 9236
f 9234 9239 9146
f 9208 9235 9146
f 9209 9208 9116
f 9167 9202 9209
f 9160 9197 9202
f 9192 9197 9160
f 9157 9111 9192
f 9103 9111 9157
f 9097 9104 9103
f 9096 9260 9104
f 9263 9261 9260
f 9269 9170 9120
f 9272 9120 9123
f 9121 9299 9300
f 9171 9301 9299
f 9302 9303 9301
f 9091 9090 7628
f 9300 9299 8167
f 8168 9094 9092
f 9303 8170 8171
f 8169 9092 9091
f 9301 8171 8167
f 8233 9304 9305
f 8232 9306 9304
f 8231 9307 9306
f 8230 9308 9307
f 8229 9309 9308
f 8228 9310 9309
f 8227 9311 9310
f 8226 9312 9311
f 8225 9313 9312
f 8224 9314 9313
f 8223 9315 9314
f 8222 9316 9315
f 8222 8221 9317
f 9318 9317 8221
f 8220 8219 9319
f 9320 9319 8219
f 8218 8217 9321
f 9322 9321 8217
f 8216 8215 9323
f 8215 8214 9324
f 9324 8214 8213
f 9297 9298 9326
f 9296 9297 9327
f 9295 9296 9328
f 9294 9295 9329
f 9293 9294 9330
f 9292 9293 9331
f 9291 9292 9332
f 9290 9291 9333
f 9289 9290 9334
f 9288 9289 9335
f 9287 9288 9336
f 9277 9287 9337
f 9278 9277 9338
f 9339 9340 9279
f 9280 9279 9340
f 9341 9342 9281
f 9282 9281 9342
f 9343 9344 9283
f 9284 9283 9344
f 9285 9284 9345
f 9305 9304 9347
f 9304 9306 9349
f 9306 9307 9350
f 9307 9308 9351
f 9308 9309 9352
f 9309 9310 9353
f 9310 9311 9354
f 9311 9312 9355
f 9312 9313 9356
f 9313 9314 9357
f 9314 9315 9358
f 9315 9316 9359
f 9316 9317 9360
f 9361 9360 9317
f 9318 9319 9362
f 9363 9362 9319
f 9320 9321 9364
f 9365 9364 9321
f 9322 9323 9366
f 9323 9324 9367
f 9327 9326 9368
f 9328 9327 9369
f 9329 9328 9370
f 9330 9329 9371
f 9331 9330 9372
f 9332 9331 9373
f 9333 9332 9374
f 9334 9333 9375
f 9335 9334 9376
f 9336 9335 9377
f 9337 9336 9378
f 9338 9337 9379
f 9339 9338 9380
f 9340 9339 9381
f 9341 9340 9382
f 9342 9341 9383
f 9343 9342 9384
f 9344 9343 9385
f 9345 9344 9386
f 9346 9345 9387
f 9348 9347 9389
f 9347 9349 9391
f 9349 9350 9392
f 9350 9351 9393
f 9351 9352 9394
f 9352 9353 9395
f 9353 9354 9396
f 9354 9355 9397
f 9355 9356 9398
f 9356 9357 9399
f 9357 9358 9400
f 9358 9359 9401
f 9359 9360 9402
f 9360 9361 9403
f 9361 9362 9404
f 9362 9363 9405
f 9363 9364 9406
f 9364 9365 9407
f 9365 9366 9408
f 9366 9367 9409
f 9369 9368 9410
f 9370 9369 9411
f 9371 9370 9412
f 9372 9371 9413
f 9373 9372 9414
f 9374 9373 9415
f 9375 9374 9416
f 9376 9375 9417
f 9377 9376 9418
f 9378 9377 9419
f 9379 9378 9420
f 9422 9388 9423
f 9390 9389 9425
f 9389 9391 9427
f 9391 9392 9428
f 9392 9393 9429
f 9393 9394 9430
f 9394 9395 9431
f 9395 9396 9432
f 9396 9397 9433
f 9397 9398 9434
f 9398 9399 9435
f 9399 9400 9436
f 9409 9437 9438
f 9411 9410 9440
f 9412 9411 9441
f 9413 9412 9442
f 9414 9413 9443
f 9415 9414 9444
f 9416 9415 9445
f 9417 9416 9446
f 9418 9417 9447
f 9419 9418 9448
f 9420 9419 9449
f 9421 9420 9450
f 9424 9423 9452
f 9426 9425 9086
f 9425 9427 9084
f 9427 9428 9082
f 9428 9429 9080
f 9429 9430 9078
f 9430 9431 9076
f 9431 9432 9074
f 9432 9433 9072
f 9433 9434 9070
f 9434 9435 9066
f 9435 9436 9067
f 9454 9455 9456
f 9441 9440 9458
f 9442 9441 9459
f 9443 9442 9460
f 9444 9443 9461
f 9445 9444 9462
f 9446 9445 9463
f 9447 9446 9464
f 9448 9447 9465
f 9449 9448 9466
f 9450 9449 9467
f 9451 9450 9468
f 9470 9471 9472
f 9409 9439 9474
f 9423 9388 9387
f 9476 9454 9457
f 9478 9452 9423
f 9479 9480 9481
f 9483 9472 9471
f 9408 9474 9485
f 9475 9387 9386
f 9487 9476 9477
f 9489 9478 9475
f 9490 9479 9482
f 9492 9483 9484
f 9407 9485 9494
f 9486 9386 9385
f 9496 9487 9488
f 9498 9489 9486
f 9499 9490 9491
f 9501 9492 9493
f 9406 9494 9503
f 9495 9385 9384
f 9505 9499 9500
f 9507 9501 9502
f 9403 9509 9510
f 9511 9382 9381
f 9402 9510 9513
f 9512 9381 9380
f 9401 9513 9436
f 9514 9380 9379
f 9071 9515 9516
f 9517 9467 9466
f 9073 9516 9519
f 9518 9466 9465
f 9075 9519 9521
f 9520 9465 9464
f 9077 9521 9523
f 9522 9464 9463
f 8237 8236 9525
f 8235 8234 9305
f 8236 8235 9527
f 8238 8237 9526
f 8174 8173 9529
f 8176 8175 9531
f 8175 8174 9530
f 8173 8172 9532
f 9526 9525 9533
f 9527 9305 9348
f 9525 9527 9535
f 9528 9526 9534
f 9530 9529 9537
f 9298 9531 9539
f 9531 9530 9538
f 9529 9532 9540
f 9497 9541 9542
f 9543 9498 9495
f 9510 9509 9544
f 9511 9512 9546
f 9513 9510 9545
f 9512 9514 9549
f 9436 9513 9548
f 9514 9421 9451
f 9545 9544 9550
f 9547 9546 9552
f 9548 9545 9551
f 9546 9549 9555
f 9067 9548 9554
f 9549 9451 9469
f 9556 9557 9558
f 9560 9561 9562
f 9564 9565 9566
f 9565 9568 9569
f 9557 9556 9564
f 9570 9559 9558
f 9562 9572 9573
f 9574 9570 9571
f 9572 9576 9577
f 9515 9574 9575
f 9576 9517 9518
f 9558 9557 9578
f 9580 9560 9563
f 9566 9582 9583
f 9569 9584 9582
f 9578 9557 9567
f 9571 9558 9579
f 9563 9573 9586
f 9575 9571 9585
f 9573 9577 9588
f 9516 9575 9587
f 9577 9518 9520
f 9579 9578 9589
f 9591 9580 9581
f 9582 9593 9594
f 9584 9595 9593
f 9589 9578 9583
f 9585 9579 9590
f 9581 9586 9597
f 9587 9585 9596
f 9586 9588 9599
f 9519 9587 9598
f 9588 9520 9522
f 9590 9589 9600
f 9602 9591 9592
f 9593 9604 9605
f 9595 9606 9604
f 9600 9589 9594
f 9596 9590 9601
f 9592 9597 9608
f 9598 9596 9607
f 9597 9599 9610
f 9521 9598 9609
f 9599 9522 9524
f 9079 9523 9611
f 9524 9463 9462
f 9601 9600 9613
f 9615 9602 9603
f 9604 9617 9618
f 9606 9619 9617
f 9613 9600 9605
f 9607 9601 9614
f 9603 9608 9621
f 9609 9607 9620
f 9608 9610 9623
f 9523 9609 9622
f 9610 9524 9612
f 9081 9611 9624
f 9612 9462 9461
f 9614 9613 9626
f 9628 9615 9616
f 9617 9630 9631
f 9619 9632 9630
f 9626 9613 9618
f 9620 9614 9627
f 9616 9621 9634
f 9622 9620 9633
f 9621 9623 9636
f 9611 9622 9635
f 9623 9612 9625
f 9083 9624 9637
f 9625 9461 9460
f 9627 9626 9639
f 9641 9628 9629
f 9630 9643 9644
f 9632 9645 9643
f 9639 9626 9631
f 9633 9627 9640
f 9629 9634 9647
f 9635 9633 9646
f 9634 9636 9649
f 9624 9635 9648
f 9636 9625 9638
f 9085 9637 9650
f 9638 9460 9459
f 9640 9639 9652
f 9654 9641 9642
f 9643 9656 9657
f 9645 9658 9656
f 9652 9639 9644
f 9646 9640 9653
f 9642 9647 9660
f 9648 9646 9659
f 9647 9649 9662
f 9637 9648 9661
f 9649 9638 9651
f 9087 9650 9663
f 9651 9459 9458
f 9653 9652 9665
f 9667 9654 9655
f 9656 9669 9670
f 9658 9671 9669
f 9665 9652 9657
f 9659 9653 9666
f 9655 9660 9673
f 9661 9659 9672
f 9660 9662 9675
f 9650 9661 9674
f 9662 9651 9664
f 9088 9089 9676
f 9348 9390 9678
f 9390 9426 9679
f 9426 9088 9677
f 9089 9663 9680
f 9666 9665 9681
f 9671 9683 9684
f 9681 9665 9670
f 9672 9666 9682
f 9674 9672 9686
f 9663 9674 9687
f 9669 9684 9685
f 9688 9667 9668
f 9673 9690 9689
f 9675 9691 9690
f 9664 9692 9691
f 9458 9693 9692
f 9440 9694 9693
f 9410 9695 9694
f 9368 9696 9695
f 9696 9368 9326
f 9693 9694 9115
f 9692 9693 9114
f 9691 9692 9145
f 9690 9691 9149
f 9689 9690 9245
f 9688 9689 9244
f 9683 9240 9030
f 9684 9030 9029
f 9037 9681 9685
f 9682 9681 9037
f 9686 9682 9035
f 9687 9686 9034
f 9680 9687 8925
f 9676 9680 8921
f 9677 9676 8899
f 8238 9528 9094
f 9532 8172 8170
f 9528 9536 9093
f 9540 9532 9303
f 8897 8900 9697
f 8900 8922 9699
f 8922 8926 9700
f 9031 9701 9702
f 9033 9036 9703
f 9703 9036 9038
f 8926 9033 9704
f 9705 9038 9032
f 9113 9112 9706
f 9144 9113 9707
f 9148 9144 9708
f 9241 9710 9701
f 9243 9242 9711
f 9246 9243 9712
f 9242 9148 9709
f 9696 9539 9538
f 9695 9696 9714
f 9694 9695 9715
f 9679 9677 8898
f 9678 9679 9716
f 9535 9678 9717
f 9714 9538 9537
f 9715 9714 9718
f 9115 9715 9719
f 9716 8898 8897
f 9717 9716 9720
f 9533 9717 9721
f 9718 9537 9540
f 9719 9718 9722
f 9112 9719 9723
f 9720 8897 9698
f 9721 9720 9724
f 9534 9721 9725
f 9697 9699 9726
f 9708 9707 9728
f 9698 9697 9727
f 9707 9706 9731
f 9722 9540 9302
f 9723 9722 9732
f 9706 9723 9733
f 9724 9698 9730
f 9725 9724 9734
f 9536 9725 9735
f 9727 9726 9736
f 9729 9728 9738
f 9730 9727 9737
f 9728 9731 9741
f 9732 9302 9742
f 9733 9732 9743
f 9731 9733 9744
f 9734 9730 9740
f 9735 9734 9745
f 9093 9735 9746
f 9737 9736 9748
f 9738 9741 9750
f 9743 9742 9268
f 9744 9743 9752
f 9741 9744 9753
f 9745 9740 9754
f 9746 9745 9755
f 9746 9756 9059
f 9737 9749 9754
f 9056 9059 9756
f 9064 9056 9757
f 9065 9064 9758
f 8882 9065 9759
f 8883 8882 9760
f 8927 8883 9761
f 8933 8931 8927
f 9752 9268 9267
f 9267 9276 9764
f 9276 9275 9765
f 9275 9101 9766
f 9101 9100 9767
f 9100 9150 9768
f 9150 9155 9156
f 9699 9700 9769
f 9701 9770 9771
f 9704 9703 9772
f 9772 9703 9705
f 9700 9704 9773
f 9774 9705 9702
f 9709 9708 9729
f 9710 9776 9770
f 9712 9711 9777
f 9713 9712 9778
f 9711 9709 9775
f 9726 9769 9780
f 9770 9781 9782
f 9773 9772 9783
f 9783 9772 9774
f 9769 9773 9784
f 9785 9774 9771
f 9775 9729 9739
f 9776 9787 9781
f 9778 9777 9788
f 9779 9778 9789
f 9777 9775 9786
f 9736 9780 9791
f 9781 9792 9793
f 9784 9783 9794
f 9794 9783 9785
f 9780 9784 9795
f 9796 9785 9782
f 9738 9751 9797
f 9739 9797 9798
f 9787 9799 9792
f 9788 9800 9801
f 9790 9789 9801
f 9786 9798 9800
f 9753 9752 9763
f 9750 9753 9803
f 9751 9750 9804
f 9797 9751 9805
f 9798 9797 9806
f 9800 9798 9807
f 9801 9800 9808
f 9802 9801 9809
f 9799 9811 9812
f 9792 9812 9813
f 9814 9796 9793
f 9794 9796 9814
f 9795 9794 9815
f 9791 9795 9816
f 9748 9791 9817
f 9749 9748 9818
f 9754 9749 9819
f 9755 9754 9820
f 9756 9755 9821
f 9803 9763 9764
f 9804 9803 9822
f 9805 9804 9823
f 9806 9805 9824
f 9807 9806 9825
f 9808 9807 9826
f 9809 9808 9827
f 9810 9809 9828
f 9811 9830 9831
f 9812 9831 9832
f 9833 9814 9813
f 9815 9814 9833
f 9816 9815 9834
f 9817 9816 9835
f 9818 9817 9836
f 9819 9818 9837
f 9820 9819 9838
f 9821 9820 9839
f 9757 9821 9840
f 9822 9764 9765
f 9823 9822 9841
f 9824 9823 9842
f 9825 9824 9843
f 9826 9825 9844
f 9827 9826 9845
f 9828 9827 9846
f 9829 9828 9847
f 9830 9849 9850
f 9831 9850 9851
f 9852 9833 9832
f 9834 9833 9852
f 9835 9834 9853
f 9836 9835 9854
f 9837 9836 9855
f 9838 9837 9856
f 9839 9838 9857
f 9840 9839 9858
f 9758 9840 9859
f 9841 9765 9766
f 9842 9841 9860
f 9843 9842 9861
f 9844 9843 9862
f 9845 9844 9863
f 9846 9845 9864
f 9847 9846 9865
f 9848 9847 9866
f 9849 9868 9869
f 9850 9869 9870
f 9871 9852 9851
f 9853 9852 9871
f 9854 9853 9872
f 9855 9854 9873
f 9856 9855 9874
f 9857 9856 9875
f 9858 9857 9876
f 9859 9858 9877
f 9759 9859 9878
f 9860 9766 9767
f 9861 9860 9879
f 9862 9861 9880
f 9863 9862 9881
f 9864 9863 9882
f 9865 9864 9883
f 9866 9865 9884
f 9867 9866 9885
f 9868 9887 9888
f 9869 9888 9889
f 9890 9871 9870
f 9872 9871 9890
f 9873 9872 9891
f 9874 9873 9892
f 9875 9874 9893
f 9876 9875 9894
f 9877 9876 9895
f 9878 9877 9896
f 9760 9878 9897
f 9879 9767 9768
f 9880 9879 9898
f 9881 9880 9899
f 9882 9881 9900
f 9883 9882 9901
f 9884 9883 9902
f 9885 9884 9903
f 9886 9885 9904
f 9887 9906 9907
f 9888 9907 9908
f 9909 9890 9889
f 9891 9890 9909
f 9892 9891 9910
f 9893 9892 9911
f 9894 9893 9912
f 9895 9894 9913
f 9896 9895 9914
f 9897 9896 9915
f 9761 9897 9916
f 9898 9768 9156
f 9899 9898 9159
f 9900 9899 9161
f 9901 9900 9168
f 9902 9901 9118
f 9903 9902 9117
f 9904 9903 9147
f 9905 9904 9238
f 9906 9248 9022
f 9907 9022 9021
f 9026 9909 9908
f 9910 9909 9026
f 9911 9910 9028
f 9912 9911 8924
f 9913 9912 8904
f 9914 9913 8903
f 9915 9914 8948
f 9916 9915 8938
f 9762 9916 8934
f 9268 9742 9170
f 9747 9059 9058
f 9742 9302 9171
f 9093 9747 8951
f 8198 8197 9286
f 9325 8213 8212
f 8199 8198 9917
f 8212 8211 9920
f 8200 8199 9919
f 8211 8210 9922
f 8201 8200 9921
f 8210 8209 9924
f 8206 8205 9925
f 8202 8201 9923
f 8209 8208 9928
f 8203 8202 9927
f 8208 8207 9930
f 9930 8207 8206
f 9931 8204 8203
f 8205 8204 9931
f 9917 9286 9932
f 9933 9325 9918
f 9919 9917 9422
f 9918 9920 9438
f 9921 9919 9424
f 9920 9922 9455
f 9923 9921 9453
f 9922 9924 9456
f 9926 9925 9935
f 9927 9923 9934
f 9924 9928 9937
f 9929 9927 9470
f 9928 9930 9938
f 9936 9938 9930
f 9473 9939 9931
f 9925 9931 9939
f 9286 9285 9346
f 9324 9325 9933
f 9422 9932 9346
f 9409 9367 9933
f 9496 9542 9503
f 9485 9487 9496
f 9474 9476 9487
f 9439 9454 9476
f 9438 9455 9454
f 9175 9174 9179
f 9174 9190 9188
f 9190 9216 9217
f 9216 9220 9221
f 9220 9225 9226
f 9225 9224 9227
f 9224 9232 9233
f 9232 9249 9236
f 9249 9248 9237
f 9248 9906 9905
f 9906 9887 9886
f 9887 9868 9867
f 9868 9849 9848
f 9849 9830 9829
f 9830 9811 9810
f 9811 9799 9802
f 9799 9787 9790
f 9787 9776 9779
f 9776 9710 9713
f 9710 9241 9246
f 9241 9240 9247
f 9240 9683 9688
f 9683 9671 9667
f 9671 9658 9654
f 9658 9645 9641
f 9645 9632 9628
f 9632 9619 9615
f 9619 9606 9602
f 9606 9595 9591
f 9595 9584 9580
f 9584 9569 9560
f 9569 9568 9561
f 9508 9502 9940
f 9493 9942 9940
f 9484 9943 9942
f 9471 9944 9943
f 9934 9944 9471
f 9457 9456 9937
f 9477 9457 9945
f 9488 9477 9946
f 9497 9488 9947
f 9948 9949 9541
f 9453 9452 9944
f 9943 9944 9452
f 9942 9943 9478
f 9940 9942 9489
f 9941 9940 9498
f 9950 9951 9952
f 9954 9955 9951
f 9956 9957 9955
f 9958 9959 9957
f 9948 9499 9505
f 9947 9490 9499
f 9946 9479 9490
f 9945 9480 9479
f 9937 9938 9480
f 9482 9481 9958
f 9491 9482 9956
f 9500 9491 9954
f 9506 9500 9950
f 9957 9959 9472
f 9955 9957 9483
f 9951 9955 9492
f 9952 9951 9501
f 9405 9503 9960
f 9504 9384 9383
f 9404 9960 9509
f 9961 9383 9382
f 9544 9509 9960
f 9511 9547 9963
f 9962 9960 9503
f 9961 9963 9543
f 9941 9543 9963
f 9542 9541 9965
f 9550 9544 9962
f 9547 9553 9964
f 9541 9949 9966
f 9508 9941 9964
f 9965 9966 9968
f 9967 9964 9553
f 9550 9968 9970
f 9969 9553 9552
f 9551 9970 9972
f 9971 9552 9555
f 9554 9972 9974
f 9973 9555 9469
f 9068 9974 9976
f 9975 9469 9468
f 9069 9976 9515
f 9977 9468 9467
f 9506 9953 9978
f 9953 9952 9980
f 9952 9507 9981
f 9505 9506 9979
f 9980 9981 9983
f 9978 9980 9984
f 9979 9978 9985
f 9982 9979 9986
f 9505 9982 9966
f 9981 9507 9508
f 9562 9561 9988
f 9990 9988 9561
f 9991 9990 9568
f 9992 9991 9565
f 9993 9992 9564
f 9994 9995 9996
f 9998 9994 9997
f 10000 9998 9999
f 10002 10000 10001
f 10004 10005 10006
f 10008 10004 10007
f 10010 10008 10009
f 10012 10010 10011
f 9556 9559 10014
f 9559 9570 10015
f 9572 9562 9989
f 9570 9574 10017
f 9576 9572 10016
f 9574 9515 9976
f 9517 9576 10018
f 9968 9966 9982
f 9967 9969 9983
f 10008 10019 10020
f 10010 10021 10019
f 10004 10020 10022
f 10012 10023 10021
f 10024 10025 10000
f 10025 10026 9998
f 10026 10027 9994
f 10027 10028 9995
f 10013 10011 10025
f 10011 10009 10026
f 10009 10007 10027
f 10007 10006 10028
f 10021 10023 9987
f 10019 10021 9986
f 10020 10019 9985
f 10022 10020 9984
f 10024 10002 10003
f 9995 10028 10030
f 10029 10031 10013
f 10032 10030 10028
f 10031 10033 10012
f 10034 10032 10006
f 10018 10016 10032
f 10016 9989 10030
f 10030 9989 9988
f 9997 9996 9988
f 9999 9997 9990
f 10001 9999 9991
f 10003 10001 9992
f 10003 9993 10014
f 10014 10015 10031
f 10015 10017 10033
f 10033 10017 9976
f 10018 10034 9975
f 10034 10005 9973
f 10012 10033 9974
f 9987 10023 9970
f 10022 9983 9969
f 10023 10012 9972
f 10005 10022 9971
f 9472 9959 9939
f 9481 9480 9938
f 9935 9939 9959
f 9936 9935 9958
f 10035 10036 9143
f 10037 9300 7899
f 10038 6265 6266
f 10039 10040 6390
f 9253 10041 10035
f 6196 10042 10043
f 6197 10043 10044
f 6205 10044 10045
f 10046 10047 9123
f 9128 10048 10049
f 10050 10051 6282
f 10052 10053 9127
f 10054 10048 9128
f 10055 10056 6311
f 6311 10056 10057
f 6386 10058 10059
f 6231 10045 10060
f 6256 10060 10061
f 6785 6789 10062
f 6786 10062 10042
f 6893 8692 9143
f 6374 6373 10063
f 10065 10041 9253
f 10066 10065 9255
f 10067 10068 9258
f 10068 10066 9257
f 9263 9262 10069
f 9274 10071 10072
f 10049 10069 9262
f 6282 10051 10055
f 10057 10063 6373
f 9127 10053 10054
f 10064 10058 6386
f 10072 10052 9126
f 9261 9263 10070
f 6281 6257 10061
f 10047 10071 9274
f 6383 10059 10039
f 10040 10038 6350
f 10037 10046 9122
f 10062 6789 6893
f 10042 10062 10036
f 10043 10042 10035
f 10044 10043 10041
f 10045 10044 10065
f 10060 10045 10066
f 10061 10060 10068
f 10050 10061 10067
f 10069 10051 10050
f 10055 10051 10069
f 10049 10048 10056
f 10057 10056 10048
f 10054 10053 10063
f 10064 10063 10053
f 10072 10058 10064
f 10059 10058 10072
f 10039 10059 10071
f 10047 10046 10040
f 10046 10037 10038
f 7898 6265 10038
f 10073 9039 8920
f 10075 7625 7628
f 7625 10075 10076
f 10077 10078 10079
f 9040 9039 10073
f 10082 10083 10081
f 10083 10084 10085
f 10084 10086 10087
f 10080 8907 8906
f 8913 8930 10088
f 10090 10091 10092
f 10094 8911 8910
f 10096 8914 8913
f 10088 10097 10098
f 10098 10099 10096
f 10100 10101 10102
f 10086 10104 10105
f 10104 10106 10107
f 7518 10108 10074
f 10108 10082 10073
f 7519 10074 8920
f 10109 10110 10094
f 10085 9043 9040
f 10087 9045 9043
f 10107 9048 9047
f 10105 9047 9045
f 9051 10091 10090
f 9063 9062 10103
f 10088 8930 9052
f 10093 10097 10088
f 10096 10099 10109
f 8910 8914 10096
f 10103 10094 10110
f 10103 9062 8911
f 9048 10107 10091
f 10106 10092 10091
f 10077 8906 9063
f 10101 10078 10077
f 10080 10079 10076
f 10075 9090 8907
f 7512 7513 10108
f 7513 6923 10082
f 6923 6926 10083
f 6926 6932 10084
f 6932 6955 10086
f 6955 6975 10104
f 6975 6978 10106
f 6998 10092 10106
f 10093 10092 6998
f 7001 7027 10097
f 10098 10097 7027
f 7030 7058 10099
f 10109 10099 7058
f 7091 10110 10109
f 10100 10110 7091
f 7103 7102 10101
f 7102 7108 10078
f 10079 10078 7108
f 10076 10079 7107
f 7616 10076 7068
f 10111 10112 10113
f 10115 10116 10112
f 10112 10111 10118
f 10119 10120 10121
f 10122 10121 10123
f 10116 10125 10113
f 10126 10121 10120
f 10128 10129 10130
f 10130 10132 10133
f 10134 10135 10136
f 10138 10139 10140
f 10114 10113 10142
f 10125 10144 10142
f 10145 10146 10147
f 10146 10149 10150
f 10149 10151 10152
f 10130 10153 10154
f 10153 10130 10129
f 10149 10146 10156
f 10151 10149 10157
f 10159 10160 10161
f 10160 10159 10163
f 10165 10166 10167
f 10168 10167 10169
f 10160 10164 10171
f 10173 10174 10166
f 10174 10176 10167
f 10176 10177 10169
f 10178 10179 10180
f 10182 10183 10124
f 10184 10185 10182
f 10132 10186 10187
f 10188 10189 10190
f 10191 10192 10193
f 10195 10196 10197
f 10199 10173 10175
f 10153 10159 10162
f 10163 10159 10153
f 10201 10202 10203
f 10204 10205 10206
f 10208 10209 10210
f 10212 10115 10117
f 10214 10215 10216
f 10218 10214 10217
f 10220 10221 10222
f 10224 10225 10226
f 10221 10228 10229
f 10230 10145 10148
f 10214 10218 10232
f 10221 10220 10234
f 10228 10221 10235
f 10146 10145 10237
f 10233 10232 10238
f 10235 10234 10240
f 10236 10235 10241
f 10156 10237 10243
f 10238 10244 10137
f 10240 10141 10140
f 10241 10140 10245
f 10165 10243 10175
f 10246 10136 10141
f 10234 10247 10246
f 10220 10215 10247
f 10215 10220 10223
f 10135 10138 10141
f 10202 10208 10211
f 10194 10193 10203
f 10215 10214 10233
f 10247 10233 10239
f 10239 10137 10136
f 10192 10191 10249
f 10251 10252 10192
f 10253 10218 10219
f 10232 10255 10256
f 10256 10257 10244
f 10250 10249 10258
f 10250 10259 10260
f 10253 10254 10261
f 10257 10256 10263
f 10262 10261 10265
f 10264 10263 10267
f 10264 10268 10269
f 10266 10265 10271
f 10268 10267 10273
f 10275 10269 10268
f 10272 10271 10276
f 10274 10273 10278
f 10280 10275 10274
f 10276 10281 10282
f 10279 10278 10283
f 10280 10279 10284
f 10117 10118 10286
f 10248 10203 10211
f 10287 10211 10210
f 10288 10210 10289
f 10209 10291 10289
f 10139 10292 10245
f 10206 10293 10294
f 10252 10201 10193
f 10145 10230 10295
f 10237 10295 10296
f 10243 10296 10200
f 10297 10298 10293
f 10205 10299 10297
f 10225 10300 10301
f 10196 10302 10303
f 10300 10225 10304
f 10305 10304 10306
f 10307 10306 10197
f 10259 10258 10308
f 10282 10281 10310
f 10283 10312 10313
f 10313 10314 10285
f 10315 10316 10317
f 10311 10310 10319
f 10218 10253 10255
f 10307 10303 10200
f 10305 10307 10296
f 10300 10305 10295
f 10300 10230 10231
f 10298 10297 10213
f 10316 10315 10183
f 10185 10321 10316
f 10186 10178 10181
f 10189 10322 10323
f 10186 10132 10154
f 10324 10154 10162
f 10325 10162 10161
f 10172 10188 10161
f 10126 10184 10123
f 10299 10212 10213
f 10302 10199 10200
f 10309 10308 10326
f 10327 10326 10328
f 10292 10330 10331
f 10332 10242 10245
f 10333 10236 10242
f 10236 10333 10334
f 10228 10334 10335
f 10291 10336 10337
f 10338 10290 10289
f 10339 10195 10198
f 10341 10224 10227
f 10343 10204 10207
f 10207 10294 10345
f 10306 10346 10198
f 10304 10347 10346
f 10225 10224 10347
f 10178 10186 10324
f 10348 10324 10325
f 10349 10325 10190
f 10156 10165 10168
f 10321 10350 10317
f 10349 10323 10351
f 10353 10348 10349
f 10179 10178 10348
f 10354 10355 10356
f 10358 10354 10357
f 10360 10358 10359
f 10362 10360 10361
f 10362 10363 10364
f 10366 10367 10368
f 10370 10369 10368
f 10224 10341 10372
f 10347 10372 10373
f 10346 10373 10340
f 10345 10338 10337
f 10336 10343 10344
f 10334 10341 10342
f 10333 10372 10341
f 10372 10333 10332
f 10373 10332 10331
f 10330 10339 10340
f 10111 8254 8256
f 10118 8256 8289
f 10298 10286 8289
f 10298 8341 8304
f 10293 8304 8303
f 10294 8303 8510
f 8504 10338 10345
f 8298 10290 10338
f 10288 10290 8298
f 10287 10288 8295
f 10248 10287 8292
f 10194 10248 8276
f 10191 10194 8264
f 10249 10191 8263
f 10261 10254 10251
f 10265 10261 10260
f 10271 10265 10374
f 10276 10271 10375
f 10281 10276 10376
f 10310 10281 10377
f 10319 10310 10378
f 8540 10370 10371
f 10315 10318 8401
f 10315 8400 8271
f 10183 8271 8262
f 10122 10124 8262
f 10119 10122 8259
f 10114 10143 8267
f 10111 10114 8253
f 10329 10328 10380
f 10381 10380 10382
f 10383 10382 10384
f 10385 10384 8941
f 10352 10351 10354
f 10353 10352 10358
f 10179 10353 10360
f 10179 10362 10365
f 10317 10350 10366
f 10370 10318 10317
f 8401 10318 10370
f 10259 10309 10374
f 10309 10327 10375
f 10327 10329 10376
f 10329 10381 10377
f 10381 10383 10378
f 10383 10385 10379
f 10386 10277 10387
f 10387 10389 10390
f 10277 10282 10391
f 10391 10392 10389
f 10282 10311 10393
f 10311 10320 10394
f 10393 10395 10392
f 10394 10396 10395
f 8956 8955 10396
f 10320 10319 8958
f 10319 10379 8961
f 10385 8940 8961
f 10320 8957 8956
f 10157 10168 10170
f 10397 10398 10266
f 10398 10399 10262
f 10399 10255 10253
f 10254 10219 10252
f 10219 10217 10201
f 10217 10216 10202
f 10216 10223 10208
f 10223 10222 10209
f 10222 10229 10291
f 10229 10335 10336
f 10335 10342 10343
f 10342 10227 10204
f 10227 10226 10205
f 10226 10301 10299
f 10301 10231 10212
f 10231 10148 10115
f 10148 10147 10116
f 10147 10150 10125
f 10150 10152 10144
f 10126 10127 10128
f 10131 10133 10184
f 10133 10187 10185
f 10187 10181 10321
f 10181 10180 10350
f 10366 10350 10180
f 10365 10364 10367
f 10386 10397 10272
f 10119 8258 8267
f 10120 10119 10143
f 10144 10127 10120
f 10152 10128 10127
f 10151 10129 10128
f 10155 10129 10151
f 10163 10155 10158
f 10164 10163 10170
f 10177 10171 10164
f 10323 10322 10400
f 10400 10355 10354
f 10390 10312 10283
f 10278 10386 10388
f 10273 10397 10386
f 10273 10267 10398
f 10267 10263 10399
f 10263 10256 10255
f 10258 10249 8281
f 10308 10258 8549
f 10326 10308 8548
f 10328 10326 8554
f 10380 10328 8555
f 10382 10380 8551
f 10384 10382 8550
f 8941 10384 8552
f 10275 10280 10401
f 10401 10280 10285
f 10314 10404 10403
f 10269 10275 10402
f 10402 10401 10406
f 10408 10406 10401
f 10404 10409 10408
f 10134 10410 10411
f 10411 10410 10412
f 10137 10244 10414
f 10244 10257 10415
f 10134 10414 10416
f 10414 10415 10270
f 10410 10416 10405
f 10264 10270 10415
f 10269 10405 10416
f 10412 10405 10402
f 10412 10407 10417
f 10407 10406 10418
f 10419 10418 10406
f 10409 10420 10419
f 10421 10422 10423
f 10425 10426 10424
f 10424 10426 10428
f 10429 10430 10431
f 10431 10433 10434
f 10427 10424 10423
f 10436 10437 10438
f 10440 10439 10438
f 10442 10443 10444
f 10446 10447 10448
f 10422 10450 10451
f 10435 10423 10451
f 10453 10429 10432
f 10455 10456 10457
f 10459 10455 10458
f 10461 10459 10460
f 10439 10440 10463
f 10459 10465 10466
f 10461 10467 10465
f 10468 10436 10439
f 10469 10470 10471
f 10473 10474 10475
f 10474 10477 10478
f 10479 10480 10469
f 10481 10482 10479
f 10483 10484 10476
f 10485 10476 10475
f 10486 10475 10478
f 10488 10489 10490
f 10492 10434 10433
f 10494 10434 10492
f 10496 10440 10441
f 10498 10471 10499
f 10501 10502 10503
f 10505 10506 10507
f 10509 10510 10484
f 10464 10463 10470
f 10480 10468 10464
f 10511 10503 10512
f 10514 10515 10516
f 10518 10519 10520
f 10522 10523 10426
f 10524 10525 10526
f 10525 10528 10529
f 10530 10531 10532
f 10534 10535 10536
f 10538 10530 10533
f 10456 10540 10541
f 10525 10542 10543
f 10530 10544 10545
f 10538 10546 10544
f 10455 10466 10547
f 10542 10548 10549
f 10544 10550 10551
f 10546 10552 10550
f 10466 10473 10553
f 10549 10548 10443
f 10551 10550 10448
f 10550 10552 10555
f 10473 10476 10484
f 10556 10551 10447
f 10545 10551 10556
f 10531 10545 10557
f 10531 10524 10527
f 10445 10444 10447
f 10513 10512 10519
f 10502 10558 10512
f 10524 10557 10542
f 10557 10556 10548
f 10548 10556 10444
f 10504 10559 10560
f 10561 10559 10504
f 10528 10563 10564
f 10543 10549 10565
f 10565 10549 10554
f 10559 10568 10569
f 10559 10561 10570
f 10571 10564 10563
f 10567 10573 10574
f 10575 10571 10572
f 10573 10577 10578
f 10573 10579 10580
f 10581 10575 10576
f 10577 10583 10584
f 10585 10583 10577
f 10586 10581 10582
f 10583 10588 10589
f 10590 10588 10583
f 10591 10586 10587
f 10426 10523 10593
f 10558 10594 10519
f 10594 10595 10520
f 10595 10596 10597
f 10521 10520 10597
f 10449 10448 10555
f 10516 10515 10600
f 10562 10504 10503
f 10456 10547 10602
f 10547 10553 10603
f 10553 10484 10510
f 10604 10516 10601
f 10517 10516 10604
f 10607 10534 10537
f 10508 10507 10609
f 10607 10611 10612
f 10611 10613 10614
f 10613 10609 10507
f 10568 10615 10616
f 10617 10591 10592
f 10619 10620 10621
f 10623 10617 10618
f 10625 10626 10313
f 10626 10627 10314
f 10528 10543 10566
f 10613 10603 10510
f 10611 10602 10603
f 10607 10540 10602
f 10540 10607 10608
f 10605 10593 10523
f 10622 10492 10493
f 10495 10492 10622
f 10489 10496 10497
f 10500 10499 10629
f 10496 10631 10463
f 10631 10632 10470
f 10632 10499 10471
f 10481 10472 10471
f 10454 10432 10434
f 10606 10604 10523
f 10610 10609 10510
f 10615 10633 10634
f 10633 10635 10636
f 10599 10555 10637
f 10639 10637 10555
f 10640 10639 10552
f 10546 10538 10641
f 10641 10538 10539
f 10598 10597 10643
f 10645 10643 10597
f 10646 10647 10506
f 10535 10648 10649
f 10650 10651 10515
f 10515 10651 10652
f 10614 10507 10506
f 10612 10614 10653
f 10534 10612 10654
f 10489 10655 10631
f 10655 10656 10632
f 10656 10629 10499
f 10466 10465 10474
f 10628 10622 10621
f 10656 10658 10659
f 10660 10658 10656
f 10488 10660 10655
f 10661 10357 10356
f 10663 10359 10357
f 10664 10361 10359
f 10665 10363 10361
f 10364 10363 10665
f 10667 10668 10368
f 10669 10371 10368
f 10535 10654 10670
f 10654 10653 10671
f 10653 10506 10647
f 10652 10651 10643
f 10644 10643 10651
f 10648 10641 10642
f 10640 10641 10648
f 10670 10671 10639
f 10671 10647 10637
f 10638 10637 10647
f 10421 10428 8578
f 10428 10593 8612
f 10605 8664 8612
f 10605 10601 8626
f 10601 10600 8627
f 10600 10652 8832
f 8827 8832 10652
f 8621 8827 10645
f 10595 8618 8621
f 10594 8615 8618
f 10558 8599 8615
f 10502 8586 8599
f 10501 8587 8586
f 10560 8604 8587
f 10571 10570 10561
f 10575 10672 10570
f 10581 10673 10672
f 10586 10674 10673
f 10591 10675 10674
f 10617 10676 10675
f 10623 10677 10676
f 8853 8541 10371
f 10619 8723 8722
f 10619 10493 8594
f 10493 10433 8585
f 10431 8583 8585
f 8580 8583 10431
f 10422 8576 8590
f 10421 8577 8576
f 10635 10678 10679
f 10678 10680 10681
f 10680 10682 10683
f 10682 9163 9166
f 10658 10663 10661
f 10660 10664 10663
f 10488 10665 10664
f 10665 10488 10491
f 10621 10668 10667
f 10669 10668 10621
f 8722 8853 10669
f 10568 10570 10672
f 10615 10672 10673
f 10633 10673 10674
f 10635 10674 10675
f 10678 10675 10676
f 10680 10676 10677
f 10684 10685 10390
f 10686 10684 10389
f 10687 10686 10392
f 10688 10687 10395
f 9175 10688 10396
f 9177 10623 10624
f 10623 9177 9181
f 10682 10677 9181
f 10465 10467 10477
f 10689 10582 10576
f 10690 10576 10572
f 10691 10572 10563
f 10564 10561 10562
f 10529 10562 10511
f 10526 10511 10513
f 10527 10513 10518
f 10532 10518 10521
f 10533 10521 10598
f 10539 10598 10644
f 10642 10644 10650
f 10649 10650 10514
f 10536 10514 10517
f 10537 10517 10606
f 10608 10606 10522
f 10541 10522 10425
f 10457 10425 10427
f 10458 10427 10435
f 10460 10435 10452
f 10438 10437 10453
f 10438 10454 10494
f 10441 10494 10495
f 10497 10495 10628
f 10490 10628 10657
f 10667 10666 10491
f 10666 10667 10367
f 10692 10587 10582
f 10430 10450 8590
f 10429 10451 10450
f 10452 10451 10429
f 10462 10452 10453
f 10436 10461 10462
f 10468 10467 10461
f 10480 10477 10467
f 10479 10478 10477
f 10487 10478 10479
f 10629 10659 10693
f 10693 10659 10661
f 10685 10625 10312
f 10584 10589 10692
f 10584 10689 10690
f 10578 10690 10691
f 10574 10691 10566
f 10569 8860 8604
f 10616 8859 8860
f 10634 8865 8859
f 10636 8866 8865
f 10679 8861 8866
f 10681 8862 8861
f 10683 8863 8862
f 9166 8864 8863
f 10585 10694 10695
f 10627 10696 10404
f 10580 10697 10694
f 10694 10698 10699
f 10696 10700 10409
f 10442 10445 10701
f 10701 10703 10704
f 10443 10442 10705
f 10554 10705 10706
f 10442 10702 10707
f 10705 10707 10579
f 10702 10704 10697
f 10573 10567 10706
f 10580 10579 10707
f 10704 10698 10694
f 10704 10703 10708
f 10698 10708 10709
f 10700 10710 10420
f 10709 10710 10700
f 10699 10700 10696
f 10696 10627 10590
f 10627 10626 10588
f 10626 10625 10589
f 10625 10685 10692
f 10685 10684 10587
f 10684 10686 10592
f 10686 10687 10618
f 10687 10688 10624
f 10688 9175 9178
f 3 4 1
f 5 6 3
f 9 10 7
f 13 14 11
f 12 16 15
f 14 18 17
f 14 13 19
f 23 24 21
f 26 23 22
f 29 30 27
f 18 14 20
f 34 35 32
f 30 37 36
f 40 41 38
f 44 45 42
f 45 47 46
f 48 49 46
f 52 53 50
f 54 55 44
f 55 57 56
f 41 40 58
f 61 52 51
f 60 51 62
f 51 50 64
f 67 68 65
f 70 66 65
f 47 45 69
f 45 44 56
f 71 70 69
f 57 72 71
f 74 70 71
f 72 75 73
f 76 77 62
f 78 63 62
f 76 80 79
f 82 67 66
f 63 78 83
f 86 87 84
f 83 88 85
f 87 60 63
f 87 89 61
f 78 91 90
f 92 88 83
f 93 89 87
f 96 97 94
f 100 101 98
f 104 105 102
f 107 100 99
f 110 111 108
f 111 113 112
f 113 115 114
f 115 117 116
f 119 120 118
f 119 122 121
f 101 118 123
f 105 96 95
f 13 15 124
f 127 128 125
f 131 132 129
f 135 136 133
f 138 131 130
f 128 140 139
f 128 127 141
f 86 85 143
f 93 86 142
f 146 147 144
f 149 146 145
f 151 149 148
f 154 155 152
f 157 152 155
f 153 159 158
f 85 88 160
f 143 160 161
f 160 163 162
f 161 162 164
f 140 161 165
f 167 138 137
f 169 167 166
f 88 92 163
f 81 66 70
f 78 77 79
f 171 151 150
f 128 142 143
f 174 175 172
f 178 179 176
f 181 178 177
f 184 185 182
f 185 187 186
f 190 191 188
f 193 190 189
f 191 135 134
f 196 197 194
f 198 199 194
f 200 201 116
f 204 205 202
f 208 209 206
f 212 213 210
f 216 217 214
f 220 221 218
f 224 225 222
f 228 229 226
f 232 233 230
f 235 157 156
f 234 225 224
f 213 232 231
f 233 237 236
f 240 241 238
f 187 174 173
f 242 243 185
f 174 245 244
f 245 174 187
f 185 243 246
f 249 250 247
f 250 249 251
f 251 254 253
f 256 207 206
f 257 258 228
f 261 262 259
f 262 264 263
f 267 268 265
f 271 272 269
f 270 269 266
f 268 267 273
f 276 274 273
f 279 280 277
f 272 271 281
f 285 286 283
f 281 285 284
f 289 290 287
f 293 294 291
f 294 293 295
f 299 300 297
f 301 302 298
f 305 306 303
f 293 308 307
f 301 310 309
f 310 312 311
f 315 316 313
f 319 320 317
f 321 322 318
f 325 308 323
f 308 325 326
f 327 328 322
f 320 330 329
f 333 334 331
f 335 336 328
f 321 317 329
f 340 341 338
f 341 340 342
f 333 332 344
f 346 347 345
f 348 349 336
f 327 321 337
f 330 352 351
f 353 337 329
f 356 357 354
f 357 340 339
f 340 357 358
f 357 356 359
f 362 363 360
f 364 365 349
f 335 327 350
f 367 350 337
f 348 335 366
f 369 364 348
f 370 366 350
f 371 368 366
f 372 373 358
f 376 377 374
f 380 381 378
f 380 383 382
f 377 385 384
f 388 389 386
f 392 393 390
f 395 388 387
f 396 397 392
f 387 386 398
f 402 403 400
f 406 407 404
f 405 409 408
f 412 413 410
f 401 415 414
f 394 387 399
f 419 420 417
f 423 424 421
f 427 428 425
f 431 432 429
f 432 431 404
f 417 434 433
f 420 436 435
f 439 440 437
f 442 427 426
f 444 421 424
f 447 448 445
f 451 452 449
f 435 453 434
f 438 455 454
f 456 457 440
f 460 461 458
f 464 465 462
f 466 467 464
f 461 469 468
f 472 473 470
f 471 470 447
f 474 456 439
f 477 478 475
f 479 480 475
f 481 482 457
f 485 486 483
f 489 490 487
f 465 489 488
f 484 460 459
f 493 494 491
f 497 498 495
f 500 479 478
f 501 499 478
f 502 481 456
f 505 506 503
f 503 477 476
f 509 510 507
f 513 514 511
f 517 518 515
f 518 517 473
f 519 520 499
f 506 522 521
f 521 501 477
f 525 526 523
f 529 530 527
f 533 534 531
f 510 533 532
f 528 513 512
f 516 515 535
f 539 540 537
f 2 542 541
f 543 544 494
f 452 412 411
f 545 519 501
f 521 522 546
f 547 548 526
f 551 552 549
f 549 525 524
f 555 556 553
f 536 535 557
f 559 542 2
f 560 561 548
f 552 563 562
f 562 547 525
f 566 567 564
f 570 571 568
f 534 571 570
f 567 527 530
f 574 575 572
f 576 577 554
f 562 563 578
f 579 560 547
f 582 583 580
f 582 552 551
f 585 566 565
f 568 587 586
f 590 591 588
f 594 595 592
f 175 244 596
f 175 590 589
f 244 598 597
f 601 602 599
f 605 606 603
f 607 563 552
f 607 582 581
f 610 581 580
f 612 585 584
f 615 616 613
f 619 620 617
f 586 587 621
f 590 596 623
f 596 597 624
f 625 626 600
f 627 628 604
f 631 632 629
f 633 578 563
f 633 607 608
f 635 608 581
f 610 609 636
f 640 641 638
f 614 643 642
f 646 647 644
f 650 651 648
f 617 653 652
f 656 657 654
f 660 661 658
f 664 665 662
f 668 669 666
f 670 671 630
f 673 631 630
f 608 635 674
f 635 610 637
f 677 640 639
f 678 679 639
f 682 683 680
f 686 687 684
f 690 691 688
f 694 695 692
f 698 699 696
f 700 701 658
f 702 703 662
f 706 707 704
f 710 711 708
f 671 712 672
f 714 673 672
f 674 635 675
f 717 677 676
f 679 718 676
f 719 720 683
f 723 724 721
f 727 728 725
f 730 688 691
f 695 732 731
f 734 730 729
f 732 736 735
f 737 738 711
f 740 706 705
f 711 742 741
f 712 743 713
f 676 718 744
f 745 746 720
f 724 748 747
f 728 750 749
f 752 728 727
f 754 752 751
f 738 755 742
f 757 740 739
f 741 742 758
f 749 750 760
f 747 748 762
f 764 750 728
f 765 764 752
f 755 766 758
f 768 451 450
f 769 760 750
f 770 769 764
f 771 772 492
f 775 776 773
f 779 780 777
f 778 777 781
f 783 784 782
f 786 784 783
f 787 788 246
f 789 245 246
f 789 598 244
f 790 791 130
f 791 792 137
f 792 793 166
f 793 794 168
f 797 798 795
f 381 382 10
f 381 9 799
f 391 390 58
f 396 391 40
f 406 408 54
f 407 406 43
f 432 46 49
f 42 46 432
f 800 801 264
f 802 800 262
f 221 804 803
f 304 303 289
f 287 290 283
f 773 806 805
f 806 808 807
f 24 362 361
f 811 812 809
f 815 816 813
f 400 403 809
f 819 820 817
f 821 822 820
f 436 420 820
f 420 419 817
f 823 824 453
f 435 436 825
f 825 436 822
f 827 826 822
f 830 831 828
f 833 830 829
f 810 835 834
f 818 837 836
f 838 821 819
f 839 827 821
f 841 833 832
f 446 445 53
f 61 471 446
f 61 89 472
f 93 518 472
f 518 93 141
f 141 127 535
f 535 127 126
f 556 790 129
f 132 576 553
f 780 779 575
f 136 594 593
f 844 845 842
f 843 842 846
f 848 849 847
f 842 850 543
f 851 852 849
f 853 854 852
f 855 369 368
f 776 775 17
f 804 857 856
f 857 859 858
f 857 804 860
f 863 222 306
f 225 303 306
f 225 234 289
f 234 156 290
f 156 155 283
f 155 154 284
f 864 859 857
f 158 865 272
f 282 284 154
f 266 269 299
f 267 266 298
f 302 309 273
f 309 311 275
f 308 293 292
f 314 313 277
f 299 865 866
f 272 865 299
f 869 870 867
f 774 869 868
f 16 12 867
f 12 11 868
f 868 11 17
f 37 872 776
f 870 873 871
f 389 874 815
f 876 376 375
f 874 877 816
f 880 881 878
f 878 881 882
f 805 807 883
f 873 870 881
f 881 870 869
f 774 805 882
f 886 887 884
f 889 886 885
f 891 889 888
f 894 895 892
f 896 897 887
f 898 896 886
f 899 898 889
f 850 900 544
f 872 901 773
f 816 903 902
f 877 904 903
f 772 853 851
f 380 906 905
f 906 380 379
f 392 424 423
f 397 443 424
f 467 409 405
f 465 464 405
f 431 489 465
f 430 490 489
f 509 448 447
f 909 894 893
f 470 533 510
f 911 909 908
f 473 534 533
f 914 915 912
f 517 571 534
f 885 884 915
f 571 517 516
f 536 587 568
f 917 914 913
f 587 536 558
f 888 885 914
f 620 555 554
f 919 917 916
f 577 653 617
f 572 651 650
f 595 699 698
f 591 695 694
f 498 921 920
f 921 923 922
f 591 623 732
f 732 623 624
f 925 841 840
f 838 927 926
f 837 929 928
f 493 492 851
f 848 846 543
f 927 838 836
f 363 931 930
f 901 932 806
f 932 933 808
f 934 935 903
f 933 937 936
f 940 941 938
f 943 940 939
f 411 410 944
f 450 449 921
f 946 876 875
f 449 411 923
f 937 946 945
f 947 948 15
f 300 866 948
f 106 950 949
f 949 950 951
f 948 866 953
f 15 948 954
f 103 956 955
f 957 958 955
f 959 960 331
f 316 315 960
f 341 962 961
f 962 325 324
f 962 341 343
f 325 962 963
f 965 326 963
f 966 967 353
f 843 847 968
f 967 968 367
f 847 849 969
f 968 969 370
f 849 852 970
f 969 970 371
f 970 971 855
f 854 971 970
f 372 359 374
f 947 972 297
f 16 871 972
f 871 873 973
f 297 972 973
f 974 973 873
f 310 301 973
f 975 974 880
f 312 310 974
f 951 977 976
f 352 978 966
f 17 18 27
f 27 18 31
f 121 150 148
f 120 148 145
f 145 144 123
f 170 150 121
f 94 97 33
f 936 945 347
f 375 356 355
f 356 375 374
f 980 981 253
f 982 983 369
f 983 984 364
f 987 988 985
f 991 992 989
f 992 991 986
f 988 987 993
f 995 996 898
f 996 997 896
f 997 998 897
f 1001 1002 999
f 1004 983 982
f 1005 1006 996
f 1006 1007 997
f 1007 1008 998
f 1002 1010 1009
f 1011 984 983
f 992 1006 1005
f 1006 992 985
f 1014 1015 1012
f 1017 1015 1014
f 1019 1017 1016
f 1022 1023 1020
f 1026 1027 1024
f 1028 1029 1027
f 1032 1033 1030
f 1035 1031 1030
f 745 719 1036
f 719 682 1038
f 682 681 1039
f 1041 646 645
f 648 651 1042
f 651 572 1044
f 572 575 1045
f 575 779 1046
f 779 778 1047
f 778 782 1048
f 782 784 1049
f 784 786 1050
f 744 718 720
f 718 679 683
f 679 678 680
f 647 642 643
f 653 650 649
f 573 650 653
f 577 576 574
f 576 132 780
f 132 131 777
f 777 131 138
f 167 783 781
f 785 783 167
f 971 1051 982
f 1000 892 895
f 1051 1052 1003
f 276 275 280
f 275 311 314
f 312 315 314
f 312 975 960
f 975 879 331
f 332 331 879
f 332 878 883
f 807 346 344
f 808 936 346
f 875 355 347
f 355 354 345
f 339 333 345
f 339 338 334
f 338 961 959
f 324 316 959
f 324 323 313
f 323 292 277
f 278 277 292
f 90 91 1053
f 1057 1058 1055
f 1061 1062 1059
f 1060 1059 1063
f 1061 1066 1065
f 1056 1055 1062
f 1069 1070 1067
f 164 162 1069
f 169 168 1071
f 1075 1076 1073
f 1078 1072 1071
f 193 192 1073
f 184 183 1079
f 1082 1083 1081
f 1084 1082 1070
f 1085 1086 1082
f 1089 1090 1087
f 1070 1081 1091
f 1093 1078 1077
f 1095 1075 1074
f 1098 1099 1096
f 1102 1103 1100
f 1106 1107 1104
f 1110 1111 1108
f 1113 1110 1109
f 1087 1116 1114
f 1088 1087 1115
f 162 163 1084
f 163 92 1085
f 1120 1121 1118
f 1118 1123 1122
f 1121 1125 1124
f 1126 1123 1118
f 1129 1130 1127
f 1133 1134 1131
f 1137 1138 1135
f 1140 1133 1132
f 1143 1144 1141
f 1135 1138 1143
f 1151 1152 1149
f 1151 1153 1066
f 1159 1160 1127
f 1161 1162 1129
f 1165 1166 1163
f 1169 1170 1164
f 1173 1174 1171
f 1177 1178 1175
f 1180 1178 1177
f 1061 1060 1152
f 1066 1153 1181
f 1183 1057 1056
f 1152 1060 1064
f 1186 1187 1184
f 1122 1123 1188
f 1187 1191 1190
f 1194 1195 1192
f 1197 1194 1193
f 1200 1201 1198
f 1203 1201 1200
f 1191 1113 1112
f 1204 1119 1122
f 1116 1122 1189
f 1123 1126 1205
f 1212 1200 1199
f 1213 1202 1200
f 1216 1217 1214
f 1217 1219 1218
f 1224 1225 1222
f 1228 1229 1226
f 1180 1231 1230
f 1227 1233 1232
f 1228 1232 1234
f 1238 1239 1236
f 1242 1243 1240
f 1246 1247 1244
f 1248 1249 1247
f 92 90 1054
f 1090 1204 1116
f 1251 1106 1105
f 1201 1253 1252
f 1254 1255 1103
f 1258 1259 1256
f 1103 1255 1260
f 1259 1262 1261
f 1263 1264 1258
f 1219 1258 1257
f 1264 1265 1259
f 1259 1265 1266
f 1268 1099 1098
f 1253 1201 1203
f 1253 1103 1102
f 1195 1251 1250
f 1271 1230 1269
f 1178 1230 1271
f 1273 1238 1237
f 1229 1228 1235
f 1099 1080 1079
f 1139 1132 1135
f 1132 1131 1136
f 1276 1277 1133
f 1277 1278 1134
f 1282 1283 1280
f 1170 1169 1159
f 1128 1127 1277
f 1127 1160 1278
f 1141 1285 1139
f 1219 1217 1287
f 1289 1290 1288
f 1289 1173 1172
f 1217 1216 1292
f 1295 1296 1293
f 1273 1275 1235
f 1234 1239 1238
f 1243 1242 1245
f 1243 1298 1297
f 1298 1300 1299
f 1300 1302 1301
f 1302 1304 1303
f 1307 1308 1305
f 1310 248 247
f 1222 1225 1311
f 1173 1288 1311
f 1308 1310 1309
f 786 785 1312
f 1312 1315 1314
f 1317 1314 1315
f 1320 1321 1318
f 1323 1321 1320
f 1322 1325 1324
f 1326 1327 1324
f 1329 1327 1326
f 1215 1214 1202
f 1214 1218 1203
f 1218 1257 1254
f 1257 1256 1255
f 1255 1256 1261
f 1332 1333 1268
f 168 794 1334
f 1334 1335 1077
f 1335 1336 1092
f 1337 1338 1109
f 1338 1339 1112
f 1339 1340 1190
f 1340 1341 1184
f 1341 1342 1185
f 1345 1346 1180
f 1347 1348 1346
f 1349 1350 1346
f 1346 1350 1231
f 1352 1273 1272
f 1352 1353 1275
f 1269 1230 1231
f 1050 786 1313
f 1313 1314 1356
f 1314 1317 1357
f 1318 1321 1358
f 1321 1323 1360
f 1323 1324 1361
f 1324 1327 1362
f 1327 1329 1363
f 785 169 1072
f 1072 1078 1315
f 1316 1315 1078
f 1110 1320 1319
f 1322 1320 1110
f 1113 1191 1325
f 1191 1187 1326
f 1328 1326 1187
f 1065 1181 1367
f 1083 1089 1088
f 1081 1088 1117
f 1336 1337 1108
f 1111 1093 1092
f 1111 1319 1316
f 1319 1318 1317
f 1317 1318 1359
f 1107 1095 1094
f 1101 1100 1098
f 1098 1100 1260
f 1260 1261 1332
f 1262 1296 1332
f 1262 1266 1293
f 1304 1307 1306
f 1086 1368 1083
f 1368 1369 1089
f 1370 1120 1119
f 1371 1370 1204
f 1369 1371 1090
f 67 82 1372
f 1374 68 67
f 1375 48 68
f 1376 49 48
f 1377 429 49
f 1378 430 429
f 490 430 1378
f 1380 487 490
f 1382 483 486
f 1384 506 505
f 1385 522 506
f 1386 546 522
f 1389 1390 1387
f 1392 1121 1120
f 48 47 65
f 1393 1394 1392
f 1396 1393 1391
f 1370 1395 1391
f 1398 1396 1395
f 1371 1397 1395
f 561 1386 1385
f 1385 1384 526
f 1384 1383 523
f 514 1382 1381
f 1379 509 508
f 448 509 1379
f 1378 1377 445
f 1377 1376 53
f 1376 1375 50
f 50 1375 1374
f 1373 76 64
f 80 76 1373
f 1397 1371 1369
f 1400 1399 1369
f 1401 1402 1399
f 1402 1398 1397
f 1086 1403 1400
f 1404 1401 1400
f 1226 1229 1275
f 1350 1349 1354
f 386 815 814
f 320 319 1405
f 1407 330 320
f 296 295 1408
f 1410 1408 295
f 1413 1414 1411
f 1417 1418 1415
f 352 330 1407
f 965 1410 307
f 1418 1421 1420
f 1423 1014 1013
f 1424 1016 1014
f 1425 1018 1016
f 1427 1022 1021
f 1429 1026 1025
f 1429 1430 1028
f 1419 1431 978
f 1434 1435 1432
f 923 944 1436
f 1428 1427 1433
f 1427 1426 1437
f 413 1439 1438
f 944 1430 1429
f 845 1440 850
f 1440 1441 900
f 410 1438 1430
f 1030 1033 1438
f 828 831 1413
f 854 1442 1051
f 1442 1443 1052
f 1422 1445 1444
f 1447 1448 1446
f 1449 1447 1420
f 1445 1451 1450
f 1452 1453 1448
f 1454 1452 1447
f 1455 1456 1435
f 1451 1458 1457
f 1459 1460 1453
f 1461 1459 1452
f 1433 1437 1462
f 1434 1462 1463
f 1464 1465 1456
f 1458 1467 1466
f 1468 1469 1460
f 1470 1468 1459
f 1455 1463 1471
f 1472 1473 1465
f 853 1474 1442
f 1474 1475 1443
f 772 1476 1474
f 1476 1477 1475
f 910 1479 1478
f 912 1481 1480
f 1482 916 913
f 767 450 498
f 1464 1471 1483
f 1485 768 767
f 1487 497 496
f 1488 1476 772
f 497 1487 1484
f 1489 1490 1473
f 1483 1491 1489
f 1488 1492 1477
f 1495 1496 1493
f 1498 1493 1496
f 1496 1495 1499
f 1497 1496 1500
f 540 1503 1502
f 1506 1507 1504
f 1504 1507 1508
f 1510 1511 1507
f 1508 1507 1511
f 1487 1495 1494
f 1495 1487 1486
f 1489 1506 1505
f 1491 1510 1506
f 1513 1514 1511
f 1515 1513 1510
f 1491 1483 1516
f 1517 1516 1483
f 1518 1517 1471
f 1519 1518 1463
f 1520 1519 1462
f 1425 1520 1437
f 1514 1521 1512
f 1467 1458 1460
f 1458 1451 1453
f 1451 1445 1448
f 1445 1422 1446
f 1512 6 5
f 5 541 1509
f 1503 1497 1501
f 482 1523 1522
f 1522 1524 440
f 1524 1525 437
f 428 1527 1526
f 1529 423 422
f 393 423 1529
f 1530 1531 390
f 1531 1532 58
f 1143 1138 1149
f 1138 1137 1150
f 1523 1534 1533
f 1535 1524 1522
f 1536 1525 1524
f 1538 1526 1527
f 907 1529 1528
f 1530 1529 907
f 379 378 1531
f 378 799 1532
f 1064 1063 1144
f 1540 1485 1484
f 1541 1542 1493
f 1545 1546 1543
f 1548 1545 1544
f 1497 1503 1543
f 1544 1543 1503
f 540 539 1547
f 1521 1549 6
f 1550 1551 1
f 1551 1552 559
f 1554 539 538
f 539 1554 1555
f 1556 1548 1547
f 1482 1557 918
f 890 888 917
f 1543 1546 1541
f 1558 1222 1288
f 1222 1558 1559
f 1560 1561 1247
f 1247 1561 1562
f 1563 1564 1561
f 1562 1565 1300
f 1298 1243 1244
f 1567 943 942
f 1569 1567 1566
f 1571 1569 1568
f 1053 1404 1403
f 1085 1054 1403
f 1558 1573 1572
f 1573 197 196
f 1576 1577 1574
f 1578 1579 1573
f 1579 198 197
f 1580 1581 199
f 73 75 1582
f 1582 1394 1393
f 91 79 1584
f 1585 1583 1393
f 1586 1585 1396
f 1587 1586 1398
f 1588 1589 1401
f 1589 1587 1402
f 1584 1588 1404
f 74 73 1583
f 81 74 1585
f 82 81 1586
f 80 1372 1589
f 1372 82 1587
f 79 80 1588
f 1592 1593 1590
f 1593 1595 1594
f 1595 1597 1596
f 1600 1601 1598
f 1602 1603 1593
f 1603 1604 1595
f 1607 1608 1605
f 1609 1610 1599
f 980 1612 1611
f 1613 1614 703
f 1615 1616 738
f 1617 1618 766
f 1619 1620 701
f 1616 1617 755
f 1607 1622 1621
f 1623 1624 1622
f 1597 1601 1600
f 1626 1609 1598
f 1623 1607 1606
f 1604 1628 1597
f 1601 1629 1625
f 122 1630 979
f 1632 1633 1631
f 1634 119 101
f 122 1635 1632
f 119 1634 1635
f 1550 4 1636
f 1639 787 243
f 1642 1643 1640
f 1644 1645 1641
f 1646 1647 905
f 1650 1651 1648
f 1645 1644 1652
f 1646 906 907
f 1537 1650 1649
f 1645 1653 1536
f 1641 1645 1535
f 1534 1642 1641
f 1581 1580 1654
f 1658 1659 1656
f 1662 1663 1660
f 1663 1569 1571
f 1665 1659 1658
f 1668 1669 1666
f 1659 1671 1670
f 1672 1673 1663
f 1673 1567 1569
f 1674 1671 1659
f 1669 1674 1665
f 1675 1676 1669
f 1677 1678 1670
f 1679 1680 1673
f 1680 943 1567
f 1681 1677 1671
f 1676 1681 1674
f 1676 1675 1682
f 1678 1677 1684
f 1687 1680 1679
f 943 1680 1687
f 1677 1681 1688
f 1681 1676 1683
f 1689 1690 1683
f 1691 1692 1685
f 1693 1694 1687
f 1694 941 940
f 1695 1691 1684
f 1690 1695 1688
f 1698 1699 1696
f 1580 1698 1697
f 1666 1665 1664
f 1667 1666 1700
f 1668 1667 1702
f 1704 1703 1702
f 1675 1668 1703
f 1706 1705 1703
f 1682 1675 1705
f 1705 1706 1285
f 238 1709 1708
f 1709 1295 1294
f 1128 1276 1704
f 1276 1140 1706
f 1706 1140 1139
f 1696 1699 1710
f 1712 1162 1161
f 1710 1283 1282
f 1667 1701 1712
f 1689 1682 1707
f 1141 1713 1707
f 1715 1689 1713
f 1144 1714 1713
f 1063 1716 1714
f 1717 1715 1714
f 1719 1717 1716
f 1059 1718 1716
f 1721 1719 1718
f 1062 1720 1718
f 1723 1721 1720
f 1055 1722 1720
f 1724 1725 1695
f 1725 1726 1691
f 1726 1727 1692
f 1728 1729 1694
f 1729 1576 941
f 1576 1575 938
f 34 33 144
f 97 123 144
f 96 98 123
f 96 105 99
f 106 99 105
f 104 955 950
f 958 951 950
f 958 1730 977
f 237 111 110
f 237 233 113
f 115 113 233
f 117 115 232
f 117 213 212
f 205 217 216
f 207 256 229
f 258 208 207
f 1576 1729 1732
f 1732 1729 1728
f 1727 1726 1734
f 1726 1725 1736
f 1738 23 26
f 1740 1738 1737
f 1743 1744 1741
f 7 1743 1742
f 1747 1723 1722
f 1058 1746 1722
f 500 499 520
f 41 1750 1749
f 1749 1750 1751
f 59 1753 1750
f 1754 1751 1750
f 8 7 1745
f 1725 1724 1756
f 1757 24 23
f 1758 1757 1738
f 1743 1760 1759
f 10 1760 1743
f 1761 362 24
f 1762 1761 1757
f 1763 1764 1759
f 382 1763 1760
f 1765 363 362
f 1766 1765 1761
f 1767 1768 1764
f 383 1767 1763
f 1769 1770 1765
f 1767 1772 1771
f 905 1772 1767
f 1771 1772 1773
f 1647 1773 1772
f 1776 1770 1769
f 1779 1780 1777
f 1782 1779 1778
f 1783 1784 1782
f 1644 1784 1783
f 1785 1786 1780
f 1787 1785 1779
f 1784 1788 1787
f 1640 1788 1784
f 1789 1790 1786
f 1791 1789 1785
f 1787 1788 1792
f 1643 1792 1788
f 1715 1724 1690
f 931 935 934
f 1777 1780 928
f 1786 927 928
f 927 1786 1790
f 1794 925 924
f 756 739 741
f 739 705 708
f 705 704 709
f 655 654 660
f 663 667 666
f 1796 797 796
f 796 1798 1797
f 1797 1798 1268
f 976 977 110
f 110 977 1730
f 237 1731 1799
f 1800 1799 1731
f 1730 958 957
f 1802 1794 1793
f 1804 1802 1801
f 1805 1806 1804
f 1808 1806 1805
f 1810 1808 1807
f 1811 1812 1810
f 1814 1812 1811
f 1816 1814 1813
f 1817 1818 1816
f 1819 1820 1818
f 1823 1824 1821
f 1826 1824 1823
f 1829 1830 1827
f 1833 1834 1831
f 1834 1830 1829
f 1835 1836 1833
f 1837 1838 1836
f 1841 1842 1839
f 1845 1846 1843
f 1847 1848 1841
f 1851 1852 1849
f 1855 1856 1853
f 1858 1856 1855
f 1860 1858 1857
f 1861 1862 1845
f 1846 1848 1847
f 1864 1826 1825
f 1867 1868 1865
f 1827 1867 1866
f 1871 1872 1869
f 1868 1871 1870
f 1869 1872 1864
f 1874 171 170
f 979 1875 1873
f 1629 1601 1597
f 1876 1877 673
f 1877 1878 631
f 1878 1879 632
f 1880 1881 602
f 1570 1568 171
f 1568 1566 151
f 1566 942 149
f 942 939 146
f 939 938 147
f 938 1575 34
f 34 1575 1574
f 25 22 30
f 22 21 37
f 21 361 872
f 361 360 901
f 360 930 932
f 932 930 934
f 937 933 934
f 946 937 904
f 876 946 877
f 874 389 376
f 376 389 388
f 377 388 395
f 1029 1028 1033
f 1028 1430 1438
f 1882 1883 241
f 1630 1631 1875
f 1162 1282 1281
f 1162 1712 1711
f 1701 1696 1711
f 1701 1700 1697
f 1700 1664 1654
f 1664 1658 1655
f 1658 1657 1884
f 1661 1660 1885
f 1660 1571 1887
f 1571 1570 1888
f 1888 1570 1874
f 1873 1890 1889
f 1873 1875 1891
f 1631 1892 1891
f 1894 1895 1893
f 1895 1897 1896
f 1896 1897 1898
f 1902 1903 1900
f 1906 1907 1904
f 1908 1909 1904
f 1892 1631 1633
f 1164 1170 1281
f 1910 1165 1164
f 1170 1130 1129
f 1579 1698 1580
f 1578 1699 1698
f 1699 1578 1911
f 1911 1912 1283
f 1283 1912 1910
f 1578 1558 1290
f 1914 981 1611
f 981 1914 1915
f 252 253 1915
f 1882 240 250
f 240 239 247
f 239 1708 1309
f 1708 1294 1305
f 1294 1293 1306
f 1293 1266 1303
f 1266 1265 1301
f 1299 1301 1265
f 1297 1299 1264
f 1263 1287 1240
f 1287 1292 1241
f 1916 1917 1272
f 1917 1918 1351
f 1920 1271 1270
f 1920 1921 1175
f 1172 1171 1388
f 1387 1390 1291
f 1165 1910 1291
f 1910 1912 1289
f 1912 1911 1290
f 1390 1389 1166
f 1924 1925 343
f 373 1924 342
f 1925 964 963
f 1928 1929 1926
f 1929 1931 1930
f 1930 1931 1035
f 1431 1928 1927
f 844 843 967
f 1080 1099 1268
f 242 184 1080
f 180 177 787
f 176 788 787
f 743 712 740
f 712 671 706
f 671 670 707
f 626 625 657
f 627 669 668
f 798 181 180
f 1639 242 1932
f 180 1639 1933
f 1268 1798 1933
f 1798 796 795
f 1004 999 1009
f 1003 1000 999
f 1052 892 1000
f 1443 893 892
f 1475 908 893
f 1477 910 908
f 910 1477 1492
f 1540 1494 1493
f 1481 912 911
f 912 915 909
f 915 884 894
f 884 887 895
f 887 897 1001
f 897 998 1002
f 998 1008 1010
f 1414 1417 1416
f 1012 1015 453
f 1015 1017 434
f 1017 1019 433
f 1020 1023 414
f 1027 394 416
f 1027 1029 395
f 395 1029 1032
f 1032 1031 384
f 1035 372 384
f 1931 373 372
f 1931 1929 1924
f 1929 1928 1925
f 1928 1431 964
f 1419 965 964
f 1407 1410 965
f 1406 1408 1410
f 1409 1408 1406
f 1467 1935 1934
f 1936 1937 1469
f 1938 1936 1468
f 1937 1935 1467
f 1936 1940 1939
f 1938 1941 1940
f 1942 1943 1940
f 1943 1944 1939
f 1947 1948 1945
f 1950 1947 1946
f 1951 1952 1946
f 1953 1954 1952
f 1954 1956 1955
f 1549 1957 3
f 988 1008 1007
f 988 994 1010
f 984 1958 365
f 984 1011 1959
f 1959 1960 994
f 1960 1009 1010
f 1011 1009 1960
f 1638 1208 1124
f 1181 1182 1366
f 1153 1154 1182
f 1145 1154 1153
f 1145 1151 1150
f 1137 1147 1146
f 1137 1136 1148
f 1131 1155 1148
f 1134 1156 1155
f 1278 1279 1156
f 1278 1160 1157
f 1158 1157 1160
f 1159 1169 1284
f 1166 1168 1167
f 1389 1922 1168
f 1388 1923 1922
f 1171 1174 1177
f 1174 1311 1179
f 1225 1345 1179
f 1345 1225 1224
f 1248 1246 1232
f 1232 1246 1245
f 1245 1242 1239
f 1242 1241 1236
f 1241 1292 1274
f 1216 1221 1274
f 1221 1216 1215
f 1213 1209 1220
f 1209 1213 1212
f 1211 1286 1210
f 1329 1330 1364
f 1330 1329 1328
f 1331 1328 1186
f 1185 1343 1365
f 1342 1344 1343
f 1126 1207 1206
f 1124 1208 1207
f 1923 1388 1171
f 1923 1176 1175
f 1916 1237 1236
f 1957 1636 4
f 1963 1964 1961
f 1966 1963 1962
f 1969 1970 1967
f 1968 1972 1971
f 1972 1974 1973
f 1961 1956 1954
f 1962 1954 1953
f 1976 1973 1974
f 1975 1978 1977
f 1947 1950 1944
f 1948 1947 1943
f 1979 1980 1967
f 1979 1982 1981
f 1934 1935 1981
f 1952 1955 1949
f 1937 1939 1981
f 1981 1939 1944
f 1967 1980 1944
f 1950 1949 1968
f 1955 1972 1968
f 1956 1974 1972
f 1956 1961 1975
f 1964 1978 1975
f 1163 1167 1284
f 1983 1984 1367
f 1984 1985 1183
f 1985 1986 1057
f 1986 1987 1058
f 1987 1988 1746
f 1989 1747 1746
f 72 57 1749
f 57 55 38
f 55 54 39
f 54 408 396
f 408 409 397
f 409 467 443
f 443 467 466
f 469 442 441
f 479 454 455
f 500 474 454
f 1748 502 474
f 1821 1820 1819
f 259 263 1990
f 260 259 1991
f 1994 220 219
f 223 1997 1995
f 224 223 1996
f 235 224 1998
f 157 235 1999
f 152 157 2000
f 153 152 2001
f 159 153 2002
f 866 159 2003
f 159 866 865
f 1528 422 2004
f 1539 1528 2005
f 2006 2007 1646
f 2007 2008 1647
f 813 902 835
f 814 813 810
f 398 814 809
f 398 403 402
f 416 399 402
f 1024 416 414
f 1025 1024 1023
f 1428 1025 1022
f 1619 700 703
f 700 661 662
f 662 661 660
f 660 654 667
f 657 668 667
f 628 668 657
f 628 625 599
f 605 604 599
f 1881 2009 605
f 731 735 2010
f 692 731 2011
f 693 692 2012
f 696 2015 2014
f 2016 2017 648
f 649 648 2017
f 652 649 2018
f 652 2019 2020
f 2020 2021 619
f 2022 2023 586
f 569 586 2023
f 2024 2025 570
f 531 570 2025
f 532 531 2026
f 507 532 2027
f 508 507 2028
f 1380 508 2029
f 2030 2031 487
f 487 2031 2032
f 462 488 2032
f 463 462 2033
f 2034 2035 466
f 466 2035 2036
f 2036 2037 421
f 422 421 2037
f 418 433 415
f 433 1019 1020
f 1020 1019 1018
f 1426 1021 1018
f 1429 1428 1432
f 1432 1435 922
f 1435 1456 920
f 1456 1465 495
f 1465 1473 496
f 1473 1490 1486
f 1490 1505 1499
f 1505 1504 1500
f 1500 1504 1509
f 1509 541 1502
f 1502 541 542
f 542 559 538
f 559 1552 1553
f 1615 737 701
f 737 710 658
f 658 710 709
f 709 704 655
f 707 656 655
f 707 670 626
f 626 670 629
f 601 600 629
f 1879 1880 601
f 753 751 730
f 751 727 688
f 688 727 726
f 684 723 722
f 1039 681 646
f 681 680 647
f 680 678 642
f 642 678 638
f 638 641 616
f 636 609 585
f 609 580 566
f 580 583 567
f 583 551 527
f 527 551 550
f 550 524 513
f 524 523 514
f 523 1383 1382
f 1383 505 483
f 483 505 504
f 504 476 460
f 476 475 461
f 475 480 469
f 480 455 442
f 455 438 427
f 438 437 428
f 437 1525 1527
f 1537 1527 1525
f 1536 1653 1650
f 1653 1652 1651
f 1652 1783 2038
f 2038 1783 1781
f 1781 1778 2040
f 1778 1777 2041
f 1777 929 2042
f 2042 929 837
f 811 834 837
f 818 817 812
f 817 419 400
f 400 419 418
f 840 832 2043
f 924 840 2044
f 1793 924 2045
f 1801 1793 2046
f 1803 1801 2047
f 2048 2049 1805
f 1807 1805 2049
f 1809 1807 2050
f 2051 2052 1811
f 1813 1811 2052
f 1815 1813 2053
f 2054 2055 1817
f 2055 2056 1819
f 1822 1819 2056
f 2057 2058 1823
f 1825 1823 2058
f 1863 1825 2059
f 2060 2061 1869
f 1870 1869 2061
f 1865 1870 2062
f 1866 1865 2063
f 1828 1866 2064
f 2065 2066 1829
f 1831 1829 2066
f 1832 1831 2067
f 2068 2069 1835
f 1835 2069 2070
f 1840 1839 2071
f 2072 2073 1847
f 1843 1847 2073
f 1844 1843 2074
f 1844 2075 2076
f 2077 2078 1851
f 2079 2080 1855
f 1857 1855 2080
f 1859 1857 2081
f 1976 1977 2083
f 2084 2085 1973
f 1973 2085 2086
f 1969 1971 2086
f 2087 2088 1970
f 2088 2089 1979
f 2089 2090 1982
f 2090 2091 1934
f 1934 2091 2092
f 1466 2092 2093
f 1457 2093 2094
f 1450 2094 2095
f 1444 2095 1424
f 1415 1420 1446
f 1416 1415 2096
f 1416 2097 2098
f 1412 1411 2098
f 2099 2100 828
f 829 828 2100
f 832 829 2101
f 1424 2095 1520
f 2095 2094 1519
f 2094 2093 1518
f 2093 2092 1517
f 2092 2091 1516
f 1515 1516 2091
f 2090 2089 1513
f 2089 2088 1514
f 2088 2087 1521
f 2087 2086 1549
f 2086 2085 1957
f 2085 2084 1636
f 1636 2084 2083
f 2102 2103 766
f 2103 2104 758
f 758 2104 2105
f 2105 2106 756
f 2107 757 756
f 2107 2108 743
f 743 2108 2109
f 714 713 2109
f 2111 1876 714
f 2082 2081 769
f 2081 2080 760
f 760 2080 2079
f 762 2078 2077
f 2076 2075 745
f 2075 2074 746
f 2074 2073 744
f 744 2073 2072
f 2072 2071 717
f 2070 2069 674
f 674 2069 2068
f 2068 2067 633
f 2067 2066 578
f 578 2066 2065
f 2065 2064 560
f 2064 2063 561
f 2063 2062 1386
f 2062 2061 546
f 546 2061 2060
f 2060 2059 519
f 2059 2058 520
f 520 2058 2057
f 2057 2056 502
f 2056 2055 481
f 2055 2054 482
f 2054 2053 1523
f 2053 2052 1534
f 2052 2051 1642
f 2051 2050 1643
f 2050 2049 1792
f 1792 2049 2048
f 2048 2047 1789
f 2047 2046 1790
f 1790 2046 2045
f 839 926 2045
f 2044 2043 827
f 2043 2101 826
f 2101 2100 825
f 825 2100 2099
f 2099 2098 824
f 2098 2097 1012
f 1012 2097 2096
f 1422 1013 2096
f 1854 1853 1852
f 1851 2078 2079
f 761 2079 2078
f 762 748 749
f 725 749 748
f 726 725 724
f 689 726 723
f 689 684 687
f 2015 696 693
f 696 699 694
f 588 694 699
f 589 588 595
f 589 594 136
f 173 172 136
f 173 135 191
f 182 186 191
f 183 182 190
f 183 193 1076
f 1096 1079 1076
f 1097 1096 1075
f 1095 1107 1101
f 1107 1106 1102
f 1252 1102 1106
f 1198 1252 1251
f 1199 1198 1195
f 1211 1199 1194
f 1197 2112 1286
f 1205 1206 1344
f 1188 1205 1342
f 1189 1188 1341
f 1114 1189 1340
f 1115 1114 1339
f 1117 1115 1338
f 1091 1117 1337
f 1067 1091 1336
f 1068 1067 1335
f 794 164 1068
f 165 164 794
f 139 165 793
f 125 139 792
f 126 125 791
f 557 126 790
f 558 557 556
f 621 558 555
f 622 621 620
f 619 2021 2022
f 616 612 611
f 616 641 636
f 637 636 641
f 675 637 640
f 715 675 677
f 717 2071 2070
f 2070 2071 1839
f 1839 1842 1838
f 1362 1363 1196
f 1361 1362 1193
f 1360 1361 1192
f 1358 1360 1250
f 1359 1358 1105
f 1357 1359 1104
f 1356 1357 1094
f 1355 1356 1074
f 192 1050 1355
f 1049 1050 192
f 1048 1049 189
f 1047 1048 188
f 1046 1047 134
f 1045 1046 133
f 1044 1045 593
f 1042 1044 592
f 1043 1042 698
f 697 2014 2016
f 685 1041 1040
f 685 722 1039
f 1038 1039 722
f 1036 1038 721
f 1037 1036 747
f 763 2077 2076
f 2076 2077 1850
f 1850 1849 1862
f 1364 2113 1196
f 1196 2113 2112
f 1296 1295 1333
f 1709 1797 1333
f 241 1796 1795
f 1709 238 1795
f 2114 2115 179
f 2116 2114 178
f 2117 2116 181
f 2118 2117 798
f 2119 2118 797
f 1883 2119 1796
f 2120 2121 2114
f 2120 2116 2117
f 2123 2122 2117
f 2124 2123 2118
f 2125 2124 2119
f 2128 2129 2126
f 2128 2127 2130
f 2133 2131 2130
f 2135 2133 2132
f 2129 2128 2136
f 2136 2128 2131
f 2131 2133 2139
f 2133 2135 2140
f 2124 2125 2141
f 2143 2144 2142
f 2147 2148 2145
f 2140 2135 2147
f 2148 2147 2149
f 2135 2134 2149
f 2127 2126 2121
f 2127 2120 2122
f 2132 2130 2122
f 2134 2132 2123
f 2134 2124 2142
f 2142 2144 2150
f 2151 2115 2114
f 2152 2151 2121
f 2153 2152 2126
f 179 2155 2154
f 2154 789 788
f 2115 2151 2155
f 2156 2153 2129
f 2155 2158 2157
f 2157 598 789
f 2151 2152 2158
f 2158 2160 2159
f 2159 597 598
f 2152 2153 2160
f 2160 2162 2161
f 2161 624 597
f 2153 2156 2162
f 2165 2166 2163
f 754 753 1881
f 765 754 1880
f 770 765 1879
f 1860 1859 1876
f 1859 2082 1877
f 2082 770 1878
f 2009 734 733
f 735 736 2168
f 2010 735 2164
f 753 734 2009
f 1914 1913 2143
f 2141 2125 1915
f 1882 1915 2125
f 624 2161 2168
f 2169 2170 2156
f 2162 2171 2168
f 2169 2137 2136
f 2174 2146 2145
f 2146 2174 2175
f 2176 2139 2140
f 2172 2136 2138
f 2177 2138 2139
f 2156 2170 2171
f 2178 2179 2174
f 2179 2180 2175
f 2176 2175 2180
f 2177 2176 2181
f 2183 2172 2177
f 2183 2184 2169
f 2184 2185 2170
f 2185 2165 2171
f 2171 2165 2164
f 2186 2187 2179
f 2187 2188 2180
f 2181 2180 2188
f 2182 2181 2189
f 2191 2183 2182
f 2191 2192 2184
f 2192 2193 2185
f 2193 2166 2165
f 2009 2167 606
f 1561 1564 1565
f 1565 2194 1302
f 1564 2195 2194
f 1563 2196 2195
f 2195 1592 1591
f 1602 1592 2195
f 1304 1302 2194
f 1591 1590 1307
f 1590 1594 1308
f 1310 1308 1594
f 248 1310 1596
f 1600 1599 249
f 860 804 862
f 804 221 863
f 221 220 1997
f 1997 220 1994
f 214 217 2198
f 217 205 2200
f 2200 205 204
f 2203 1903 1902
f 1626 1627 1606
f 1609 1606 1605
f 2197 862 306
f 863 1997 223
f 2199 2198 212
f 212 2198 2200
f 2200 2201 201
f 1898 2203 2202
f 1599 1610 251
f 1610 1605 254
f 1605 1608 980
f 1608 1621 1612
f 1770 931 363
f 1770 1776 935
f 2204 2205 935
f 902 903 935
f 2206 2207 2205
f 835 902 2205
f 2041 2042 2207
f 2042 834 835
f 1649 1648 2008
f 1649 2007 2006
f 2006 2005 1526
f 1526 2005 2004
f 425 2004 2037
f 441 426 2037
f 468 441 2036
f 468 2035 2034
f 459 458 2034
f 485 459 2033
f 2032 2031 486
f 1381 486 2031
f 1381 2030 2029
f 512 511 2029
f 529 512 2028
f 2027 2026 530
f 564 530 2026
f 564 2025 2024
f 565 2024 2023
f 584 2023 2022
f 611 2022 2021
f 613 2021 2020
f 2020 2019 643
f 643 2019 2018
f 645 644 2018
f 645 2017 2016
f 1040 2016 2014
f 2014 2015 687
f 687 2015 2013
f 2013 2012 691
f 729 691 2012
f 733 729 2011
f 733 2010 2163
f 2163 2166 606
f 2166 2193 603
f 2193 2192 627
f 2192 2191 669
f 669 2191 2190
f 666 2190 2189
f 2189 2188 665
f 2188 2187 702
f 2187 2186 1613
f 2206 2208 2040
f 2208 2209 2039
f 2209 2210 2038
f 2210 1648 1651
f 1884 1657 1661
f 1657 1656 1662
f 1656 1670 1672
f 1670 1678 1679
f 1679 1678 1685
f 1685 1692 1693
f 1692 1727 1728
f 1728 1727 1735
f 1744 1740 1739
f 1744 1759 1758
f 1759 1764 1762
f 1764 1768 1766
f 1768 1771 1769
f 1775 1769 1771
f 2211 1773 1647
f 1648 2210 2211
f 2212 1774 1773
f 2210 2209 2212
f 2213 2212 2209
f 2206 2204 2213
f 2212 2213 1775
f 2213 2204 1776
f 1753 2215 2214
f 59 2216 2215
f 58 1532 2216
f 1532 799 2217
f 799 9 8
f 1736 1756 1755
f 1734 1736 1745
f 1735 1734 1742
f 1733 1735 1741
f 1739 1737 1732
f 1577 1732 1737
f 26 25 1574
f 1574 25 29
f 29 28 32
f 28 31 94
f 95 94 31
f 102 95 20
f 103 102 19
f 124 954 956
f 954 953 957
f 1800 957 953
f 2003 2002 1799
f 1799 2002 2001
f 230 236 2001
f 231 230 2000
f 210 231 1999
f 210 1998 1996
f 1996 1995 2199
f 1995 1994 214
f 215 214 1994
f 227 226 1992
f 1991 1990 257
f 1715 1717 1756
f 2218 2217 8
f 2219 1756 1717
f 2218 1755 1756
f 1556 1557 1482
f 1482 1480 1545
f 1480 1481 1546
f 1546 1481 1478
f 1478 1479 1542
f 1479 1492 1540
f 1485 1540 1492
f 1488 771 768
f 771 491 451
f 491 494 452
f 494 544 412
f 544 900 413
f 900 1441 1439
f 1602 2196 196
f 1572 196 2196
f 1559 1572 1563
f 1559 1560 1249
f 1249 1248 1224
f 1224 1248 1233
f 1233 1227 1348
f 1227 1226 1349
f 1349 1226 1353
f 1353 1352 1269
f 1269 1352 1351
f 1270 1351 1918
f 1638 1125 1984
f 1125 1121 1985
f 1121 1392 1986
f 1392 1394 1987
f 1394 1582 1988
f 75 1989 1988
f 72 1752 1989
f 1752 1751 1747
f 1751 1754 1723
f 1754 2214 1721
f 2215 2216 2217
f 2214 2215 2218
f 1719 1721 2214
f 844 966 978
f 845 844 1927
f 1440 845 1926
f 1441 1440 1930
f 1439 1441 1034
f 2222 2223 2220
f 2225 2223 2222
f 2228 2229 2226
f 2232 2233 2230
f 2233 2232 2234
f 2231 2230 2236
f 2231 2239 2238
f 2242 2243 2240
f 2244 2245 2243
f 2248 2249 2246
f 2237 2250 2239
f 2253 2254 2251
f 2256 2248 2247
f 2259 2260 2257
f 2263 2264 2261
f 2262 2261 2265
f 2268 2266 2265
f 2271 2272 2269
f 2274 2264 2263
f 2273 2263 2275
f 2258 2278 2277
f 2279 2280 2272
f 2280 2282 2281
f 2272 2281 2283
f 2286 2287 2284
f 2288 2289 2284
f 2266 2284 2289
f 2262 2289 2275
f 2290 2275 2289
f 2276 2275 2290
f 2292 2293 2290
f 2291 2290 2293
f 2296 2283 2281
f 2297 2295 2281
f 2296 2295 2298
f 2300 2301 2287
f 2282 2303 2302
f 2305 2306 2303
f 2302 2303 2306
f 2304 2303 2282
f 2304 2280 2279
f 2297 2302 2309
f 2311 2309 2302
f 2312 2305 2304
f 2315 2316 2313
f 2319 2320 2317
f 2323 2324 2321
f 2325 2326 2320
f 2329 2330 2327
f 2328 2327 2331
f 2332 2331 2333
f 2334 2333 2335
f 2339 2318 2337
f 2339 2338 2340
f 2318 2317 2342
f 2322 2321 2316
f 2232 2238 2343
f 2346 2347 2344
f 2350 2351 2348
f 2354 2355 2352
f 2356 2357 2351
f 2345 2344 2358
f 2345 2361 2360
f 2305 2361 2362
f 2312 2360 2361
f 2365 2366 2363
f 2366 2368 2367
f 2368 2370 2369
f 2373 2374 2371
f 2375 2376 2372
f 2374 2373 2377
f 2306 2362 2379
f 2362 2359 2380
f 2379 2380 2381
f 2380 2384 2383
f 2359 2358 2384
f 2385 2386 2357
f 2387 2388 2386
f 2307 2379 2382
f 2301 2292 2288
f 2297 2310 2298
f 2370 2390 2389
f 2345 2359 2362
f 2393 2394 2391
f 2397 2398 2395
f 2396 2395 2399
f 2403 2404 2401
f 2405 2406 2404
f 2402 2401 2355
f 2409 2410 2407
f 2413 2414 2411
f 2416 2412 2411
f 2418 2336 2335
f 2421 2422 2419
f 208 2424 2423
f 2427 2428 2425
f 2431 2432 2429
f 2435 2436 2433
f 2439 2440 2437
f 2443 2444 2441
f 2447 2448 2445
f 2449 2450 2376
f 2450 2449 2439
f 2426 2425 2448
f 2446 2445 2451
f 2455 2456 2453
f 2458 2409 2408
f 2400 2399 2394
f 2460 2397 2396
f 2393 2392 2461
f 2462 2463 2400
f 2396 2400 2463
f 2466 2467 2464
f 2467 2466 2468
f 2469 2468 2470
f 2472 2473 2423
f 257 2444 2443
f 2476 2477 2474
f 2475 2474 263
f 2480 2481 2478
f 2484 2485 2482
f 2485 2478 2481
f 2479 2487 2486
f 2488 2489 2486
f 2492 2493 2490
f 2483 2495 2494
f 2498 2499 2496
f 2494 2495 2499
f 2502 2503 2500
f 2506 2507 2504
f 2505 2509 2508
f 2512 2513 2510
f 2515 2510 2513
f 2518 2519 2516
f 2506 2508 2520
f 2515 2514 2522
f 2523 2522 2524
f 2528 2529 2526
f 2532 2533 2530
f 2535 2530 2533
f 2537 2538 2536
f 2521 2520 2539
f 2541 2535 2534
f 2531 2530 2542
f 2546 2547 2544
f 2549 2541 2540
f 2535 2550 2542
f 2553 2554 2551
f 2552 2556 2555
f 2546 2558 2557
f 2560 2557 2558
f 2562 2549 2548
f 2541 2563 2550
f 2543 2542 2564
f 2566 2564 2542
f 2569 2570 2567
f 2568 2567 2554
f 2553 2555 2571
f 2568 2571 2572
f 2575 2576 2573
f 2578 2562 2561
f 2549 2579 2563
f 2580 2566 2550
f 2562 2581 2579
f 2582 2581 2562
f 2583 2580 2563
f 2584 2583 2579
f 2586 2572 2571
f 2589 2590 2587
f 2593 2594 2591
f 2593 2592 2595
f 2598 2589 2588
f 2601 2602 2599
f 2605 2606 2603
f 2607 2608 2602
f 2610 2606 2605
f 2602 2612 2611
f 2615 2616 2613
f 2619 2620 2617
f 2620 2619 2621
f 2625 2626 2623
f 2616 2615 2627
f 2608 2629 2612
f 2632 2633 2630
f 2636 2637 2634
f 2640 2641 2638
f 2644 2645 2642
f 2643 2618 2617
f 2630 2633 2646
f 2631 2630 2648
f 2652 2653 2650
f 2654 2655 2641
f 2656 2657 2635
f 2660 2661 2658
f 2664 2665 2662
f 2648 2630 2647
f 2653 2652 2667
f 2670 2652 2651
f 2673 2674 2671
f 2677 2678 2675
f 2680 2678 2677
f 2672 2671 2681
f 2685 2686 2683
f 2686 2661 2660
f 2687 2667 2652
f 2690 2691 2688
f 2693 2689 2688
f 2695 2670 2669
f 2698 2699 2696
f 2702 2703 2700
f 2676 2675 2703
f 2699 2698 2674
f 2706 2707 2704
f 2710 2711 2708
f 2712 2713 2689
f 2714 2690 2689
f 2715 2687 2670
f 2718 2719 2716
f 2716 2719 2691
f 2722 2723 2720
f 2726 2727 2724
f 2730 2731 2728
f 2729 2685 2684
f 2733 2714 2713
f 2717 2716 2734
f 2734 2716 2690
f 2738 2739 2736
f 2742 2743 2740
f 2746 2747 2744
f 2721 2720 2747
f 2743 2742 2727
f 2731 2749 2748
f 2752 2753 2750
f 2223 2225 2754
f 2757 2706 2705
f 2626 2664 2663
f 2758 2734 2714
f 2734 2758 2759
f 2761 2738 2737
f 2764 2765 2762
f 2762 2765 2739
f 2768 2769 2766
f 2749 2771 2770
f 2772 2220 2223
f 2774 2761 2760
f 2763 2762 2775
f 2775 2762 2738
f 2779 2780 2777
f 2783 2784 2781
f 2745 2744 2783
f 2778 2777 2741
f 2787 2788 2785
f 2790 2766 2769
f 2775 2792 2791
f 2792 2775 2761
f 2795 2796 2793
f 2795 2794 2764
f 2797 2798 2780
f 2781 2784 2799
f 2803 2804 2801
f 2807 2808 2805
f 2392 2803 2809
f 2392 2391 2804
f 2461 2809 2810
f 2814 2815 2812
f 2818 2819 2816
f 2820 2795 2763
f 2820 2821 2796
f 2822 2823 2793
f 2824 2825 2798
f 2828 2829 2826
f 2832 2833 2830
f 2799 2835 2834
f 2803 2802 2836
f 2809 2836 2837
f 2839 2813 2812
f 2841 2817 2816
f 2844 2845 2842
f 2846 2820 2776
f 2846 2847 2821
f 2848 2822 2796
f 2822 2850 2849
f 2853 2854 2851
f 2829 2828 2855
f 2859 2860 2857
f 2863 2864 2861
f 2830 2833 2865
f 2869 2870 2867
f 2873 2874 2871
f 2877 2878 2875
f 2881 2882 2879
f 2884 2843 2842
f 2845 2886 2885
f 2821 2847 2887
f 2848 2888 2850
f 2889 2890 2854
f 2892 2851 2854
f 2895 2896 2893
f 2899 2900 2897
f 2903 2904 2901
f 2907 2908 2905
f 2911 2912 2909
f 2913 2914 2872
f 2915 2916 2876
f 2919 2920 2917
f 2923 2924 2921
f 2883 2842 2885
f 2886 2927 2926
f 2887 2928 2888
f 2929 2930 2890
f 2891 2854 2890
f 2933 2895 2894
f 2936 2937 2934
f 2940 2941 2938
f 2942 2943 2902
f 2906 2905 2944
f 2946 2947 2943
f 2945 2944 2948
f 2950 2951 2923
f 2920 2953 2952
f 2922 2921 2954
f 2925 2885 2926
f 2890 2930 2957
f 2959 2933 2932
f 2935 2934 2960
f 2939 2938 2962
f 2964 2965 2940
f 2966 2967 2965
f 2968 2950 2922
f 2953 2970 2969
f 2954 2972 2971
f 2962 2974 2973
f 2960 2976 2975
f 2977 2964 2939
f 2978 2966 2964
f 2979 2968 2955
f 2665 2981 2980
f 2982 2977 2963
f 2983 2978 2977
f 2985 2704 2707
f 2988 2989 2986
f 2992 2993 2990
f 2993 2995 2994
f 2997 2994 2995
f 2998 2999 2997
f 3001 2459 2463
f 3002 3000 2463
f 3002 2462 2461
f 3004 2348 2351
f 3003 2351 2357
f 3005 2357 2386
f 3006 2386 2388
f 3010 3011 3008
f 2592 2228 2227
f 2592 2591 3012
f 2606 2259 2277
f 2610 2260 2259
f 2619 2264 2274
f 2618 2261 2264
f 2643 2642 2267
f 2261 2618 2643
f 3013 2475 264
f 3014 2476 2475
f 3016 2435 2434
f 2519 2503 2502
f 2500 2497 2496
f 2986 2989 3017
f 3018 3017 3019
f 2241 2240 2576
f 3023 3024 3021
f 3027 3028 3025
f 2613 3022 3021
f 3031 3032 3029
f 3034 3031 3030
f 2649 3033 3030
f 2631 3030 3029
f 3036 2648 2666
f 2648 3036 3037
f 3037 3038 3033
f 3039 3034 3033
f 3042 3043 3040
f 3044 3045 3043
f 3024 3023 3046
f 3032 3031 3048
f 3050 3048 3031
f 3051 3050 3034
f 3052 3053 3045
f 2661 2271 2270
f 2279 2271 2661
f 2279 2686 2685
f 2312 2308 2685
f 2729 2728 2360
f 2360 2728 2748
f 2748 2770 2347
f 2767 2766 2348
f 2349 2348 2766
f 2991 2787 2786
f 2353 2352 2808
f 3056 3057 3054
f 3057 3059 3058
f 3061 3058 3059
f 3054 3058 2757
f 3064 3061 3060
f 3066 3064 3063
f 3067 2584 2581
f 2987 2255 2236
f 3069 3016 3015
f 859 3069 3068
f 3069 3071 3070
f 3072 3073 2517
f 2438 2437 2517
f 2438 2516 2502
f 2450 2502 2501
f 2376 2501 2496
f 2372 2496 2499
f 864 3071 3069
f 2377 2495 2483
f 2495 2377 2373
f 2481 2513 2512
f 2480 2514 2513
f 2514 2480 2486
f 2522 2486 2489
f 2521 2536 2507
f 2529 2491 2490
f 2512 2511 3075
f 2483 2482 2512
f 3078 3079 3076
f 2989 2988 3079
f 2235 3080 3076
f 2233 3076 3079
f 3079 2988 2236
f 3081 2256 2255
f 3077 3076 3080
f 2600 2599 3027
f 2590 3085 3084
f 3083 3027 3026
f 3089 3090 3087
f 3087 3092 3091
f 3017 3091 3092
f 3082 3089 3088
f 3088 3091 3078
f 2989 3078 3091
f 3095 3096 3093
f 3097 3098 3096
f 891 890 3098
f 3101 3102 3099
f 3104 3095 3094
f 3105 3097 3095
f 899 891 3097
f 3062 2757 2756
f 3107 3081 2987
f 3026 3025 3108
f 3086 3026 3109
f 2984 2707 3064
f 2593 2596 3111
f 3112 3113 2594
f 2605 2604 2636
f 2609 2605 2635
f 2679 2677 2620
f 2676 2617 2620
f 2644 2617 2676
f 2645 2644 2702
f 2722 2721 2660
f 3114 3115 3102
f 2683 2660 2721
f 3116 3117 3115
f 2684 2683 2746
f 3120 3121 3118
f 2730 2684 2745
f 3096 3120 3119
f 2782 2781 2731
f 2749 2731 2781
f 3122 3123 3121
f 2800 2834 2771
f 3098 3122 3120
f 2831 2830 2769
f 919 918 3123
f 2789 2769 2830
f 2785 2788 2863
f 2806 2805 2911
f 2802 2801 2907
f 2709 2708 3124
f 3125 3124 3126
f 2802 2906 2945
f 2945 2949 2837
f 3128 3129 3053
f 3050 3051 3130
f 3049 3048 3132
f 2706 3061 3064
f 3061 2706 2757
f 3131 3132 3048
f 2574 2573 3134
f 3136 3107 2986
f 3137 3136 3018
f 3139 3110 3109
f 3141 3137 3020
f 3144 3145 3142
f 3146 3147 3145
f 2623 3127 3148
f 2662 2709 3125
f 3085 3150 3149
f 2663 3125 3127
f 3150 3141 3140
f 3152 2235 2234
f 2511 3152 3151
f 2326 2325 3153
f 3153 3156 3155
f 3151 3158 3157
f 2234 2343 3158
f 2324 2323 3159
f 3162 3160 3159
f 3164 2545 2544
f 2527 3164 3163
f 2552 2551 3165
f 3166 3165 2538
f 3166 3167 2556
f 2537 2539 3167
f 3168 3169 3167
f 3171 2564 2566
f 3057 3170 3172
f 3170 2566 2580
f 3059 3172 3173
f 3172 2580 2583
f 3060 3173 3174
f 3173 2583 2584
f 3174 2584 3067
f 3065 3063 3174
f 2586 2597 2588
f 3152 2511 2510
f 2235 3152 3176
f 3080 3176 3177
f 2510 2515 3177
f 3178 3089 3082
f 2523 3178 3177
f 3179 3090 3089
f 2525 3179 3178
f 3155 3156 3180
f 2565 2564 3171
f 2236 2255 2247
f 2247 2246 2250
f 2340 2338 2367
f 2338 2337 2363
f 2363 2337 2342
f 2389 3183 2340
f 2313 2252 2251
f 3140 2560 2559
f 2587 3084 2570
f 2569 2572 2588
f 3184 3185 2471
f 3187 3067 2582
f 3186 2582 2578
f 3191 3192 3189
f 3194 990 989
f 3193 3189 3192
f 3190 3196 3195
f 995 899 3105
f 3197 3105 3104
f 3198 3104 3103
f 3202 3203 3200
f 3204 3205 3187
f 1005 995 3197
f 3206 3197 3198
f 3207 3198 3199
f 3201 3200 3209
f 3211 3204 3186
f 3193 989 1005
f 3206 3207 3189
f 3214 3215 3212
f 3216 3217 3214
f 3218 3219 3217
f 3222 3223 3220
f 3226 3227 3224
f 3229 3226 3225
f 3232 3233 3230
f 3234 3235 3231
f 2959 3237 3236
f 2933 3236 3238
f 2895 3238 3239
f 3240 3241 2860
f 2861 3243 3242
f 2862 3242 3244
f 2785 3244 3245
f 2786 3245 3246
f 2992 3246 3247
f 2993 3247 3248
f 2995 3248 3249
f 2996 3249 3250
f 2957 2958 2932
f 2931 2932 2894
f 2891 2894 2893
f 2858 2857 2856
f 2866 2865 2864
f 2788 2789 2866
f 2789 2788 2787
f 2790 2787 2991
f 2349 2991 2990
f 2990 2994 2356
f 2385 2356 2994
f 2999 2387 2385
f 3175 3067 3187
f 3203 3202 3100
f 3251 3187 3205
f 2488 2492 2491
f 2489 2491 2529
f 2525 2524 2529
f 2525 2528 3163
f 3179 3163 2544
f 2547 3087 3090
f 2547 2557 3092
f 3019 3092 2557
f 3020 3019 2560
f 3084 3149 2559
f 2570 2559 2558
f 2554 2567 2558
f 2554 2546 2545
f 2551 2545 3164
f 2538 3165 3164
f 2538 2527 2526
f 2536 2526 2490
f 2493 2504 2507
f 2310 2309 3253
f 3257 3258 3255
f 3261 3262 3259
f 3262 3264 3263
f 3261 3258 3265
f 3258 3261 3260
f 3269 3270 3267
f 2381 2383 3270
f 2388 2387 3271
f 3275 3276 3273
f 3277 3278 3272
f 2406 2405 3274
f 2398 2397 3279
f 3283 3268 3281
f 3284 3269 3268
f 3286 3284 3283
f 3289 3290 3287
f 3268 3267 3291
f 3292 3293 3278
f 3294 3295 3276
f 3298 3299 3296
f 3302 3303 3300
f 3306 3307 3304
f 3310 3311 3308
f 3312 3313 3311
f 3287 3316 3314
f 3290 3317 3316
f 2382 2381 3269
f 2311 2382 3284
f 3320 3321 3318
f 3318 3321 3322
f 3319 3318 3324
f 3326 3324 3318
f 3329 3330 3327
f 3333 3334 3331
f 3337 3338 3335
f 3339 3340 3334
f 3343 3344 3341
f 3335 3344 3343
f 3351 3352 3349
f 3351 3350 3266
f 3360 3328 3327
f 3362 3330 3329
f 3365 3366 3363
f 3370 3363 3366
f 3373 3374 3371
f 3377 3378 3375
f 3379 3380 3377
f 3261 3266 3350
f 3266 3265 3381
f 3383 3265 3258
f 3350 3349 3264
f 3386 3387 3384
f 3322 3389 3388
f 3385 3384 3390
f 3394 3395 3392
f 3396 3397 3395
f 3400 3401 3398
f 3402 3403 3400
f 3391 3390 3313
f 3404 3315 3322
f 3315 3314 3389
f 3323 3388 3405
f 3411 3412 3401
f 3413 3411 3400
f 3416 3417 3414
f 3415 3414 3418
f 3424 3425 3422
f 3428 3429 3426
f 3379 3376 3430
f 3429 3428 3432
f 3432 3428 3434
f 3438 3439 3436
f 3442 3443 3440
f 3446 3447 3444
f 3449 3447 3446
f 2309 2311 3286
f 3288 3287 3315
f 3450 3451 3307
f 3399 3398 3452
f 3455 3453 3301
f 3458 3459 3456
f 3301 3300 3460
f 3457 3456 3461
f 3464 3419 3458
f 3419 3418 3459
f 3463 3458 3457
f 3457 3462 3466
f 3467 3468 3298
f 3453 3455 3402
f 3453 3452 3302
f 3393 3392 3451
f 3470 3471 3469
f 3376 3375 3470
f 3472 3473 3439
f 3428 3427 3475
f 3297 3296 3280
f 3340 3344 3335
f 3334 3335 3338
f 3477 3339 3333
f 3476 3333 3332
f 3482 3483 3480
f 3369 3328 3360
f 3330 3477 3476
f 3327 3476 3478
f 3341 3344 3340
f 3419 3464 3487
f 3490 3373 3488
f 3490 3491 3374
f 3415 3487 3492
f 3495 3496 3493
f 3472 3438 3434
f 3435 3434 3438
f 3441 3445 3444
f 3441 3440 3497
f 3498 3497 3499
f 3500 3499 3501
f 3502 3501 3503
f 3507 3508 3505
f 3509 3510 2465
f 3423 3422 3488
f 3373 3372 3511
f 3506 3505 3510
f 2999 2998 3512
f 3513 3512 3514
f 3516 3517 3515
f 3520 3521 3518
f 3522 3523 3520
f 3523 3522 3524
f 3527 3525 3524
f 3528 3529 3527
f 3417 3413 3403
f 3414 3403 3402
f 3418 3402 3455
f 3459 3455 3454
f 3454 3460 3461
f 3533 3468 3467
f 3007 2388 3272
f 3534 3272 3278
f 3535 3278 3293
f 3538 3308 3311
f 3537 3311 3313
f 3539 3313 3390
f 3540 3390 3384
f 3541 3384 3387
f 3545 3546 3380
f 3548 3546 3545
f 3550 3547 3545
f 3549 3545 3379
f 3551 3552 3473
f 3551 3472 3475
f 3469 3554 3431
f 2998 3250 3555
f 3512 3555 3556
f 3514 3556 3557
f 3518 3559 3558
f 3519 3558 3560
f 3522 3560 3561
f 3524 3561 3562
f 3526 3562 3563
f 2387 2999 3513
f 3271 3513 3515
f 3517 3292 3277
f 3310 3309 3521
f 3523 3312 3310
f 3312 3523 3525
f 3391 3525 3527
f 3529 3386 3385
f 3265 3383 3567
f 3282 3281 3290
f 3281 3291 3317
f 3536 3293 3308
f 3309 3308 3293
f 3309 3292 3517
f 3521 3517 3516
f 3516 3557 3559
f 3305 3304 3295
f 3303 3299 3298
f 3298 3468 3460
f 3460 3468 3533
f 3462 3461 3533
f 3462 3494 3493
f 3504 3503 3508
f 3285 3283 3282
f 3568 3282 3289
f 3570 3404 3321
f 3571 3288 3404
f 3569 3289 3288
f 2286 3573 3572
f 3574 3573 2286
f 3575 3574 2285
f 3576 3575 2268
f 3577 3576 2267
f 3578 3577 2642
f 2701 3579 3578
f 3580 3579 2701
f 3581 3582 2697
f 3583 3584 2718
f 3585 3583 2717
f 3586 3585 2735
f 3589 3590 3587
f 3591 3592 3320
f 2268 2285 2284
f 3594 3592 3591
f 3595 3596 3592
f 3570 3320 3592
f 3597 3598 3596
f 3571 3570 3596
f 2773 2760 3585
f 3585 2760 2737
f 3583 2737 2736
f 2725 2724 3582
f 3579 3580 2723
f 2659 3578 3579
f 3578 2659 2658
f 3577 2658 2270
f 3576 2270 2269
f 2269 2283 3574
f 3573 3574 2283
f 2299 3572 3573
f 3598 3599 3569
f 3600 3568 3569
f 3602 3600 3599
f 3601 3599 3598
f 3285 3568 3600
f 3604 3603 3600
f 3427 3426 3553
f 3550 3549 3431
f 2599 2611 3028
f 2531 3606 3605
f 3607 3606 2531
f 2509 3609 3608
f 3610 2520 2508
f 3613 3614 3611
f 3617 3618 3615
f 2565 3619 3607
f 3168 2539 2520
f 3616 3615 3620
f 3622 3623 3215
f 3624 3622 3214
f 3625 3624 3217
f 3626 3627 3223
f 3628 3629 3227
f 3628 3226 3229
f 3619 2565 3182
f 3634 3635 3632
f 3127 3126 3636
f 3629 3632 3635
f 3626 3635 3637
f 3639 2625 2624
f 3148 3636 3628
f 3055 3054 3062
f 3640 3062 3106
f 2624 3148 3630
f 3638 3232 3231
f 3040 3614 3613
f 3065 3175 3251
f 3642 3251 3252
f 3623 3622 3644
f 3648 3620 3646
f 3649 3621 3620
f 3645 3644 3650
f 3653 3648 3647
f 3654 3649 3648
f 3656 3634 3633
f 3651 3650 3657
f 3660 3653 3652
f 3661 3654 3653
f 3635 3634 3662
f 3634 3656 3663
f 3665 3656 3655
f 3658 3657 3666
f 3669 3660 3659
f 3670 3661 3660
f 3656 3665 3671
f 3673 3665 3664
f 3066 3065 3642
f 3674 3642 3643
f 2984 3066 3674
f 3676 3674 3675
f 3117 3116 3678
f 3118 3121 3680
f 3682 3680 3121
f 2980 2710 2709
f 3665 3673 3683
f 2981 3685 3684
f 3686 3687 2711
f 3688 2985 2984
f 2710 2980 3684
f 3690 3673 3672
f 3683 3673 3690
f 3688 3676 3677
f 3695 3696 3693
f 3697 3698 3694
f 3694 3700 3699
f 3698 3701 3700
f 2751 2750 3702
f 3706 3707 3704
f 3704 3709 3708
f 3711 3706 3705
f 3708 3712 3710
f 3686 3684 3696
f 3695 3699 3687
f 3690 3689 3707
f 3691 3690 3706
f 3714 3711 3710
f 3715 3691 3711
f 3691 3715 3716
f 3717 3671 3683
f 3718 3663 3671
f 3719 3662 3663
f 3720 3637 3662
f 3625 3627 3637
f 3713 3710 3712
f 3667 3668 3659
f 3658 3659 3652
f 3651 3652 3647
f 3645 3647 3646
f 3712 3708 2225
f 2225 3708 3709
f 3703 3702 3701
f 2694 2669 3722
f 3722 2669 2651
f 3724 2651 2650
f 2639 2638 3726
f 3728 3729 2637
f 2604 3730 3728
f 3730 2604 2603
f 3731 2603 2277
f 3343 3264 3349
f 3336 3349 3352
f 3723 3722 3733
f 3735 3733 3722
f 3736 3735 3724
f 3737 3738 3727
f 3113 3739 3729
f 3730 2594 3113
f 2594 3730 3731
f 2591 3731 3732
f 3264 3343 3342
f 3685 3740 3696
f 3741 3742 3697
f 3745 3746 3743
f 3746 3748 3747
f 3698 3697 3744
f 3743 2751 3703
f 2751 3743 3747
f 3721 3712 2224
f 1550 2221 2220
f 1551 2220 2772
f 1554 1553 2753
f 2752 3747 1555
f 3747 3748 1556
f 3682 3123 918
f 890 919 3122
f 3697 3742 3745
f 3422 3750 3489
f 3422 3425 3751
f 3753 3448 3446
f 3752 3446 3445
f 3756 3753 3752
f 3754 3498 3500
f 3498 3754 3445
f 3758 3759 3147
f 3760 3761 3759
f 3762 3763 3761
f 3254 3253 3603
f 3286 3285 3603
f 3750 3751 3764
f 3765 3764 2413
f 3768 3769 3766
f 3771 3750 3765
f 3770 3765 2412
f 3773 2416 2415
f 2294 2293 3774
f 3775 3774 3594
f 2298 2310 3254
f 3777 3595 3594
f 3778 3597 3595
f 3779 3601 3597
f 3781 3604 3602
f 3780 3602 3601
f 3776 3254 3604
f 2293 2292 3777
f 2292 2301 3778
f 2301 2300 3779
f 3572 2299 3781
f 2300 3572 3780
f 2299 2298 3776
f 3784 3785 3782
f 3787 3784 3783
f 3789 3787 3786
f 3792 3793 3790
f 3795 3785 3784
f 3794 3784 3787
f 3799 3800 3797
f 3801 3802 3791
f 3185 3184 1611
f 1613 2916 2915
f 1615 2951 2950
f 1617 2968 2979
f 1619 2914 2913
f 1616 2950 2968
f 1622 3800 3799
f 3803 3800 1622
f 3792 3789 3788
f 3802 3805 3804
f 3800 3803 3806
f 3796 3787 3789
f 3808 3792 3791
f 2341 2340 3183
f 3812 3809 3810
f 3813 2319 2318
f 2341 3809 3812
f 2339 2341 3814
f 1550 1637 3815
f 3817 2460 2459
f 3820 3821 3818
f 3823 3818 3821
f 3825 3112 3111
f 3828 3829 3826
f 3822 3831 3830
f 3825 3739 3113
f 3738 3737 3829
f 3822 3735 3736
f 3821 3733 3735
f 3734 3733 3821
f 3772 3833 3832
f 3836 3837 3834
f 3840 3841 3838
f 3839 3838 3762
f 3842 3843 3836
f 3846 3847 3844
f 3835 3834 3848
f 3851 3840 3839
f 3850 3839 3760
f 3852 3842 3835
f 3845 3844 3842
f 3854 3846 3845
f 3856 3849 3848
f 3858 3851 3850
f 3857 3850 3758
f 3859 3852 3849
f 3853 3845 3852
f 3853 3861 3860
f 3855 3863 3862
f 3864 3865 3858
f 3146 3144 3864
f 3856 3862 3866
f 3859 3866 3861
f 3868 3860 3861
f 3870 3862 3863
f 3872 3865 3864
f 3871 3864 3144
f 3873 3866 3862
f 3867 3861 3866
f 3876 3877 3874
f 3773 3832 3877
f 3844 3878 3843
f 3847 3879 3878
f 3847 3846 3880
f 3882 3362 3881
f 3846 3854 3883
f 3884 3882 3880
f 3854 3860 3885
f 3883 3885 3485
f 2454 2453 3886
f 3887 3886 3496
f 3330 3362 3882
f 3477 3882 3884
f 3884 3485 3340
f 3875 3874 3888
f 3890 3881 3362
f 3889 3888 3482
f 3879 3847 3881
f 3860 3868 3891
f 3341 3485 3885
f 3868 3893 3892
f 3342 3341 3891
f 3263 3342 3892
f 3893 3895 3894
f 3895 3897 3896
f 3259 3263 3894
f 3897 3899 3898
f 3260 3259 3896
f 3899 3901 3900
f 3255 3260 3898
f 3903 3867 3873
f 3902 3873 3870
f 3904 3870 3869
f 3907 3872 3871
f 3906 3871 3143
f 3768 3143 3142
f 2365 2364 2251
f 2314 2251 2364
f 2315 2314 2342
f 2315 2317 2320
f 2326 2323 2322
f 2323 2326 3154
f 3161 3159 3154
f 3161 3155 3181
f 2452 3909 2329
f 2452 2328 2332
f 2334 2447 2446
f 2336 2426 2447
f 2336 2418 2427
f 2430 2421 2420
f 2424 2443 2442
f 258 2443 2424
f 3768 3767 3910
f 3910 3911 3907
f 3905 3913 3912
f 3904 3912 3914
f 3915 3916 2244
f 3917 3918 3916
f 3921 3922 3919
f 2226 3923 3922
f 3901 3925 3924
f 3256 3255 3900
f 2712 3926 2732
f 2258 2257 3927
f 3927 3930 3929
f 2278 2258 3928
f 3932 3931 3928
f 2229 3933 3923
f 3902 3914 3934
f 3935 3915 2242
f 3936 3917 3915
f 3921 3920 3937
f 2227 2226 3921
f 3939 3935 2241
f 3940 3936 3935
f 3942 3938 3937
f 2595 2227 3938
f 3943 3939 2575
f 3944 3940 3939
f 3946 3942 3941
f 2596 2595 3942
f 3948 3944 3943
f 3946 3945 3949
f 3111 2596 3946
f 3949 3952 3951
f 3824 3111 3950
f 3953 3954 3948
f 3957 3958 3955
f 3959 3960 3958
f 3962 3960 3959
f 3823 3830 3962
f 3964 3957 3956
f 3965 3959 3957
f 3961 3959 3965
f 3818 3823 3961
f 3968 3964 3963
f 3969 3965 3964
f 3965 3969 3970
f 3819 3818 3966
f 3893 3868 3867
f 3135 3134 3139
f 3955 3133 3132
f 3963 3956 3132
f 3131 3130 3967
f 3971 3972 3129
f 2969 2972 2954
f 2952 2954 2921
f 2917 2921 2924
f 2867 2874 2873
f 2878 2877 2880
f 3011 3974 3973
f 3008 3973 3975
f 3975 3532 3467
f 3180 2330 2329
f 2329 3909 3908
f 2452 2451 3977
f 3978 3908 3909
f 3908 3978 3162
f 3979 3980 3972
f 3981 3982 3980
f 3984 3982 3981
f 3985 3986 3984
f 3987 3988 3986
f 3990 3988 3987
f 3991 3992 3990
f 3993 3994 3992
f 3996 3994 3993
f 3998 3996 3995
f 4001 4002 3999
f 4003 4004 4001
f 4007 4008 4005
f 4011 4012 4009
f 4010 4009 4007
f 4014 4012 4011
f 4016 4014 4013
f 4019 4020 4017
f 4023 4024 4021
f 4026 4020 4019
f 4029 4030 4027
f 4033 4034 4031
f 4035 4036 4033
f 4037 4038 4036
f 4040 4024 4023
f 4022 4021 4026
f 4041 4042 4004
f 4045 4046 4043
f 4005 4008 4046
f 4049 4050 4047
f 4044 4043 4050
f 4047 4042 4041
f 2390 4052 4051
f 3183 2389 4051
f 3808 3807 3789
f 4054 4055 2927
f 4056 4054 2886
f 4057 4056 2845
f 4058 4059 2815
f 3763 4052 2390
f 3761 2390 2370
f 3759 2370 2368
f 3147 2368 2366
f 3145 2366 2365
f 3142 2365 2254
f 2254 2253 3766
f 2245 2249 2248
f 2243 2248 2256
f 2240 2256 3081
f 2576 3081 3107
f 2573 3107 3136
f 3136 3137 3139
f 3141 3110 3139
f 3150 3086 3110
f 3085 3083 3086
f 3083 3085 2590
f 2590 2589 2601
f 2589 2598 2607
f 3228 3233 3232
f 3229 3232 3638
f 4060 4061 2456
f 3809 3183 4053
f 3361 3329 3483
f 3361 3482 3888
f 3874 3879 3890
f 3879 3874 3877
f 3878 3877 3832
f 3843 3832 3833
f 3836 3833 4062
f 3841 4064 4063
f 3838 4063 4065
f 3762 4065 4066
f 4066 4067 4052
f 4067 4068 4051
f 4051 4068 4069
f 3810 4053 4069
f 4070 4073 4071
f 4071 4073 4074
f 4074 4077 4076
f 4080 4081 4078
f 4084 4085 4082
f 1908 4083 4082
f 4070 4072 3811
f 3366 3480 3483
f 4086 3480 3366
f 3369 3483 3329
f 3770 2416 3773
f 3771 3770 3876
f 3771 3875 3889
f 4087 3889 3481
f 3481 3480 4086
f 3750 3771 4087
f 4089 1913 1611
f 4089 3184 2470
f 2468 4061 4090
f 2468 2466 2456
f 2466 2465 2453
f 2453 2465 3510
f 3886 3510 3505
f 3496 3505 3508
f 3493 3508 3503
f 3466 3503 3501
f 3499 3463 3465
f 3497 3464 3463
f 3464 3497 3440
f 3487 3440 3443
f 4092 3439 3473
f 4091 3473 3552
f 4094 4095 3471
f 4094 3470 3375
f 3374 3587 3590
f 3587 3374 3491
f 3365 3588 3491
f 4086 3491 3490
f 4088 3490 3489
f 3588 3365 3364
f 4100 2555 2556
f 2585 2571 2555
f 4099 2556 3167
f 4103 4104 4101
f 4102 4101 4105
f 4105 3235 3234
f 3631 3182 4104
f 3056 3171 3170
f 3279 4107 3467
f 2397 2460 4107
f 2407 3817 3001
f 2457 2408 3001
f 2956 2970 2953
f 2925 2953 2920
f 2883 2920 2919
f 2838 2870 2869
f 2841 2840 2882
f 2410 3010 3009
f 2460 3817 4108
f 3817 2407 3009
f 3467 4107 4108
f 3976 4108 3009
f 3204 3211 3209
f 3205 3204 3200
f 3252 3205 3203
f 3643 3252 3099
f 3675 3643 3102
f 3677 3675 3115
f 3117 3679 3692
f 3741 3693 3696
f 3681 3678 3116
f 3118 3116 3114
f 3119 3114 3101
f 3093 3101 3100
f 3094 3100 3202
f 3103 3202 3201
f 3199 3201 3210
f 3612 3611 3618
f 3212 3035 2666
f 3213 2666 2647
f 3216 2647 2646
f 3220 2628 2627
f 3225 3224 2629
f 3225 2608 2607
f 2607 2598 3233
f 2598 2597 3230
f 3234 3230 2597
f 4106 3234 2586
f 4106 2585 4100
f 4102 4100 4099
f 4103 4099 3169
f 3619 3631 3169
f 3607 3619 3168
f 3606 3607 3610
f 3609 3605 3606
f 3667 3666 4109
f 4112 3669 3668
f 4113 3670 3669
f 4111 3668 3667
f 4112 4111 4114
f 4113 4112 4115
f 4118 4116 4115
f 4117 4115 4114
f 4122 4123 4120
f 4124 4125 4123
f 4127 4120 4123
f 4129 4127 4126
f 4128 4126 4130
f 3749 2224 2222
f 3190 3189 3207
f 3190 3208 3210
f 3188 2578 2577
f 3188 4133 4134
f 4134 3195 3196
f 4135 3196 3210
f 3211 4134 4135
f 3816 3325 3324
f 3381 3567 3566
f 3353 3381 3382
f 3345 3351 3353
f 3345 3346 3352
f 3337 3352 3346
f 3337 3347 3348
f 3331 3338 3348
f 3332 3331 3356
f 3478 3332 3355
f 3478 3479 3357
f 3358 3360 3359
f 3360 3358 3484
f 3364 3363 3368
f 3589 3364 3367
f 3590 3589 4097
f 3371 3378 3377
f 3372 3377 3380
f 3546 3423 3511
f 3546 3548 3424
f 3449 3433 3432
f 3447 3432 3435
f 3444 3435 3437
f 3442 3437 3436
f 3443 3436 3474
f 3416 3492 3474
f 3421 3420 3417
f 3413 3417 3420
f 3409 3410 3411
f 3412 3411 3410
f 3528 3563 3564
f 3530 3531 3529
f 3531 3565 3386
f 3387 3386 3565
f 3542 3387 3544
f 3326 3405 3407
f 3324 3326 3406
f 4098 3378 3371
f 4098 4096 3375
f 4092 3474 3436
f 4132 2222 2221
f 1963 4137 4136
f 1966 4138 4137
f 4141 4142 4139
f 4142 4141 4143
f 4144 4143 4145
f 4136 4137 4128
f 4137 4138 4129
f 4147 4148 4146
f 4148 4147 1977
f 4122 4117 4119
f 4121 4118 4117
f 4150 4140 4139
f 4150 4149 4151
f 4109 4152 4151
f 4126 4123 4125
f 4111 4110 4151
f 4151 4149 4119
f 4139 4124 4119
f 4124 4139 4142
f 4130 4125 4142
f 4131 4130 4144
f 4131 4146 4148
f 1964 4136 4148
f 3363 3370 3484
f 4153 3566 3567
f 4154 3567 3383
f 4155 3383 3257
f 4156 3257 3256
f 4157 3256 3924
f 3925 4159 4158
f 2291 3930 3927
f 2276 3927 2257
f 2273 2257 2260
f 2274 2260 2610
f 2621 2610 2609
f 2622 2609 2657
f 2657 2656 2680
f 2682 2681 2655
f 2693 2692 2668
f 2712 2693 2667
f 3926 2712 2687
f 3999 4002 3998
f 2474 4160 1990
f 2477 4161 4160
f 2436 4163 4162
f 2440 4166 4164
f 2439 4167 4166
f 2449 4168 4167
f 2375 4169 4168
f 2371 4170 4169
f 2374 4171 4170
f 2378 4172 4171
f 3075 3157 4172
f 2378 2377 3074
f 3729 4174 4173
f 3739 4175 4174
f 4175 3739 3825
f 4176 3825 3824
f 3025 3024 3047
f 3028 3021 3024
f 2611 2614 3021
f 2611 2612 2615
f 2629 2627 2615
f 3224 3221 2627
f 3227 3222 3221
f 3629 3626 3222
f 1619 1614 2915
f 2915 2875 2872
f 2875 2878 2873
f 2873 2878 2879
f 2882 2869 2868
f 2840 2839 2869
f 2840 2816 2813
f 2814 2813 2816
f 4178 4058 2814
f 2944 4180 4179
f 2905 4181 4180
f 2908 4182 4181
f 2909 2912 4183
f 4186 3243 2861
f 2864 4187 4185
f 2865 4188 4187
f 2865 2833 4189
f 4189 2833 2832
f 4192 2835 2799
f 2784 4193 4191
f 4193 2784 2783
f 2744 4195 4194
f 2747 4196 4195
f 2720 4197 4196
f 2723 4198 4197
f 3580 4199 4198
f 4199 3580 2700
f 2700 2703 4201
f 2675 4202 4201
f 2678 4203 4202
f 4203 2678 2680
f 2680 2656 4205
f 4205 2656 2634
f 2637 4173 4206
f 2633 2616 2628
f 2646 2628 3220
f 3220 3223 3219
f 3627 3625 3219
f 3628 3636 3632
f 3632 3636 3126
f 3633 3126 3124
f 3655 3124 2708
f 3664 2708 2711
f 3672 2711 3687
f 3689 3687 3699
f 3707 3699 3700
f 3700 3701 3709
f 3709 3701 3702
f 3702 2750 2755
f 2755 2750 2753
f 2772 2753 1553
f 1615 1620 2913
f 2913 2871 2923
f 2871 2874 2924
f 2924 2874 2867
f 2870 2919 2918
f 2919 2870 2838
f 2838 2812 2843
f 2844 2843 2812
f 4059 4057 2844
f 2967 2946 2942
f 2965 2942 2901
f 2901 2904 2941
f 2897 2900 2937
f 3239 3240 2859
f 2896 2859 2858
f 2893 2858 2855
f 2855 2828 2851
f 2851 2828 2827
f 2849 2824 2797
f 2823 2797 2779
f 2793 2779 2778
f 2794 2778 2740
f 2740 2743 2765
f 2765 2743 2726
f 2739 2726 2725
f 2736 2725 3581
f 3584 3581 2696
f 2696 2699 2719
f 2719 2699 2673
f 2691 2673 2672
f 2688 2672 2682
f 2692 2682 2654
f 2668 2654 2640
f 2653 2640 2639
f 2650 2639 3727
f 3738 3736 3725
f 3736 3738 3828
f 3831 3828 3827
f 3830 3827 4207
f 4207 4208 3960
f 3960 4208 4209
f 3958 4209 4210
f 3955 4210 4211
f 4211 3046 3049
f 3023 3032 3049
f 3032 3023 3022
f 3029 3022 2613
f 2613 2616 2633
f 3053 4213 4212
f 3129 4214 4213
f 3972 4215 4214
f 3980 4216 4215
f 3982 4217 4216
f 4217 3982 3984
f 3986 4219 4218
f 3988 4220 4219
f 4220 3988 3990
f 3992 4222 4221
f 3994 4223 4222
f 4223 3994 3996
f 4224 3996 3998
f 4002 4226 4225
f 4226 4002 4001
f 4004 4228 4227
f 4042 4229 4228
f 4229 4042 4047
f 4050 4231 4230
f 4043 4232 4231
f 4046 4233 4232
f 4008 4234 4233
f 4234 4008 4007
f 4009 4236 4235
f 4012 4237 4236
f 4237 4012 4014
f 4014 4016 4239
f 4020 4241 4240
f 4241 4020 4026
f 4021 4243 4242
f 4024 4244 4243
f 4024 4040 4245
f 4247 4030 4029
f 4249 4034 4033
f 4036 4250 4248
f 4038 4251 4250
f 4147 4252 2083
f 4252 4147 4145
f 4145 4143 4254
f 4141 4255 4254
f 4255 4141 4140
f 4256 4140 4150
f 4257 4150 4152
f 4258 4152 4109
f 4109 3666 4260
f 3666 3657 4261
f 3657 3650 4262
f 3650 3644 4263
f 3644 3622 3624
f 3615 4264 3646
f 3618 4265 4264
f 3618 3611 4266
f 3614 4267 4266
f 4267 3614 3040
f 3043 4269 4268
f 3045 4212 4269
f 3624 3625 3720
f 4263 3720 3719
f 4262 3719 3718
f 4261 3718 3717
f 4260 3717 3716
f 3715 4258 4259
f 4258 3715 3714
f 4257 3714 3713
f 4256 3713 3721
f 4255 3721 3749
f 4254 3749 4132
f 4253 4132 3815
f 3815 1637 2083
f 2102 1618 2979
f 2979 2971 4271
f 2971 2972 4272
f 4272 2972 2969
f 2970 4274 4273
f 4274 2970 2956
f 2956 2926 4276
f 4277 4276 2926
f 4055 4278 4277
f 4251 2983 2982
f 4250 2982 2973
f 2973 2974 4249
f 2975 2976 4247
f 4245 3237 2959
f 4244 2959 2958
f 4243 2958 2957
f 2957 2930 4241
f 4241 2930 2929
f 4239 2928 2887
f 2887 2847 4237
f 4237 2847 2846
f 4236 2846 2791
f 2791 2792 4234
f 4234 2792 2774
f 4233 2774 2773
f 4232 2773 3586
f 4231 3586 2759
f 2759 2758 4229
f 4229 2758 2733
f 4228 2733 2732
f 2732 3926 4226
f 4226 3926 2715
f 4225 2715 2695
f 4224 2695 2694
f 4223 2694 3723
f 4222 3723 3734
f 4221 3734 3820
f 4220 3820 3819
f 4219 3819 3970
f 3970 3969 4217
f 4217 3969 3968
f 4216 3968 3967
f 3967 3130 4214
f 3051 4213 4214
f 4213 3051 3039
f 4212 3039 3038
f 4269 3038 3037
f 3037 3036 4267
f 4267 3036 3035
f 4266 3035 3212
f 3212 3215 4264
f 3623 3646 4264
f 4034 4029 4028
f 4029 4034 4249
f 2974 2975 4246
f 2975 2974 2962
f 2938 2935 2961
f 2941 2936 2935
f 2904 2897 2936
f 2904 2903 2898
f 4184 4182 2908
f 2909 2908 2907
f 2801 2806 2910
f 2804 2807 2806
f 2804 2391 2353
f 2394 2354 2353
f 2394 2399 2402
f 2395 2403 2402
f 2398 2405 2403
f 2405 2398 3280
f 3296 3275 3274
f 3299 3294 3275
f 3294 3299 3303
f 3305 3303 3302
f 3452 3450 3306
f 3398 3393 3450
f 3401 3394 3393
f 3412 3396 3394
f 3396 3412 3486
f 3405 3542 3543
f 3388 3541 3542
f 3389 3540 3541
f 3314 3539 3540
f 3316 3537 3539
f 3317 3538 3537
f 3291 3536 3538
f 3267 3535 3536
f 3270 3534 3535
f 2383 3007 3534
f 2384 3006 3007
f 2358 3005 3006
f 2344 3003 3005
f 2347 3004 3003
f 2770 2767 3004
f 2771 2768 2767
f 2834 2831 2768
f 2835 2832 2831
f 2832 2835 4192
f 2827 2826 2825
f 2827 2824 2849
f 2850 2853 2852
f 2888 2889 2853
f 2928 2929 2889
f 2929 2928 4239
f 4239 4016 4017
f 4017 4016 4015
f 3562 3395 3397
f 3561 3392 3395
f 3560 3451 3392
f 3558 3307 3451
f 3559 3304 3307
f 3557 3295 3304
f 3556 3276 3295
f 3555 3273 3276
f 3250 2406 3273
f 3249 2404 2406
f 3248 2401 2404
f 3247 2355 2401
f 3246 2352 2355
f 3245 2808 2352
f 3244 2805 2808
f 3242 2911 2805
f 3243 2912 2911
f 2912 3243 4186
f 2900 2899 3241
f 2900 3240 3239
f 3238 2934 2937
f 3236 2960 2934
f 3237 2976 2960
f 2976 3237 4245
f 4245 4040 4030
f 4030 4040 4039
f 3564 3563 3397
f 3397 3396 4279
f 3494 3533 3532
f 3887 3495 3532
f 3973 3974 2455
f 3887 3975 3973
f 4281 4282 2409
f 4282 4283 2410
f 4283 4284 3010
f 4284 4285 3011
f 4285 4286 3974
f 4286 4060 2455
f 4288 4283 4282
f 4283 4288 4289
f 4290 4285 4284
f 4291 4286 4285
f 4292 4060 4286
f 4295 4296 4293
f 4296 4295 4297
f 4299 4300 4298
f 4301 4302 4300
f 4294 4304 4303
f 4295 4303 4305
f 4297 4305 4306
f 4299 4306 4307
f 4292 4291 4308
f 2143 4309 4308
f 4310 4311 2145
f 4301 4307 4311
f 2148 2150 4312
f 4302 4301 4310
f 4296 4288 4287
f 4288 4296 4298
f 4300 4290 4289
f 4302 4291 4290
f 4291 4302 4312
f 4308 4312 2150
f 4313 4287 4282
f 4314 4293 4287
f 4315 4294 4293
f 4316 4317 2458
f 4316 2457 3000
f 4317 4313 4281
f 4318 4304 4294
f 4319 4320 4317
f 4319 4316 3002
f 4320 4314 4313
f 4321 4322 4320
f 4321 4319 2811
f 4322 4315 4314
f 4323 4324 4322
f 4323 4321 2810
f 4324 4318 4315
f 2966 4059 4058
f 2978 4057 4059
f 2983 4056 4057
f 4037 4278 4055
f 4038 4055 4054
f 4251 4054 4056
f 4178 4325 2947
f 2948 4327 4326
f 4179 4328 4327
f 2967 4058 4178
f 4089 4309 2143
f 4089 4090 4292
f 4061 4060 4292
f 2837 2949 4326
f 4330 4304 4318
f 4323 4326 4331
f 4330 4332 4303
f 4333 2173 2145
f 4334 4333 4311
f 4335 4334 4307
f 4303 4332 4336
f 4336 4335 4306
f 4331 4329 4318
f 2178 2173 4333
f 4334 4338 4337
f 4335 4339 4338
f 4336 4340 4339
f 4332 4341 4340
f 4341 4332 4330
f 4342 4330 4329
f 4331 4344 4343
f 2186 2178 4337
f 4338 4346 4345
f 4339 4347 4346
f 4340 4348 4347
f 4341 4349 4348
f 4349 4341 4342
f 4350 4342 4343
f 4344 4352 4351
f 4326 4327 4344
f 4325 4178 2819
f 4327 4328 4352
f 3755 3752 3754
f 3757 3500 3502
f 4354 3755 3757
f 3756 3755 4354
f 3785 4354 4353
f 3795 4355 4354
f 3504 3782 4353
f 3782 3504 3507
f 3783 3507 3506
f 3509 3788 3786
f 2464 3793 3788
f 3070 4356 3073
f 3016 3073 3072
f 2435 3072 4165
f 4165 4164 4163
f 2429 4358 4357
f 2430 4357 4359
f 4359 4360 2422
f 4361 4362 4081
f 3805 3802 3797
f 3797 3802 3801
f 4356 2518 2517
f 3072 2437 2440
f 4358 2428 2427
f 2427 2418 4359
f 4359 2418 2417
f 4076 4077 4362
f 2464 2467 3790
f 2467 2469 3801
f 3801 2469 2471
f 2471 3185 3799
f 3799 3185 1612
f 3947 3943 2574
f 3947 3135 3138
f 4364 3953 3138
f 3108 4363 3138
f 4366 4364 4363
f 3047 4365 4363
f 4210 4366 4365
f 4211 4365 3047
f 3829 4176 4177
f 3829 3737 4175
f 4175 3737 3726
f 3726 2638 4173
f 2638 2641 4206
f 2655 4205 4206
f 2681 4204 4205
f 2681 2671 4203
f 2674 4202 4203
f 2698 4201 4202
f 4201 2698 2697
f 3582 4199 4200
f 3582 2724 4198
f 2727 4197 4198
f 2742 4196 4197
f 4196 2742 2741
f 2777 4194 4195
f 2777 2780 4193
f 2780 2798 4191
f 2798 2825 4192
f 2825 2826 4190
f 2826 2829 4189
f 4189 2829 2856
f 2856 2857 4187
f 2860 4185 4187
f 2860 3241 4186
f 3241 2899 4183
f 4183 2899 2898
f 2898 2903 4182
f 4182 2903 2902
f 2943 4180 4181
f 2947 4179 4180
f 2947 4325 4328
f 4325 2818 4352
f 2818 2817 4351
f 4351 2817 2841
f 4350 2841 2881
f 4349 2881 2880
f 2880 2877 4347
f 4347 2877 2876
f 2876 2916 4345
f 4345 2916 1613
f 4366 4210 4209
f 4367 4209 4208
f 4368 4208 4207
f 4369 4207 3827
f 4062 4064 3841
f 3837 3841 3840
f 3834 3840 3851
f 3848 3851 3858
f 3858 3865 3863
f 3863 3865 3872
f 3869 3872 3907
f 3907 3911 3913
f 3920 3919 3918
f 3920 3917 3936
f 3937 3936 3940
f 3941 3940 3944
f 3945 3944 3948
f 3954 3952 3949
f 4370 4177 3824
f 3826 4177 4370
f 4371 4370 3951
f 4369 4370 4371
f 4372 4367 4368
f 4366 4367 4372
f 4371 3952 3954
f 4372 3954 3953
f 3931 3932 4373
f 2278 3931 4374
f 2277 2278 4375
f 3732 4375 4376
f 3012 4376 2229
f 3914 3923 3933
f 3912 3922 3923
f 3913 3919 3922
f 3911 3918 3919
f 3918 3911 3910
f 3767 2244 3916
f 2244 3767 3766
f 3766 2253 2249
f 2253 2252 2246
f 2246 2252 2313
f 2316 2239 2250
f 2321 2238 2239
f 2324 2343 2238
f 2343 2324 3160
f 3158 3160 3162
f 3978 4172 3157
f 4172 3978 3977
f 3977 2451 4170
f 2445 4169 4170
f 2448 4168 4169
f 2425 4167 4168
f 2425 2428 4166
f 4166 2428 4358
f 4164 4358 2429
f 2432 4162 4163
f 2444 4160 4161
f 4160 2444 257
f 3893 3903 3934
f 4377 3933 2229
f 4378 3897 3895
f 4377 4378 3934
f 1556 3748 3682
f 3682 3748 3746
f 3680 3746 3745
f 3745 3742 3678
f 3678 3742 3741
f 3679 3741 3740
f 3685 3688 3692
f 3688 3685 2981
f 2985 2981 2665
f 2704 2665 2664
f 2705 2664 2626
f 2756 2626 2625
f 3106 2625 3639
f 3795 2414 2413
f 3764 3756 4355
f 3751 3753 3756
f 3751 3425 3448
f 3448 3425 3424
f 3424 3548 3433
f 3433 3548 3547
f 3429 3547 3550
f 3426 3550 3554
f 3553 3554 3469
f 3469 3471 3552
f 3471 4095 4093
f 3816 4153 4154
f 3325 4154 4155
f 3319 4155 4156
f 3591 4156 4157
f 3593 4157 4158
f 4159 2294 3775
f 2291 2294 4159
f 3930 4159 3925
f 3929 3925 3901
f 3932 3901 3899
f 4374 4377 4376
f 4373 4378 4377
f 3897 4378 4373
f 3056 4104 3182
f 3055 4101 4104
f 3640 4105 4101
f 3641 3235 4105
f 3639 3231 3235
f 4379 1603 1602
f 3794 4380 2414
f 4381 4379 195
f 4380 4382 2411
f 4383 4381 194
f 4382 4384 2415
f 4385 4383 199
f 4384 4386 3772
f 1655 1884 4385
f 4062 3833 3772
f 4379 4387 1604
f 4388 4380 3794
f 4381 4389 4387
f 4390 4382 4380
f 4383 4391 4389
f 4392 4384 4382
f 4385 4393 4391
f 4394 4386 4384
f 1884 1886 4393
f 4064 4062 4386
f 4395 4396 1887
f 4397 4393 1886
f 4396 4397 1885
f 4398 4395 1888
f 1890 4399 4398
f 4067 4401 4400
f 4402 4403 4066
f 4394 4404 4063
f 4404 4402 4065
f 4403 4401 4067
f 4405 4406 4396
f 4407 4408 4403
f 4409 4391 4393
f 4406 4409 4397
f 4392 4410 4404
f 4410 4407 4402
f 4411 4412 4406
f 4413 4414 4408
f 4415 4389 4391
f 4412 4415 4409
f 4390 4416 4410
f 4416 4413 4407
f 4417 4418 4412
f 4419 4420 4414
f 4421 4387 4389
f 4418 4421 4415
f 4388 4422 4416
f 4422 4419 4413
f 1625 1629 4418
f 3808 3804 4420
f 1628 1604 4387
f 1629 1628 4421
f 3796 3807 4422
f 3807 3808 4419
f 4423 4405 4395
f 4408 4424 4401
f 4425 4411 4405
f 4414 4426 4424
f 4427 4417 4411
f 4420 4428 4426
f 4429 1625 4417
f 3804 4430 4428
f 4399 4431 4423
f 4401 4424 4432
f 4426 4433 4432
f 4434 4425 4423
f 4427 4436 4435
f 4438 4428 4430
f 4425 4434 4436
f 4433 4426 4428
f 4439 4440 2202
f 4441 4442 4081
f 4440 4443 1899
f 4444 4441 4362
f 4433 4438 4441
f 4438 4437 4442
f 4435 4436 4440
f 4436 4434 4443
f 4445 4444 4077
f 4443 4446 1896
f 4446 4447 1893
f 4448 4445 4074
f 4447 1891 1892
f 4069 4448 4073
f 4431 4399 4447
f 4400 4432 4445
f 4432 4433 4444
f 4434 4431 4446
f 4399 1890 1891
f 4068 4400 4448
f 4451 4452 4449
f 4454 4451 4450
f 4452 4456 4455
f 4458 4454 4453
f 3806 3803 4454
f 3803 1624 4451
f 1624 1623 4452
f 1623 1627 4456
f 4459 4456 1627
f 4458 4460 3805
f 1625 4429 4459
f 3805 4460 4430
f 4461 4437 4430
f 4435 4462 4459
f 4449 4455 4463
f 4450 4449 4464
f 4453 4450 4465
f 4457 4453 4466
f 4464 4463 1905
f 4465 4464 1904
f 4466 4465 1909
f 4467 4466 4082
f 4462 4468 4463
f 4469 4461 4457
f 4459 4462 4455
f 4461 4460 4458
f 4079 4078 4085
f 2420 2419 2473
f 2431 2420 2472
f 2442 2441 2432
f 2441 4161 4162
f 2433 4162 4161
f 2434 2433 2477
f 3015 2434 2476
f 3015 3014 3013
f 858 3068 3013
f 858 801 800
f 803 856 800
f 803 802 261
f 218 261 260
f 219 260 1992
f 1992 226 215
f 226 229 216
f 216 229 256
f 202 256 255
f 1900 1906 1905
f 1901 1905 4463
f 4085 4078 4469
f 4468 4439 1902
f 4442 4469 4078
f 4462 4435 4439
f 4437 4461 4469
f 108 4471 4470
f 4472 4473 100
f 4476 4477 4474
f 4474 4480 4478
f 4477 4481 4480
f 4484 4485 4482
f 4488 4489 4486
f 4489 4491 4490
f 4492 4493 4484
f 4496 4497 4494
f 4500 4501 4498
f 4497 4503 4502
f 4506 4507 4504
f 4510 4511 4508
f 4513 4501 4500
f 4514 4515 116
f 4517 4518 204
f 4521 4522 4519
f 4518 4517 4523
f 4522 4526 4525
f 4528 4521 4520
f 4530 4522 4521
f 4529 4521 4528
f 4516 204 203
f 4534 4535 4515
f 4534 4537 4536
f 4536 4537 4538
f 4539 4538 4540
f 4543 4541 4540
f 4546 4547 4544
f 4511 4546 4545
f 4508 4511 4548
f 4522 4530 4550
f 4552 4506 4505
f 4555 4556 4553
f 4557 4558 4543
f 4491 4471 4559
f 4546 4511 4510
f 4547 4546 4560
f 4562 4563 4500
f 4564 4512 4500
f 4565 4566 4505
f 4567 4551 4505
f 4553 4569 4568
f 4554 4568 4570
f 4573 255 206
f 209 4574 4572
f 4575 4555 4554
f 952 4577 4576
f 949 4576 4472
f 4580 4581 4578
f 4578 4581 4582
f 4586 4587 4584
f 4585 4584 4588
f 4592 4593 4590
f 4593 4595 4594
f 4598 4599 4596
f 4601 4598 4597
f 4577 952 976
f 4582 4604 4603
f 4595 4606 4605
f 4607 4608 4587
f 4599 4610 4609
f 4587 4612 4611
f 4613 4612 4587
f 4611 4614 4588
f 4615 4533 4515
f 4487 4486 4543
f 4486 4490 4541
f 4490 4559 4539
f 4559 112 4536
f 4471 108 112
f 112 114 4535
f 114 116 4515
f 4618 4619 4616
f 4620 4621 4524
f 4526 4623 4622
f 4624 4625 4534
f 4625 4626 4537
f 4626 4627 4538
f 4627 4628 4540
f 4628 4629 4542
f 4630 4631 4544
f 4629 4632 4557
f 4633 4630 4547
f 4634 4624 4533
f 4623 4526 4550
f 4481 4637 4636
f 4638 4639 4627
f 4640 4641 4625
f 4641 4638 4626
f 4637 4643 4642
f 4644 4645 4619
f 4646 4647 4632
f 4644 4618 4648
f 4628 4650 4646
f 4627 4639 4650
f 4651 4652 4621
f 4623 4654 4653
f 4655 4656 4631
f 4657 4655 4630
f 4658 4654 4623
f 4659 4640 4624
f 4654 4661 4660
f 4662 4663 4641
f 4663 4664 4638
f 4665 4666 4652
f 4667 4662 4640
f 4643 4669 4668
f 4670 4671 4645
f 4672 4673 4647
f 4670 4644 4649
f 4675 4676 4656
f 4677 4675 4655
f 4678 4661 4654
f 4669 4680 4679
f 4681 4682 4662
f 4683 4684 4673
f 4686 4670 4674
f 4687 4671 4670
f 4688 4689 4682
f 4691 4692 4683
f 4692 4693 4684
f 4695 4686 4685
f 4695 4696 4687
f 4680 4698 4697
f 4698 4700 4699
f 4701 4702 4696
f 4703 4704 4693
f 4703 4692 4691
f 4701 4695 4694
f 4708 4689 4688
f 4709 4710 4702
f 4709 4701 4706
f 4700 4713 4712
f 4714 4715 4704
f 4716 4714 4703
f 4718 4708 4707
f 4719 4720 4710
f 4721 4722 4715
f 4723 4721 4714
f 4725 4718 4717
f 4713 4727 4726
f 4719 4709 4711
f 4730 4725 4724
f 4731 4732 4721
f 4732 4733 4722
f 4735 4719 4728
f 4735 4736 4720
f 4727 4738 4737
f 4664 4739 4639
f 4739 4740 4650
f 4740 4672 4646
f 4690 4683 4672
f 4682 4741 4663
f 4741 4742 4664
f 4742 4743 4739
f 4743 4690 4740
f 4743 4744 4691
f 4744 4745 4705
f 4745 4746 4716
f 4746 4747 4723
f 4747 4748 4731
f 4747 4750 4749
f 4746 4751 4750
f 4745 4752 4751
f 4744 4753 4752
f 4753 4744 4743
f 4750 4755 4754
f 4751 4756 4755
f 4752 4757 4756
f 4753 4758 4757
f 4742 4741 4758
f 4682 4689 4758
f 4689 4708 4757
f 4708 4718 4756
f 4718 4725 4755
f 4725 4730 4754
f 1894 4760 4759
f 4762 1898 1897
f 4764 1908 1907
f 1907 1906 4765
f 1900 1903 4766
f 4605 4604 4582
f 4594 4582 4581
f 4581 4580 4591
f 1897 1895 4759
f 4768 4760 1894
f 4769 4768 1633
f 4770 1634 100
f 1635 4771 4769
f 1634 4770 4771
f 4773 4770 4473
f 4774 4772 4473
f 4773 4775 4771
f 4775 4776 4769
f 4776 4777 4768
f 4777 4778 4760
f 4576 4779 4774
f 4577 4780 4779
f 4602 4781 4780
f 4471 4491 4782
f 4491 4489 4783
f 4784 4785 4775
f 4784 4773 4772
f 4787 4786 4772
f 4779 4788 4787
f 4780 4789 4788
f 4781 4790 4789
f 4785 4791 4776
f 4791 4792 4777
f 4792 4592 4778
f 4794 4595 4593
f 4792 4793 4593
f 4794 4795 4606
f 4797 4794 4793
f 4791 4796 4793
f 4797 4798 4795
f 4489 4488 4799
f 4790 4801 4800
f 4789 4800 4802
f 4802 4786 4787
f 4803 4804 4558
f 4617 4805 4804
f 4804 4806 4487
f 4805 4807 4806
f 4806 4808 4488
f 4807 4809 4808
f 4808 4810 4799
f 4811 4812 4800
f 4812 4813 4802
f 4813 4784 4786
f 4809 4814 4810
f 4815 4816 4812
f 4813 4817 4785
f 4785 4817 4796
f 4817 4813 4812
f 4816 4797 4796
f 4815 4798 4797
f 4820 4821 4818
f 4823 4821 4820
f 4825 4823 4822
f 4809 4825 4824
f 4826 4827 4823
f 4807 4826 4825
f 4485 4476 4475
f 4503 4510 4509
f 4565 4504 4512
f 4507 4513 4512
f 4828 4829 4827
f 4805 4828 4826
f 4476 4485 4823
f 4477 4476 4827
f 4818 4821 4484
f 4485 4484 4821
f 4830 4831 4499
f 4831 4832 4562
f 4833 4834 4496
f 4836 4837 4492
f 4837 4838 4493
f 4838 4819 4818
f 4617 4803 4648
f 4828 4805 4617
f 4616 4619 4839
f 4619 4645 4841
f 4645 4671 4842
f 4671 4687 4843
f 4687 4696 4844
f 4696 4702 4845
f 4702 4710 4846
f 4710 4720 4847
f 4720 4736 4848
f 4829 4828 4616
f 4840 4839 4637
f 4839 4841 4643
f 4841 4842 4669
f 4842 4843 4680
f 4843 4844 4698
f 4844 4845 4700
f 4845 4846 4713
f 4846 4847 4727
f 4847 4848 4738
f 4477 4829 4840
f 4649 4648 4632
f 4673 4684 4685
f 4684 4693 4694
f 4693 4704 4706
f 4704 4715 4711
f 4715 4722 4728
f 4722 4733 4734
f 4648 4803 4557
f 4849 4850 4730
f 4851 4852 4848
f 4852 4853 4738
f 4738 4853 4854
f 4851 4736 4735
f 4855 4856 4732
f 4857 4855 4749
f 4858 4733 4732
f 4733 4858 4851
f 4748 4749 4855
f 4850 4857 4754
f 4858 4859 4852
f 4859 4860 4853
f 4853 4860 4861
f 4856 4862 4859
f 4862 4863 4860
f 4864 4861 4860
f 4863 4862 4857
f 4855 4857 4862
f 4849 4864 4863
f 4608 4831 4830
f 4608 4607 4832
f 4609 4610 4834
f 4865 4603 4837
f 4603 4604 4838
f 4604 4605 4819
f 4605 4606 4820
f 4822 4820 4606
f 4824 4822 4795
f 4814 4824 4798
f 4815 4811 4810
f 4810 4811 4801
f 4799 4801 4790
f 4783 4790 4781
f 4782 4781 4602
f 109 4470 4602
f 4675 4867 4866
f 4868 4869 4661
f 4661 4869 4870
f 4872 4666 4665
f 4873 4874 4869
f 4869 4874 4875
f 4876 4877 4872
f 4878 4867 4675
f 4879 4880 4867
f 4881 4882 4880
f 4883 4884 4882
f 4867 4880 4885
f 4880 4882 4886
f 4887 4888 4874
f 4874 4888 4889
f 4890 4891 4877
f 4884 4892 4886
f 4893 4894 4888
f 4888 4894 4895
f 4896 4897 4891
f 4898 4899 4884
f 4899 4900 4892
f 4901 4902 4894
f 4894 4902 4903
f 4904 4905 4897
f 4906 4907 4899
f 4908 4909 4905
f 4902 4911 4910
f 4912 4911 4902
f 4899 4907 4913
f 4906 4914 4913
f 4915 4916 4911
f 4910 4908 4904
f 4903 4904 4896
f 4895 4896 4890
f 4889 4890 4876
f 4875 4876 4871
f 4870 4871 4665
f 4660 4665 4651
f 4653 4651 4620
f 4622 4620 4523
f 4519 4525 4523
f 4520 4519 4517
f 4527 4520 4516
f 4571 4570 4573
f 4574 4575 4571
f 4916 4917 4910
f 4910 4917 4909
f 4915 4912 4913
f 4912 4901 4900
f 4901 4893 4892
f 4893 4887 4886
f 4887 4873 4885
f 4873 4868 4866
f 4868 4678 4676
f 4678 4658 4656
f 4658 4635 4631
f 4635 4550 4544
f 4550 4530 4545
f 4530 4529 4548
f 4548 4529 4531
f 4569 4553 4551
f 4553 4556 4552
f 4673 4674 4649
f 4918 4778 4592
f 4918 4591 4580
f 4579 4920 4919
f 4922 4601 4600
f 4924 4589 4588
f 4614 4925 4923
f 4759 4760 4778
f 4761 4759 4918
f 4761 4919 4920
f 4767 4766 4922
f 4763 4765 4924
f 4925 4764 4763
f 4926 2201 204
f 4518 4524 4927
f 4524 4621 4928
f 4621 4652 4929
f 4652 4666 4930
f 4666 4872 4931
f 4872 4877 4932
f 4877 4891 4933
f 4891 4897 4934
f 4935 4934 4897
f 4905 4909 4936
f 4937 4936 4909
f 4938 4937 4917
f 4939 4938 4916
f 4939 4915 4914
f 4940 4914 4906
f 4941 4906 4898
f 4942 4898 4883
f 4943 4883 4881
f 4944 4881 4879
f 4945 4879 4878
f 4946 4878 4677
f 4947 4677 4657
f 4948 4657 4633
f 4633 4561 4478
f 4479 4478 4561
f 4950 4479 4560
f 4950 4510 4503
f 4951 4503 4497
f 4496 4835 4952
f 4496 4834 4836
f 4834 4610 4865
f 4865 4610 4599
f 4953 4599 4598
f 4954 4598 4601
f 4956 4955 4601
f 4922 4766 4957
f 4766 1903 2203
f 2201 4926 4514
f 4926 4927 4615
f 4927 4928 4634
f 4928 4929 4659
f 4929 4930 4667
f 4930 4931 4681
f 4931 4932 4688
f 4932 4933 4707
f 4933 4934 4717
f 4934 4935 4724
f 4935 4936 4729
f 4936 4937 4849
f 4849 4937 4938
f 4864 4938 4939
f 4861 4939 4940
f 4854 4940 4941
f 4737 4941 4942
f 4726 4942 4943
f 4712 4943 4944
f 4699 4944 4945
f 4697 4945 4946
f 4679 4946 4947
f 4668 4947 4948
f 4642 4948 4949
f 4636 4949 4478
f 4479 4950 4475
f 4475 4950 4951
f 4951 4952 4483
f 4952 4835 4492
f 4603 4865 4953
f 4583 4953 4954
f 4954 4955 4579
f 4955 4956 4920
f 4920 4956 4957
f 4957 2203 1898
f 2327 2330 4958
f 4961 2325 2319
f 4964 4965 4962
f 4962 4968 4966
f 4963 4962 4967
f 4972 4973 4970
f 4976 4977 4974
f 4975 4974 4978
f 4980 4981 4973
f 4984 4985 4982
f 4501 4987 4986
f 4989 4985 4984
f 4506 4991 4990
f 4994 4995 4992
f 4513 4996 4987
f 4998 2417 2335
f 5000 5001 2422
f 5004 5005 5002
f 4999 5007 5006
f 5003 5002 5008
f 5010 5011 5005
f 5012 5013 5004
f 5004 5013 5014
f 2422 5001 5015
f 5017 5018 4997
f 5017 5016 5019
f 5019 5022 5021
f 5022 5024 5023
f 5025 5026 5023
f 5029 5030 5027
f 4994 5031 5030
f 4993 5032 5031
f 5003 5009 5033
f 4552 5034 4991
f 4555 5036 5035
f 5038 5026 5025
f 4979 4978 5039
f 5029 5040 4995
f 5028 5041 5040
f 4986 4987 5042
f 5044 5042 4987
f 5046 4990 4991
f 5047 5045 4991
f 5035 5036 5048
f 5036 5051 5050
f 5052 5053 2423
f 209 2423 5053
f 4575 5051 5036
f 3156 3153 5054
f 3153 2325 4961
f 5058 5059 5056
f 5056 5061 5060
f 5064 5065 5062
f 5065 5067 5066
f 5070 5071 5068
f 5073 5070 5069
f 5076 5077 5074
f 5077 5079 5078
f 5055 5080 3180
f 5060 5061 5081
f 5083 5084 5073
f 5086 5064 5063
f 5088 5076 5075
f 5063 5062 4611
f 4613 5085 5063
f 4611 5062 5066
f 5089 4998 4997
f 4977 5037 5025
f 4974 5025 5024
f 4978 5024 5022
f 5039 5022 5019
f 4959 5039 2331
f 2331 5019 5016
f 2333 5016 4997
f 5092 5093 5090
f 5095 5006 5007
f 5009 5008 5096
f 5099 5018 5017
f 5098 5017 5020
f 5100 5020 5021
f 5101 5021 5023
f 5102 5023 5026
f 5105 5028 5027
f 5103 5026 5038
f 5107 5041 5028
f 5108 5089 5018
f 5097 5109 5033
f 4969 4967 5110
f 5113 5100 5101
f 5115 5099 5098
f 5114 5098 5100
f 5111 5110 5116
f 5119 5092 5091
f 5121 5103 5106
f 5119 5123 5122
f 5102 5103 5121
f 5101 5102 5124
f 5126 5095 5094
f 5097 5096 5127
f 5130 5105 5104
f 5131 5107 5105
f 5132 5109 5097
f 5133 5108 5099
f 5128 5127 5134
f 5137 5115 5114
f 5136 5114 5113
f 5140 5126 5125
f 5141 5133 5115
f 5117 5116 5142
f 5145 5119 5118
f 5147 5121 5120
f 5145 5148 5123
f 5150 5130 5129
f 5151 5131 5130
f 5152 5132 5128
f 5143 5142 5153
f 5156 5141 5137
f 5158 5147 5146
f 5159 5160 5148
f 5161 5159 5145
f 5163 5156 5155
f 5165 5166 5158
f 5164 5158 5157
f 5168 5169 5160
f 5168 5159 5161
f 5154 5153 5171
f 5172 5171 5173
f 5176 5168 5170
f 5178 5164 5167
f 5178 5179 5165
f 5176 5180 5169
f 5181 5182 5163
f 5184 5176 5175
f 5184 5185 5180
f 5174 5173 5186
f 5189 5178 5177
f 5190 5179 5178
f 5191 5192 5182
f 5194 5184 5183
f 5196 5189 5188
f 5197 5190 5189
f 5198 5199 5192
f 5187 5186 5200
f 5194 5202 5185
f 5203 5204 5199
f 5206 5197 5196
f 5205 5196 5195
f 5208 5209 5202
f 5208 5194 5193
f 5201 5200 5211
f 5138 5113 5112
f 5213 5112 5124
f 5214 5124 5121
f 5166 5214 5147
f 5155 5137 5136
f 5215 5136 5138
f 5216 5138 5213
f 5217 5213 5214
f 5217 5166 5165
f 5218 5165 5179
f 5219 5179 5190
f 5220 5190 5197
f 5221 5197 5206
f 5221 5222 5223
f 5220 5221 5224
f 5219 5220 5225
f 5218 5219 5226
f 5227 5216 5217
f 5224 5223 5228
f 5225 5224 5229
f 5226 5225 5230
f 5227 5226 5231
f 5216 5227 5232
f 5155 5215 5232
f 5162 5232 5231
f 5181 5231 5230
f 5191 5230 5229
f 5198 5229 5228
f 5234 4072 4071
f 5235 5236 4075
f 4764 5237 4083
f 4083 5237 5238
f 4079 5240 5239
f 5083 5072 5060
f 5072 5069 5057
f 5057 5069 5068
f 4075 5236 5233
f 5241 3811 4072
f 5242 3812 3811
f 5243 4960 2319
f 3814 3812 5242
f 3813 3814 5244
f 5245 5246 4960
f 5247 4961 4960
f 5245 5243 5244
f 5248 5244 5242
f 5249 5242 5241
f 5250 5241 5234
f 5054 4961 5247
f 5055 5054 5252
f 5080 5055 5253
f 4959 4958 5255
f 4979 5255 5256
f 5258 5245 5248
f 5258 5259 5246
f 5260 5247 5246
f 5252 5247 5260
f 5253 5252 5261
f 5254 5253 5262
f 5257 5248 5249
f 5264 5249 5250
f 5265 5250 5251
f 5266 5267 5070
f 5265 5071 5070
f 5266 5073 5084
f 5269 5270 5267
f 5264 5265 5267
f 5269 5266 5268
f 4975 5256 5272
f 5263 5262 5273
f 5262 5261 5275
f 5275 5261 5260
f 5277 5038 5037
f 5093 5277 5276
f 5276 5037 4977
f 5278 5276 5279
f 5279 4977 4976
f 5280 5279 5281
f 5281 4976 5272
f 5285 5274 5273
f 5284 5273 5275
f 5286 5275 5259
f 5282 5281 5283
f 5289 5285 5284
f 5286 5258 5257
f 5257 5264 5270
f 5290 5288 5284
f 5288 5290 5270
f 5289 5288 5269
f 5293 5294 5291
f 5295 5296 5294
f 5297 5298 5296
f 5282 5287 5298
f 5300 5297 5295
f 5280 5282 5297
f 4971 4970 4965
f 4995 4989 4988
f 5046 5044 4996
f 4507 4990 4996
f 5302 5300 5299
f 5278 5280 5300
f 4964 5299 5295
f 4963 5301 5299
f 4980 4972 5293
f 4971 5295 5293
f 4830 4498 4986
f 5303 4986 5043
f 5306 4983 4982
f 5308 5309 4981
f 5307 4981 4980
f 5310 4980 5292
f 5093 5092 5122
f 5302 5090 5093
f 5090 5312 5311
f 5091 5311 5313
f 5118 5313 5314
f 5144 5314 5315
f 5161 5315 5316
f 5170 5316 5317
f 5175 5317 5318
f 5183 5318 5319
f 5193 5319 5320
f 5301 5312 5090
f 5312 4969 5111
f 5311 5111 5117
f 5313 5117 5143
f 5314 5143 5154
f 5315 5154 5172
f 5316 5172 5174
f 5317 5174 5187
f 5318 5187 5201
f 5319 5201 5212
f 4963 4969 5312
f 5123 5120 5106
f 5146 5148 5160
f 5157 5160 5169
f 5167 5169 5180
f 5177 5180 5185
f 5188 5185 5202
f 5195 5202 5209
f 5122 5106 5038
f 5322 5204 5203
f 5324 5210 5320
f 5323 5320 5212
f 5212 5211 5326
f 5324 5209 5208
f 5328 5206 5205
f 5329 5228 5223
f 5330 5327 5205
f 5207 5209 5324
f 5222 5206 5328
f 5321 5203 5228
f 5330 5324 5323
f 5331 5323 5325
f 5325 5326 5333
f 5327 5330 5331
f 5334 5331 5332
f 5336 5335 5332
f 5335 5321 5329
f 5328 5327 5334
f 5322 5321 5335
f 5085 4613 4830
f 5085 5303 5304
f 5087 5306 5305
f 5337 5308 5307
f 5081 5307 5310
f 5082 5310 5291
f 5291 5294 5084
f 5296 5268 5084
f 5298 5271 5268
f 5287 5289 5271
f 5289 5287 5283
f 5283 5272 5274
f 5272 5256 5263
f 5256 5255 5254
f 5255 4958 5080
f 2330 3180 5080
f 5150 5149 5338
f 5341 5152 5135
f 5135 5134 5342
f 5343 5344 5140
f 5346 5341 5340
f 5340 5342 5347
f 5349 5344 5343
f 5350 5151 5150
f 5352 5350 5339
f 5354 5352 5351
f 5356 5354 5353
f 5339 5338 5357
f 5351 5357 5358
f 5360 5346 5345
f 5345 5347 5361
f 5363 5349 5348
f 5355 5353 5358
f 5366 5360 5359
f 5359 5361 5367
f 5369 5363 5362
f 5371 5356 5355
f 5370 5355 5364
f 5374 5366 5365
f 5365 5367 5375
f 5377 5369 5368
f 5379 5371 5370
f 5381 5377 5376
f 5373 5375 5382
f 5384 5374 5373
f 5370 5372 5385
f 5379 5378 5385
f 5388 5384 5383
f 5382 5375 5377
f 5375 5367 5369
f 5367 5361 5363
f 5361 5347 5349
f 5347 5342 5344
f 5342 5134 5140
f 5134 5127 5126
f 5127 5096 5095
f 5096 5008 5006
f 5002 5000 5006
f 5005 5001 5000
f 5011 5015 5001
f 5051 5053 5052
f 4574 5053 5051
f 5387 5383 5382
f 5382 5381 5380
f 5388 5386 5385
f 5384 5385 5372
f 5374 5372 5364
f 5366 5364 5358
f 5360 5358 5357
f 5346 5357 5338
f 5341 5338 5149
f 5152 5149 5129
f 5132 5129 5104
f 5109 5104 5027
f 5033 5027 5030
f 5012 5030 5031
f 5013 5031 5032
f 5049 5047 5034
f 5035 5034 4552
f 5146 5120 5123
f 5071 5251 5390
f 5390 5391 5058
f 5059 5058 5391
f 5079 5394 5393
f 5395 5396 5066
f 4614 5066 5396
f 5251 5234 5233
f 5236 5391 5390
f 5236 5235 5392
f 5240 5393 5394
f 5237 5396 5395
f 4925 5396 5237
f 5397 4999 2422
f 4999 5397 5398
f 5007 5398 5399
f 5094 5399 5400
f 5125 5400 5401
f 5139 5401 5402
f 5343 5402 5403
f 5348 5403 5404
f 5362 5404 5405
f 5406 5376 5368
f 5376 5406 5407
f 5408 5389 5380
f 5409 5387 5389
f 5410 5388 5387
f 5410 5411 5386
f 5411 5412 5379
f 5412 5413 5371
f 5413 5414 5356
f 5414 5415 5354
f 5415 5416 5352
f 5416 5417 5350
f 5417 5418 5151
f 5418 5419 5131
f 5419 5420 5107
f 5107 5420 4966
f 4968 5040 5041
f 5421 4995 5040
f 5421 5422 4989
f 5422 5423 4985
f 5423 5309 4982
f 4982 5309 5308
f 5305 5308 5337
f 5337 5424 5076
f 5424 5425 5077
f 5425 5426 5079
f 5427 5394 5079
f 5394 5427 5428
f 5239 5428 4361
f 4360 2417 4998
f 5397 4998 5089
f 5398 5089 5108
f 5399 5108 5133
f 5400 5133 5141
f 5401 5141 5156
f 5402 5156 5163
f 5403 5163 5182
f 5404 5182 5192
f 5405 5192 5199
f 5406 5199 5204
f 5407 5204 5322
f 5322 5336 5409
f 5336 5333 5410
f 5333 5326 5411
f 5326 5211 5412
f 5211 5200 5413
f 5200 5186 5414
f 5186 5173 5415
f 5173 5171 5416
f 5171 5153 5417
f 5153 5142 5418
f 5142 5116 5419
f 5116 5110 5420
f 5110 4967 4966
f 4968 4962 4965
f 4965 4970 5422
f 5422 4970 4973
f 4973 4981 5309
f 5081 5061 5424
f 5061 5056 5425
f 5425 5056 5059
f 5426 5059 5392
f 5392 5235 5428
f 5428 5235 4076
f 4084 5238 5240
f 5238 5395 5393
f 5393 5395 5067
f 5074 5078 5067
f 5075 5074 5065
f 5087 5075 5064
f 5086 5304 5306
f 5304 5043 4983
f 5043 5042 4984
f 4988 4984 5042
f 4992 4988 5044
f 4993 4992 5046
f 5045 5047 5032
f 5014 5032 5047
f 5014 5049 5048
f 5048 5050 5011
f 5050 5052 5015
f 5015 5052 2473
f 4532 203 255
f 4573 4570 4527
f 4570 4568 4528
f 4531 4528 4568
f 4531 4569 4567
f 4567 4566 4508
f 4508 4566 4565
f 4509 4565 4564
f 4502 4564 4563
f 4494 4563 4562
f 4562 4832 4833
f 4832 4607 4609
f 4609 4607 4586
f 4596 4586 4585
f 4597 4585 4589
f 4921 4600 4589
f 4924 4765 4767
f 4765 1906 1900
f 5431 5432 5429
f 5429 5434 5433
f 5437 5438 5435
f 5439 5440 5437
f 5439 5436 5430
f 5436 5435 5431
f 5434 5442 5441
f 5432 5444 5443
f 5445 5434 5429
f 5447 5445 5443
f 5444 5448 5446
f 5449 5450 5432
f 5451 5452 5440
f 5451 5439 5433
f 5438 5454 5453
f 5435 5453 5449
f 5442 5456 5455
f 5457 5442 5434
f 5458 5457 5445
f 5461 5462 5459
f 5463 5464 5460
f 5450 5465 5444
f 5465 5466 5448
f 5467 5468 5450
f 5470 5438 5437
f 5437 5440 5471
f 5472 5473 5452
f 5472 5451 5441
f 5454 5475 5474
f 5453 5474 5467
f 5456 5477 5476
f 5478 5456 5442
f 5479 5478 5457
f 5480 5481 5464
f 5483 5463 5459
f 5462 5484 5482
f 5485 5486 5462
f 5468 5487 5465
f 5487 5488 5466
f 5489 5490 5468
f 5493 5494 5491
f 5495 5496 5492
f 5471 5495 5491
f 5494 5470 5469
f 5440 5452 5497
f 5498 5454 5438
f 5500 5473 5472
f 5499 5472 5455
f 5475 5502 5501
f 5474 5501 5489
f 5477 5504 5503
f 5477 5456 5478
f 5506 5505 5478
f 5507 5508 5481
f 5509 5480 5463
f 5510 5511 5483
f 5512 5510 5482
f 5486 5513 5484
f 5514 5515 5486
f 5490 5516 5487
f 5516 5517 5488
f 5518 5519 5496
f 5497 5518 5495
f 5520 5521 5494
f 5521 5498 5470
f 5452 5473 5522
f 5523 5475 5454
f 5525 5500 5499
f 5524 5499 5476
f 5477 5505 5526
f 5506 5527 5526
f 5507 5529 5528
f 5530 5507 5480
f 5511 5531 5509
f 5511 5510 5532
f 5510 5512 5534
f 5535 5512 5484
f 5515 5536 5513
f 5490 5489 265
f 5539 5540 5537
f 5541 5542 5538
f 5543 5544 5519
f 5522 5543 5518
f 5545 5546 5521
f 5546 5523 5498
f 5473 5500 5547
f 5548 5502 5475
f 5501 5502 271
f 5489 5501 270
f 5529 5550 5549
f 5530 5551 5529
f 5531 5552 5530
f 5531 5511 5533
f 5534 5555 5554
f 5556 5533 5532
f 5559 5560 5557
f 5562 5559 5558
f 5512 5535 5563
f 5564 5535 5513
f 5516 5490 268
f 5517 5516 274
f 5567 5568 5565
f 5570 5567 5566
f 5571 5572 5542
f 5573 5574 5540
f 5576 5544 5543
f 5547 5575 5543
f 5577 5578 5546
f 5578 5548 5523
f 5500 5525 5579
f 5551 5580 5550
f 5552 5581 5551
f 5552 5531 5553
f 5583 5553 5533
f 5560 5585 5584
f 5563 5586 5555
f 5588 5562 5561
f 5535 5564 5589
f 5569 5591 5590
f 5568 5593 5592
f 5594 5595 5572
f 5596 5597 5574
f 5598 5599 5576
f 5547 5579 5598
f 271 5502 5548
f 5581 5600 5580
f 5581 5552 5582
f 5602 5582 5553
f 5585 5604 5603
f 5589 5605 5586
f 5607 5588 5587
f 5610 5611 5608
f 5612 5613 5610
f 5591 5615 5614
f 5593 5617 5616
f 5594 5619 5618
f 5620 5621 5597
f 5578 5577 286
f 5548 5578 285
f 5600 5581 5601
f 5601 5582 5602
f 5604 5625 5624
f 5559 5562 5626
f 5560 5559 5627
f 5629 5630 5628
f 5626 5631 5629
f 5632 5633 5611
f 5610 5613 5634
f 5635 5636 5613
f 5611 5638 5637
f 5640 5614 5615
f 5617 5642 5641
f 5619 5644 5643
f 5622 5601 5623
f 5625 5647 5646
f 5585 5560 5628
f 5630 5649 5648
f 5650 5651 5630
f 5631 5652 5650
f 5562 5588 5653
f 5653 5654 5631
f 5636 5655 5634
f 5633 5656 5638
f 5657 5658 5636
f 5638 5660 5659
f 5639 5662 5661
f 5621 5620 288
f 5604 5585 5648
f 5649 5664 5663
f 5651 5665 5649
f 5666 5667 5651
f 5652 5668 5666
f 5654 5669 5652
f 5588 5607 5670
f 5670 5671 5654
f 5636 5658 5672
f 5656 5673 5660
f 5675 5658 5657
f 5660 5677 5676
f 304 5641 5642
f 5625 5604 5663
f 5664 5679 5678
f 5665 5680 5664
f 5667 5681 5665
f 5682 5683 5667
f 5668 5684 5682
f 5669 5685 5668
f 5671 5686 5669
f 5607 5688 5687
f 5687 5689 5671
f 5690 5672 5658
f 5673 5691 5677
f 5693 5675 5674
f 5647 5625 5678
f 5679 5695 5694
f 5680 5696 5679
f 5681 5697 5680
f 5683 5698 5681
f 5699 5700 5683
f 5701 5699 5682
f 5685 5702 5684
f 5686 5703 5685
f 5689 5704 5686
f 5696 5705 5695
f 5697 5706 5696
f 5698 5707 5697
f 5700 5708 5698
f 5709 5701 5684
f 5703 5710 5702
f 5704 5711 5703
f 5691 864 861
f 5706 5712 5705
f 5707 5713 5706
f 5708 5714 5707
f 5699 5716 5715
f 5717 5709 5702
f 5711 5718 5710
f 5713 5719 5712
f 5714 5720 5713
f 5700 5715 5721
f 5724 5725 5722
f 5728 5729 5726
f 5701 5730 5716
f 5731 5717 5710
f 5720 5732 5719
f 5708 5721 5733
f 5734 5735 5725
f 5737 5728 5727
f 5726 5739 5738
f 5723 5722 5740
f 5729 5743 5742
f 5709 5744 5730
f 5745 5746 5732
f 5733 5745 5720
f 5747 5748 5735
f 5750 5737 5736
f 5727 5738 5751
f 5752 5753 5738
f 5742 5754 5739
f 5741 5740 5755
f 5743 5758 5757
f 5717 5759 5744
f 5761 5748 5747
f 5763 5761 5760
f 5766 5767 5764
f 5767 5750 5749
f 5736 5751 5768
f 5753 5769 5751
f 5757 5770 5754
f 5756 5755 5771
f 5758 5774 5773
f 5731 5775 5759
f 5776 5777 5765
f 5768 5776 5764
f 5769 5778 5768
f 5779 5780 5754
f 5773 5781 5770
f 5772 5771 5782
f 5774 5785 5784
f 5776 5768 5778
f 5787 5779 5770
f 5784 5788 5781
f 5789 5787 5781
f 861 860 5676
f 5618 5643 5662
f 5595 5618 5639
f 5615 5591 5572
f 5591 5569 5542
f 5569 5566 5538
f 5565 5539 5538
f 5592 5573 5539
f 5616 5596 5573
f 5641 5620 5596
f 5620 5641 304
f 5576 5599 5644
f 5544 5576 5619
f 5594 5571 5519
f 5571 5541 5496
f 5541 5537 5492
f 5540 5493 5492
f 5574 5520 5493
f 5597 5545 5520
f 5621 5577 5545
f 5577 5621 287
f 5687 5688 319
f 5689 5687 318
f 5704 5689 322
f 5711 5704 328
f 5718 5711 336
f 5788 5784 986
f 5789 5788 991
f 5790 5690 5675
f 5528 5549 5527
f 5508 5528 5506
f 5479 5458 5481
f 5458 5447 5464
f 5447 5446 5460
f 5448 5461 5460
f 5466 5485 5461
f 5488 5514 5485
f 5517 5791 5514
f 276 279 5791
f 5777 5776 5786
f 5791 5793 5515
f 5794 5793 278
f 5794 5536 5515
f 5606 5795 5688
f 5797 294 296
f 5797 5564 5536
f 5796 5798 5605
f 5564 5797 5796
f 5797 5794 291
f 5798 5796 296
f 5688 5795 1405
f 5754 5780 5752
f 5785 987 986
f 1959 993 5783
f 365 1958 5775
f 5731 5718 349
f 278 5793 5791
f 5746 5745 5761
f 5745 5733 5748
f 5733 5721 5735
f 5721 5715 5725
f 5715 5716 5722
f 5716 5730 5740
f 5730 5744 5755
f 5744 5759 5771
f 5759 5775 5782
f 1958 1959 5782
f 993 987 5785
f 5785 5774 5772
f 5774 5758 5756
f 5758 5743 5741
f 5743 5729 5723
f 5729 5728 5724
f 5728 5737 5734
f 5737 5750 5747
f 5750 5767 5760
f 5767 5766 5762
f 5795 5798 1409
f 5795 5606 5605
f 5606 5587 5586
f 5587 5561 5555
f 5561 5558 5554
f 5557 5556 5554
f 5584 5583 5556
f 5603 5602 5583
f 5623 5602 5603
f 5623 5624 5646
f 5800 5799 5692
f 5801 5800 5674
f 5657 5635 5802
f 5635 5612 5803
f 5612 5609 5804
f 5609 5608 5805
f 5608 5637 5806
f 5637 5659 5807
f 5659 5676 5808
f 5808 5676 860
f 5661 5799 5800
f 5640 5800 5801
f 5614 5801 5802
f 5590 5802 5803
f 5570 5803 5804
f 5804 5805 5568
f 5805 5806 5593
f 5806 5807 5617
f 5807 5808 5642
f 5808 2197 305
f 5811 5812 5809
f 5809 5812 5813
f 5817 5818 5815
f 5820 5818 5817
f 5820 5813 5812
f 5818 5812 5811
f 5814 5813 5821
f 5810 5809 5823
f 5825 5823 5809
f 5826 5827 5823
f 5824 5823 5827
f 5830 5811 5810
f 5832 5820 5819
f 5832 5821 5813
f 5816 5815 5833
f 5815 5811 5830
f 5822 5821 5835
f 5837 5825 5814
f 5838 5826 5825
f 5841 5842 5839
f 5844 5839 5842
f 5829 5810 5824
f 5845 5824 5828
f 5848 5830 5829
f 5849 5850 5817
f 5817 5850 5851
f 5853 5832 5831
f 5853 5835 5821
f 5834 5833 5854
f 5833 5830 5848
f 5836 5835 5856
f 5858 5837 5822
f 5859 5838 5837
f 5861 5844 5843
f 5862 5863 5839
f 5840 5839 5863
f 5866 5841 5840
f 5847 5829 5845
f 5867 5845 5846
f 5870 5848 5847
f 5873 5874 5871
f 5876 5871 5874
f 5851 5850 5871
f 5872 5871 5850
f 5819 5851 5877
f 5878 5849 5816
f 5879 5880 5853
f 5880 5856 5835
f 5855 5854 5881
f 5854 5848 5870
f 5857 5856 5883
f 5857 5885 5858
f 5886 5859 5858
f 5888 5861 5860
f 5889 5862 5844
f 5891 5863 5862
f 5892 5864 5863
f 5865 5840 5864
f 5895 5866 5865
f 5869 5847 5867
f 5896 5867 5868
f 5899 5876 5875
f 5877 5851 5876
f 5901 5873 5872
f 5900 5872 5849
f 5831 5877 5902
f 5903 5878 5834
f 5904 5905 5880
f 5905 5883 5856
f 5857 5884 5906
f 5886 5885 5906
f 5888 5887 5908
f 5910 5889 5861
f 5890 5862 5889
f 5890 5913 5912
f 5891 5912 5914
f 5915 5893 5864
f 5894 5865 5893
f 5869 2479 2478
f 5919 5920 5917
f 5922 5917 5920
f 5924 5899 5898
f 5902 5877 5899
f 5926 5901 5900
f 5925 5900 5878
f 5852 5902 5927
f 5928 5903 5855
f 5881 2485 2484
f 5870 2478 2485
f 5909 5908 5929
f 5910 5888 5909
f 5911 5889 5910
f 5911 5933 5913
f 5914 5912 5934
f 5936 5934 5912
f 5939 5940 5937
f 5941 5942 5940
f 5892 5914 5943
f 5944 5916 5893
f 5896 2487 2479
f 5897 2488 2487
f 5947 5948 5945
f 5949 5950 5948
f 5952 5922 5921
f 5954 5919 5918
f 5955 5956 5924
f 5927 5902 5924
f 5958 5926 5925
f 5957 5925 5903
f 5879 5927 5959
f 5931 5909 5930
f 5932 5910 5931
f 5932 5962 5933
f 5963 5936 5913
f 5938 5937 5964
f 5943 5914 5935
f 5967 5968 5942
f 5915 5943 5969
f 5950 5949 5970
f 5946 5945 5972
f 5975 5952 5951
f 5977 5954 5953
f 5979 5956 5955
f 5927 5956 5979
f 2484 2494 5928
f 5961 5931 5960
f 5961 5981 5962
f 5982 5963 5933
f 5965 5964 5983
f 5969 5943 5966
f 5986 5987 5968
f 5990 5991 5988
f 5993 5991 5990
f 5971 5970 5994
f 5973 5972 5996
f 5975 5974 5998
f 6001 5977 5976
f 5957 2498 2497
f 5928 2494 2498
f 5980 6002 5981
f 5981 6003 5982
f 5984 5983 6004
f 5939 6007 6006
f 5938 6008 6007
f 6010 6007 6008
f 6006 6007 6010
f 5632 5990 5989
f 5990 5632 5634
f 6013 5993 5992
f 5989 5988 6014
f 6016 6017 5995
f 5997 5996 6018
f 5999 5998 6020
f 6002 6022 6003
f 6005 6004 6024
f 5965 6025 6008
f 6009 6008 6025
f 6028 6010 6009
f 6011 6010 6028
f 5941 6006 6030
f 6030 6006 6011
f 6012 5992 5634
f 5633 5989 6015
f 6033 6013 6012
f 6015 6014 6034
f 6017 6016 6036
f 6000 2500 2503
f 5984 6038 6025
f 6026 6025 6038
f 6027 6009 6026
f 6042 6028 6027
f 6029 6028 6042
f 6031 6011 6029
f 5967 6030 6045
f 6045 6030 6031
f 6012 5655 5672
f 5656 6015 6035
f 6047 6048 6033
f 6035 6034 6049
f 2519 2518 6019
f 6005 6051 6038
f 6039 6038 6051
f 6040 6026 6039
f 6041 6027 6040
f 6056 6042 6041
f 6043 6042 6056
f 6044 6029 6043
f 6046 6031 6044
f 5986 6045 6060
f 6060 6045 6046
f 5690 6047 6032
f 5673 6035 6050
f 6063 6064 6048
f 6023 6065 6051
f 6052 6051 6065
f 6053 6039 6052
f 6054 6040 6053
f 6055 6041 6054
f 6071 6056 6055
f 6072 6057 6056
f 6058 6043 6057
f 6059 6044 6058
f 6062 6046 6059
f 6067 6052 6066
f 6068 6053 6067
f 6069 6054 6068
f 6070 6055 6069
f 6080 6073 6057
f 6074 6058 6073
f 6075 6059 6074
f 5691 6050 3071
f 6077 6067 6076
f 6078 6068 6077
f 6079 6069 6078
f 6071 6070 6086
f 6088 6081 6073
f 6082 6074 6081
f 6084 6077 6083
f 6085 6078 6084
f 6070 6079 6092
f 6095 6096 6093
f 6099 6100 6097
f 6072 6071 6087
f 6102 6089 6081
f 6091 6084 6090
f 6079 6085 6104
f 6106 6095 6094
f 6107 6108 6100
f 6097 6100 6109
f 6096 6112 6111
f 6098 6097 6113
f 6080 6072 6101
f 6117 6091 6103
f 6104 6085 6091
f 6119 6106 6105
f 6120 6121 6108
f 6100 6108 6122
f 5752 6110 6109
f 6113 6097 6110
f 6112 6125 6124
f 6114 6113 6126
f 6088 6080 6115
f 6129 6130 6119
f 6131 6132 6130
f 6135 6136 6133
f 6134 6133 6121
f 6108 6121 6137
f 5753 6109 6122
f 6126 6113 6123
f 6125 6140 6139
f 6127 6126 6141
f 6102 6088 6128
f 6145 6133 6136
f 6137 6121 6133
f 5769 6122 6137
f 5779 6138 6123
f 6141 6126 6138
f 6140 6148 6147
f 6142 6141 6149
f 6145 5786 5778
f 5787 6146 6138
f 6149 6141 6146
f 5789 6151 6146
f 3071 6050 6049
f 5998 6017 6037
f 5974 5995 6017
f 5995 5974 5951
f 5971 5951 5921
f 5950 5921 5920
f 5945 5948 5920
f 5972 5945 5919
f 5996 5972 5954
f 6018 5996 5977
f 6001 2503 2519
f 5955 5999 6021
f 5923 5975 5999
f 5975 5923 5898
f 5952 5898 5875
f 5922 5875 5874
f 5918 5917 5874
f 5953 5918 5873
f 5976 5953 5901
f 6000 5976 5926
f 5958 2497 2500
f 6060 2533 2532
f 6062 2534 2533
f 6075 2540 2534
f 6082 2548 2540
f 6089 2561 2548
f 6151 3194 3192
f 5789 990 3194
f 5790 6063 6047
f 5908 5886 5907
f 5887 5859 5886
f 5859 5887 5860
f 5838 5860 5843
f 5826 5843 5842
f 5828 5827 5842
f 5846 5828 5841
f 5868 5846 5866
f 5897 5868 5895
f 2488 5897 6152
f 6144 5792 5786
f 6152 5895 5894
f 6154 2504 2493
f 6154 6153 5894
f 5987 5986 6061
f 6156 6157 2509
f 6156 6154 5916
f 6157 5969 5985
f 5944 5969 6157
f 6156 2505 2504
f 6158 3609 2509
f 6061 2532 3605
f 6123 6110 5752
f 6150 6149 3192
f 4134 6147 6148
f 2577 6102 6143
f 6102 2577 2561
f 2493 2492 6152
f 6116 6131 6129
f 6117 6129 6118
f 6104 6118 6105
f 6092 6105 6094
f 6086 6094 6093
f 6087 6093 6111
f 6101 6111 6124
f 6115 6124 6139
f 6128 6139 6147
f 4133 6143 6147
f 3195 6148 6150
f 6150 6148 6140
f 6142 6140 6125
f 6127 6125 6112
f 6114 6112 6096
f 6098 6096 6095
f 6099 6095 6106
f 6107 6106 6119
f 6120 6119 6130
f 6134 6130 6132
f 6155 3605 3609
f 6155 6158 5985
f 5987 5985 5966
f 5968 5966 5935
f 5942 5935 5934
f 5937 5940 5934
f 5964 5937 5936
f 5983 5964 5963
f 6003 6004 5983
f 6003 6022 6024
f 6160 6048 6064
f 6161 6033 6048
f 6033 6161 6162
f 6013 6162 6163
f 5993 6163 6164
f 5991 6164 6165
f 5988 6165 6166
f 6014 6166 6167
f 6034 6167 6168
f 6168 4356 3070
f 6036 6016 6160
f 6016 5994 6161
f 5994 5970 6162
f 5970 5949 6163
f 5949 5947 6164
f 6164 5947 5946
f 6165 5946 5973
f 6166 5973 5997
f 6167 5997 6019
f 6168 6019 2518
f 6171 6172 6169
f 6173 6174 6172
f 6169 6172 6175
f 6178 6169 6176
f 6175 6172 6174
f 6176 6175 6180
f 6177 6176 6181
f 6180 6175 6179
f 6185 6181 6180
f 6187 6185 6184
f 6189 6177 6182
f 6190 6182 6181
f 6191 6190 6185
f 6186 6184 6192
f 6180 6183 6192
f 6194 6188 6182
f 6195 6194 6190
f 6198 6199 6196
f 6202 6203 6200
f 6197 6205 6204
f 6206 6207 6199
f 6210 6207 6208
f 6213 6214 6211
f 6217 6218 6215
f 6221 6222 6219
f 6225 6226 6223
f 6201 6200 6227
f 6228 6227 6229
f 6232 6204 6205
f 6206 6198 6204
f 6208 6207 6206
f 6237 6238 6235
f 6209 6208 6238
f 6212 6211 6239
f 6243 6244 6241
f 6247 6248 6245
f 6250 6221 6220
f 6251 6252 6226
f 6252 6251 6253
f 6233 6204 6232
f 6258 6259 6256
f 6234 6206 6233
f 6235 6238 6261
f 6261 6238 6208
f 6235 6240 6239
f 6264 6213 6212
f 6246 6266 6265
f 6269 6270 6267
f 6268 6267 6271
f 6275 6276 6273
f 6276 6272 6277
f 6278 6279 6259
f 6260 6233 6255
f 6283 6284 6281
f 6262 6261 6285
f 6261 6234 6260
f 6287 6263 6212
f 6287 6240 6235
f 6289 6243 6242
f 6264 6263 6290
f 6294 6295 6292
f 6296 6297 6270
f 6300 6301 6298
f 6269 6268 6298
f 6272 6276 6298
f 6299 6298 6276
f 6302 6303 6254
f 6305 6279 6278
f 6306 6307 6284
f 6286 6285 6308
f 6285 6260 6280
f 6312 6313 6310
f 6314 6290 6263
f 6287 6262 6286
f 6289 6288 6315
f 6291 6290 6317
f 6320 6266 6246
f 6319 6323 6321
f 6293 6292 6324
f 6326 6327 6301
f 6327 6296 6269
f 6328 6329 6275
f 6330 6331 6307
f 6334 6335 6332
f 6332 6335 6305
f 6336 6337 6313
f 6311 6339 6338
f 6340 6317 6290
f 6314 6286 6309
f 6316 6315 6341
f 6345 6346 6343
f 6347 6348 6344
f 6349 6350 6266
f 6320 6319 6322
f 6322 6321 6352
f 6356 6357 6354
f 6325 6324 6357
f 6360 6361 6358
f 6300 6299 6360
f 6275 6329 6360
f 6364 6365 6362
f 6332 6367 6366
f 6369 6337 6336
f 6338 6370 6336
f 6373 6374 6371
f 6376 6346 6345
f 6376 6375 6334
f 6378 6348 6347
f 6379 6380 6378
f 6382 6343 6346
f 6385 6386 6383
f 6389 6390 6387
f 6349 6320 6351
f 6392 6351 6322
f 6395 6396 6393
f 6353 6352 6396
f 6359 6358 6397
f 6398 6326 6300
f 6401 6402 6399
f 6363 6362 6403
f 6405 6406 6401
f 6409 6410 6407
f 6407 6410 6369
f 6336 6370 6411
f 6372 6371 6412
f 6381 6346 6376
f 6414 6376 6333
f 6417 6418 6415
f 6420 6418 6417
f 6422 6377 6347
f 6425 6426 6423
f 6427 6428 6425
f 6430 6385 6384
f 6431 6432 6388
f 6433 6391 6351
f 6434 6435 6395
f 6435 6392 6353
f 6438 6439 6436
f 6355 6354 6438
f 6358 6441 6440
f 6442 6443 6406
f 6446 6447 6444
f 6407 6449 6448
f 6368 6411 6449
f 6413 6412 6450
f 6452 6453 6409
f 6423 6426 6453
f 6455 6456 6379
f 6457 6416 6456
f 6460 6461 6458
f 6464 6465 6462
f 6467 6428 6427
f 6468 6469 6467
f 6423 6471 6470
f 6473 6430 6429
f 6432 6431 6474
f 6476 6477 6435
f 6477 6433 6392
f 6480 6481 6478
f 6394 6393 6480
f 6436 6439 6482
f 6486 6487 6484
f 6490 6491 6488
f 6444 6493 6492
f 6496 6497 6494
f 6451 6450 6497
f 6498 6471 6423
f 6408 6448 6498
f 6469 6468 6463
f 6500 6464 6463
f 6503 6504 6501
f 6507 6508 6505
f 6508 6473 6472
f 6511 6512 6509
f 6475 6474 6512
f 6479 6478 6513
f 6514 6434 6394
f 6481 6516 6515
f 6519 6520 6517
f 6523 6524 6521
f 6527 6528 6525
f 6495 6494 6529
f 6499 6463 6468
f 6534 6535 6532
f 6538 6539 6536
f 6514 6513 6540
f 6541 6476 6434
f 6478 6515 6542
f 6518 6517 6543
f 6523 6546 6545
f 6524 6548 6547
f 6533 6532 6549
f 6553 6554 6551
f 6556 6552 6551
f 6555 6507 6506
f 6559 6560 6557
f 6510 6509 6558
f 6513 6542 6561
f 6544 6543 6562
f 6566 6567 6564
f 6565 6548 6524
f 6548 6569 6568
f 6572 6573 6570
f 6576 6577 6574
f 6578 6579 6560
f 6582 6583 6580
f 6564 6569 6548
f 6586 6587 6584
f 6571 6570 6588
f 6587 6586 6590
f 6400 6399 6592
f 6596 6597 6594
f 6600 6365 6598
f 6362 6365 6600
f 6403 6362 6601
f 6405 6400 6593
f 6442 6405 6603
f 6605 6606 6595
f 6415 6607 6456
f 6460 6459 6608
f 6419 6417 6416
f 6487 6489 6488
f 6520 6522 6521
f 6611 6440 6441
f 6483 6482 6486
f 6516 6519 6518
f 6515 6518 6544
f 6242 6241 6214
f 6288 6242 6213
f 6288 6264 6291
f 6318 6341 6315
f 6343 6382 6421
f 6504 6503 6539
f 6553 6575 6574
f 6542 6544 6563
f 6581 6580 6579
f 6612 6613 6244
f 6614 6612 6243
f 6316 6615 6614
f 6615 6316 6342
f 6377 6422 6454
f 6466 6617 6531
f 6537 6536 6550
f 6547 6543 6517
f 6543 6547 6568
f 6576 6589 6588
f 6585 6584 6583
f 6529 6502 6501
f 6170 6169 6178
f 6272 6271 6619
f 6259 6232 6231
f 6279 6255 6232
f 6280 6255 6279
f 6335 6308 6280
f 6308 6335 6334
f 6375 6340 6309
f 6375 6345 6317
f 6318 6317 6345
f 6344 6348 6341
f 6341 6348 6378
f 6378 6380 6616
f 6622 6623 6620
f 6249 6623 6622
f 6441 6358 6361
f 6610 6441 6624
f 6626 6627 6625
f 6491 6490 6628
f 6329 6630 6361
f 6630 6626 6624
f 6632 6627 6626
f 6328 6633 6630
f 6630 6633 6631
f 6636 6637 6634
f 6607 6639 6638
f 6640 6641 6613
f 6641 6640 6642
f 6645 6642 6640
f 6646 6647 6645
f 6639 6649 6648
f 6652 6653 6650
f 6653 6652 6654
f 6656 6657 6655
f 6660 6661 6658
f 6659 6658 6662
f 6663 6662 6664
f 6666 6667 6665
f 6668 6669 6667
f 6672 6673 6670
f 6674 6675 6673
f 6678 6679 6676
f 6680 6681 6677
f 6684 6685 6682
f 6686 6687 6591
f 6644 6640 6612
f 6657 6656 6661
f 6649 6647 6646
f 6644 6614 6615
f 6456 6638 6380
f 6638 6648 6616
f 6615 6616 6648
f 6688 6689 6613
f 6688 6641 6643
f 6693 6694 6691
f 6696 6691 6694
f 6698 6696 6695
f 6700 6698 6697
f 6702 6699 6697
f 6701 6704 6703
f 6705 6706 6704
f 6705 6708 6707
f 6710 6707 6708
f 6693 6709 6708
f 6695 6694 6708
f 6701 6697 6695
f 6224 6712 6711
f 6225 6711 6713
f 6251 6713 6714
f 6253 6714 6715
f 6597 6596 6716
f 6718 6719 6717
f 6720 6721 6719
f 6703 6700 6699
f 6693 6692 6710
f 6723 6689 6688
f 6722 6688 6690
f 6727 6728 6725
f 6692 6691 6729
f 6731 6729 6691
f 6731 6696 6698
f 6732 6698 6700
f 6733 6700 6703
f 6704 6735 6734
f 6706 6736 6735
f 6706 6707 6737
f 6738 6737 6707
f 6710 6692 6730
f 6734 6637 6739
f 6621 6732 6733
f 6734 6740 6634
f 6735 6741 6740
f 6736 6742 6741
f 6736 6737 6743
f 6738 6744 6743
f 6620 6731 6732
f 6219 6223 6226
f 6220 6226 6252
f 6623 6249 6252
f 6623 6254 6303
f 6303 6729 6731
f 6730 6729 6303
f 6651 6650 6728
f 6721 6720 6745
f 6747 6748 6746
f 6748 6747 6749
f 6753 6754 6751
f 6750 6749 6203
f 6757 6758 6755
f 6739 6759 6622
f 6759 6739 6637
f 6250 6622 6759
f 6599 6760 6759
f 6600 6759 6636
f 6601 6636 6635
f 6744 6738 6730
f 6302 6715 6761
f 6215 6295 6294
f 6245 6323 6319
f 6763 6179 6174
f 6764 6762 6174
f 6765 6766 6762
f 6767 6768 6766
f 6769 6770 6768
f 6763 6762 6766
f 6772 6771 6766
f 6772 6768 6770
f 6774 6775 6771
f 6774 6772 6773
f 6777 6778 6775
f 6777 6774 6776
f 6210 6777 6779
f 6781 6782 6770
f 6783 6773 6770
f 6784 6776 6773
f 6785 6779 6776
f 6786 6780 6779
f 6787 6783 6782
f 6788 6784 6783
f 6789 6785 6784
f 6187 6791 6790
f 6191 6790 6792
f 6756 6755 6793
f 6794 6793 6795
f 6798 6796 6795
f 6195 6797 6795
f 6793 6188 6194
f 6755 6189 6188
f 6754 6800 6799
f 6802 6757 6756
f 6801 6756 6794
f 6803 6794 6796
f 6804 6796 6798
f 6195 6792 6723
f 6230 6229 6726
f 6722 6798 6797
f 6724 6805 6798
f 6806 6791 6187
f 6807 6806 6186
f 6808 6183 6179
f 6193 6192 6809
f 6809 6192 6183
f 6811 6807 6193
f 6775 6808 6763
f 6810 6809 6812
f 6812 6809 6808
f 6814 6811 6810
f 6236 6239 6815
f 6817 6812 6775
f 6813 6812 6817
f 6236 6816 6817
f 6815 6814 6813
f 6239 6211 6814
f 6811 6814 6211
f 6241 6807 6811
f 6244 6806 6807
f 6613 6791 6806
f 6689 6790 6791
f 6723 6792 6790
f 6237 6817 6778
f 6210 6209 6778
f 6780 6199 6207
f 6786 6196 6199
f 6818 6819 6800
f 6802 6819 6818
f 6820 6818 6754
f 6757 6818 6820
f 6758 6820 6821
f 6753 6823 6821
f 6823 6753 6752
f 6755 6758 6822
f 6189 6755 6825
f 6826 6178 6177
f 6618 6178 6826
f 6827 6826 6825
f 6828 6825 6822
f 6829 6822 6821
f 6830 6821 6823
f 6831 6823 6824
f 6424 6470 6833
f 6427 6833 6617
f 6313 6283 6282
f 6337 6306 6283
f 6306 6337 6369
f 6410 6834 6330
f 6834 6410 6409
f 6453 6836 6835
f 6453 6426 6837
f 6837 6426 6425
f 6428 6839 6838
f 6839 6428 6467
f 6469 6841 6840
f 6841 6469 6462
f 6462 6465 6458
f 6679 6678 6675
f 6443 6447 6446
f 6593 6364 6363
f 6603 6363 6404
f 6669 6668 6671
f 6608 6420 6419
f 6609 6419 6457
f 6460 6457 6455
f 6461 6455 6454
f 6454 6422 6840
f 6840 6422 6421
f 6421 6382 6838
f 6838 6382 6381
f 6837 6381 6414
f 6836 6414 6366
f 6366 6367 6834
f 6492 6493 6525
f 6681 6680 6683
f 6535 6500 6499
f 6532 6499 6531
f 6531 6617 6537
f 6833 6538 6537
f 6470 6504 6538
f 6470 6471 6501
f 6501 6471 6498
f 6498 6448 6495
f 6448 6449 6496
f 6449 6411 6451
f 6411 6370 6413
f 6413 6370 6338
f 6338 6339 6373
f 6566 6527 6526
f 6685 6684 6687
f 6573 6534 6533
f 6570 6533 6550
f 6550 6536 6577
f 6539 6574 6577
f 6503 6554 6574
f 6554 6503 6502
f 6551 6502 6529
f 6529 6494 6507
f 6497 6508 6507
f 6497 6450 6473
f 6412 6430 6473
f 6371 6385 6430
f 6374 6386 6385
f 6284 6258 6257
f 6307 6278 6258
f 6331 6304 6278
f 6331 6367 6332
f 6330 6834 6367
f 6598 6365 6364
f 6606 6605 6843
f 6364 6593 6592
f 6844 6843 6845
f 6847 6848 6846
f 6848 6847 6849
f 6401 6406 6446
f 6852 6566 6565
f 6853 6527 6566
f 6854 6528 6527
f 6856 6445 6492
f 6854 6855 6492
f 6856 6851 6446
f 6857 6858 6850
f 6851 6859 6402
f 6628 6490 6627
f 6627 6490 6489
f 6625 6489 6487
f 6610 6487 6486
f 6486 6482 6440
f 6439 6397 6440
f 6397 6439 6438
f 6438 6354 6326
f 6354 6357 6327
f 6357 6324 6296
f 6324 6292 6297
f 6295 6860 6297
f 6860 6295 6215
f 6218 6862 6861
f 6859 6851 6856
f 6858 6857 6864
f 6629 6546 6523
f 6491 6523 6522
f 6488 6522 6520
f 6484 6520 6519
f 6485 6519 6516
f 6483 6516 6481
f 6436 6481 6480
f 6480 6393 6355
f 6393 6396 6356
f 6396 6352 6325
f 6352 6321 6293
f 6323 6294 6293
f 6294 6323 6245
f 6216 6245 6248
f 6866 6867 6865
f 6855 6868 6863
f 6869 6870 6867
f 6854 6871 6868
f 6383 6389 6388
f 6432 6429 6384
f 6429 6432 6475
f 6472 6475 6511
f 6505 6511 6510
f 6506 6510 6557
f 6557 6560 6552
f 6579 6553 6552
f 6579 6580 6575
f 6583 6576 6575
f 6583 6584 6589
f 6587 6571 6589
f 6571 6587 6591
f 6687 6573 6572
f 6684 6534 6573
f 6534 6684 6683
f 6680 6500 6535
f 6500 6680 6676
f 6676 6679 6465
f 6465 6679 6674
f 6458 6674 6672
f 6459 6672 6671
f 6668 6420 6608
f 6420 6668 6666
f 6418 6666 6664
f 6664 6662 6607
f 6658 6639 6607
f 6661 6649 6639
f 6661 6656 6647
f 6647 6656 6654
f 6654 6652 6642
f 6642 6652 6651
f 6643 6651 6727
f 6690 6727 6726
f 6726 6229 6805
f 6229 6227 6804
f 6227 6200 6803
f 6203 6801 6803
f 6749 6802 6801
f 6749 6747 6819
f 6819 6747 6745
f 6745 6720 6799
f 6799 6720 6718
f 6872 6718 6716
f 6596 6619 6873
f 6619 6596 6595
f 6595 6606 6273
f 6273 6606 6844
f 6274 6844 6846
f 6848 6633 6328
f 6633 6848 6850
f 6858 6632 6631
f 6632 6858 6865
f 6867 6629 6628
f 6870 6546 6629
f 6545 6546 6870
f 6871 6869 6866
f 6868 6866 6864
f 6857 6859 6863
f 6859 6857 6849
f 6847 6399 6402
f 6399 6847 6845
f 6843 6842 6592
f 6605 6598 6842
f 6598 6605 6594
f 6594 6597 6760
f 6760 6597 6717
f 6719 6221 6250
f 6719 6721 6222
f 6222 6721 6746
f 6746 6748 6223
f 6223 6748 6750
f 6224 6750 6202
f 6712 6202 6201
f 6711 6201 6228
f 6713 6228 6230
f 6714 6230 6725
f 6725 6728 6761
f 6728 6650 6744
f 6650 6653 6743
f 6743 6653 6655
f 6657 6741 6742
f 6741 6657 6660
f 6740 6660 6659
f 6634 6659 6663
f 6635 6663 6665
f 6667 6403 6602
f 6667 6669 6404
f 6404 6669 6670
f 6673 6442 6604
f 6673 6675 6443
f 6678 6447 6443
f 6447 6678 6677
f 6677 6681 6493
f 6493 6681 6682
f 6682 6685 6526
f 6526 6685 6686
f 6567 6686 6590
f 6590 6586 6569
f 6569 6586 6585
f 6568 6585 6582
f 6562 6582 6581
f 6563 6581 6578
f 6561 6578 6559
f 6540 6559 6558
f 6558 6509 6476
f 6509 6512 6477
f 6512 6474 6433
f 6474 6431 6391
f 6391 6431 6387
f 6387 6390 6350
f 6852 6870 6869
f 6853 6869 6871
f 6872 6874 6751
f 6873 6875 6874
f 6619 6271 6875
f 6874 6876 6752
f 6875 6877 6876
f 6271 6267 6877
f 6878 6879 6877
f 6270 6880 6878
f 6297 6860 6880
f 6881 6880 6860
f 6882 6878 6880
f 6883 6879 6878
f 6884 6885 6879
f 6876 6877 6879
f 6824 6752 6876
f 6832 6824 6885
f 3987 3985 6831
f 3985 3983 6830
f 3983 3981 6829
f 3981 3979 6828
f 3979 3971 6827
f 3971 3128 6618
f 3128 3052 6170
f 3052 3044 6171
f 3044 3042 6173
f 3042 6886 6764
f 6886 6887 6765
f 6887 6888 6767
f 6888 6889 6769
f 6889 6890 6781
f 6890 6891 6787
f 6891 6892 6788
f 6892 6893 6789
f 6862 6894 6881
f 6894 6895 6882
f 6895 3991 6883
f 3991 3989 6884
f 3989 3987 6832
f 833 841 6896
f 830 833 6897
f 6901 6902 6899
f 6903 6904 6902
f 6899 6906 6905
f 6902 6908 6907
f 6904 6909 6908
f 6907 6910 6906
f 6911 6912 6907
f 6913 6914 6912
f 6915 6916 6909
f 6917 6911 6908
f 6918 6913 6911
f 6914 6920 6919
f 6907 6912 6919
f 6921 6917 6909
f 6922 6918 6917
f 6925 6926 6923
f 6929 6930 6927
f 6926 6925 6931
f 6934 6925 6924
f 6936 6937 6935
f 6940 6941 6938
f 6944 6945 6942
f 6948 6949 6946
f 6930 6951 6950
f 6951 6953 6952
f 6954 6955 6932
f 6934 6956 6931
f 6935 6957 6934
f 6960 6961 6958
f 6937 6960 6959
f 6941 6963 6962
f 6966 6967 6964
f 6968 6969 6945
f 6971 6948 6947
f 6970 6973 6972
f 6956 6974 6954
f 6977 6978 6975
f 6957 6979 6956
f 6958 6981 6980
f 6980 6957 6935
f 6958 6961 6962
f 6982 6983 6941
f 6986 6987 6984
f 6987 6989 6988
f 6992 6993 6990
f 6991 6990 6994
f 6996 6977 6976
f 6979 6997 6974
f 7000 7001 6998
f 6981 7003 7002
f 6980 7002 6979
f 7004 6963 6941
f 7004 6981 6958
f 7005 7006 6967
f 6982 7008 7007
f 7011 7012 7009
f 7014 6986 6985
f 7017 7018 7015
f 6986 7016 7015
f 6989 6987 7015
f 7018 6992 6991
f 7020 6972 6973
f 7021 7022 6996
f 7024 7000 6999
f 7003 7026 7025
f 7002 7025 6997
f 7029 7030 7027
f 7031 7004 6983
f 7004 7031 7003
f 7005 7033 7032
f 7008 7035 7034
f 7038 7039 7036
f 7039 7042 7040
f 7012 7044 7043
f 7046 7017 7016
f 7045 7016 6986
f 7048 6993 6992
f 7050 7024 7023
f 7053 7054 7051
f 7051 7022 7021
f 7056 7029 7028
f 7030 7029 7057
f 7059 7031 7007
f 7031 7059 7026
f 7033 7061 7060
f 7064 7065 7062
f 7067 7062 7065
f 7069 7038 7037
f 7038 7070 7042
f 7042 7072 7071
f 7075 7076 7073
f 7044 7075 7074
f 7079 7080 7077
f 7017 7080 7079
f 6992 7018 7079
f 7083 7084 7081
f 7051 7054 7085
f 7087 7088 7056
f 7057 7029 7056
f 7092 7093 7090
f 7094 7095 7064
f 7094 7054 7053
f 7096 7097 7067
f 7099 7097 7096
f 7100 7101 7063
f 7104 7105 7102
f 7108 7109 7106
f 7069 7110 7070
f 7111 7072 7042
f 7114 7115 7112
f 7072 7114 7113
f 7080 7117 7116
f 7117 7080 7017
f 7120 7121 7118
f 7084 7123 7122
f 7125 7121 7120
f 7128 7129 7126
f 7126 7088 7087
f 7056 7088 7130
f 7093 7132 7131
f 7101 7133 7094
f 7133 7085 7054
f 7136 7137 7134
f 7138 7139 7136
f 7140 7141 7067
f 7144 7145 7142
f 7147 7145 7144
f 7148 7149 7105
f 7151 7106 7109
f 7152 7111 7070
f 7154 7115 7114
f 7153 7114 7072
f 7157 7158 7155
f 7076 7158 7157
f 7077 7116 7159
f 7162 7125 7124
f 7165 7166 7163
f 7126 7129 7167
f 7088 7126 7168
f 7132 7170 7169
f 7172 7129 7128
f 7142 7172 7171
f 7174 7175 7099
f 7176 7174 7173
f 7179 7180 7177
f 7183 7184 7181
f 7185 7186 7147
f 7188 7186 7185
f 7142 7145 7189
f 7191 7192 7149
f 7150 7194 7193
f 7196 7154 7153
f 7195 7153 7111
f 7199 7200 7197
f 7115 7200 7199
f 7155 7202 7201
f 7205 7206 7203
f 7209 7210 7207
f 7163 7166 7211
f 7215 7216 7213
f 7170 7215 7214
f 7217 7172 7142
f 7129 7172 7217
f 7187 7181 7184
f 7218 7219 7184
f 7222 7223 7220
f 7226 7227 7224
f 7225 7224 7192
f 7230 7231 7228
f 7194 7230 7229
f 7200 7233 7232
f 7233 7200 7115
f 7198 7197 7234
f 7238 7239 7236
f 7242 7243 7240
f 7246 7247 7244
f 7216 7249 7248
f 7219 7250 7188
f 7253 7254 7251
f 7257 7258 7255
f 7233 7260 7259
f 7260 7233 7154
f 7197 7232 7261
f 7239 7263 7262
f 7242 7241 7264
f 7241 7240 7266
f 7254 7269 7268
f 7272 7273 7270
f 7274 7275 7270
f 7275 7274 7227
f 7278 7279 7276
f 7231 7276 7279
f 7232 7259 7280
f 7263 7282 7281
f 7285 7286 7283
f 7286 7264 7241
f 7267 7266 7287
f 7291 7292 7289
f 7295 7296 7293
f 7298 7278 7277
f 7301 7302 7299
f 7283 7286 7267
f 7305 7306 7303
f 7292 7308 7307
f 7304 7310 7309
f 7121 7312 7311
f 7315 7316 7313
f 7318 7319 7317
f 7081 7320 7318
f 7122 7321 7320
f 7125 7322 7312
f 7162 7323 7322
f 7325 7313 7316
f 7134 7137 7173
f 7179 7328 7327
f 7139 7176 7137
f 7204 7203 7207
f 7237 7236 7240
f 7329 7330 7160
f 7202 7206 7205
f 7235 7234 7239
f 7234 7261 7263
f 6967 6940 6939
f 7006 6982 6940
f 7006 7032 7008
f 7035 7008 7032
f 7062 7067 7141
f 7221 7257 7256
f 7272 7271 7293
f 7261 7280 7282
f 7302 7298 7297
f 7332 6966 6965
f 7333 7005 6966
f 7033 7005 7333
f 7334 7335 7061
f 7097 7099 7175
f 7186 7188 7250
f 7258 7268 7269
f 7266 7240 7236
f 7262 7281 7287
f 7295 7294 7307
f 7306 7301 7300
f 7248 7249 7220
f 841 925 7337
f 6989 6994 7338
f 6976 6975 6955
f 6995 6976 6954
f 6997 7021 6995
f 7052 7021 6997
f 7025 7026 7053
f 7095 7053 7026
f 7095 7059 7034
f 7035 7065 7064
f 7065 7035 7060
f 7060 7061 7096
f 7096 7061 7335
f 7341 7342 7339
f 6969 6968 7341
f 7160 7343 7078
f 7330 7344 7343
f 7346 7343 7344
f 7208 7348 7347
f 7047 7079 7078
f 7349 7078 7343
f 7350 7351 7346
f 7048 7047 7349
f 7349 7346 7351
f 7355 7356 7353
f 7326 7173 7357
f 7360 7332 7331
f 7359 7362 7361
f 7363 7364 7360
f 7366 7364 7363
f 7358 7357 7367
f 7371 7372 7369
f 7370 7374 7373
f 7376 7373 7374
f 7379 7380 7377
f 7380 7382 7381
f 7382 7384 7383
f 7386 7383 7384
f 7388 7386 7385
f 7391 7392 7389
f 7394 7391 7390
f 7397 7398 7395
f 7400 7395 7398
f 7403 7404 7401
f 7406 7309 7310
f 7364 7333 7332
f 7375 7379 7378
f 7368 7367 7366
f 7364 7366 7334
f 7173 7099 7098
f 7357 7098 7335
f 7334 7366 7367
f 7408 7359 7331
f 7408 7409 7362
f 7412 7413 7410
f 7414 7415 7411
f 7416 7417 7415
f 7418 7419 7417
f 7420 7421 7417
f 7421 7420 7422
f 7425 7421 7423
f 7425 7424 7426
f 7428 7429 7427
f 7412 7411 7427
f 7415 7425 7427
f 7421 7425 7415
f 6949 6948 7430
f 6948 6971 7432
f 6971 6972 7433
f 6972 7020 7434
f 7314 7436 7435
f 7438 7435 7436
f 7440 7438 7437
f 7422 7420 7419
f 7412 7429 7428
f 7441 7442 7408
f 7442 7443 7409
f 7446 7447 7444
f 7413 7449 7448
f 7450 7414 7410
f 7450 7451 7416
f 7451 7452 7418
f 7452 7453 7422
f 7423 7422 7453
f 7424 7423 7454
f 7424 7455 7456
f 7457 7428 7426
f 7428 7457 7449
f 7453 7452 7458
f 7342 7458 7452
f 7453 7354 7353
f 7454 7453 7459
f 7455 7454 7460
f 7455 7461 7462
f 7457 7456 7462
f 7339 7342 7451
f 6942 6945 6947
f 6945 6969 6970
f 7340 6973 6970
f 7340 7339 7019
f 7019 7339 7450
f 7449 7020 7019
f 7372 7446 7445
f 7439 7465 7464
f 7467 7464 7465
f 7466 7469 7468
f 7472 7473 7470
f 7469 6929 6928
f 7476 7477 7474
f 7458 7342 7341
f 7478 7355 7354
f 6968 7479 7478
f 7319 7318 7478
f 7318 7320 7355
f 7320 7321 7356
f 7463 7480 7449
f 7020 7449 7480
f 7481 7482 7011
f 7483 7036 7039
f 7484 7485 6905
f 7487 830 6898
f 7489 7487 7486
f 7491 7489 7488
f 7493 7491 7490
f 7484 7495 7494
f 7496 7497 7494
f 7496 7499 7498
f 7501 7496 7495
f 7501 7502 7499
f 7504 7501 7500
f 7504 7505 7502
f 6936 7506 7505
f 7508 7493 7492
f 7509 7510 7498
f 7511 7509 7499
f 7512 7511 7502
f 7513 7512 7505
f 7515 7508 7507
f 7517 7515 7514
f 7519 7517 7516
f 6913 6918 7520
f 6918 6922 7522
f 7477 7524 7523
f 7524 7526 7525
f 7527 7528 7525
f 6922 6921 7525
f 7523 7525 6921
f 7474 7523 6916
f 7471 7470 7529
f 7531 7532 7477
f 7532 7533 7524
f 7533 7534 7526
f 7534 7535 7527
f 6922 7528 7441
f 6953 7444 7447
f 7442 7441 7528
f 7443 7442 7527
f 7536 6914 6913
f 7537 6920 6914
f 7538 7484 6906
f 6920 7540 7539
f 7539 7538 6910
f 7541 7540 6920
f 7500 7495 7484
f 7540 7543 7542
f 7542 7500 7538
f 7544 7543 7540
f 6961 7546 7545
f 7547 7503 7500
f 7543 7546 7547
f 6961 6960 7547
f 7545 7546 7543
f 6962 7545 7544
f 7541 6939 6938
f 6964 6939 7541
f 6965 6964 7537
f 7331 6965 7536
f 7407 7331 7521
f 7441 7407 7520
f 6960 6937 7503
f 6936 7504 7503
f 7506 6936 6933
f 7513 7506 6924
f 7549 7471 7530
f 7531 7476 7549
f 7550 7472 7471
f 7476 7475 7550
f 7475 7552 7551
f 7472 7550 7551
f 7553 7554 7473
f 7474 7555 7552
f 6915 7556 7555
f 7556 6915 6904
f 925 1794 7557
f 1794 1802 7558
f 1802 1804 7559
f 1804 1806 7560
f 1806 1808 7561
f 1808 1810 7562
f 7145 7147 7563
f 7147 7186 7336
f 7028 7027 7001
f 7055 7028 7000
f 7024 7050 7087
f 7127 7087 7050
f 7564 7565 7128
f 7171 7128 7565
f 7171 7566 7567
f 7567 7568 7144
f 7146 7144 7568
f 7569 7570 7185
f 7187 7185 7570
f 7571 7178 7181
f 7181 7178 7177
f 7396 7394 7393
f 7161 7124 7165
f 7312 7322 7084
f 7322 7323 7123
f 7387 7389 7392
f 7327 7328 7139
f 7328 7179 7176
f 7179 7178 7174
f 7178 7571 7175
f 7175 7571 7570
f 7570 7569 7141
f 7141 7569 7568
f 7568 7567 7101
f 7567 7566 7133
f 7566 7565 7085
f 7085 7565 7564
f 7211 7245 7244
f 7399 7401 7404
f 7252 7251 7219
f 7251 7268 7250
f 7250 7268 7258
f 7563 7336 7258
f 7189 7563 7257
f 7189 7221 7220
f 7220 7249 7217
f 7217 7249 7216
f 7167 7216 7215
f 7168 7215 7170
f 7130 7170 7132
f 7132 7093 7057
f 7057 7093 7092
f 7285 7284 7247
f 7402 7406 7405
f 7290 7289 7254
f 7289 7307 7269
f 7269 7307 7294
f 7256 7255 7294
f 7222 7256 7293
f 7271 7270 7223
f 7270 7275 7248
f 7248 7275 7226
f 7214 7213 7226
f 7214 7225 7191
f 7131 7169 7191
f 7090 7131 7148
f 7091 7090 7104
f 6999 6998 6978
f 7023 6999 6977
f 7049 7023 6996
f 7049 7022 7051
f 7050 7049 7086
f 7317 7572 7083
f 7324 7574 7573
f 7083 7572 7311
f 7574 7576 7575
f 7578 7575 7576
f 7577 7580 7579
f 7120 7581 7165
f 7582 7264 7286
f 7583 7582 7285
f 7584 7583 7246
f 7585 7586 7211
f 7584 7245 7211
f 7585 7166 7165
f 7588 7579 7580
f 7581 7120 7119
f 7347 7350 7345
f 7345 7344 7210
f 7344 7330 7204
f 7330 7329 7205
f 7205 7329 7159
f 7156 7201 7159
f 7116 7117 7157
f 7157 7117 7046
f 7073 7046 7045
f 7074 7045 7014
f 7043 7014 7013
f 7010 7009 7013
f 7590 7591 7481
f 7589 7592 7585
f 7587 7594 7593
f 7348 7208 7242
f 7208 7207 7243
f 7207 7203 7237
f 7203 7206 7238
f 7206 7202 7235
f 7202 7155 7198
f 7155 7158 7199
f 7199 7158 7076
f 7112 7076 7075
f 7113 7075 7044
f 7071 7044 7012
f 7041 7040 7012
f 7011 7482 7483
f 7596 7593 7594
f 7586 7585 7592
f 7599 7596 7595
f 7584 7586 7597
f 7102 7105 7109
f 7150 7109 7105
f 7149 7192 7194
f 7192 7224 7230
f 7224 7227 7231
f 7227 7274 7276
f 7276 7274 7273
f 7297 7277 7273
f 7297 7272 7296
f 7300 7299 7296
f 7300 7295 7308
f 7304 7303 7308
f 7292 7291 7310
f 7405 7310 7291
f 7403 7405 7290
f 7253 7252 7404
f 7400 7404 7252
f 7218 7183 7395
f 7395 7183 7182
f 7182 7177 7394
f 7177 7180 7391
f 7180 7327 7392
f 7388 7392 7327
f 7138 7135 7386
f 7135 7134 7383
f 7383 7134 7326
f 7377 7381 7326
f 7378 7377 7358
f 7378 7368 7365
f 7365 7363 7373
f 7373 7363 7361
f 7361 7362 7372
f 7362 7409 7446
f 7409 7443 7447
f 7447 7443 7535
f 6952 7535 7534
f 6950 7534 7533
f 6928 6927 7533
f 7468 6928 7532
f 7468 7531 7548
f 7548 7530 7464
f 7464 7530 7529
f 7529 7601 7438
f 7601 7602 7435
f 7315 7435 7602
f 7338 6994 7316
f 7316 6994 6990
f 6990 6993 7574
f 6993 7048 7576
f 7577 7576 7048
f 7352 7351 7580
f 7587 7580 7351
f 7350 7347 7594
f 7595 7594 7347
f 7598 7595 7348
f 7264 7582 7598
f 7600 7597 7596
f 7597 7592 7593
f 7588 7593 7592
f 7589 7119 7579
f 7578 7579 7119
f 7118 7311 7575
f 7573 7575 7311
f 7325 7573 7572
f 7317 7319 7313
f 7313 7319 7479
f 7479 6968 7436
f 7437 7436 6968
f 7437 6944 6943
f 6943 6942 7465
f 7465 6942 6946
f 6946 6949 7469
f 6949 7431 6929
f 7431 7430 6930
f 7430 7432 6951
f 7432 7433 6953
f 7433 7434 7444
f 7444 7434 7480
f 7445 7480 7463
f 7369 7463 7462
f 7462 7461 7374
f 7375 7374 7461
f 7460 7459 7379
f 7459 7353 7380
f 7353 7356 7382
f 7356 7321 7384
f 7385 7384 7321
f 7385 7122 7123
f 7123 7323 7389
f 7390 7389 7323
f 7390 7162 7161
f 7397 7393 7161
f 7164 7163 7398
f 7398 7163 7212
f 7212 7244 7401
f 7401 7244 7247
f 7247 7284 7406
f 7284 7283 7309
f 7309 7283 7288
f 7288 7287 7306
f 7287 7281 7301
f 7281 7282 7302
f 7282 7280 7298
f 7280 7259 7278
f 7259 7260 7279
f 7279 7260 7196
f 7228 7196 7195
f 7229 7195 7152
f 7193 7152 7110
f 7110 7069 7106
f 7106 7069 7068
f 7582 7583 7599
f 7583 7584 7600
f 7603 7601 7529
f 7604 7602 7601
f 6988 7338 7602
f 7605 7603 7470
f 7606 7604 7603
f 6984 6988 7604
f 7607 7608 6984
f 7609 6985 6984
f 7590 7013 6985
f 7609 7610 7591
f 7608 7611 7610
f 7607 7612 7611
f 7613 7614 7612
f 7606 7605 7613
f 7473 7554 7613
f 7554 7562 7614
f 7561 7562 7554
f 7560 7561 7553
f 7559 7560 7551
f 7558 7559 7552
f 7557 7558 7555
f 7337 7557 7556
f 6896 7337 6903
f 6897 6896 6901
f 6898 6897 6900
f 7486 6898 6905
f 7488 7486 7485
f 7490 7488 7494
f 7492 7490 7497
f 7507 7492 7498
f 7514 7507 7510
f 7516 7514 7509
f 7518 7516 7511
f 7037 7036 7615
f 7615 7036 7483
f 7483 7482 7618
f 7618 7482 7481
f 7619 7481 7591
f 7621 7620 7591
f 7622 7621 7610
f 1814 7622 7611
f 1812 1814 7612
f 1810 1812 7614
f 7623 7624 7618
f 7627 7628 7625
f 7629 7626 7615
f 7616 7615 7626
f 7630 7631 7624
f 7634 7635 7632
f 7636 7637 7633
f 7640 7641 7638
f 7642 7643 7641
f 7644 7645 7643
f 7646 7647 7645
f 7648 7649 7639
f 7652 7653 7650
f 7656 7657 7654
f 7657 7659 7658
f 7659 7652 7651
f 7656 7655 7660
f 7664 7665 7662
f 7665 7667 7666
f 7670 7671 7668
f 7674 7675 7672
f 7678 7679 7676
f 7681 7676 7679
f 7683 7681 7680
f 7686 7687 7684
f 7688 7689 7685
f 7692 7693 7690
f 7690 7695 7694
f 7695 7697 7696
f 7698 7699 7696
f 7700 7701 7699
f 7667 7703 7702
f 7670 7702 7703
f 7653 7705 7704
f 7705 7707 7706
f 7710 7711 7708
f 7713 7710 7709
f 1816 1818 7713
f 7627 7626 7629
f 7715 7716 7627
f 7717 7718 7631
f 7719 7720 7711
f 7721 7719 7710
f 1818 1820 7721
f 7724 7725 7722
f 7728 7729 7726
f 7732 7733 7730
f 7735 7732 7731
f 7734 1821 1824
f 7738 7739 7736
f 7742 7743 7740
f 7743 7745 7744
f 7745 7747 7746
f 7707 7749 7748
f 7747 7751 7750
f 7749 7753 7752
f 7751 7736 7739
f 7754 7755 7687
f 7756 7757 7635
f 7692 7689 7688
f 7648 7637 7636
f 1821 7734 7721
f 7734 7731 7719
f 7731 7730 7720
f 7727 7726 7718
f 7723 7722 7716
f 7759 7738 7737
f 7752 1872 1871
f 7748 1871 1868
f 7706 1868 1867
f 1867 1827 7650
f 1827 1830 7651
f 7651 1830 1834
f 1834 1833 7654
f 1833 1836 7655
f 7660 7655 1836
f 7665 7664 1842
f 7667 7665 1841
f 1848 1846 7703
f 7703 1846 1845
f 7668 7671 1845
f 7675 7674 1849
f 1856 7679 7678
f 1856 1858 7680
f 1858 1860 7682
f 7634 7761 7760
f 7761 7634 7633
f 7637 7763 7762
f 7763 7637 7648
f 7764 7648 7638
f 7766 7765 7638
f 7643 7767 7766
f 7645 7768 7767
f 7645 7647 7769
f 7770 7771 7681
f 7771 7772 7676
f 7677 7676 7772
f 7673 7672 7774
f 7777 7670 7669
f 7777 7778 7702
f 7666 7702 7778
f 7662 7666 7779
f 7663 7662 7780
f 7783 7656 7661
f 7783 7784 7657
f 7784 7785 7659
f 7785 7786 7652
f 7786 7787 7653
f 7787 7788 7705
f 7788 7789 7707
f 7789 7790 7749
f 7790 7791 7753
f 7794 7795 7792
f 7795 7797 7796
f 7799 7796 7797
f 7802 7803 7800
f 7806 7807 7804
f 7807 7809 7808
f 7811 7808 7809
f 7813 7811 7810
f 7815 7813 7812
f 7818 7819 7816
f 7819 7821 7820
f 7821 7823 7822
f 7823 7825 7824
f 7825 7827 7826
f 7827 7829 7828
f 7829 7831 7830
f 7831 7833 7832
f 7833 7835 7834
f 1864 1872 7752
f 7838 7834 7835
f 7840 7753 7791
f 7836 7752 7753
f 7735 1824 1826
f 7841 7842 7732
f 7842 7843 7733
f 7728 7845 7844
f 7838 7837 7844
f 7840 7839 7843
f 7836 7840 7842
f 7841 1826 1864
f 7757 2111 2110
f 7635 2110 2109
f 2108 7636 7632
f 7636 2108 2107
f 7649 2107 2106
f 2106 2105 7640
f 2105 2104 7642
f 2104 2103 7644
f 2103 2102 7646
f 7798 7800 7803
f 7774 7672 7677
f 7672 7675 7678
f 7678 7675 1852
f 1842 7664 7660
f 7660 7664 7663
f 7661 7663 7781
f 7817 7815 7814
f 1849 7674 7668
f 7668 7674 7673
f 7669 7673 7775
f 7805 7802 7801
f 7683 7682 7757
f 7682 1860 2111
f 7770 7683 7756
f 7754 7794 7793
f 7741 7847 7846
f 7847 7849 7848
f 7852 7853 7850
f 7855 7851 7850
f 7858 7859 7856
f 7861 7857 7856
f 7863 7861 7860
f 7864 7865 7863
f 7867 7865 7864
f 7853 7852 7868
f 7872 7873 7870
f 7873 7875 7874
f 7875 7877 7876
f 7880 7881 7878
f 7884 7885 7882
f 7885 7887 7886
f 7887 7889 7888
f 7889 7891 7890
f 7891 7893 7892
f 7896 7897 7894
f 7897 7848 7849
f 7858 7855 7854
f 7877 7880 7879
f 7893 7896 7895
f 7868 7872 7871
f 7708 7623 7619
f 7708 7711 7630
f 7711 7720 7717
f 7720 7730 7727
f 7730 7733 7728
f 7733 7843 7845
f 7843 7839 7838
f 7839 7791 7834
f 7832 7834 7791
f 7830 7832 7790
f 7828 7830 7789
f 7826 7828 7788
f 7826 7787 7786
f 7822 7824 7786
f 7822 7785 7784
f 7820 7784 7783
f 7816 7783 7782
f 7782 7781 7815
f 7781 7780 7813
f 7780 7779 7811
f 7779 7778 7808
f 7804 7808 7778
f 7804 7777 7776
f 7776 7775 7802
f 7775 7774 7803
f 7803 7774 7773
f 7773 7772 7796
f 7792 7796 7772
f 7793 7792 7771
f 7793 7770 7760
f 7760 7761 7687
f 7761 7762 7684
f 7762 7763 7688
f 7693 7688 7763
f 7693 7764 7765
f 7765 7766 7695
f 7766 7767 7697
f 7767 7768 7698
f 7768 7769 7700
f 7617 7618 7624
f 7714 7629 7624
f 7631 7718 7715
f 7718 7726 7723
f 7726 7729 7724
f 7729 7844 7759
f 7844 7837 7738
f 7837 7835 7739
f 7739 7835 7833
f 7750 7833 7831
f 7744 7746 7831
f 7740 7744 7829
f 7741 7740 7827
f 7825 7823 7847
f 7823 7821 7849
f 7894 7849 7821
f 7895 7894 7819
f 7892 7895 7818
f 7890 7892 7814
f 7888 7890 7812
f 7886 7888 7810
f 7882 7886 7809
f 7883 7882 7807
f 7878 7883 7806
f 7879 7878 7801
f 7876 7879 7800
f 7874 7876 7798
f 7870 7874 7797
f 7871 7870 7795
f 7869 7871 7794
f 7754 7686 7853
f 7686 7685 7850
f 7854 7850 7685
f 7859 7854 7689
f 7859 7692 7691
f 7860 7856 7691
f 7862 7860 7694
f 7696 7699 7864
f 7866 7864 7699
f 7900 7901 7898
f 7904 7905 7902
f 7908 7909 7906
f 7911 7907 7906
f 7914 7915 7912
f 7917 7914 7913
f 7918 7919 7917
f 7646 7919 7918
f 7920 7921 7912
f 7924 7925 7922
f 7928 7929 7926
f 7927 7926 7930
f 7931 7930 7925
f 7928 7933 7932
f 7936 7937 7934
f 7935 7934 7938
f 7942 7943 7940
f 7946 7947 7944
f 7950 7951 7948
f 7952 7953 7949
f 7954 7955 7953
f 7958 7959 7956
f 7961 7957 7956
f 7964 7965 7962
f 7963 7962 7966
f 7967 7966 7968
f 7970 7971 7969
f 7700 7971 7970
f 7939 7938 7972
f 7942 7941 7973
f 7923 7922 7974
f 7975 7974 7976
f 7980 7981 7978
f 7982 7983 7981
f 3993 7983 7982
f 7900 7985 7984
f 7987 7985 7900
f 7989 7904 7903
f 7991 7980 7979
f 7992 7982 7980
f 3995 7982 7992
f 7995 7996 7993
f 7999 8000 7997
f 8003 8004 8001
f 8005 8006 8004
f 8006 8005 4000
f 8009 8010 8007
f 8013 8014 8011
f 8012 8011 8015
f 8016 8015 8017
f 7977 7976 8019
f 8018 8017 8021
f 8020 8019 8023
f 8022 8021 8009
f 8025 8026 7959
f 8027 8028 7909
f 7965 7964 7961
f 7921 7920 7911
f 3999 3997 7992
f 8006 7992 7991
f 8004 7991 7990
f 8000 7989 7988
f 7996 7987 7986
f 8010 8030 8029
f 8023 8019 4049
f 8019 7976 4044
f 7976 7974 4045
f 4045 7974 7922
f 4005 7922 7925
f 7925 7930 4010
f 4010 7930 7926
f 4011 7926 7929
f 7932 4015 4013
f 7935 4019 4018
f 7939 4025 4019
f 4025 7939 7973
f 7973 7941 4023
f 7940 4039 4023
f 7945 4028 4027
f 4032 4031 7950
f 4032 7949 7953
f 4035 7953 7955
f 8028 8032 8031
f 7909 8031 8033
f 7910 7906 8033
f 8034 8035 7921
f 7921 8035 8036
f 8037 7913 7912
f 7916 7913 8037
f 8038 8039 7918
f 7918 8039 7769
f 8041 7954 7952
f 8040 7952 7948
f 7951 8043 8042
f 7947 8045 8044
f 8046 8047 7943
f 8046 7942 7972
f 7938 8049 8048
f 7934 8050 8049
f 7937 8051 8050
f 8052 8053 7933
f 8052 7928 7927
f 8054 7927 7931
f 8055 7931 7924
f 8056 7924 7923
f 8057 7923 7975
f 8058 7975 7977
f 8059 7977 8020
f 8060 8020 8024
f 8064 8065 8062
f 8063 8062 8066
f 8068 8069 8067
f 8072 8073 8070
f 8076 8077 8074
f 8075 8074 8078
f 8080 8081 8079
f 8082 8083 8081
f 8084 8085 8083
f 8088 8089 8086
f 8087 8086 8090
f 8091 8090 8092
f 8093 8092 8094
f 8095 8094 8096
f 8097 8096 8098
f 8099 8098 8100
f 8101 8100 8102
f 8103 8102 8104
f 4041 8106 8023
f 8107 8108 8105
f 8109 8110 8061
f 8106 8109 8024
f 8005 8111 4003
f 8111 8005 8003
f 8112 8003 8002
f 7999 7998 8114
f 8107 8115 8114
f 8109 8112 8113
f 8106 8111 8112
f 8111 8106 4041
f 4278 8027 7908
f 4277 7908 7907
f 4275 4276 7907
f 7911 7920 4274
f 4274 7920 7915
f 4273 7915 7914
f 4272 7914 7917
f 7919 4270 4271
f 4270 7919 7646
f 8069 8068 8071
f 8044 8043 7951
f 7944 7951 7950
f 7950 4031 4028
f 4018 4015 7932
f 7932 7933 7937
f 7933 8053 8051
f 8089 8088 8085
f 4027 4039 7940
f 7940 7943 7947
f 7943 8047 8045
f 8077 8076 8073
f 7954 8028 8027
f 7955 8027 4278
f 8041 8032 8028
f 8026 8025 8065
f 8117 8014 8013
f 8119 8117 8116
f 8122 8123 8120
f 8124 8125 8121
f 8128 8129 8126
f 8130 8131 8128
f 8132 8133 8131
f 8134 8135 8133
f 7867 7866 8135
f 8138 8139 8136
f 8137 8136 8140
f 8141 8140 8142
f 8146 8147 8144
f 8150 8151 8148
f 8149 8148 8152
f 8153 8152 8154
f 8155 8154 8156
f 8157 8156 8158
f 8162 8163 8160
f 8161 8160 8119
f 8164 8165 8123
f 8126 8129 8125
f 8143 8142 8147
f 8159 8158 8163
f 8165 8164 8139
f 7978 7905 7904
f 7979 7904 7989
f 7990 7989 8000
f 8001 8000 7999
f 8002 7999 8115
f 8113 8115 8107
f 8110 8107 8104
f 8102 8060 8061
f 8100 8059 8060
f 8098 8058 8059
f 8096 8057 8058
f 8096 8094 8056
f 8092 8055 8056
f 8092 8090 8054
f 8090 8086 8052
f 8086 8089 8053
f 8053 8089 8084
f 8051 8084 8082
f 8050 8082 8080
f 8049 8080 8078
f 8074 8046 8048
f 8074 8077 8047
f 8047 8077 8072
f 8045 8072 8071
f 8071 8068 8043
f 8043 8068 8066
f 8062 8040 8042
f 8065 8041 8040
f 8065 8025 8032
f 8025 7958 8031
f 7958 7957 8033
f 8033 7957 7961
f 7964 8035 8034
f 8035 7964 7963
f 8036 7963 7967
f 8037 7967 7969
f 7969 7971 8039
f 8039 7971 7700
f 7985 7903 7902
f 7903 7985 7987
f 7988 7987 7996
f 7997 7996 7995
f 7998 7995 8030
f 8114 8030 8010
f 8108 8010 8009
f 8009 8021 8103
f 8021 8017 8101
f 8015 8099 8101
f 8011 8097 8099
f 8014 8095 8097
f 8095 8014 8117
f 8093 8117 8119
f 8160 8087 8091
f 8163 8088 8087
f 8158 8085 8088
f 8156 8083 8085
f 8154 8081 8083
f 8152 8079 8081
f 8148 8075 8079
f 8151 8076 8075
f 8144 8073 8076
f 8147 8070 8073
f 8142 8069 8070
f 8140 8067 8069
f 8136 8063 8067
f 8139 8064 8063
f 8164 8026 8064
f 8164 8122 7959
f 8122 8121 7956
f 8125 7960 7956
f 8129 7965 7960
f 7965 8129 8128
f 8131 7966 7962
f 8133 7968 7966
f 8133 8135 7970
f 7866 7701 7970
f 7883 7878 7881
f 8145 8144 8151
f 7627 7716 8166
f 7986 7900 7899
f 8169 7722 7725
f 7993 8171 8170
f 8166 7716 7722
f 7986 8167 8171
f 8007 8029 8172
f 8008 8007 8173
f 8174 8175 8022
f 8175 8176 8018
f 8176 8177 8016
f 8177 8178 8012
f 8178 8179 8013
f 8116 8013 8179
f 8118 8116 8180
f 8181 8182 8161
f 8182 8183 8162
f 8183 8184 8159
f 8184 8185 8157
f 8185 8186 8155
f 8186 8187 8153
f 8187 8188 8149
f 8188 8189 8150
f 8189 8190 8145
f 8190 8191 8146
f 8191 8192 8143
f 8192 8193 8141
f 8193 8194 8137
f 8194 8195 8138
f 8195 8196 8165
f 8196 8197 8123
f 8197 8198 8120
f 8198 8199 8124
f 8199 8200 8126
f 8126 8200 8201
f 8201 8202 8130
f 8202 8203 8132
f 8203 8204 8134
f 8204 8205 7867
f 8205 8206 7865
f 8206 8207 7863
f 8207 8208 7861
f 8208 8209 7857
f 8209 8210 7858
f 8210 8211 7855
f 8211 8212 7851
f 8212 8213 7852
f 8213 8214 7868
f 8214 8215 7872
f 8215 8216 7873
f 8216 8217 7875
f 8217 8218 7877
f 8218 8219 7880
f 8219 8220 7881
f 7881 8220 8221
f 8221 8222 7885
f 8222 8223 7887
f 8223 8224 7889
f 8224 8225 7891
f 8225 8226 7893
f 8226 8227 7896
f 8227 8228 7897
f 8228 8229 7848
f 7848 8229 8230
f 7846 8230 8231
f 8231 8232 7743
f 8232 8233 7745
f 8233 8234 7747
f 8234 8235 7751
f 8235 8236 7736
f 7736 8236 8237
f 7737 8237 8238
f 7995 7994 8029
f 7725 7724 7759
f 8168 7725 7758
f 7994 8170 8172
f 6265 7898 7901
f 7901 7984 6248
f 6248 7984 7902
f 7902 7905 6218
f 7905 7978 6862
f 7621 7709 7708
f 7981 6894 6862
f 7622 7712 7709
f 7983 6895 6894
f 1814 1816 7712
f 3993 3991 6895
f 8241 8242 8239
f 8245 8246 8243
f 8248 8245 8244
f 8251 8252 8249
f 8251 8254 8253
f 8256 8254 8251
f 8259 8260 8257
f 8259 8262 8261
f 8263 8264 8242
f 8252 8266 8265
f 8253 8267 8266
f 8261 8270 8268
f 8262 8271 8270
f 8246 8273 8272
f 8242 8275 8274
f 8264 8276 8275
f 8278 8248 8247
f 8279 8280 8241
f 8281 8263 8241
f 8284 8285 8282
f 8287 8288 8255
f 8289 8256 8255
f 8275 8291 8290
f 8276 8292 8291
f 8291 8294 8293
f 8292 8295 8294
f 8294 8297 8296
f 8295 8298 8297
f 8301 8302 8299
f 8303 8304 8302
f 8307 8308 8305
f 8309 8310 8308
f 8311 8312 8310
f 8313 8314 8312
f 8307 8306 8315
f 8309 8307 8316
f 8311 8309 8317
f 8313 8311 8318
f 8322 8323 8320
f 8324 8325 8323
f 8326 8327 8325
f 8328 8329 8327
f 8321 8331 8330
f 8322 8330 8332
f 8324 8332 8333
f 1470 1461 8312
f 1461 1454 8310
f 1454 1449 8308
f 1449 1421 8305
f 8335 8243 8272
f 8336 8244 8243
f 8338 8277 8247
f 8337 8247 8244
f 8302 8340 8339
f 8304 8341 8340
f 8320 8323 8335
f 8323 8325 8336
f 8325 8327 8337
f 8327 8329 8338
f 7487 8342 831
f 8343 8342 7487
f 831 8342 8344
f 8342 8343 8345
f 1413 8344 8346
f 8344 8345 8347
f 8348 8349 1418
f 8351 8349 8348
f 8349 8305 1421
f 8351 8306 8305
f 7491 8352 8343
f 8353 8352 7491
f 8343 8352 8354
f 8352 8353 8355
f 8345 8354 8356
f 8357 8358 8351
f 8358 8315 8306
f 8354 8355 8359
f 8360 8361 8358
f 8361 8362 8315
f 7508 8363 8353
f 8353 8363 8364
f 8365 8366 8361
f 8366 8328 8362
f 7515 8367 8363
f 8368 8367 7515
f 8369 8368 7517
f 8372 8373 8370
f 8284 8372 8371
f 8285 8284 8374
f 8376 8377 8373
f 8283 8376 8372
f 8378 8379 8377
f 8380 8378 8376
f 8383 8384 8381
f 8381 8338 8329
f 8384 8386 8385
f 8385 8277 8338
f 8387 8388 8385
f 8388 8278 8277
f 8387 8390 8389
f 8389 8279 8278
f 8391 8392 8379
f 8393 8391 8378
f 8390 8395 8394
f 8389 8394 8280
f 8282 8396 8380
f 8397 8393 8380
f 8319 8318 8330
f 8318 8317 8332
f 8317 8316 8333
f 8328 8366 8382
f 8366 8365 8383
f 8363 8367 8371
f 8367 8368 8374
f 8368 8369 8375
f 8400 8401 8398
f 8341 8289 8288
f 8359 8360 8357
f 8356 8357 8350
f 8347 8350 8348
f 8346 8348 1417
f 8271 8400 8399
f 8273 8403 8402
f 8404 8405 8314
f 8406 8407 8321
f 8407 8408 8331
f 8405 1938 1470
f 8402 8409 8334
f 8409 8406 8320
f 8408 8410 8319
f 8404 8313 8319
f 8403 8412 8411
f 8404 8414 8413
f 8406 8416 8415
f 8407 8415 8417
f 8405 8413 1941
f 8402 8411 8418
f 8409 8418 8416
f 8417 8419 8410
f 8414 8404 8410
f 8421 8390 8387
f 8422 8423 8384
f 8423 8424 8386
f 8424 8420 8387
f 8365 8425 8422
f 8425 8365 8360
f 8427 8421 8420
f 8428 8429 8423
f 8429 8430 8424
f 8430 8426 8420
f 8425 8364 8428
f 8355 8364 8425
f 8379 8392 8427
f 8370 8373 8429
f 8373 8377 8430
f 8377 8379 8426
f 8364 8363 8370
f 8431 8432 8392
f 8433 8431 8391
f 8434 8433 8393
f 8435 8395 8390
f 8436 8435 8421
f 8432 8436 8427
f 8439 8440 8437
f 8440 8442 8441
f 8441 8444 8443
f 8443 8444 8445
f 8442 8448 8447
f 8447 8449 8444
f 8444 8449 8450
f 8448 8452 8451
f 8451 8453 8449
f 8449 8453 8454
f 8452 8456 8455
f 8455 8457 8453
f 8453 8457 8458
f 8461 8462 8459
f 8463 8464 8461
f 8466 8457 8455
f 8458 8457 8466
f 8468 8469 8467
f 8467 8470 8466
f 8466 8470 8460
f 8471 8472 8470
f 8472 8463 8460
f 8469 8473 8471
f 8474 8475 8462
f 8476 8474 8461
f 8477 8478 8417
f 8478 8479 8419
f 8480 8414 8419
f 8480 8481 8413
f 8481 1942 1941
f 8484 8485 8482
f 8487 8484 8483
f 8488 8489 8487
f 8491 8489 8488
f 1948 8491 8490
f 8492 8493 8488
f 8493 8494 8490
f 8496 8483 8482
f 8496 8492 8486
f 8494 1951 1945
f 8497 8498 8492
f 8498 8499 8493
f 8499 8500 8494
f 8500 1953 1951
f 8501 8502 8443
f 8502 8438 8437
f 8298 8504 8503
f 8412 8506 8505
f 8505 8507 8418
f 8507 8508 8416
f 8477 8415 8416
f 8510 8303 8301
f 8512 8439 8438
f 8438 8502 8513
f 8502 8501 8514
f 8501 8482 8485
f 8446 8495 8482
f 8445 8515 8495
f 8515 8497 8496
f 8450 8516 8515
f 8517 8516 8450
f 8458 8518 8517
f 8459 8462 8518
f 8520 1966 1965
f 1953 8500 8519
f 8519 8522 8521
f 8500 8499 8522
f 8523 8524 8521
f 8522 8499 8498
f 8498 8497 8525
f 8523 8525 8526
f 8516 8517 8527
f 8517 8518 8529
f 8462 8475 8529
f 8527 8531 8530
f 8529 8532 8531
f 8530 8531 8533
f 8531 8532 8535
f 8475 8536 8532
f 8535 8532 8536
f 8540 8541 8538
f 8544 8545 8542
f 8544 8537 8536
f 8491 1948 1942
f 8489 8491 8481
f 8489 8480 8479
f 8484 8487 8479
f 8478 8477 8485
f 8508 8514 8485
f 8507 8513 8514
f 8505 8511 8513
f 8506 8512 8511
f 8547 8503 8509
f 8504 8510 8509
f 8394 8395 8548
f 8550 8551 8432
f 8552 8550 8431
f 8553 8552 8433
f 8554 8548 8395
f 8555 8554 8435
f 8436 8432 8551
f 8549 8281 8280
f 8468 8465 8455
f 8401 8540 8539
f 8542 8545 8474
f 8536 8475 8474
f 8528 8530 8525
f 8530 8534 8526
f 8516 8528 8497
f 8265 8266 8257
f 8267 8258 8257
f 8543 8542 8557
f 8542 8476 8559
f 8476 8464 8560
f 8464 8463 8268
f 8463 8472 8269
f 8472 8471 8561
f 8473 8556 8561
f 8473 8469 8265
f 8469 8468 8249
f 8468 8456 8250
f 8456 8452 8286
f 8452 8448 8287
f 8448 8442 8339
f 8442 8440 8299
f 8440 8439 8300
f 8439 8512 8546
f 8512 8506 8547
f 8506 8412 8296
f 8412 8403 8293
f 8403 8273 8290
f 8273 8246 8274
f 8246 8245 8239
f 8245 8248 8240
f 8248 8278 8279
f 8250 8286 8255
f 8288 8287 8339
f 8300 8546 8509
f 8503 8547 8296
f 8558 8557 8539
f 8539 8557 8559
f 8559 8560 8399
f 8399 8560 8268
f 8269 8561 8260
f 8561 8556 8257
f 8362 8328 8326
f 8315 8362 8333
f 8564 8565 8562
f 8568 8569 8566
f 8569 8571 8570
f 8574 8575 8572
f 8574 8573 8576
f 8578 8579 8574
f 8582 8583 8580
f 8583 8582 8584
f 8587 8564 8563
f 8573 8572 8588
f 8576 8573 8589
f 8584 8593 8591
f 8585 8584 8592
f 8596 8568 8567
f 8563 8562 8597
f 8586 8563 8598
f 8571 8601 8600
f 8603 8565 8564
f 8604 8602 8564
f 8607 8608 8605
f 8610 8611 8579
f 8612 8609 8579
f 8598 8597 8613
f 8599 8598 8614
f 8614 8613 8616
f 8615 8614 8617
f 8617 8616 8619
f 8618 8617 8620
f 8624 8625 8622
f 8627 8624 8623
f 8630 8631 8628
f 8633 8630 8629
f 8635 8633 8632
f 8637 8635 8634
f 8630 8639 8638
f 8633 8640 8639
f 8635 8641 8640
f 8637 8642 8641
f 8645 8646 8643
f 8648 8645 8644
f 8650 8648 8647
f 8652 8650 8649
f 8646 8645 8653
f 8645 8648 8655
f 8648 8650 8656
f 3670 8636 8634
f 3661 8634 8632
f 3654 8632 8629
f 3649 8629 8628
f 8657 8658 8595
f 8659 8657 8567
f 8660 8661 8570
f 8661 8659 8566
f 8623 8622 8662
f 8626 8623 8663
f 8643 8658 8657
f 8644 8657 8659
f 8647 8659 8661
f 8649 8661 8660
f 6886 3042 3041
f 8666 6887 6886
f 3041 3613 8667
f 8665 8667 8668
f 3613 3612 8669
f 8667 8669 8670
f 8672 3617 3616
f 8673 8674 8672
f 8671 3616 3621
f 8673 8671 8628
f 6888 6887 8666
f 8676 6889 6888
f 8666 8668 8677
f 8675 8677 8678
f 8668 8670 8679
f 8681 8674 8673
f 8680 8673 8631
f 8677 8679 8682
f 8684 8681 8680
f 8683 8680 8638
f 6890 6889 8676
f 8676 8678 8687
f 8689 8684 8683
f 8688 8683 8685
f 6891 6890 8686
f 8691 6892 6891
f 8692 6893 6892
f 8695 8696 8693
f 8607 8697 8696
f 8606 8698 8697
f 8700 8695 8694
f 8608 8607 8695
f 8701 8702 8700
f 8702 8703 8608
f 8706 8707 8704
f 8704 8707 8651
f 8705 8704 8708
f 8708 8704 8660
f 8710 8711 8709
f 8601 8710 8708
f 8711 8710 8712
f 8712 8710 8601
f 8715 8702 8701
f 8716 8703 8702
f 8713 8712 8717
f 8712 8603 8602
f 8608 8703 8719
f 8720 8719 8703
f 8642 8654 8653
f 8641 8653 8655
f 8640 8655 8656
f 8652 8651 8707
f 8688 8707 8706
f 8686 8693 8696
f 8690 8696 8697
f 8691 8697 8698
f 8723 8724 8721
f 8664 8663 8609
f 8682 8679 8681
f 8679 8670 8674
f 8670 8669 8672
f 8669 3612 3617
f 8594 8592 8724
f 8726 8637 8636
f 8728 8643 8646
f 8727 8646 8654
f 8725 8636 3670
f 8731 8595 8658
f 8730 8658 8643
f 8729 8654 8642
f 8726 8732 8642
f 8726 8725 8733
f 8728 8727 8735
f 8727 8729 8737
f 8725 4113 4116
f 8731 8730 8738
f 8730 8728 8736
f 8737 8729 8732
f 8734 8740 8732
f 8741 8742 8711
f 8744 8706 8705
f 8743 8705 8709
f 8711 8742 8745
f 8689 8706 8744
f 8746 8682 8684
f 8747 8748 8742
f 8750 8744 8743
f 8749 8743 8745
f 8742 8748 8751
f 8746 8744 8750
f 8678 8682 8746
f 8701 8748 8747
f 8693 8750 8749
f 8694 8749 8751
f 8751 8748 8701
f 8687 8750 8693
f 8753 8715 8714
f 8754 8716 8715
f 8755 8720 8716
f 8756 8741 8713
f 8757 8747 8741
f 8752 8714 8747
f 8758 8596 8595
f 8759 8758 8731
f 8762 8763 8760
f 8766 8761 8764
f 8764 8768 8767
f 8769 8762 8761
f 8771 8766 8765
f 8765 8767 8772
f 8773 8769 8766
f 8775 8771 8770
f 8770 8772 8776
f 8777 8773 8771
f 8779 8775 8774
f 8774 8776 8780
f 8781 8777 8775
f 8784 8785 8782
f 8787 8785 8784
f 8788 8789 8779
f 8780 8782 8788
f 8791 8789 8788
f 8788 8782 8785
f 8792 8793 8789
f 8795 8791 8790
f 8794 8790 8785
f 8795 8796 8792
f 8798 8784 8783
f 8799 8786 8784
f 8801 8735 8737
f 8800 8737 8740
f 8803 8802 8740
f 8803 8734 8733
f 8804 8733 4116
f 8807 8808 8805
f 8809 8810 8808
f 8812 8810 8809
f 8813 8814 8812
f 4121 4120 8814
f 8816 8810 8812
f 8815 8812 8814
f 8818 8819 8805
f 8818 8808 8810
f 8817 8814 4120
f 8821 8818 8816
f 8820 8816 8815
f 8822 8815 8817
f 8823 8817 4127
f 8825 8768 8764
f 8824 8764 8761
f 8621 8620 8826
f 8829 8759 8739
f 8828 8739 8738
f 8830 8738 8736
f 8801 8831 8736
f 8832 8833 8624
f 8763 8835 8834
f 8760 8834 8836
f 8824 8836 8837
f 8825 8837 8806
f 8768 8825 8805
f 8767 8768 8819
f 8838 8819 8818
f 8772 8767 8838
f 8840 8776 8772
f 8780 8776 8840
f 8782 8780 8841
f 8520 8842 4138
f 4129 4138 8842
f 8842 8520 8521
f 8823 8842 8843
f 8844 8843 8521
f 8843 8844 8820
f 8820 8844 8845
f 8844 8524 8526
f 8839 8847 8846
f 8840 8846 8848
f 8783 8841 8848
f 8846 8847 8849
f 8848 8846 8850
f 8849 8534 8533
f 8850 8533 8535
f 8797 8848 8851
f 8535 8537 8852
f 8853 8854 8538
f 8544 8543 8855
f 8544 8856 8852
f 8813 8804 4118
f 8811 8803 8804
f 8811 8809 8802
f 8807 8800 8802
f 8800 8807 8806
f 8831 8801 8806
f 8830 8831 8837
f 8828 8830 8836
f 8835 8829 8828
f 8857 8858 8833
f 8827 8826 8833
f 8717 8860 8859
f 8862 8753 8752
f 8863 8754 8753
f 8864 8755 8754
f 8865 8756 8718
f 8866 8757 8756
f 8757 8866 8861
f 8860 8717 8602
f 8781 8779 8789
f 8722 8721 8854
f 8855 8799 8798
f 8852 8856 8798
f 8847 8821 8845
f 8849 8845 8526
f 8839 8838 8821
f 8588 8867 8581
f 8590 8589 8581
f 8543 8558 8868
f 8855 8868 8869
f 8799 8869 8870
f 8786 8870 8591
f 8787 8591 8593
f 8794 8593 8871
f 8871 8867 8796
f 8796 8867 8588
f 8792 8588 8572
f 8793 8572 8575
f 8781 8575 8611
f 8777 8611 8610
f 8773 8610 8662
f 8769 8662 8622
f 8762 8622 8625
f 8763 8625 8858
f 8835 8858 8857
f 8829 8857 8619
f 8759 8619 8616
f 8758 8616 8613
f 8596 8613 8597
f 8568 8597 8562
f 8569 8562 8565
f 8571 8565 8603
f 8575 8574 8579
f 8609 8663 8662
f 8625 8624 8833
f 8826 8620 8619
f 8558 8538 8854
f 8854 8721 8869
f 8869 8721 8724
f 8724 8592 8591
f 8593 8584 8582
f 8582 8581 8867
f 8685 8656 8650
f 8638 8639 8656
f 8874 8875 8872
f 8878 8879 8876
f 8882 8883 8880
f 8885 8874 8873
f 8887 8885 8884
f 8890 8891 8888
f 8892 8893 8890
f 8894 8895 8892
f 8896 8894 8889
f 8899 8900 8897
f 8903 8904 8901
f 8907 8908 8905
f 8911 8912 8909
f 8915 8916 8913
f 8285 8917 8872
f 8875 8396 8282
f 8917 8285 8375
f 8919 8397 8396
f 8369 8920 8918
f 8921 8922 8900
f 8904 8924 8923
f 8925 8926 8922
f 8880 8883 8927
f 8913 8916 8929
f 8932 8878 8877
f 8935 8936 8933
f 8934 8938 8937
f 8932 8931 8933
f 8939 8434 8397
f 8942 8943 8940
f 8946 8947 8944
f 8949 8937 8938
f 8950 8553 8434
f 8908 8952 8951
f 8953 8954 8909
f 8881 8880 8916
f 8916 8880 8928
f 8956 8947 8946
f 8959 8960 8957
f 8962 8959 8958
f 8962 8961 8940
f 8947 8956 8957
f 8874 8963 8919
f 8963 8964 8939
f 8965 8966 8943
f 8964 8967 8950
f 8968 8969 8960
f 8970 8968 8959
f 8970 8962 8943
f 8944 8947 8960
f 8971 8972 8894
f 8972 8973 8895
f 8974 8975 8885
f 8975 8963 8874
f 8976 8977 8972
f 8977 8978 8973
f 8979 8980 8975
f 8980 8964 8963
f 8981 8982 8977
f 8982 8983 8978
f 8984 8985 8980
f 8985 8967 8964
f 8988 8989 8986
f 8989 8991 8990
f 8994 8995 8992
f 8992 8995 8966
f 8945 8944 8996
f 8996 8944 8969
f 8968 8999 8998
f 8968 8970 9000
f 8997 8996 9001
f 9001 8996 8998
f 8999 9004 9003
f 8999 9000 9005
f 9008 9009 9006
f 9006 9009 9010
f 9012 9013 9011
f 9012 9015 9014
f 9007 9006 9016
f 9016 9006 9011
f 9013 9019 9018
f 9013 9014 9020
f 9023 9024 9021
f 9021 9024 9025
f 9027 9028 9026
f 8924 9028 9027
f 9020 9014 8989
f 9014 9015 8991
f 9005 9000 8995
f 9000 8970 8966
f 9031 9032 9029
f 9035 9036 9033
f 9037 9038 9036
f 9034 9033 8926
f 9029 9032 9038
f 8892 8895 8887
f 8973 8974 8887
f 8973 8978 8979
f 8983 8984 8979
f 8990 8991 8994
f 9015 9005 8994
f 9004 9005 9015
f 9012 9010 9003
f 9009 9001 9003
f 9001 9009 9008
f 9041 9042 9039
f 9042 8918 8920
f 9044 9041 9040
f 9046 9044 9043
f 9049 9050 9047
f 9050 9046 9045
f 9051 9052 8876
f 9053 9054 9042
f 9054 8917 8918
f 9055 9053 9041
f 8893 9055 9044
f 8891 8890 9050
f 8890 8893 9046
f 9053 9055 8886
f 8893 8892 8886
f 8884 8873 9054
f 9054 8873 8872
f 9058 9059 9056
f 9058 9057 9060
f 9061 9060 9062
f 9065 8954 8953
f 8553 8950 8942
f 8950 8967 8965
f 8967 8985 8992
f 8985 8984 8993
f 8984 8983 8990
f 8983 8982 8986
f 8982 8981 8987
f 8949 8948 8903
f 9068 9069 9066
f 9069 9071 9070
f 9071 9073 9072
f 9073 9075 9074
f 9075 9077 9076
f 9077 9079 9078
f 9079 9081 9080
f 9081 9083 9082
f 9083 9085 9084
f 9085 9087 9086
f 9087 9089 9088
f 8927 8931 8877
f 8928 8877 8876
f 8929 8876 9052
f 8910 8909 8915
f 8909 8954 8881
f 8954 9065 8882
f 9062 9060 8912
f 9060 9057 8953
f 9064 8953 9057
f 9016 9024 9023
f 9024 9016 9018
f 9018 9019 9027
f 8923 9027 9019
f 8923 9020 8988
f 8901 8988 8987
f 8987 8981 8949
f 8981 8976 8937
f 8937 8976 8971
f 8971 8896 8936
f 8888 8932 8936
f 8888 8891 8878
f 8891 9049 8879
f 9049 9048 9051
f 8905 8951 9058
f 8906 8905 9061
f 9090 9091 8908
f 9091 9092 8952
f 9092 9094 9093
f 9097 9098 9095
f 9101 9102 9099
f 9105 9106 9103
f 9108 9106 9105
f 9109 9110 9106
f 9110 9111 9103
f 9114 9115 9112
f 9118 9119 9116
f 9122 9123 9120
f 9126 9127 9124
f 9130 9131 9128
f 9134 9135 9132
f 9135 9137 9136
f 9137 9139 9138
f 8606 8605 9133
f 8719 9134 9133
f 9140 9141 8698
f 9142 9134 8719
f 8692 8698 9141
f 9145 9114 9113
f 9117 9116 9146
f 9149 9145 9144
f 9099 9151 9150
f 9128 9153 9152
f 9154 9155 9098
f 9158 9159 9156
f 9159 9158 9160
f 9155 9154 9157
f 9162 9142 8720
f 9165 9166 9163
f 9167 9168 9161
f 9169 9162 8755
f 9121 9120 9170
f 9173 9125 9124
f 9102 9130 9129
f 9129 9152 9151
f 8955 8946 9174
f 9178 9179 9176
f 9180 9181 9177
f 9180 9164 9163
f 9135 9134 9142
f 9182 9142 9162
f 9185 9165 9164
f 9183 9162 9169
f 9179 9188 9187
f 9189 9180 9176
f 9189 9184 9164
f 8946 8945 9190
f 9192 9111 9110
f 9191 9110 9109
f 9195 9139 9137
f 9194 9137 9135
f 9197 9192 9191
f 9196 9191 9193
f 9200 9195 9194
f 9199 9194 9182
f 9202 9197 9196
f 9201 9196 9198
f 9205 9200 9199
f 9204 9199 9183
f 9208 9209 9206
f 9207 9206 9210
f 9214 9215 9212
f 9212 9185 9184
f 8945 8997 9216
f 9217 9218 9187
f 9187 9218 9219
f 8997 9002 9220
f 9221 9222 9218
f 9218 9222 9223
f 9008 9007 9224
f 9228 9229 9226
f 9229 9228 9230
f 9007 9017 9232
f 9233 9234 9228
f 9228 9234 9235
f 9238 9239 9236
f 9147 9146 9239
f 9235 9208 9207
f 9230 9207 9211
f 9223 9214 9213
f 9219 9213 9184
f 9031 9030 9240
f 9244 9245 9242
f 9246 9247 9244
f 9245 9149 9148
f 9023 9022 9248
f 9138 9139 9109
f 9193 9109 9139
f 9193 9195 9200
f 9203 9198 9200
f 9210 9215 9214
f 9231 9211 9214
f 9222 9229 9231
f 9222 9221 9226
f 9002 9008 9225
f 9252 9253 9250
f 9251 9250 9143
f 9254 9255 9253
f 9256 9257 9255
f 9260 9261 9258
f 9259 9258 9257
f 9263 9096 9095
f 9265 9252 9251
f 9264 9251 9141
f 9266 9254 9252
f 9107 9256 9254
f 9104 9260 9259
f 9105 9259 9256
f 9265 9136 9138
f 9107 9266 9138
f 9136 9265 9264
f 9264 9140 9133
f 9269 9270 9267
f 9269 9272 9271
f 9272 9274 9273
f 9275 9276 9173
f 8864 9166 9165
f 9169 9165 9185
f 9186 9185 9212
f 9204 9212 9215
f 9205 9215 9210
f 9203 9210 9206
f 9201 9206 9209
f 9167 9119 9118
f 9278 8189 8188
f 8190 8189 9278
f 9280 8191 8190
f 8192 8191 9280
f 9282 8193 8192
f 8194 8193 9282
f 9284 8195 8194
f 9285 8196 8195
f 9286 8197 8196
f 9287 9277 8188
f 9288 9287 8187
f 9289 9288 8186
f 9290 9289 8185
f 9291 9290 8184
f 9292 9291 8183
f 9293 9292 8182
f 9294 9293 8181
f 9295 9294 8180
f 9296 9295 8179
f 9297 9296 8178
f 9298 9297 8177
f 9150 9151 9098
f 9151 9152 9095
f 9152 9153 9262
f 9127 9131 9130
f 9124 9130 9102
f 9172 9102 9101
f 9273 9126 9125
f 9271 9125 9173
f 9276 9267 9270
f 9017 9023 9249
f 9236 9239 9234
f 9146 9235 9234
f 9146 9116 9208
f 9116 9119 9209
f 9209 9119 9167
f 9202 9167 9160
f 9160 9158 9192
f 9192 9158 9157
f 9157 9154 9103
f 9103 9154 9097
f 9104 9097 9096
f 9260 9096 9263
f 9120 9272 9269
f 9123 9274 9272
f 9300 9122 9121
f 9299 9121 9171
f 9301 9171 9302
f 7628 8166 9091
f 8167 7899 9300
f 9092 8169 8168
f 8171 9301 9303
f 9091 8166 8169
f 8167 9299 9301
f 9305 8234 8233
f 9304 8233 8232
f 9306 8232 8231
f 9307 8231 8230
f 9308 8230 8229
f 9309 8229 8228
f 9310 8228 8227
f 9311 8227 8226
f 9312 8226 8225
f 9313 8225 8224
f 9314 8224 8223
f 9315 8223 8222
f 9317 9316 8222
f 8221 8220 9318
f 9319 9318 8220
f 8219 8218 9320
f 9321 9320 8218
f 8217 8216 9322
f 9323 9322 8216
f 9324 9323 8215
f 8213 9325 9324
f 9326 9327 9297
f 9327 9328 9296
f 9328 9329 9295
f 9329 9330 9294
f 9330 9331 9293
f 9331 9332 9292
f 9332 9333 9291
f 9333 9334 9290
f 9334 9335 9289
f 9335 9336 9288
f 9336 9337 9287
f 9337 9338 9277
f 9338 9339 9278
f 9279 9278 9339
f 9340 9341 9280
f 9281 9280 9341
f 9342 9343 9282
f 9283 9282 9343
f 9344 9345 9284
f 9345 9346 9285
f 9347 9348 9305
f 9349 9347 9304
f 9350 9349 9306
f 9351 9350 9307
f 9352 9351 9308
f 9353 9352 9309
f 9354 9353 9310
f 9355 9354 9311
f 9356 9355 9312
f 9357 9356 9313
f 9358 9357 9314
f 9359 9358 9315
f 9360 9359 9316
f 9317 9318 9361
f 9362 9361 9318
f 9319 9320 9363
f 9364 9363 9320
f 9321 9322 9365
f 9366 9365 9322
f 9367 9366 9323
f 9368 9369 9327
f 9369 9370 9328
f 9370 9371 9329
f 9371 9372 9330
f 9372 9373 9331
f 9373 9374 9332
f 9374 9375 9333
f 9375 9376 9334
f 9376 9377 9335
f 9377 9378 9336
f 9378 9379 9337
f 9379 9380 9338
f 9380 9381 9339
f 9381 9382 9340
f 9382 9383 9341
f 9383 9384 9342
f 9384 9385 9343
f 9385 9386 9344
f 9386 9387 9345
f 9387 9388 9346
f 9389 9390 9348
f 9391 9389 9347
f 9392 9391 9349
f 9393 9392 9350
f 9394 9393 9351
f 9395 9394 9352
f 9396 9395 9353
f 9397 9396 9354
f 9398 9397 9355
f 9399 9398 9356
f 9400 9399 9357
f 9401 9400 9358
f 9402 9401 9359
f 9403 9402 9360
f 9404 9403 9361
f 9405 9404 9362
f 9406 9405 9363
f 9407 9406 9364
f 9408 9407 9365
f 9409 9408 9366
f 9410 9411 9369
f 9411 9412 9370
f 9412 9413 9371
f 9413 9414 9372
f 9414 9415 9373
f 9415 9416 9374
f 9416 9417 9375
f 9417 9418 9376
f 9418 9419 9377
f 9419 9420 9378
f 9420 9421 9379
f 9423 9424 9422
f 9425 9426 9390
f 9427 9425 9389
f 9428 9427 9391
f 9429 9428 9392
f 9430 9429 9393
f 9431 9430 9394
f 9432 9431 9395
f 9433 9432 9396
f 9434 9433 9397
f 9435 9434 9398
f 9436 9435 9399
f 9438 9439 9409
f 9440 9441 9411
f 9441 9442 9412
f 9442 9443 9413
f 9443 9444 9414
f 9444 9445 9415
f 9445 9446 9416
f 9446 9447 9417
f 9447 9448 9418
f 9448 9449 9419
f 9449 9450 9420
f 9450 9451 9421
f 9452 9453 9424
f 9086 9088 9426
f 9084 9086 9425
f 9082 9084 9427
f 9080 9082 9428
f 9078 9080 9429
f 9076 9078 9430
f 9074 9076 9431
f 9072 9074 9432
f 9070 9072 9433
f 9066 9070 9434
f 9067 9066 9435
f 9456 9457 9454
f 9458 9459 9441
f 9459 9460 9442
f 9460 9461 9443
f 9461 9462 9444
f 9462 9463 9445
f 9463 9464 9446
f 9464 9465 9447
f 9465 9466 9448
f 9466 9467 9449
f 9467 9468 9450
f 9468 9469 9451
f 9472 9473 9470
f 9474 9408 9409
f 9387 9475 9423
f 9457 9477 9476
f 9423 9475 9478
f 9481 9482 9479
f 9471 9484 9483
f 9485 9407 9408
f 9386 9486 9475
f 9477 9488 9487
f 9475 9486 9489
f 9482 9491 9490
f 9484 9493 9492
f 9494 9406 9407
f 9385 9495 9486
f 9488 9497 9496
f 9486 9495 9498
f 9491 9500 9499
f 9493 9502 9501
f 9503 9405 9406
f 9384 9504 9495
f 9500 9506 9505
f 9502 9508 9507
f 9510 9402 9403
f 9381 9512 9511
f 9513 9401 9402
f 9380 9514 9512
f 9436 9400 9401
f 9379 9421 9514
f 9516 9073 9071
f 9466 9518 9517
f 9519 9075 9073
f 9465 9520 9518
f 9521 9077 9075
f 9464 9522 9520
f 9523 9079 9077
f 9463 9524 9522
f 9525 9526 8237
f 9305 9527 8235
f 9527 9525 8236
f 9526 9528 8238
f 9529 9530 8174
f 9531 9298 8176
f 9530 9531 8175
f 9532 9529 8173
f 9533 9534 9526
f 9348 9535 9527
f 9535 9533 9525
f 9534 9536 9528
f 9537 9538 9530
f 9539 9326 9298
f 9538 9539 9531
f 9540 9537 9529
f 9542 9496 9497
f 9495 9504 9543
f 9544 9545 9510
f 9546 9547 9511
f 9545 9548 9513
f 9549 9546 9512
f 9548 9067 9436
f 9451 9549 9514
f 9550 9551 9545
f 9552 9553 9547
f 9551 9554 9548
f 9555 9552 9546
f 9554 9068 9067
f 9469 9555 9549
f 9558 9559 9556
f 9562 9563 9560
f 9566 9567 9564
f 9569 9566 9565
f 9564 9567 9557
f 9558 9571 9570
f 9573 9563 9562
f 9571 9575 9574
f 9577 9573 9572
f 9575 9516 9515
f 9518 9577 9576
f 9578 9579 9558
f 9563 9581 9580
f 9583 9567 9566
f 9582 9566 9569
f 9567 9583 9578
f 9579 9585 9571
f 9586 9581 9563
f 9585 9587 9575
f 9588 9586 9573
f 9587 9519 9516
f 9520 9588 9577
f 9589 9590 9579
f 9581 9592 9591
f 9594 9583 9582
f 9593 9582 9584
f 9583 9594 9589
f 9590 9596 9585
f 9597 9592 9581
f 9596 9598 9587
f 9599 9597 9586
f 9598 9521 9519
f 9522 9599 9588
f 9600 9601 9590
f 9592 9603 9602
f 9605 9594 9593
f 9604 9593 9595
f 9594 9605 9600
f 9601 9607 9596
f 9608 9603 9592
f 9607 9609 9598
f 9610 9608 9597
f 9609 9523 9521
f 9524 9610 9599
f 9611 9081 9079
f 9462 9612 9524
f 9613 9614 9601
f 9603 9616 9615
f 9618 9605 9604
f 9617 9604 9606
f 9605 9618 9613
f 9614 9620 9607
f 9621 9616 9603
f 9620 9622 9609
f 9623 9621 9608
f 9622 9611 9523
f 9612 9623 9610
f 9624 9083 9081
f 9461 9625 9612
f 9626 9627 9614
f 9616 9629 9628
f 9631 9618 9617
f 9630 9617 9619
f 9618 9631 9626
f 9627 9633 9620
f 9634 9629 9616
f 9633 9635 9622
f 9636 9634 9621
f 9635 9624 9611
f 9625 9636 9623
f 9637 9085 9083
f 9460 9638 9625
f 9639 9640 9627
f 9629 9642 9641
f 9644 9631 9630
f 9643 9630 9632
f 9631 9644 9639
f 9640 9646 9633
f 9647 9642 9629
f 9646 9648 9635
f 9649 9647 9634
f 9648 9637 9624
f 9638 9649 9636
f 9650 9087 9085
f 9459 9651 9638
f 9652 9653 9640
f 9642 9655 9654
f 9657 9644 9643
f 9656 9643 9645
f 9644 9657 9652
f 9653 9659 9646
f 9660 9655 9642
f 9659 9661 9648
f 9662 9660 9647
f 9661 9650 9637
f 9651 9662 9649
f 9663 9089 9087
f 9458 9664 9651
f 9665 9666 9653
f 9655 9668 9667
f 9670 9657 9656
f 9669 9656 9658
f 9657 9670 9665
f 9666 9672 9659
f 9673 9668 9655
f 9672 9674 9661
f 9675 9673 9660
f 9674 9663 9650
f 9664 9675 9662
f 9676 9677 9088
f 9678 9535 9348
f 9679 9678 9390
f 9677 9679 9426
f 9680 9676 9089
f 9681 9682 9666
f 9684 9669 9671
f 9670 9685 9681
f 9682 9686 9672
f 9686 9687 9674
f 9687 9680 9663
f 9685 9670 9669
f 9668 9689 9688
f 9689 9668 9673
f 9690 9673 9675
f 9691 9675 9664
f 9692 9664 9458
f 9693 9458 9440
f 9694 9440 9410
f 9695 9410 9368
f 9326 9539 9696
f 9115 9114 9693
f 9114 9145 9692
f 9145 9149 9691
f 9149 9245 9690
f 9245 9244 9689
f 9244 9247 9688
f 9030 9684 9683
f 9029 9685 9684
f 9685 9029 9037
f 9037 9035 9682
f 9035 9034 9686
f 9034 8925 9687
f 8925 8921 9680
f 8921 8899 9676
f 8899 8898 9677
f 9094 8168 8238
f 8170 9303 9532
f 9093 9094 9528
f 9303 9302 9540
f 9697 9698 8897
f 9699 9697 8900
f 9700 9699 8922
f 9702 9032 9031
f 9703 9704 9033
f 9038 9705 9703
f 9704 9700 8926
f 9032 9702 9705
f 9706 9707 9113
f 9707 9708 9144
f 9708 9709 9148
f 9701 9031 9241
f 9711 9712 9243
f 9712 9713 9246
f 9709 9711 9242
f 9538 9714 9696
f 9714 9715 9695
f 9715 9115 9694
f 8898 9716 9679
f 9716 9717 9678
f 9717 9533 9535
f 9537 9718 9714
f 9718 9719 9715
f 9719 9112 9115
f 8897 9720 9716
f 9720 9721 9717
f 9721 9534 9533
f 9540 9722 9718
f 9722 9723 9719
f 9723 9706 9112
f 9698 9724 9720
f 9724 9725 9721
f 9725 9536 9534
f 9726 9727 9697
f 9728 9729 9708
f 9727 9730 9698
f 9731 9728 9707
f 9302 9732 9722
f 9732 9733 9723
f 9733 9731 9706
f 9730 9734 9724
f 9734 9735 9725
f 9735 9093 9536
f 9736 9737 9727
f 9738 9739 9729
f 9737 9740 9730
f 9741 9738 9728
f 9742 9743 9732
f 9743 9744 9733
f 9744 9741 9731
f 9740 9745 9734
f 9745 9746 9735
f 9746 9747 9093
f 9748 9749 9737
f 9750 9751 9738
f 9268 9752 9743
f 9752 9753 9744
f 9753 9750 9741
f 9754 9755 9745
f 9755 9756 9746
f 9059 9747 9746
f 9754 9740 9737
f 9756 9757 9056
f 9757 9758 9064
f 9758 9759 9065
f 9759 9760 8882
f 9760 9761 8883
f 9761 9762 8927
f 8927 9762 8933
f 9267 9763 9752
f 9764 9763 9267
f 9765 9764 9276
f 9766 9765 9275
f 9767 9766 9101
f 9768 9767 9100
f 9156 9768 9150
f 9769 9726 9699
f 9771 9702 9701
f 9772 9773 9704
f 9705 9774 9772
f 9773 9769 9700
f 9702 9771 9774
f 9729 9775 9709
f 9770 9701 9710
f 9777 9778 9712
f 9778 9779 9713
f 9775 9777 9711
f 9780 9736 9726
f 9782 9771 9770
f 9783 9784 9773
f 9774 9785 9783
f 9784 9780 9769
f 9771 9782 9785
f 9739 9786 9775
f 9781 9770 9776
f 9788 9789 9778
f 9789 9790 9779
f 9786 9788 9777
f 9791 9748 9736
f 9793 9782 9781
f 9794 9795 9784
f 9785 9796 9794
f 9795 9791 9780
f 9782 9793 9796
f 9797 9739 9738
f 9798 9786 9739
f 9792 9781 9787
f 9801 9789 9788
f 9801 9802 9790
f 9800 9788 9786
f 9763 9803 9753
f 9803 9804 9750
f 9804 9805 9751
f 9805 9806 9797
f 9806 9807 9798
f 9807 9808 9800
f 9808 9809 9801
f 9809 9810 9802
f 9812 9792 9799
f 9813 9793 9792
f 9793 9813 9814
f 9814 9815 9794
f 9815 9816 9795
f 9816 9817 9791
f 9817 9818 9748
f 9818 9819 9749
f 9819 9820 9754
f 9820 9821 9755
f 9821 9757 9756
f 9764 9822 9803
f 9822 9823 9804
f 9823 9824 9805
f 9824 9825 9806
f 9825 9826 9807
f 9826 9827 9808
f 9827 9828 9809
f 9828 9829 9810
f 9831 9812 9811
f 9832 9813 9812
f 9813 9832 9833
f 9833 9834 9815
f 9834 9835 9816
f 9835 9836 9817
f 9836 9837 9818
f 9837 9838 9819
f 9838 9839 9820
f 9839 9840 9821
f 9840 9758 9757
f 9765 9841 9822
f 9841 9842 9823
f 9842 9843 9824
f 9843 9844 9825
f 9844 9845 9826
f 9845 9846 9827
f 9846 9847 9828
f 9847 9848 9829
f 9850 9831 9830
f 9851 9832 9831
f 9832 9851 9852
f 9852 9853 9834
f 9853 9854 9835
f 9854 9855 9836
f 9855 9856 9837
f 9856 9857 9838
f 9857 9858 9839
f 9858 9859 9840
f 9859 9759 9758
f 9766 9860 9841
f 9860 9861 9842
f 9861 9862 9843
f 9862 9863 9844
f 9863 9864 9845
f 9864 9865 9846
f 9865 9866 9847
f 9866 9867 9848
f 9869 9850 9849
f 9870 9851 9850
f 9851 9870 9871
f 9871 9872 9853
f 9872 9873 9854
f 9873 9874 9855
f 9874 9875 9856
f 9875 9876 9857
f 9876 9877 9858
f 9877 9878 9859
f 9878 9760 9759
f 9767 9879 9860
f 9879 9880 9861
f 9880 9881 9862
f 9881 9882 9863
f 9882 9883 9864
f 9883 9884 9865
f 9884 9885 9866
f 9885 9886 9867
f 9888 9869 9868
f 9889 9870 9869
f 9870 9889 9890
f 9890 9891 9872
f 9891 9892 9873
f 9892 9893 9874
f 9893 9894 9875
f 9894 9895 9876
f 9895 9896 9877
f 9896 9897 9878
f 9897 9761 9760
f 9768 9898 9879
f 9898 9899 9880
f 9899 9900 9881
f 9900 9901 9882
f 9901 9902 9883
f 9902 9903 9884
f 9903 9904 9885
f 9904 9905 9886
f 9907 9888 9887
f 9908 9889 9888
f 9889 9908 9909
f 9909 9910 9891
f 9910 9911 9892
f 9911 9912 9893
f 9912 9913 9894
f 9913 9914 9895
f 9914 9915 9896
f 9915 9916 9897
f 9916 9762 9761
f 9156 9159 9898
f 9159 9161 9899
f 9161 9168 9900
f 9168 9118 9901
f 9118 9117 9902
f 9117 9147 9903
f 9147 9238 9904
f 9238 9237 9905
f 9022 9907 9906
f 9021 9908 9907
f 9908 9021 9026
f 9026 9028 9910
f 9028 8924 9911
f 8924 8904 9912
f 8904 8903 9913
f 8903 8948 9914
f 8948 8938 9915
f 8938 8934 9916
f 8934 8933 9762
f 9170 9269 9268
f 9058 8951 9747
f 9171 9170 9742
f 8951 8952 9093
f 9286 9917 8198
f 8212 9918 9325
f 9917 9919 8199
f 9920 9918 8212
f 9919 9921 8200
f 9922 9920 8211
f 9921 9923 8201
f 9924 9922 8210
f 9925 9926 8206
f 9923 9927 8202
f 9928 9924 8209
f 9927 9929 8203
f 9930 9928 8208
f 8206 9926 9930
f 8203 9929 9931
f 9931 9925 8205
f 9932 9422 9917
f 9918 9437 9933
f 9422 9424 9919
f 9438 9437 9918
f 9424 9453 9921
f 9455 9438 9920
f 9453 9934 9923
f 9456 9455 9922
f 9935 9936 9926
f 9934 9470 9927
f 9937 9456 9924
f 9470 9473 9929
f 9938 9937 9928
f 9930 9926 9936
f 9931 9929 9473
f 9939 9935 9925
f 9346 9932 9286
f 9933 9367 9324
f 9346 9388 9422
f 9933 9437 9409
f 9503 9494 9496
f 9496 9494 9485
f 9487 9485 9474
f 9476 9474 9439
f 9454 9439 9438
f 9179 9178 9175
f 9188 9179 9174
f 9217 9188 9190
f 9221 9217 9216
f 9226 9221 9220
f 9227 9226 9225
f 9233 9227 9224
f 9236 9233 9232
f 9237 9236 9249
f 9905 9237 9248
f 9886 9905 9906
f 9867 9886 9887
f 9848 9867 9868
f 9829 9848 9849
f 9810 9829 9830
f 9802 9810 9811
f 9790 9802 9799
f 9779 9790 9787
f 9713 9779 9776
f 9246 9713 9710
f 9247 9246 9241
f 9688 9247 9240
f 9667 9688 9683
f 9654 9667 9671
f 9641 9654 9658
f 9628 9641 9645
f 9615 9628 9632
f 9602 9615 9619
f 9591 9602 9606
f 9580 9591 9595
f 9560 9580 9584
f 9561 9560 9569
f 9940 9941 9508
f 9940 9502 9493
f 9942 9493 9484
f 9943 9484 9471
f 9471 9470 9934
f 9937 9945 9457
f 9945 9946 9477
f 9946 9947 9488
f 9947 9948 9497
f 9541 9497 9948
f 9944 9934 9453
f 9452 9478 9943
f 9478 9489 9942
f 9489 9498 9940
f 9498 9543 9941
f 9952 9953 9950
f 9951 9950 9954
f 9955 9954 9956
f 9957 9956 9958
f 9505 9949 9948
f 9499 9948 9947
f 9490 9947 9946
f 9479 9946 9945
f 9480 9945 9937
f 9958 9956 9482
f 9956 9954 9491
f 9954 9950 9500
f 9950 9953 9506
f 9472 9483 9957
f 9483 9492 9955
f 9492 9501 9951
f 9501 9507 9952
f 9960 9404 9405
f 9383 9961 9504
f 9509 9403 9404
f 9382 9511 9961
f 9960 9962 9544
f 9963 9961 9511
f 9503 9542 9962
f 9543 9504 9961
f 9963 9964 9941
f 9965 9962 9542
f 9962 9965 9550
f 9964 9963 9547
f 9966 9965 9541
f 9964 9967 9508
f 9968 9550 9965
f 9553 9969 9967
f 9970 9551 9550
f 9552 9971 9969
f 9972 9554 9551
f 9555 9973 9971
f 9974 9068 9554
f 9469 9975 9973
f 9976 9069 9068
f 9468 9977 9975
f 9515 9071 9069
f 9467 9517 9977
f 9978 9979 9506
f 9980 9978 9953
f 9981 9980 9952
f 9979 9982 9505
f 9983 9984 9980
f 9984 9985 9978
f 9985 9986 9979
f 9986 9987 9982
f 9966 9949 9505
f 9508 9967 9981
f 9988 9989 9562
f 9561 9568 9990
f 9568 9565 9991
f 9565 9564 9992
f 9564 9556 9993
f 9996 9997 9994
f 9997 9999 9998
f 9999 10001 10000
f 10001 10003 10002
f 10006 10007 10004
f 10007 10009 10008
f 10009 10011 10010
f 10011 10013 10012
f 10014 9993 9556
f 10015 10014 9559
f 9989 10016 9572
f 10017 10015 9570
f 10016 10018 9576
f 9976 10017 9574
f 10018 9977 9517
f 9982 9987 9968
f 9983 9981 9967
f 10020 10004 10008
f 10019 10008 10010
f 10022 10005 10004
f 10021 10010 10012
f 10000 10002 10024
f 9998 10000 10025
f 9994 9998 10026
f 9995 9994 10027
f 10025 10024 10013
f 10026 10025 10011
f 10027 10026 10009
f 10028 10027 10007
f 9987 9986 10021
f 9986 9985 10019
f 9985 9984 10020
f 9984 9983 10022
f 10003 10029 10024
f 10030 9996 9995
f 10013 10024 10029
f 10028 10006 10032
f 10012 10013 10031
f 10006 10005 10034
f 10032 10034 10018
f 10030 10032 10016
f 9988 9996 10030
f 9988 9990 9997
f 9990 9991 9999
f 9991 9992 10001
f 9992 9993 10003
f 10014 10029 10003
f 10031 10029 10014
f 10033 10031 10015
f 9976 9974 10033
f 9975 9977 10018
f 9973 9975 10034
f 9974 9972 10012
f 9970 9968 9987
f 9969 9971 10022
f 9972 9970 10023
f 9971 9973 10005
f 9939 9473 9472
f 9938 9936 9481
f 9959 9958 9935
f 9958 9481 9936
f 9143 9250 10035
f 7899 7898 10037
f 6266 6350 10038
f 6390 6389 10039
f 10035 9250 9253
f 10043 6197 6196
f 10044 6205 6197
f 10045 6231 6205
f 9123 9122 10046
f 10049 9153 9128
f 6282 6281 10050
f 9127 9126 10052
f 9128 9131 10054
f 6311 6310 10055
f 10057 6339 6311
f 10059 6383 6386
f 10060 6256 6231
f 10061 6257 6256
f 10062 6786 6785
f 10042 6196 6786
f 9143 10036 6893
f 10063 10064 6374
f 9253 9255 10065
f 9255 9257 10066
f 9258 9261 10067
f 9257 9258 10068
f 10069 10070 9263
f 10072 9273 9274
f 9262 9153 10049
f 10055 6310 6282
f 6373 6339 10057
f 10054 9131 9127
f 6386 6374 10064
f 9126 9273 10072
f 10070 10067 9261
f 10061 10050 6281
f 9274 9123 10047
f 10039 6389 6383
f 6350 6390 10040
f 9122 9300 10037
f 6893 10036 10062
f 10036 10035 10042
f 10035 10041 10043
f 10041 10065 10044
f 10065 10066 10045
f 10066 10068 10060
f 10068 10067 10061
f 10067 10070 10050
f 10050 10070 10069
f 10069 10049 10055
f 10056 10055 10049
f 10048 10054 10057
f 10063 10057 10054
f 10053 10052 10064
f 10064 10052 10072
f 10072 10071 10059
f 10071 10047 10039
f 10040 10039 10047
f 10038 10040 10046
f 10038 10037 7898
f 8920 10074 10073
f 7628 9090 10075
f 10076 7616 7625
f 10079 10080 10077
f 10073 10081 9040
f 10081 10073 10082
f 10085 10081 10083
f 10087 10085 10084
f 8906 10077 10080
f 10088 10089 8913
f 10092 10093 10090
f 8910 10095 10094
f 8913 10089 10096
f 10098 10089 10088
f 10096 10089 10098
f 10102 10103 10100
f 10105 10087 10086
f 10107 10105 10104
f 10074 7519 7518
f 10073 10074 10108
f 8920 8369 7519
f 10094 10095 10109
f 9040 10081 10085
f 9043 10085 10087
f 9047 10105 10107
f 9045 10087 10105
f 10090 9052 9051
f 10103 10102 9063
f 9052 10090 10088
f 10088 10090 10093
f 10109 10095 10096
f 10096 10095 8910
f 10110 10100 10103
f 8911 10094 10103
f 10091 9051 9048
f 10091 10107 10106
f 9063 10102 10077
f 10077 10102 10101
f 10076 10075 10080
f 8907 10080 10075
f 10108 7518 7512
f 10082 10108 7513
f 10083 10082 6923
f 10084 10083 6926
f 10086 10084 6932
f 10104 10086 6955
f 10106 10104 6975
f 10106 6978 6998
f 6998 7001 10093
f 10097 10093 7001
f 7027 7030 10098
f 10099 10098 7030
f 7058 7092 10109
f 10109 7092 7091
f 7091 7103 10100
f 10101 10100 7103
f 10078 10101 7102
f 7108 7107 10079
f 7107 7068 10076
f 7068 7037 7616
f 10113 10114 10111
f 10112 10117 10115
f 10118 10117 10112
f 10121 10122 10119
f 10123 10124 10122
f 10113 10112 10116
f 10120 10127 10126
f 10130 10131 10128
f 10133 10131 10130
f 10136 10137 10134
f 10140 10141 10138
f 10142 10143 10114
f 10142 10113 10125
f 10147 10148 10145
f 10150 10147 10146
f 10152 10150 10149
f 10154 10132 10130
f 10129 10155 10153
f 10156 10157 10149
f 10157 10158 10151
f 10161 10162 10159
f 10163 10164 10160
f 10167 10168 10165
f 10169 10170 10168
f 10171 10172 10160
f 10166 10175 10173
f 10167 10166 10174
f 10169 10167 10176
f 10180 10181 10178
f 10124 10123 10182
f 10182 10123 10184
f 10187 10133 10132
f 10190 10161 10188
f 10193 10194 10191
f 10197 10198 10195
f 10175 10200 10199
f 10162 10154 10153
f 10153 10155 10163
f 10203 10193 10201
f 10206 10207 10204
f 10210 10211 10208
f 10117 10213 10212
f 10216 10217 10214
f 10217 10219 10218
f 10222 10223 10220
f 10226 10227 10224
f 10229 10222 10221
f 10148 10231 10230
f 10232 10233 10214
f 10234 10235 10221
f 10235 10236 10228
f 10237 10156 10146
f 10238 10239 10233
f 10240 10241 10235
f 10241 10242 10236
f 10243 10165 10156
f 10137 10239 10238
f 10140 10241 10240
f 10245 10242 10241
f 10175 10166 10165
f 10141 10240 10246
f 10246 10240 10234
f 10247 10234 10220
f 10223 10216 10215
f 10141 10136 10135
f 10211 10203 10202
f 10203 10248 10194
f 10233 10247 10215
f 10239 10246 10247
f 10136 10246 10239
f 10249 10250 10192
f 10192 10250 10251
f 10219 10254 10253
f 10256 10238 10232
f 10244 10238 10256
f 10258 10259 10250
f 10260 10251 10250
f 10261 10262 10253
f 10263 10264 10257
f 10265 10266 10262
f 10267 10268 10264
f 10269 10270 10264
f 10271 10272 10266
f 10273 10274 10268
f 10268 10274 10275
f 10276 10277 10272
f 10278 10279 10274
f 10274 10279 10280
f 10282 10277 10276
f 10283 10284 10279
f 10284 10285 10280
f 10286 10213 10117
f 10211 10287 10248
f 10210 10288 10287
f 10289 10290 10288
f 10289 10210 10209
f 10245 10140 10139
f 10294 10207 10206
f 10193 10192 10252
f 10295 10237 10145
f 10296 10243 10237
f 10200 10175 10243
f 10293 10206 10297
f 10297 10206 10205
f 10301 10226 10225
f 10303 10197 10196
f 10304 10305 10300
f 10306 10307 10305
f 10197 10303 10307
f 10308 10309 10259
f 10310 10311 10282
f 10313 10284 10283
f 10285 10284 10313
f 10317 10318 10315
f 10319 10320 10311
f 10255 10232 10218
f 10200 10296 10307
f 10296 10295 10305
f 10295 10230 10300
f 10231 10301 10300
f 10213 10286 10298
f 10183 10182 10316
f 10316 10182 10185
f 10181 10187 10186
f 10323 10190 10189
f 10154 10324 10186
f 10162 10325 10324
f 10161 10190 10325
f 10161 10160 10172
f 10123 10121 10126
f 10213 10297 10299
f 10200 10303 10302
f 10326 10327 10309
f 10328 10329 10327
f 10331 10245 10292
f 10245 10331 10332
f 10242 10332 10333
f 10334 10228 10236
f 10335 10229 10228
f 10337 10289 10291
f 10289 10337 10338
f 10198 10340 10339
f 10227 10342 10341
f 10207 10344 10343
f 10345 10344 10207
f 10198 10197 10306
f 10346 10306 10304
f 10347 10304 10225
f 10324 10348 10178
f 10325 10349 10348
f 10190 10323 10349
f 10168 10157 10156
f 10317 10316 10321
f 10351 10352 10349
f 10349 10352 10353
f 10348 10353 10179
f 10356 10357 10354
f 10357 10359 10358
f 10359 10361 10360
f 10361 10363 10362
f 10364 10365 10362
f 10368 10369 10366
f 10368 10371 10370
f 10372 10347 10224
f 10373 10346 10347
f 10340 10198 10346
f 10337 10344 10345
f 10344 10337 10336
f 10342 10335 10334
f 10341 10334 10333
f 10332 10373 10372
f 10331 10340 10373
f 10340 10331 10330
f 8256 10118 10111
f 8289 10286 10118
f 8289 8341 10298
f 8304 10293 10298
f 8303 10294 10293
f 8510 10345 10294
f 10345 8510 8504
f 10338 8504 8298
f 8298 8295 10288
f 8295 8292 10287
f 8292 8276 10248
f 8276 8264 10194
f 8264 8263 10191
f 8263 8281 10249
f 10251 10260 10261
f 10260 10374 10265
f 10374 10375 10271
f 10375 10376 10276
f 10376 10377 10281
f 10377 10378 10310
f 10378 10379 10319
f 10371 8541 8540
f 8401 8400 10315
f 8271 10183 10315
f 8262 10124 10183
f 8262 8259 10122
f 8259 8258 10119
f 8267 8253 10114
f 8253 8254 10111
f 10380 10381 10329
f 10382 10383 10381
f 10384 10385 10383
f 8941 8940 10385
f 10354 10358 10352
f 10358 10360 10353
f 10360 10362 10179
f 10365 10180 10179
f 10366 10369 10317
f 10317 10369 10370
f 10370 8540 8401
f 10374 10260 10259
f 10375 10374 10309
f 10376 10375 10327
f 10377 10376 10329
f 10378 10377 10381
f 10379 10378 10383
f 10387 10388 10386
f 10390 10388 10387
f 10391 10387 10277
f 10389 10387 10391
f 10393 10391 10282
f 10394 10393 10311
f 10392 10391 10393
f 10395 10393 10394
f 10396 10394 8956
f 8958 8957 10320
f 8961 8958 10319
f 8961 10379 10385
f 8956 10394 10320
f 10170 10158 10157
f 10266 10272 10397
f 10262 10266 10398
f 10253 10262 10399
f 10252 10251 10254
f 10201 10252 10219
f 10202 10201 10217
f 10208 10202 10216
f 10209 10208 10223
f 10291 10209 10222
f 10336 10291 10229
f 10343 10336 10335
f 10204 10343 10342
f 10205 10204 10227
f 10299 10205 10226
f 10212 10299 10301
f 10115 10212 10231
f 10116 10115 10148
f 10125 10116 10147
f 10144 10125 10150
f 10128 10131 10126
f 10184 10126 10131
f 10185 10184 10133
f 10321 10185 10187
f 10350 10321 10181
f 10180 10365 10366
f 10367 10366 10365
f 10272 10277 10386
f 8267 10143 10119
f 10143 10142 10120
f 10120 10142 10144
f 10127 10144 10152
f 10128 10152 10151
f 10151 10158 10155
f 10158 10170 10163
f 10170 10169 10164
f 10164 10169 10177
f 10400 10351 10323
f 10354 10351 10400
f 10283 10388 10390
f 10388 10283 10278
f 10386 10278 10273
f 10398 10397 10273
f 10399 10398 10267
f 10255 10399 10263
f 8281 8549 10258
f 8549 8548 10308
f 8548 8554 10326
f 8554 8555 10328
f 8555 8551 10380
f 8551 8550 10382
f 8550 8552 10384
f 8552 8553 8941
f 10401 10402 10275
f 10285 10403 10401
f 10403 10285 10314
f 10402 10405 10269
f 10406 10407 10402
f 10401 10403 10408
f 10408 10403 10404
f 10411 10135 10134
f 10412 10413 10411
f 10414 10134 10137
f 10415 10414 10244
f 10416 10410 10134
f 10270 10416 10414
f 10405 10412 10410
f 10415 10257 10264
f 10416 10270 10269
f 10402 10407 10412
f 10417 10413 10412
f 10418 10417 10407
f 10406 10408 10419
f 10419 10408 10409
f 10423 10424 10421
f 10424 10427 10425
f 10428 10421 10424
f 10431 10432 10429
f 10434 10432 10431
f 10423 10435 10427
f 10438 10439 10436
f 10438 10441 10440
f 10444 10445 10442
f 10448 10449 10446
f 10451 10423 10422
f 10451 10452 10435
f 10432 10454 10453
f 10457 10458 10455
f 10458 10460 10459
f 10460 10462 10461
f 10463 10464 10439
f 10466 10455 10459
f 10465 10459 10461
f 10439 10464 10468
f 10471 10472 10469
f 10475 10476 10473
f 10478 10475 10474
f 10469 10472 10479
f 10479 10472 10481
f 10476 10485 10483
f 10475 10486 10485
f 10478 10487 10486
f 10490 10491 10488
f 10433 10493 10492
f 10492 10495 10494
f 10441 10497 10496
f 10499 10500 10498
f 10503 10504 10501
f 10507 10508 10505
f 10484 10483 10509
f 10470 10469 10464
f 10464 10469 10480
f 10512 10513 10511
f 10516 10517 10514
f 10520 10521 10518
f 10426 10425 10522
f 10526 10527 10524
f 10529 10526 10525
f 10532 10533 10530
f 10536 10537 10534
f 10533 10539 10538
f 10541 10457 10456
f 10543 10528 10525
f 10545 10531 10530
f 10544 10530 10538
f 10547 10456 10455
f 10549 10543 10542
f 10551 10545 10544
f 10550 10544 10546
f 10553 10547 10466
f 10443 10554 10549
f 10448 10447 10551
f 10555 10448 10550
f 10484 10553 10473
f 10447 10444 10556
f 10556 10557 10545
f 10557 10524 10531
f 10527 10532 10531
f 10447 10446 10445
f 10519 10518 10513
f 10512 10503 10502
f 10542 10525 10524
f 10548 10542 10557
f 10444 10443 10548
f 10560 10501 10504
f 10504 10562 10561
f 10564 10529 10528
f 10565 10566 10543
f 10554 10567 10565
f 10569 10560 10559
f 10570 10568 10559
f 10563 10572 10571
f 10574 10565 10567
f 10572 10576 10575
f 10578 10574 10573
f 10580 10577 10573
f 10576 10582 10581
f 10584 10578 10577
f 10577 10580 10585
f 10582 10587 10586
f 10589 10584 10583
f 10583 10585 10590
f 10587 10592 10591
f 10593 10428 10426
f 10519 10512 10558
f 10520 10519 10594
f 10597 10520 10595
f 10597 10598 10521
f 10555 10599 10449
f 10600 10601 10516
f 10503 10511 10562
f 10602 10540 10456
f 10603 10602 10547
f 10510 10603 10553
f 10601 10605 10604
f 10604 10606 10517
f 10537 10608 10607
f 10609 10610 10508
f 10612 10534 10607
f 10614 10612 10611
f 10507 10614 10613
f 10616 10569 10568
f 10592 10618 10617
f 10621 10622 10619
f 10618 10624 10623
f 10313 10312 10625
f 10314 10313 10626
f 10566 10563 10528
f 10510 10609 10613
f 10603 10613 10611
f 10602 10611 10607
f 10608 10541 10540
f 10523 10604 10605
f 10493 10619 10622
f 10622 10628 10495
f 10497 10490 10489
f 10629 10630 10500
f 10463 10440 10496
f 10470 10463 10631
f 10471 10470 10632
f 10471 10498 10481
f 10434 10494 10454
f 10523 10522 10606
f 10510 10509 10610
f 10634 10616 10615
f 10636 10634 10633
f 10637 10638 10599
f 10555 10552 10639
f 10552 10546 10640
f 10641 10640 10546
f 10539 10642 10641
f 10643 10644 10598
f 10597 10596 10645
f 10506 10505 10646
f 10649 10536 10535
f 10515 10514 10650
f 10652 10600 10515
f 10506 10653 10614
f 10653 10654 10612
f 10654 10535 10534
f 10631 10496 10489
f 10632 10631 10655
f 10499 10632 10656
f 10474 10473 10466
f 10621 10657 10628
f 10659 10629 10656
f 10656 10655 10660
f 10655 10489 10488
f 10356 10662 10661
f 10357 10661 10663
f 10359 10663 10664
f 10361 10664 10665
f 10665 10666 10364
f 10368 10367 10667
f 10368 10668 10669
f 10670 10648 10535
f 10671 10670 10654
f 10647 10671 10653
f 10643 10645 10652
f 10651 10650 10644
f 10642 10649 10648
f 10648 10670 10640
f 10639 10640 10670
f 10637 10639 10671
f 10647 10646 10638
f 8578 8577 10421
f 8612 8578 10428
f 8612 10593 10605
f 8626 8664 10605
f 8627 8626 10601
f 8832 8627 10600
f 10652 10645 8827
f 10645 10596 8621
f 8621 10596 10595
f 8618 10595 10594
f 8615 10594 10558
f 8599 10558 10502
f 8586 10502 10501
f 8587 10501 10560
f 10561 10564 10571
f 10570 10571 10575
f 10672 10575 10581
f 10673 10581 10586
f 10674 10586 10591
f 10675 10591 10617
f 10676 10617 10623
f 10371 10669 8853
f 8722 10620 10619
f 8594 8723 10619
f 8585 8594 10493
f 8585 10433 10431
f 10431 10430 8580
f 8590 10450 10422
f 8576 10422 10421
f 10679 10636 10635
f 10681 10679 10678
f 10683 10681 10680
f 9166 10683 10682
f 10661 10659 10658
f 10663 10658 10660
f 10664 10660 10488
f 10491 10666 10665
f 10667 10657 10621
f 10621 10620 10669
f 10669 10620 8722
f 10672 10615 10568
f 10673 10633 10615
f 10674 10635 10633
f 10675 10678 10635
f 10676 10680 10678
f 10677 10682 10680
f 10390 10389 10684
f 10389 10392 10686
f 10392 10395 10687
f 10395 10396 10688
f 10396 8955 9175
f 10624 9178 9177
f 9181 10677 10623
f 9181 9163 10682
f 10477 10474 10465
f 10576 10690 10689
f 10572 10691 10690
f 10563 10566 10691
f 10562 10529 10564
f 10511 10526 10529
f 10513 10527 10526
f 10518 10532 10527
f 10521 10533 10532
f 10598 10539 10533
f 10644 10642 10539
f 10650 10649 10642
f 10514 10536 10649
f 10517 10537 10536
f 10606 10608 10537
f 10522 10541 10608
f 10425 10457 10541
f 10427 10458 10457
f 10435 10460 10458
f 10452 10462 10460
f 10453 10454 10438
f 10494 10441 10438
f 10495 10497 10441
f 10628 10490 10497
f 10657 10491 10490
f 10491 10657 10667
f 10367 10364 10666
f 10582 10689 10692
f 8590 8580 10430
f 10450 10430 10429
f 10429 10453 10452
f 10453 10437 10462
f 10462 10437 10436
f 10461 10436 10468
f 10467 10468 10480
f 10477 10480 10479
f 10479 10482 10487
f 10693 10630 10629
f 10661 10662 10693
f 10312 10390 10685
f 10692 10689 10584
f 10690 10578 10584
f 10691 10574 10578
f 10566 10565 10574
f 8604 10560 10569
f 8860 10569 10616
f 8859 10616 10634
f 8865 10634 10636
f 8866 10636 10679
f 8861 10679 10681
f 8862 10681 10683
f 8863 10683 9166
f 10695 10590 10585
f 10404 10314 10627
f 10694 10585 10580
f 10699 10695 10694
f 10409 10404 10696
f 10701 10702 10442
f 10704 10702 10701
f 10705 10554 10443
f 10706 10567 10554
f 10707 10705 10442
f 10579 10706 10705
f 10697 10707 10702
f 10706 10579 10573
f 10707 10697 10580
f 10694 10697 10704
f 10708 10698 10704
f 10709 10699 10698
f 10420 10409 10700
f 10700 10699 10709
f 10696 10695 10699
f 10590 10695 10696
f 10588 10590 10627
f 10589 10588 10626
f 10692 10589 10625
f 10587 10692 10685
f 10592 10587 10684
f 10618 10592 10686
f 10624 10618 10687
f 9178 10624 10688

